ticket_id,customer_id,category,channel,created_at,resolution_time_hours,is_resolved,sentiment_score
TKT_ACE1259C,CUST_000152,content,email,2026-03-19 03:32:28,27.2,True,-0.37
TKT_AE2645AA,CUST_000071,content,email,2025-01-25 07:33:01,70.7,True,0.0
TKT_C20B2912,CUST_000065,billing,chat,2026-04-11 16:51:43,50.7,True,-0.09
TKT_B9DD83AB,CUST_000858,content,chat,2026-03-02 13:56:25,2.8,True,0.08
TKT_C6496BD1,CUST_000881,content,phone,2025-06-25 04:49:43,21.9,False,0.75
TKT_244457C0,CUST_000355,account,phone,2025-09-29 22:44:16,14.9,True,0.66
TKT_76A15790,CUST_000934,account,email,2026-01-11 20:41:16,50.4,False,-0.84
TKT_7EB77BCD,CUST_000761,technical,chat,2025-06-23 18:05:53,29.9,True,-0.86
TKT_3B9F7D13,CUST_000355,content,email,2026-03-16 16:02:43,47.7,True,-0.43
TKT_B33E6C49,CUST_000589,technical,email,2025-09-23 14:50:53,56.5,True,0.94
TKT_4DD865BC,CUST_000111,technical,phone,2026-04-07 20:11:07,13.7,True,-0.55
TKT_0A8F0507,CUST_000065,technical,email,2026-02-25 04:34:37,33.5,True,0.44
TKT_F878E703,CUST_000960,content,phone,2026-03-16 11:15:39,12.7,False,0.58
TKT_70C8E7B9,CUST_000846,account,email,2025-07-28 13:36:32,12.3,True,-0.11
TKT_A648D4DD,CUST_000035,technical,email,2025-07-21 21:22:49,32.6,True,0.34
TKT_DA8AE909,CUST_000074,content,chat,2025-12-09 14:46:38,60.0,True,0.05
TKT_03A8B9BF,CUST_000399,billing,email,2026-03-10 05:16:58,68.9,True,-0.25
TKT_9C41CCAB,CUST_000227,account,email,2025-09-16 08:23:44,23.5,True,-0.7
TKT_4CC08CCE,CUST_000640,content,chat,2025-07-24 08:10:17,5.9,True,-0.29
TKT_D1BBEC0E,CUST_000912,content,chat,2026-03-18 00:44:56,28.2,True,0.72
TKT_C590BB61,CUST_000329,billing,phone,2025-12-23 04:47:56,23.1,False,0.64
TKT_D69CB7B7,CUST_000394,billing,chat,2025-07-02 20:42:02,15.4,True,0.22
TKT_4F7EE4DB,CUST_000951,billing,email,2026-02-25 06:01:59,26.0,True,-0.46
TKT_8032698E,CUST_000771,content,email,2025-10-20 15:57:45,68.7,True,0.34
TKT_103F5DD1,CUST_000409,account,email,2025-04-29 19:09:53,37.4,True,-0.76
TKT_B17DEB23,CUST_000675,account,email,2025-11-21 06:21:57,39.6,True,0.15
TKT_3F0A5270,CUST_000633,account,chat,2026-02-07 14:53:26,31.6,True,-0.87
TKT_5E49EEAD,CUST_000942,billing,phone,2024-11-19 08:16:16,70.1,True,0.58
TKT_31CBA533,CUST_000845,technical,email,2025-12-11 23:23:16,39.8,True,-0.94
TKT_FF4265E7,CUST_000135,billing,chat,2024-12-20 16:15:11,20.0,True,0.59
TKT_ED94D4BB,CUST_000823,account,email,2026-01-01 15:23:30,29.5,True,0.34
TKT_B0972C23,CUST_000949,technical,chat,2026-01-11 16:37:50,42.6,True,-0.93
TKT_88844164,CUST_000996,billing,phone,2025-01-11 13:30:45,36.0,True,0.35
TKT_863DC3D7,CUST_000265,billing,chat,2025-12-17 20:45:30,59.7,True,0.08
TKT_A4A025DC,CUST_000571,content,phone,2026-01-03 04:56:19,34.1,True,-0.69
TKT_5315A204,CUST_000295,content,phone,2026-04-04 16:35:28,3.7,True,-0.73
TKT_61247F2B,CUST_000883,technical,chat,2025-11-23 22:58:09,17.6,True,-0.32
TKT_831E6BA0,CUST_000234,content,chat,2024-07-25 02:24:02,56.8,True,-0.97
TKT_3388EFC2,CUST_000515,content,chat,2026-02-01 10:21:15,28.3,True,0.44
TKT_F964364F,CUST_000772,technical,email,2024-10-11 00:07:22,52.4,True,-0.04
TKT_C32BCC8E,CUST_000009,account,chat,2026-02-04 06:03:45,9.3,True,-0.5
TKT_9FDB5993,CUST_000235,billing,chat,2025-01-26 21:02:09,53.1,False,-0.66
TKT_3E4F748F,CUST_000052,account,phone,2025-05-09 21:25:38,22.9,True,-0.92
TKT_E4FB30E7,CUST_000659,billing,chat,2026-03-02 18:13:33,8.5,True,0.68
TKT_E7E84B20,CUST_000590,account,email,2025-12-04 07:51:27,43.9,False,0.89
TKT_8F596C09,CUST_000484,content,phone,2025-12-21 06:13:37,36.8,True,-0.56
TKT_E9E61F5D,CUST_000760,content,phone,2025-04-12 13:25:32,63.6,True,-0.28
TKT_F1A98E96,CUST_000076,billing,phone,2025-12-31 23:44:25,47.6,True,0.92
TKT_0DD9F18D,CUST_000848,technical,phone,2025-07-10 15:09:20,31.4,True,-0.24
TKT_7E17C4A5,CUST_000193,billing,email,2026-04-05 16:09:13,39.0,True,0.41
TKT_D5827486,CUST_000804,billing,phone,2025-10-28 04:13:34,51.3,False,-0.18
TKT_24B7729E,CUST_000772,content,chat,2026-03-01 19:57:17,41.4,True,-0.06
TKT_71E8BEBC,CUST_000844,billing,phone,2025-04-26 07:07:21,46.9,True,-0.09
TKT_7D9D27A2,CUST_000962,technical,phone,2026-01-05 00:11:24,19.3,True,-0.13
TKT_815ADA75,CUST_000538,content,phone,2024-10-13 00:52:16,62.6,False,-0.85
TKT_9B4AFAAF,CUST_000982,technical,chat,2025-09-17 10:13:35,53.4,True,-0.73
TKT_F5125F1F,CUST_000337,content,chat,2025-11-14 18:58:43,37.9,True,0.52
TKT_3CFB3CE6,CUST_000472,technical,email,2025-02-22 18:35:19,68.9,False,-0.77
TKT_6A9C415A,CUST_000995,billing,chat,2026-03-29 02:55:23,66.3,True,-0.44
TKT_C1E7FCAC,CUST_000381,billing,chat,2025-10-10 11:12:14,40.0,True,-0.41
TKT_F12AF9A5,CUST_000263,technical,phone,2025-04-13 21:43:42,38.8,True,-0.2
TKT_023BCA56,CUST_000518,content,chat,2024-09-26 01:53:03,25.0,False,1.0
TKT_D9DF6046,CUST_000303,account,email,2026-03-13 22:59:33,2.7,True,0.83
TKT_03CE12DF,CUST_000907,technical,chat,2025-09-13 04:24:01,58.8,True,0.55
TKT_C1034389,CUST_000068,billing,email,2025-09-06 06:47:29,31.4,True,-0.45
TKT_A0543609,CUST_000196,content,chat,2026-04-10 04:31:14,34.1,False,-0.26
TKT_060A6399,CUST_000637,account,phone,2026-02-21 18:37:53,38.3,True,-0.74
TKT_72AD1FC5,CUST_000299,account,chat,2026-01-05 18:05:20,29.1,True,0.45
TKT_6E9FE90E,CUST_000777,technical,phone,2024-10-27 21:11:21,16.5,True,-0.85
TKT_B4392B98,CUST_000401,account,chat,2026-03-11 07:30:03,48.1,True,-0.74
TKT_94D93F4E,CUST_000804,content,email,2024-09-28 00:28:51,48.3,True,-0.02
TKT_5A98A850,CUST_000768,content,phone,2025-08-12 12:59:45,37.4,True,-0.23
TKT_27E4605B,CUST_000635,account,email,2026-02-28 09:29:00,23.3,True,-0.39
TKT_D9E13BD2,CUST_000103,account,email,2025-09-21 07:05:02,9.3,True,-0.84
TKT_4E36A090,CUST_000489,content,email,2025-05-30 15:44:21,30.5,True,0.79
TKT_C5CA6671,CUST_000268,billing,chat,2026-03-02 12:37:42,37.2,True,-0.69
TKT_FDBDECA8,CUST_000580,billing,email,2025-10-30 08:20:57,71.8,False,-0.58
TKT_EA77D714,CUST_000260,billing,email,2026-03-01 21:55:35,4.7,True,-0.68
TKT_593C078D,CUST_000497,account,phone,2026-03-09 10:35:04,25.0,False,0.56
TKT_EB334640,CUST_000799,technical,phone,2025-06-12 23:35:18,36.7,True,0.84
TKT_D2CAA84C,CUST_000804,technical,chat,2024-09-01 17:00:45,29.6,True,0.56
TKT_7266FA51,CUST_000713,content,chat,2025-11-03 02:33:07,64.2,True,-0.91
TKT_1A3E2F3D,CUST_000800,content,chat,2025-04-15 05:05:05,56.2,True,-0.98
TKT_44D01C4D,CUST_000313,account,email,2024-10-25 02:32:34,71.6,True,-0.25
TKT_AD71A088,CUST_000368,billing,email,2026-01-29 10:15:57,39.6,True,0.97
TKT_51241503,CUST_000604,account,phone,2026-02-14 21:03:38,2.7,True,0.08
TKT_2243325D,CUST_000869,technical,email,2025-11-01 18:09:29,32.0,True,0.45
TKT_0DE9F415,CUST_000629,account,email,2025-06-17 22:51:52,18.2,False,-0.97
TKT_AE787DC0,CUST_000703,billing,phone,2025-10-13 00:29:39,31.3,True,-0.94
TKT_60D5127D,CUST_000044,account,chat,2026-02-09 02:44:43,57.8,True,0.12
TKT_DB3E9DE3,CUST_000735,account,phone,2025-10-16 07:04:07,54.4,True,-0.86
TKT_A7D1EAB6,CUST_000452,billing,phone,2025-01-29 04:11:42,32.1,True,0.48
TKT_531F42AF,CUST_000410,technical,chat,2024-12-28 17:45:43,55.1,True,0.88
TKT_1CE4AEC9,CUST_000184,billing,chat,2025-12-31 15:20:26,52.6,True,-0.42
TKT_C7526807,CUST_000886,billing,chat,2025-06-28 23:35:48,2.8,True,-0.68
TKT_C36815B4,CUST_000653,content,email,2026-02-13 08:20:30,11.0,True,0.23
TKT_C7C4ED57,CUST_000677,account,email,2026-03-11 17:03:57,42.5,False,-0.02
TKT_AEC2963C,CUST_000607,billing,phone,2026-02-21 00:24:22,26.8,False,-0.56
TKT_D75393F6,CUST_000382,technical,email,2026-04-02 21:08:02,69.7,True,0.15
TKT_54D951C6,CUST_000199,billing,phone,2025-07-20 19:49:10,48.0,True,0.27
TKT_3680A1C8,CUST_000625,content,email,2024-11-04 23:14:48,58.7,True,0.29
TKT_78659AF9,CUST_000775,content,email,2025-04-19 15:33:25,55.9,True,0.76
TKT_FB4259CB,CUST_000619,account,chat,2024-06-24 00:51:27,55.0,True,-0.06
TKT_5A66C8F8,CUST_000880,technical,phone,2024-12-30 01:27:44,39.8,False,-0.93
TKT_D1447E75,CUST_000822,account,chat,2025-03-13 20:56:53,62.2,True,0.34
TKT_7E5EA846,CUST_000749,content,email,2025-11-27 05:32:34,54.5,True,0.96
TKT_B7BBAD5E,CUST_000145,technical,phone,2026-02-27 03:30:02,34.5,True,-0.53
TKT_54023CFB,CUST_000233,account,chat,2026-02-09 02:31:49,48.4,True,0.67
TKT_79EB966B,CUST_000413,content,phone,2026-02-09 09:59:16,18.0,True,0.52
TKT_B29D7833,CUST_000423,account,chat,2025-07-26 16:27:42,9.6,True,-0.94
TKT_7A1A29A7,CUST_000154,content,phone,2025-11-28 14:27:13,66.6,True,-0.96
TKT_82A8C70A,CUST_000284,technical,phone,2025-04-06 20:43:46,14.8,True,0.91
TKT_1C873887,CUST_000965,account,phone,2025-08-21 17:08:44,52.4,True,0.79
TKT_3904DD39,CUST_000758,billing,chat,2025-12-27 21:37:00,32.0,True,0.27
TKT_415C12A7,CUST_000850,billing,phone,2026-04-07 13:53:33,44.7,True,-0.83
TKT_FCF4C73B,CUST_000829,technical,chat,2025-08-06 21:49:45,63.6,True,-0.81
TKT_99B22ACC,CUST_000181,billing,phone,2025-06-16 18:04:39,67.0,True,0.62
TKT_AA9BB530,CUST_000168,content,phone,2026-02-13 15:51:09,67.6,True,-0.57
TKT_64E7AAC4,CUST_000093,content,phone,2026-01-16 11:56:26,29.5,True,-0.67
TKT_B06EC39A,CUST_000500,account,email,2025-11-09 08:13:19,62.8,True,0.55
TKT_BC7FFBFA,CUST_000156,billing,email,2025-06-18 19:46:17,8.0,True,0.08
TKT_93F7A212,CUST_000242,account,chat,2025-08-14 07:07:48,56.3,True,0.55
TKT_953D0CBE,CUST_000436,technical,phone,2025-09-26 01:46:56,38.3,True,0.8
TKT_872A0EB2,CUST_000293,content,phone,2025-10-01 22:36:33,11.3,True,-0.52
TKT_B5EECECE,CUST_000082,technical,chat,2025-11-30 04:12:56,29.1,True,0.16
TKT_D5B580F4,CUST_000869,account,email,2026-01-30 02:50:22,26.7,True,0.28
TKT_A21D3FAC,CUST_000121,billing,email,2026-03-30 11:40:22,9.4,False,0.88
TKT_40FEFB6F,CUST_000881,account,email,2025-11-09 04:07:36,11.5,False,-0.3
TKT_D7379310,CUST_000887,content,email,2026-04-11 04:14:05,40.0,True,-0.54
TKT_9880B64B,CUST_000150,content,email,2025-08-21 20:30:00,13.3,True,-0.09
TKT_B41CD358,CUST_000831,technical,phone,2026-03-19 15:11:04,0.8,True,-0.09
TKT_D39BBC1F,CUST_000955,billing,phone,2025-04-10 08:31:44,11.1,True,-0.12
TKT_AB924378,CUST_000467,billing,email,2026-01-25 22:35:23,57.1,True,0.28
TKT_6EECA6F0,CUST_000575,technical,phone,2025-02-01 22:10:43,23.6,True,-0.32
TKT_096CDED7,CUST_000478,content,phone,2025-07-15 01:28:48,57.0,True,0.84
TKT_A6B983A3,CUST_000651,technical,phone,2025-12-10 11:38:01,27.1,True,-0.07
TKT_AAEE8E81,CUST_000274,content,chat,2025-08-18 13:00:16,36.4,True,-0.75
TKT_FA18A8CA,CUST_000492,account,chat,2025-08-10 22:10:26,1.9,True,0.28
TKT_DD6215B7,CUST_000291,billing,phone,2026-03-10 06:37:24,44.3,True,-0.91
TKT_B8A8EDF5,CUST_000854,billing,email,2026-03-24 11:03:25,12.3,True,-0.74
TKT_37116CDA,CUST_000914,billing,email,2026-04-06 18:41:35,20.5,True,-0.03
TKT_C5E86EA6,CUST_000152,technical,email,2026-02-21 19:46:07,18.8,True,-0.96
TKT_DFC8E0AA,CUST_000459,technical,email,2025-12-13 19:51:43,4.5,True,0.96
TKT_6348C513,CUST_000324,account,email,2026-03-08 11:26:47,42.2,False,-0.56
TKT_3EAD9A8B,CUST_000912,technical,chat,2026-03-27 20:43:37,8.3,True,-0.86
TKT_561A4979,CUST_000049,account,phone,2025-10-26 09:51:15,48.8,True,-0.27
TKT_A451A8A9,CUST_000555,billing,chat,2025-06-05 12:29:14,24.5,True,0.9
TKT_924DF57D,CUST_000130,technical,email,2024-09-28 22:29:27,9.8,True,-0.72
TKT_1A72FDA3,CUST_000802,content,chat,2026-01-16 19:30:02,43.3,True,-0.62
TKT_057429E4,CUST_000733,technical,chat,2026-01-24 02:50:01,60.8,True,-0.23
TKT_B82FE44F,CUST_000499,billing,phone,2025-01-27 04:03:38,43.7,True,-0.96
TKT_1D941AC6,CUST_000748,account,phone,2025-12-26 06:39:45,47.6,True,1.0
TKT_5BFD22E4,CUST_000728,content,phone,2026-04-06 15:17:28,71.4,True,-0.82
TKT_4BD58AC8,CUST_000865,content,email,2025-02-11 10:22:12,8.9,True,-0.13
TKT_ED97638C,CUST_000303,content,phone,2025-02-25 15:07:11,44.2,True,0.41
TKT_B82F5081,CUST_000136,content,chat,2026-02-17 14:58:51,67.7,True,-0.34
TKT_EEEA5140,CUST_000225,content,email,2025-11-05 23:55:24,70.3,False,-0.79
TKT_C65EBAEE,CUST_000354,billing,email,2025-12-19 04:21:23,24.2,True,-0.24
TKT_E23C14C6,CUST_000753,billing,email,2025-01-21 13:54:30,43.4,False,-0.55
TKT_16976CE5,CUST_000476,technical,chat,2025-11-07 19:15:11,49.2,False,0.01
TKT_558E4D19,CUST_000819,billing,chat,2026-02-20 00:47:49,71.1,True,-0.17
TKT_B0C5E20A,CUST_000318,account,phone,2025-09-30 20:48:35,53.2,True,-0.63
TKT_FD777E7F,CUST_000709,account,chat,2026-01-07 21:51:01,45.6,True,0.65
TKT_79C3A006,CUST_000045,technical,email,2026-01-31 08:50:47,19.0,True,-0.27
TKT_D83BA205,CUST_000529,account,phone,2025-10-06 11:42:22,51.3,False,0.91
TKT_267B5661,CUST_000449,billing,chat,2025-09-28 09:18:43,56.6,True,-0.13
TKT_AF6B5C6B,CUST_000170,content,email,2024-12-24 09:24:55,28.3,True,-0.61
TKT_FAD2B8AF,CUST_000643,billing,chat,2025-12-11 19:19:14,53.9,True,0.92
TKT_0C974886,CUST_000245,billing,chat,2025-09-10 23:57:44,49.2,True,-0.57
TKT_2AA0554D,CUST_000465,technical,email,2024-10-19 04:57:24,60.6,False,-0.82
TKT_65260898,CUST_000471,technical,phone,2026-02-09 22:49:05,8.0,False,-0.13
TKT_16D4F06E,CUST_000021,account,email,2026-04-05 22:39:28,19.1,True,0.11
TKT_34FA47FF,CUST_000179,content,email,2026-03-14 18:40:55,71.3,False,-0.11
TKT_96E06443,CUST_000029,billing,email,2026-04-03 13:08:44,71.2,True,-0.97
TKT_1F0BECB7,CUST_000077,account,chat,2024-08-13 08:58:16,54.9,True,0.03
TKT_427AF73C,CUST_000012,content,chat,2026-03-22 09:52:49,51.2,True,-0.03
TKT_CD99AF08,CUST_000201,account,phone,2025-07-11 15:56:50,9.1,True,-0.06
TKT_6928E162,CUST_000164,account,email,2025-09-05 16:36:12,45.2,True,0.32
TKT_C19E4B6E,CUST_000087,account,phone,2025-12-26 20:36:08,68.8,True,0.24
TKT_B9819905,CUST_000858,account,phone,2026-03-08 13:18:46,8.8,False,-0.2
TKT_F2570EC0,CUST_000900,account,chat,2025-10-13 17:38:40,61.9,True,-0.61
TKT_EA617FE3,CUST_000735,account,chat,2026-01-23 17:57:24,49.3,True,0.52
TKT_E45D8292,CUST_000305,account,phone,2025-11-06 23:28:11,49.5,True,0.38
TKT_C0A4AE03,CUST_000062,account,email,2025-01-29 04:56:33,66.0,True,0.73
TKT_A452E89F,CUST_000805,billing,chat,2025-11-18 07:27:19,15.2,True,0.32
TKT_C9EF18C1,CUST_000898,billing,phone,2025-08-21 04:57:04,54.6,True,-0.86
TKT_A2CC866F,CUST_000438,technical,phone,2025-01-04 17:35:36,44.4,True,0.91
TKT_07EE7DF4,CUST_000307,content,chat,2025-11-18 05:50:42,27.4,True,-0.7
TKT_628BEDA3,CUST_000495,technical,email,2025-12-15 15:56:55,16.0,True,-0.76
TKT_CC71E752,CUST_000467,technical,phone,2026-03-01 15:29:36,55.2,False,-0.61
TKT_2C6217F7,CUST_000245,content,phone,2025-10-10 03:16:26,57.5,False,-0.66
TKT_19BA7BB8,CUST_000981,technical,chat,2025-04-15 23:40:26,16.0,True,-0.41
TKT_61AE3693,CUST_000916,billing,chat,2025-07-10 14:44:21,49.6,False,-0.61
TKT_57B3DAE0,CUST_000349,billing,phone,2025-11-04 23:21:48,19.3,True,0.22
TKT_FC870BBA,CUST_000388,content,email,2025-04-04 11:00:49,63.3,True,0.63
TKT_3AACE9EC,CUST_000436,account,phone,2025-02-16 23:43:02,44.3,False,0.35
TKT_5708A21A,CUST_000588,account,chat,2026-03-02 08:18:58,2.8,True,-0.78
TKT_596C0E11,CUST_000325,account,chat,2025-02-15 09:47:23,3.7,False,0.32
TKT_4B702644,CUST_000162,billing,chat,2026-04-11 14:05:22,42.3,True,-0.53
TKT_CED1DA8D,CUST_000827,content,phone,2025-10-26 02:03:24,58.3,True,0.16
TKT_A98B2402,CUST_000636,technical,chat,2025-12-15 04:04:46,10.4,True,0.54
TKT_7B90C879,CUST_000549,technical,email,2026-02-16 03:11:36,13.3,True,0.13
TKT_44F12D10,CUST_000538,content,email,2026-01-11 04:12:12,6.9,True,-0.76
TKT_C630ECEB,CUST_000124,account,email,2025-05-22 10:30:22,55.4,True,0.96
TKT_11D933F4,CUST_000646,account,chat,2025-01-11 00:57:51,66.8,True,-0.35
TKT_89B6A2B3,CUST_000560,technical,chat,2024-05-18 17:41:11,66.6,False,0.59
TKT_12F95769,CUST_000225,account,chat,2026-01-07 18:44:07,33.8,True,-0.67
TKT_563669B4,CUST_000533,account,phone,2025-08-26 08:53:51,66.1,True,0.49
TKT_FCEC8177,CUST_000355,technical,chat,2026-01-09 01:53:03,14.1,False,0.32
TKT_F6CE2293,CUST_000956,technical,phone,2025-05-17 15:54:43,32.7,True,-0.8
TKT_9BC5334A,CUST_000243,billing,phone,2026-01-25 01:59:36,52.8,True,0.82
TKT_3346C806,CUST_000365,billing,email,2026-02-16 18:39:04,17.0,True,0.75
TKT_CC75D0F4,CUST_000596,billing,email,2026-01-31 17:55:19,4.6,True,0.03
TKT_626D51E6,CUST_000306,technical,chat,2025-03-16 02:54:22,39.9,True,0.78
TKT_8A317C8A,CUST_000922,billing,chat,2025-09-18 11:19:27,3.3,True,0.18
TKT_73E1B688,CUST_000568,content,email,2025-07-30 18:21:13,47.5,True,-0.84
TKT_D05BC3C8,CUST_000746,technical,phone,2024-12-24 22:18:47,21.5,True,-0.17
TKT_B796F6C2,CUST_000240,content,email,2025-03-22 07:15:36,44.6,True,-0.65
TKT_16183243,CUST_000712,account,chat,2024-11-28 01:53:42,13.5,True,-0.49
TKT_5E68C9C2,CUST_000214,billing,phone,2025-07-07 21:37:11,1.1,True,-0.47
TKT_87409ACF,CUST_000862,account,chat,2025-12-26 02:59:04,29.8,True,-0.54
TKT_1CF7C582,CUST_000195,billing,phone,2026-03-25 07:27:27,56.1,False,-0.89
TKT_4AF6E273,CUST_000003,billing,chat,2025-05-06 04:35:24,53.7,True,0.14
TKT_F0B21F9C,CUST_000339,content,chat,2026-03-02 06:38:24,36.6,True,-0.19
TKT_26B63AD2,CUST_000809,billing,email,2026-01-07 17:22:05,35.8,False,0.32
TKT_C0731F70,CUST_000920,account,chat,2025-10-20 08:47:29,63.2,True,-0.22
TKT_A77545B6,CUST_000482,technical,phone,2025-12-10 05:16:25,57.3,True,0.93
TKT_1E72578F,CUST_000860,account,email,2026-03-18 12:15:03,61.9,True,0.95
TKT_3EFFEFAF,CUST_000658,technical,chat,2024-12-02 09:32:25,8.9,True,-0.72
TKT_6ADBFDB7,CUST_000299,billing,email,2025-12-29 16:38:22,36.5,True,-0.25
TKT_6DA2349C,CUST_000415,technical,email,2025-07-10 16:27:32,69.9,True,-0.03
TKT_FE8E9FFA,CUST_000860,account,phone,2026-03-25 00:41:26,41.1,True,-0.77
TKT_531D824D,CUST_000142,content,email,2026-04-07 10:18:40,28.9,True,0.25
TKT_C2006B41,CUST_000105,billing,phone,2025-07-09 05:00:20,65.9,True,-0.64
TKT_0FAACFE0,CUST_000006,account,email,2024-12-23 03:18:48,63.7,True,0.41
TKT_4BBFCE88,CUST_000521,content,phone,2026-01-15 16:07:11,70.2,True,-0.68
TKT_8BD27D34,CUST_000610,account,chat,2026-04-07 05:49:05,36.7,True,-0.97
TKT_2C82E257,CUST_000151,account,chat,2026-02-06 15:51:26,6.0,True,-0.32
TKT_8626F8F5,CUST_000557,technical,phone,2025-05-09 18:25:33,34.7,True,0.6
TKT_D9B67841,CUST_000852,content,email,2026-02-23 03:30:25,4.6,False,-0.08
TKT_E00D2F89,CUST_000197,billing,email,2026-03-30 01:57:38,3.3,True,-0.75
TKT_FBDD71E6,CUST_000029,content,chat,2026-03-29 05:04:32,6.5,True,-0.33
TKT_AFD3ADCF,CUST_000595,content,phone,2026-01-13 21:17:25,23.0,True,-0.22
TKT_9A89C7A0,CUST_000051,account,email,2026-04-06 00:29:03,28.1,True,0.3
TKT_1C9A1B6E,CUST_000056,technical,phone,2024-08-21 02:27:48,29.4,True,-0.82
TKT_85EB9A88,CUST_000063,billing,phone,2025-12-16 10:05:37,18.3,True,0.36
TKT_0E49F1AC,CUST_000937,billing,email,2025-11-01 00:03:58,60.7,False,-0.88
TKT_529D048B,CUST_000251,billing,email,2026-04-05 00:19:33,48.9,True,0.6
TKT_4B6E4469,CUST_000557,technical,phone,2024-09-13 04:37:26,23.0,True,-0.13
TKT_5CFA07A7,CUST_000305,content,phone,2026-02-21 03:38:25,71.8,True,0.91
TKT_6B5D98B0,CUST_000252,account,chat,2025-05-29 22:27:33,18.7,True,-0.7
TKT_9CB0F6AB,CUST_000053,technical,chat,2026-02-24 05:55:57,70.6,True,-0.94
TKT_4072AA1D,CUST_000079,account,phone,2025-05-06 14:30:05,37.9,True,0.33
TKT_F85BCA61,CUST_000273,billing,phone,2025-07-12 03:00:24,50.5,False,0.9
TKT_F99FE2EC,CUST_000414,account,email,2025-01-22 01:12:39,12.0,True,0.69
TKT_CCC93400,CUST_000895,billing,email,2025-07-31 14:21:33,23.7,True,0.22
TKT_6F190A9A,CUST_000418,billing,chat,2025-04-13 02:04:57,54.5,False,-0.7
TKT_A87E7893,CUST_000137,billing,chat,2026-03-15 14:58:38,67.1,True,0.58
TKT_C0C0623A,CUST_000861,content,chat,2026-01-10 02:04:07,50.8,True,-0.87
TKT_BD1B7A44,CUST_000882,billing,chat,2026-02-19 11:37:18,21.6,True,0.5
TKT_46E5DF1F,CUST_000702,billing,chat,2025-04-18 20:00:06,19.8,True,0.64
TKT_05B8D83A,CUST_000629,technical,phone,2026-02-20 16:35:09,9.1,True,0.24
TKT_12CF2A56,CUST_000573,content,email,2024-09-04 03:26:53,26.7,True,-0.7
TKT_E9261A95,CUST_000651,technical,phone,2026-03-25 00:45:46,2.1,True,0.48
TKT_59D5E2BD,CUST_000112,account,email,2025-09-10 09:28:14,34.7,True,0.93
TKT_D03BAD62,CUST_000002,billing,email,2025-06-03 13:42:02,62.2,True,0.56
TKT_01F76D67,CUST_000677,account,chat,2026-04-03 11:31:24,20.0,True,-0.74
TKT_544A7471,CUST_000799,account,chat,2025-02-22 15:50:55,62.8,True,-0.8
TKT_6C0B9FBB,CUST_000067,account,phone,2026-02-28 21:43:29,5.9,True,0.57
TKT_F814BD0E,CUST_000264,account,chat,2025-07-27 21:41:31,57.9,True,-0.19
TKT_9464F8F3,CUST_000437,technical,email,2026-03-04 19:46:46,71.4,True,0.96
TKT_3CD56693,CUST_000636,content,email,2026-03-07 16:38:13,29.9,True,0.73
TKT_B5B36D8A,CUST_000084,technical,chat,2025-09-03 05:22:49,17.2,True,-0.6
TKT_3223DD3A,CUST_000860,billing,phone,2026-02-13 01:08:37,22.0,True,-0.8
TKT_5EA162D5,CUST_000488,content,email,2025-06-01 09:26:13,13.3,True,0.9
TKT_C6FD02AE,CUST_000238,billing,email,2025-10-18 07:18:22,13.4,True,0.39
TKT_2E204763,CUST_000563,account,email,2024-06-04 04:41:01,11.2,False,0.35
TKT_20099E82,CUST_000513,technical,chat,2026-03-18 20:29:32,69.8,False,-0.1
TKT_A5EE56DB,CUST_000236,billing,chat,2025-09-06 22:19:53,30.9,True,0.31
TKT_F75D726C,CUST_000617,technical,email,2025-08-07 20:55:49,20.1,True,-0.1
TKT_9B3DAD78,CUST_000500,content,phone,2025-11-21 05:51:34,35.3,True,-0.77
TKT_16D09C0C,CUST_000393,technical,chat,2025-01-07 05:35:16,7.9,True,0.48
TKT_BADD86BC,CUST_000383,technical,phone,2025-06-07 08:11:12,14.2,True,0.65
TKT_52B3EB37,CUST_000218,account,email,2026-03-28 04:29:06,29.4,True,0.95
TKT_915B84E1,CUST_000298,billing,chat,2026-01-31 14:22:45,1.4,True,0.53
TKT_231512A8,CUST_000740,billing,chat,2025-12-15 05:24:21,44.5,True,-0.89
TKT_82071019,CUST_000326,account,phone,2025-09-17 11:47:07,54.6,True,0.41
TKT_4A6FA5EA,CUST_000858,technical,phone,2026-03-02 05:11:13,65.0,True,0.65
TKT_0E3C6844,CUST_000636,technical,phone,2025-12-07 21:17:34,32.2,True,0.28
TKT_9A489199,CUST_000972,content,chat,2025-11-05 12:04:41,46.8,True,-0.44
TKT_59766AD6,CUST_000235,account,email,2026-02-11 01:28:23,7.5,True,0.48
TKT_328C9116,CUST_000888,content,phone,2026-02-12 05:03:24,61.7,True,-0.43
TKT_1780BE38,CUST_000500,technical,phone,2025-08-20 14:45:58,3.0,True,-0.68
TKT_029EDD30,CUST_000129,account,chat,2024-10-18 08:19:21,22.7,True,0.56
TKT_05A87827,CUST_000766,account,chat,2025-07-19 03:25:33,1.7,True,-0.86
TKT_64715ED9,CUST_000944,billing,phone,2025-11-15 05:12:33,13.4,True,-0.28
TKT_E83A8CD8,CUST_000187,billing,email,2026-01-02 12:53:35,43.5,True,0.86
TKT_8EB78137,CUST_000390,account,chat,2026-03-24 01:31:21,34.2,True,0.47
TKT_1A90975B,CUST_000386,technical,email,2025-08-31 02:57:38,33.8,True,-0.82
TKT_0E66A688,CUST_000636,account,phone,2025-08-17 16:58:48,57.9,True,0.91
TKT_32521064,CUST_000372,content,email,2026-04-04 09:53:41,5.6,True,-0.11
TKT_55176008,CUST_000443,account,chat,2025-04-30 20:37:52,61.4,True,0.28
TKT_E595591B,CUST_000190,account,phone,2026-03-14 03:10:41,29.3,False,-0.85
TKT_DC8F9ED8,CUST_000144,technical,phone,2025-02-17 16:22:51,55.1,True,-0.14
TKT_C3155263,CUST_000902,technical,phone,2026-01-01 22:24:46,41.5,True,0.38
TKT_01FD9B79,CUST_000678,technical,chat,2025-03-24 16:51:11,18.7,True,0.22
TKT_24F9056D,CUST_000456,account,phone,2025-09-26 09:55:43,64.2,True,-0.26
TKT_C61E37F1,CUST_000752,billing,chat,2025-05-22 06:57:37,6.0,True,0.86
TKT_06A1F8D8,CUST_000625,content,email,2025-12-26 04:38:25,68.7,True,-0.79
TKT_D0F9A797,CUST_000972,content,chat,2025-09-26 02:20:33,48.7,True,0.05
TKT_CB9262B1,CUST_000302,billing,chat,2026-02-16 12:27:47,62.1,False,-0.34
TKT_8EE4F428,CUST_000802,content,chat,2026-02-08 02:26:22,43.4,True,0.88
TKT_59752F71,CUST_000196,billing,email,2026-04-10 07:22:47,71.4,True,0.79
TKT_36D191F6,CUST_000105,account,chat,2025-06-16 18:40:00,14.3,True,-0.44
TKT_0E1992CB,CUST_000289,content,phone,2025-09-24 11:09:51,53.8,True,-0.7
TKT_D937279B,CUST_000990,technical,chat,2025-09-09 16:17:28,51.6,True,0.47
TKT_00E85C48,CUST_000737,content,phone,2026-03-19 11:50:58,57.5,False,-0.96
TKT_7DD5BF14,CUST_000598,billing,chat,2026-02-19 17:15:59,61.1,True,-0.12
TKT_04C3BE90,CUST_000766,billing,email,2025-12-11 15:28:59,33.6,True,0.35
TKT_EC4C8FAF,CUST_000931,technical,email,2025-12-28 02:17:34,30.7,False,-0.52
TKT_A96E2223,CUST_000231,content,chat,2025-11-21 16:11:56,11.9,True,-0.74
TKT_653A18FB,CUST_000195,technical,email,2025-07-20 01:02:41,3.4,True,-0.97
TKT_A7FA38F9,CUST_000798,account,phone,2026-03-22 09:06:33,68.8,True,0.55
TKT_D38B0063,CUST_000095,technical,email,2025-06-16 16:50:43,42.1,False,-0.34
TKT_C4AFD548,CUST_000921,account,email,2024-12-21 16:35:57,13.3,True,-0.3
TKT_DDC0D9DA,CUST_000530,content,chat,2025-08-05 05:11:45,64.2,True,-0.47
TKT_2BEB0640,CUST_000559,account,chat,2025-09-07 21:50:53,46.8,True,-0.93
TKT_CADAF0F7,CUST_000466,billing,chat,2026-02-11 07:33:04,69.0,True,-0.48
TKT_AE3469CF,CUST_000210,billing,chat,2025-05-19 02:26:11,64.5,True,-0.12
TKT_B1D01018,CUST_000588,billing,chat,2025-12-09 01:19:08,37.2,True,0.73
TKT_49DD7937,CUST_000268,content,chat,2026-03-20 02:39:13,55.6,False,-0.59
TKT_03D962F1,CUST_000799,content,phone,2026-02-02 14:31:53,26.4,True,-0.99
TKT_8E16A259,CUST_000283,content,phone,2026-02-08 03:23:01,21.8,True,0.63
TKT_AC66A405,CUST_000116,technical,phone,2025-07-01 22:07:38,46.9,False,-0.94
TKT_9947940B,CUST_000968,content,chat,2025-12-10 13:25:30,67.0,True,-0.18
TKT_3BA574F3,CUST_000483,billing,chat,2026-02-13 16:33:26,37.0,True,0.78
TKT_CAD20B26,CUST_000055,content,email,2026-04-09 09:37:22,56.3,True,-0.15
TKT_4751409C,CUST_000980,content,chat,2026-04-10 14:21:33,70.7,True,0.22
TKT_20717916,CUST_000662,content,email,2025-12-15 19:22:48,69.4,True,0.37
TKT_4B627ABB,CUST_000765,account,phone,2025-06-30 07:47:37,10.9,True,-0.13
TKT_47B555F2,CUST_000142,billing,phone,2026-04-07 17:53:23,33.1,True,0.64
TKT_C153E02F,CUST_000650,content,phone,2024-12-16 02:40:20,70.2,True,0.97
TKT_6CDB4D4B,CUST_000755,account,chat,2024-09-27 15:57:48,1.2,True,-0.79
TKT_F0637AF4,CUST_000261,content,chat,2025-03-31 20:03:57,41.6,True,-0.43
TKT_204A3B6B,CUST_000920,account,email,2025-12-18 08:48:08,4.3,True,0.11
TKT_E5671887,CUST_000534,billing,chat,2025-05-09 19:32:03,26.9,True,0.53
TKT_B0D363F3,CUST_000293,billing,email,2025-09-09 15:15:29,12.9,False,-0.92
TKT_82C72B25,CUST_000239,technical,chat,2025-03-28 04:03:17,33.6,True,0.06
TKT_BAF5CAD8,CUST_000991,account,email,2025-05-30 12:01:33,60.8,True,-0.57
TKT_F1CE84BC,CUST_000665,billing,phone,2026-03-27 06:30:01,49.8,False,0.33
TKT_89307E21,CUST_000873,content,chat,2025-03-27 03:08:48,6.1,True,0.12
TKT_DB72D90A,CUST_000097,content,phone,2024-10-11 19:27:49,43.5,True,-0.53
TKT_8313E017,CUST_000289,content,phone,2026-02-27 10:08:41,10.7,True,0.74
TKT_5AA26EB5,CUST_000857,content,phone,2025-12-02 01:02:57,32.7,True,0.95
TKT_6461B889,CUST_000265,billing,chat,2026-04-11 01:07:51,10.2,True,0.41
TKT_82DF770C,CUST_000630,account,chat,2025-06-05 16:06:04,52.5,False,-0.63
TKT_EBA9A82B,CUST_000966,billing,email,2025-06-24 22:06:07,12.7,False,0.21
TKT_4E21229A,CUST_000398,content,chat,2026-03-26 16:39:40,45.0,False,0.47
TKT_1240844E,CUST_000394,technical,email,2026-01-30 00:53:25,38.4,True,-0.66
TKT_EDADF0AE,CUST_000381,technical,email,2026-03-05 02:48:01,7.3,True,0.59
TKT_E0561E69,CUST_000091,content,chat,2024-11-06 02:06:27,55.4,True,-0.59
TKT_FC5B469D,CUST_000930,account,chat,2025-11-29 13:52:50,27.3,True,0.18
TKT_9BA27DE3,CUST_000650,content,chat,2025-03-18 20:25:37,56.1,True,0.99
TKT_C9F2D10C,CUST_000963,account,phone,2026-01-23 03:13:28,9.5,False,0.45
TKT_927305F5,CUST_000162,content,phone,2026-04-10 13:14:06,69.1,True,0.4
TKT_8638DC4C,CUST_000133,billing,phone,2026-03-23 09:49:21,3.1,True,0.79
TKT_95427DE1,CUST_000985,content,phone,2026-03-13 23:38:20,30.9,True,-0.74
TKT_CCB4604C,CUST_000558,account,email,2025-12-23 11:33:03,37.8,True,-0.44
TKT_0221A04D,CUST_000730,content,chat,2025-11-06 19:30:38,35.5,True,0.31
TKT_FE6779F4,CUST_000232,billing,chat,2025-10-12 20:16:16,58.7,True,-0.83
TKT_A9E6BA96,CUST_000785,account,chat,2026-04-08 01:22:24,1.6,True,-0.71
TKT_937C2861,CUST_000853,technical,phone,2026-03-07 11:24:38,45.3,True,0.07
TKT_58918918,CUST_000455,account,phone,2026-01-06 23:48:24,17.3,True,0.96
TKT_E09745C5,CUST_000339,account,phone,2026-01-20 14:03:33,64.4,True,0.41
TKT_3EB5A72C,CUST_000285,technical,email,2024-05-29 01:34:32,26.2,True,-0.55
TKT_1016CF0A,CUST_000933,technical,chat,2025-12-19 21:06:43,51.9,False,-0.73
TKT_FE93F97C,CUST_000983,account,phone,2025-09-17 03:35:05,33.9,True,-0.75
TKT_4D68D7B3,CUST_000455,technical,phone,2026-01-12 17:41:36,13.5,True,0.06
TKT_7669E9B2,CUST_000548,account,email,2025-09-05 00:58:18,63.0,True,0.68
TKT_126BCD2F,CUST_000446,account,chat,2025-12-19 08:24:09,43.0,True,0.65
TKT_B9B3B540,CUST_000460,technical,chat,2025-12-09 14:33:49,3.5,False,-0.06
TKT_0CFB5D5F,CUST_000499,billing,phone,2025-11-06 13:19:48,40.1,True,-0.73
TKT_9B9EDEC4,CUST_000403,technical,chat,2025-08-25 18:03:02,20.6,False,-0.29
TKT_83A244EB,CUST_000939,account,phone,2026-03-04 07:42:15,52.9,True,-0.39
TKT_11CB3887,CUST_000968,content,chat,2025-06-08 12:44:41,61.0,True,-0.29
TKT_E3E9D73F,CUST_000025,content,phone,2026-04-08 09:49:30,27.6,True,-0.53
TKT_B8C9F313,CUST_000449,billing,chat,2025-10-02 11:46:06,50.1,True,-0.21
TKT_7AD425D6,CUST_000602,billing,phone,2025-05-28 02:06:59,67.2,True,0.17
TKT_0FC86E96,CUST_000354,technical,email,2025-10-20 09:46:22,52.0,True,0.6
TKT_91A687FF,CUST_000472,content,phone,2024-12-22 07:05:55,49.0,True,-0.12
TKT_5A5EF56E,CUST_000356,content,email,2026-04-01 09:10:20,19.7,True,0.04
TKT_2D55BD43,CUST_000848,account,phone,2024-12-07 15:44:30,67.9,True,0.77
TKT_6B4799F8,CUST_000397,technical,chat,2025-08-05 21:29:42,48.4,True,-0.39
TKT_57B02011,CUST_000032,content,chat,2026-02-06 02:51:21,62.2,True,-0.95
TKT_1D62C2FC,CUST_000182,content,chat,2026-02-20 03:55:57,60.4,True,-0.68
TKT_5BF4914B,CUST_000929,technical,email,2025-02-16 02:31:13,39.6,False,-0.51
TKT_258FE800,CUST_000274,billing,email,2025-06-14 11:48:38,18.2,True,0.39
TKT_B68733E3,CUST_000273,billing,email,2025-09-10 09:25:13,53.6,True,-0.96
TKT_55C9BF52,CUST_000172,account,phone,2026-04-02 07:46:56,35.0,True,-0.0
TKT_3898F5CE,CUST_000270,billing,chat,2025-12-31 04:26:36,60.4,True,-0.91
TKT_4F964B82,CUST_000325,account,phone,2025-02-22 13:40:28,21.9,True,0.57
TKT_5DA64A2D,CUST_000544,account,email,2024-05-29 06:51:40,32.9,True,-0.23
TKT_AF76874A,CUST_000023,content,email,2026-04-06 15:55:25,16.9,True,-0.2
TKT_1AE09092,CUST_000622,content,phone,2025-06-29 01:50:25,7.7,True,-0.74
TKT_55286DB2,CUST_000879,account,chat,2025-05-25 01:13:13,52.6,True,0.83
TKT_222F0629,CUST_000409,account,email,2025-10-23 07:57:00,57.5,True,-0.1
TKT_5F0CAEC7,CUST_000726,account,chat,2026-03-30 16:27:52,36.8,True,-0.87
TKT_24975BA1,CUST_000966,technical,email,2025-08-27 00:47:45,71.7,True,0.84
TKT_CC8E5664,CUST_000564,content,chat,2025-03-12 14:15:19,24.3,True,0.45
TKT_19B4B429,CUST_000918,account,chat,2026-03-08 13:07:48,14.0,True,0.1
TKT_A8954410,CUST_000933,account,phone,2025-12-16 22:43:26,47.5,True,0.77
TKT_29571830,CUST_000490,content,chat,2026-03-11 13:23:10,20.0,True,0.59
TKT_D2BCAE79,CUST_000644,billing,email,2024-11-12 12:04:19,53.6,False,0.72
TKT_2168AFAE,CUST_000003,billing,phone,2025-06-26 17:37:06,64.1,True,-0.7
TKT_CCB42AEF,CUST_000548,billing,chat,2026-03-30 08:41:13,43.9,False,0.89
TKT_EDD01974,CUST_000711,content,phone,2026-02-24 11:58:21,8.2,True,0.43
TKT_83F99F15,CUST_000962,billing,chat,2025-11-12 10:19:44,18.8,False,-0.24
TKT_75B0B03A,CUST_000372,account,email,2026-03-09 19:27:17,42.6,True,-0.15
TKT_8111DEC6,CUST_000111,account,email,2025-11-18 05:01:07,66.4,True,-0.1
TKT_4AA89C1F,CUST_000965,account,email,2025-09-04 07:30:18,51.5,True,0.15
TKT_874E7779,CUST_000830,billing,chat,2026-04-05 22:34:30,13.7,True,0.48
TKT_C2B0F44B,CUST_000655,technical,email,2025-03-06 08:47:45,58.3,True,-0.87
TKT_77457AC6,CUST_000012,account,email,2025-06-28 11:34:40,67.4,True,-0.0
TKT_20AAF26B,CUST_000093,billing,email,2024-11-25 18:54:10,23.4,True,-0.28
TKT_50F5C51C,CUST_000334,content,phone,2025-08-22 11:07:32,14.2,True,-0.6
TKT_283A73B0,CUST_000661,billing,phone,2026-04-06 01:34:17,2.1,False,0.79
TKT_D0987914,CUST_000812,billing,chat,2026-01-09 19:28:51,37.8,True,0.11
TKT_0F443048,CUST_000707,billing,phone,2026-04-04 18:20:02,68.1,True,-0.37
TKT_63B413AC,CUST_000870,account,phone,2026-02-03 00:22:37,16.5,True,-0.36
TKT_3C270988,CUST_000670,billing,phone,2026-03-13 18:21:00,46.8,True,-0.95
TKT_A4D68525,CUST_000593,content,phone,2025-12-30 02:52:59,71.2,False,0.75
TKT_5618E65E,CUST_000635,account,chat,2026-04-04 13:31:59,23.7,True,0.12
TKT_C2EE81BC,CUST_000961,technical,chat,2026-02-10 15:43:00,17.9,False,-0.69
TKT_86D75B83,CUST_000488,billing,phone,2026-02-14 07:13:13,32.8,True,-0.68
TKT_4A6D86BB,CUST_000503,content,email,2025-04-06 14:15:39,13.7,True,-0.49
TKT_365B8E0E,CUST_000665,account,phone,2025-01-02 09:29:47,68.1,True,-0.15
TKT_CF463E1A,CUST_000425,billing,phone,2025-04-15 00:10:21,17.0,True,-0.78
TKT_F8DA902E,CUST_000573,billing,phone,2024-07-13 22:54:36,13.7,True,-0.71
TKT_40B52026,CUST_000876,account,email,2026-02-03 17:04:33,60.9,True,-0.67
TKT_4F30D8D5,CUST_000396,billing,chat,2025-09-29 01:59:14,62.6,False,0.49
TKT_339EA192,CUST_000186,content,phone,2026-03-21 11:51:15,7.4,True,-0.49
TKT_D36743B2,CUST_000729,content,chat,2026-03-22 10:56:49,42.0,True,0.56
TKT_CE201ED7,CUST_000343,billing,phone,2025-05-16 05:22:27,17.0,False,0.01
TKT_BCDA5E9B,CUST_000145,account,phone,2026-03-19 05:36:55,40.0,True,-0.92
TKT_6F9D95C6,CUST_000435,content,phone,2026-01-12 10:13:12,71.8,False,-0.11
TKT_DFEE66B6,CUST_000835,billing,phone,2025-09-18 19:24:08,69.2,False,0.61
TKT_44C301B3,CUST_000180,account,email,2025-11-02 21:26:28,32.2,True,0.38
TKT_2C4D2AEA,CUST_000076,technical,chat,2026-01-20 16:01:00,17.3,True,-0.08
TKT_EED95C0C,CUST_000399,account,email,2026-04-01 10:31:10,38.2,True,-0.55
TKT_2E0CDBA5,CUST_000967,content,chat,2025-05-05 13:37:07,8.1,True,0.73
TKT_BCC116FD,CUST_000193,billing,phone,2025-05-02 22:09:24,4.2,False,0.07
TKT_31F7B169,CUST_000789,technical,email,2026-03-05 02:57:33,48.5,True,-0.51
TKT_F3D95352,CUST_000460,technical,email,2025-02-13 06:10:16,7.0,True,0.54
TKT_8F11D23D,CUST_000417,technical,email,2026-04-10 15:09:57,41.1,True,0.75
TKT_B98C502F,CUST_000451,billing,email,2025-07-02 19:52:50,34.2,True,-0.62
TKT_C7B47AA9,CUST_000418,content,email,2025-11-07 18:17:58,38.2,True,0.22
TKT_A87D2A70,CUST_000322,account,email,2025-07-04 23:50:33,62.1,True,0.82
TKT_3A1FAAE6,CUST_000638,content,phone,2025-05-19 21:36:44,40.8,True,-0.49
TKT_29E414F5,CUST_000964,content,email,2026-04-04 02:52:36,69.5,True,0.29
TKT_EBBFC345,CUST_000617,billing,email,2025-06-10 14:19:46,47.4,False,0.96
TKT_75E36CCC,CUST_000421,content,email,2026-02-26 09:24:59,69.0,True,0.07
TKT_9A50449B,CUST_000631,account,phone,2024-07-13 03:07:11,11.9,True,0.67
TKT_70CA7B8F,CUST_000815,billing,chat,2026-01-18 04:18:57,19.0,True,0.86
TKT_1238E7EA,CUST_000992,technical,chat,2025-05-21 12:45:34,17.1,True,0.63
TKT_1C0BE692,CUST_000975,billing,phone,2026-03-28 12:29:16,23.8,True,-0.94
TKT_07FB107A,CUST_000242,account,email,2025-06-19 10:47:47,66.8,True,-0.41
TKT_CC307276,CUST_000801,account,chat,2025-03-13 15:36:51,56.8,True,0.24
TKT_AB21B046,CUST_000828,technical,phone,2026-01-31 21:41:03,35.8,True,0.48
TKT_D3FF6093,CUST_000241,content,phone,2025-10-26 02:13:12,50.4,True,-0.51
TKT_0634B7CB,CUST_000224,content,phone,2025-12-11 01:36:49,14.9,True,-0.65
TKT_7661E470,CUST_000659,account,phone,2025-08-03 17:39:24,15.8,False,-0.45
TKT_94B8AA70,CUST_000460,content,phone,2024-08-21 05:02:43,17.2,True,-0.82
TKT_537EFD91,CUST_000589,content,phone,2025-09-14 12:17:55,61.9,True,-0.56
TKT_A59191DE,CUST_000342,content,phone,2026-01-02 02:07:37,26.0,True,-0.89
TKT_310FF23C,CUST_000842,content,email,2025-04-19 05:16:39,59.6,True,-0.05
TKT_F1F1B847,CUST_000986,content,phone,2025-05-05 18:02:29,69.3,True,0.11
TKT_7C9C83CD,CUST_000808,account,phone,2026-03-16 03:23:14,68.3,True,0.13
TKT_F1C186FB,CUST_000106,technical,email,2025-12-04 17:14:51,36.2,True,-0.37
TKT_69AAB2A4,CUST_000327,account,chat,2026-03-20 16:58:56,8.0,False,0.46
TKT_D779E1E5,CUST_000295,content,email,2026-04-06 21:27:26,41.8,True,0.56
TKT_BEA524F3,CUST_000617,technical,phone,2025-08-17 11:00:04,32.9,True,-0.12
TKT_23626A4B,CUST_000710,account,chat,2025-08-02 11:34:43,60.4,False,-0.74
TKT_732C9367,CUST_000605,billing,email,2025-04-14 00:55:33,23.9,True,-0.15
TKT_CF3F2CA3,CUST_000489,technical,email,2025-12-25 06:57:38,25.5,True,-0.95
TKT_E749908F,CUST_000980,billing,phone,2025-12-30 10:23:57,59.8,True,0.7
TKT_3417695E,CUST_000811,billing,email,2026-03-17 10:09:04,2.2,True,0.98
TKT_6365E613,CUST_000018,account,chat,2024-10-24 11:12:21,26.6,True,-0.57
TKT_F13E50BC,CUST_000235,account,phone,2024-12-14 14:50:21,39.3,True,-0.58
TKT_3F6C03A2,CUST_000870,billing,email,2025-08-27 00:59:49,35.5,True,-0.22
TKT_3B30A8BF,CUST_000900,billing,email,2025-08-23 01:32:48,32.8,True,-0.54
TKT_32521204,CUST_000009,account,email,2026-04-10 13:31:29,61.3,True,-0.41
TKT_CB5D2659,CUST_000977,technical,email,2026-04-01 18:27:36,5.4,True,-0.99
TKT_B792CE05,CUST_000326,technical,phone,2025-08-15 04:01:58,2.1,True,0.6
TKT_E261CBBB,CUST_000434,content,chat,2025-08-12 12:46:03,62.7,True,-0.15
TKT_F44897E9,CUST_000900,billing,email,2026-02-16 08:48:35,47.0,True,0.12
TKT_BF5F7B24,CUST_000843,technical,chat,2026-03-30 12:13:02,53.3,True,0.86
TKT_71B0092B,CUST_000784,account,chat,2025-09-28 22:04:23,14.4,False,0.77
TKT_E425A8AD,CUST_000371,account,chat,2026-03-31 13:42:49,55.1,True,0.49
TKT_50A5E904,CUST_000244,billing,chat,2025-11-24 07:49:17,21.0,True,0.66
TKT_98106F96,CUST_000762,billing,phone,2025-11-20 16:59:05,45.4,True,-0.01
TKT_2FF0683C,CUST_000354,content,email,2026-03-22 12:04:28,68.7,True,0.68
TKT_53C197FD,CUST_000663,account,email,2026-03-08 12:25:25,24.6,True,0.7
TKT_2A0F2539,CUST_000160,billing,email,2026-02-12 14:25:31,22.0,True,0.0
TKT_982AF287,CUST_000284,technical,email,2024-11-11 10:01:44,22.4,True,0.48
TKT_13376D21,CUST_000839,billing,chat,2025-04-27 08:07:59,62.3,True,-0.56
TKT_EEC82137,CUST_000075,technical,phone,2025-10-01 07:07:12,62.9,True,0.27
TKT_465C49BD,CUST_000441,account,chat,2026-03-31 23:01:06,27.6,True,-0.62
TKT_C4D0FCA5,CUST_000473,billing,phone,2026-03-29 01:58:42,47.8,True,0.78
TKT_6B82A8EE,CUST_000590,technical,email,2026-03-26 20:39:08,19.0,True,-0.7
TKT_25F8A074,CUST_000763,content,chat,2025-06-13 22:40:25,43.1,True,-0.35
TKT_DBC5C7E0,CUST_000995,account,chat,2025-08-01 12:48:23,69.5,True,-0.67
TKT_1565B28A,CUST_000255,content,phone,2025-06-27 21:46:59,37.5,True,-0.19
TKT_57C9DB4F,CUST_000400,technical,chat,2026-04-10 19:03:34,43.2,True,-0.44
TKT_C802B65A,CUST_000710,technical,chat,2026-03-29 18:12:07,23.2,True,-0.1
TKT_2F75D5F3,CUST_000972,content,email,2025-11-01 00:41:57,55.1,True,0.18
TKT_64ED013E,CUST_000815,billing,email,2025-11-26 04:08:50,60.8,True,0.82
TKT_8F0A9BD6,CUST_000574,account,phone,2026-02-12 08:34:30,49.9,True,-0.74
TKT_BAE1945A,CUST_000521,technical,email,2026-01-15 05:09:18,59.6,False,0.33
TKT_2D990D57,CUST_000106,technical,email,2026-03-12 15:08:11,12.9,True,-0.56
TKT_6C8F0C53,CUST_000038,account,chat,2025-07-12 00:21:13,41.4,True,-0.67
TKT_2D2BCC74,CUST_000485,billing,phone,2025-09-17 13:55:49,14.6,True,0.06
TKT_8993F292,CUST_000424,billing,chat,2025-09-05 20:51:57,48.7,True,0.22
TKT_3A8CC7B1,CUST_000870,billing,phone,2025-07-09 16:15:55,2.0,True,-0.13
TKT_27441448,CUST_000133,account,phone,2025-03-08 13:11:46,3.9,True,-0.67
TKT_6BB26747,CUST_000585,technical,phone,2026-02-25 07:51:58,11.8,True,0.25
TKT_BE85BD8B,CUST_000541,technical,phone,2026-01-06 11:29:05,67.9,True,0.27
TKT_D1F1DCAB,CUST_000834,billing,chat,2025-12-14 08:28:28,26.7,True,0.18
TKT_0608B262,CUST_000657,technical,chat,2026-02-07 12:24:11,5.2,True,0.24
TKT_082D6416,CUST_000963,technical,phone,2025-07-16 03:40:56,22.4,True,0.22
TKT_89C36873,CUST_000764,billing,phone,2025-04-21 09:32:33,59.6,False,0.83
TKT_BE57BBF9,CUST_000122,billing,chat,2026-02-09 13:11:46,18.4,True,0.11
TKT_D946FE36,CUST_000691,technical,phone,2025-08-14 18:41:28,53.2,True,-0.66
TKT_F0C70533,CUST_000666,account,chat,2026-01-21 02:57:52,48.7,True,0.36
TKT_07252114,CUST_000675,account,chat,2025-11-01 16:44:40,27.8,True,0.74
TKT_05AF2706,CUST_000448,content,chat,2025-08-10 12:15:18,35.9,True,0.01
TKT_C407ADFC,CUST_000211,account,chat,2025-10-14 14:11:05,28.6,False,-0.48
TKT_F4B18429,CUST_000071,billing,email,2025-10-01 23:46:27,35.1,True,0.63
TKT_D4BA9800,CUST_000162,content,email,2026-04-07 05:03:50,27.3,True,0.1
TKT_52E4F251,CUST_000775,billing,phone,2024-12-14 11:48:30,55.6,True,0.62
TKT_791B6E4F,CUST_000307,account,email,2025-09-08 14:43:01,65.3,True,0.65
TKT_BF74B950,CUST_000052,billing,phone,2026-03-31 11:41:37,61.5,True,-0.61
TKT_01BC7587,CUST_000240,account,chat,2026-02-02 21:01:35,21.7,True,0.47
TKT_02A38135,CUST_000920,billing,email,2025-12-03 20:18:37,48.2,True,0.38
TKT_FBEEB7B2,CUST_000605,account,phone,2024-12-01 09:39:02,52.3,True,-0.67
TKT_9D837F78,CUST_000620,account,chat,2026-04-04 09:41:55,12.1,True,0.19
TKT_90856A61,CUST_000349,content,phone,2025-09-08 12:18:58,13.3,True,0.88
TKT_B0E3F830,CUST_000302,account,phone,2025-12-22 06:07:59,47.2,True,0.54
TKT_35283425,CUST_000278,account,phone,2026-03-23 10:10:04,61.3,True,-0.63
TKT_F6359BEF,CUST_000164,billing,chat,2025-04-05 22:23:12,45.3,True,-0.76
TKT_07A371A8,CUST_000843,technical,phone,2026-01-16 15:04:38,12.8,True,0.31
TKT_3D120E7A,CUST_000166,billing,chat,2026-04-10 00:10:47,54.7,True,0.25
TKT_81323721,CUST_000067,account,chat,2026-03-23 16:36:46,6.0,True,0.96
TKT_A99D7FDD,CUST_000287,content,chat,2026-01-15 23:53:44,55.7,True,0.42
TKT_AC01AA42,CUST_000217,content,chat,2025-03-16 23:39:07,38.9,True,-0.4
TKT_45007863,CUST_000970,technical,chat,2025-07-29 14:46:16,68.2,True,-0.52
TKT_3C6F01F1,CUST_000844,content,email,2024-10-31 09:02:21,21.1,True,0.59
TKT_32BD57E3,CUST_000317,account,phone,2026-03-10 06:03:06,60.3,True,0.61
TKT_FBAE8231,CUST_000518,account,chat,2025-03-19 07:19:04,53.9,True,0.87
TKT_F8FE697B,CUST_000314,billing,email,2026-01-01 23:02:18,65.6,True,0.65
TKT_A3023ACE,CUST_000636,content,phone,2025-12-07 21:19:45,54.5,True,-0.36
TKT_77874618,CUST_000113,account,email,2025-04-09 00:27:40,55.0,True,-0.44
TKT_A2122601,CUST_000692,content,phone,2026-02-20 05:48:59,6.9,True,0.76
TKT_287FC7E6,CUST_000061,billing,email,2024-06-24 01:43:06,30.4,True,-0.02
TKT_05AC6968,CUST_000219,technical,phone,2026-04-09 19:17:35,65.6,True,0.93
TKT_70C3B4D2,CUST_000330,account,chat,2025-01-07 16:23:27,54.3,False,-0.01
TKT_E86A93C5,CUST_000263,content,email,2026-01-09 01:20:51,25.8,True,0.04
TKT_D11B00DF,CUST_000518,technical,email,2025-09-03 00:24:11,0.9,True,-0.31
TKT_5A192010,CUST_000991,billing,phone,2025-09-05 15:02:50,54.8,True,0.53
TKT_31F01973,CUST_000314,account,email,2025-09-19 22:15:47,24.2,True,0.34
TKT_04E60E29,CUST_000257,technical,chat,2026-02-09 05:48:58,24.0,True,0.73
TKT_775BC93D,CUST_000056,technical,chat,2025-10-21 19:56:46,44.2,True,0.92
TKT_0C4D160F,CUST_000512,account,phone,2025-03-25 15:31:43,60.8,True,0.9
TKT_81202BAD,CUST_000729,account,chat,2025-10-18 17:38:29,43.8,True,-0.26
TKT_A0914356,CUST_000716,account,chat,2025-05-15 23:50:45,48.0,True,-0.83
TKT_A347C34A,CUST_000834,account,phone,2025-08-26 14:10:07,25.2,False,0.09
TKT_7FACC2B2,CUST_000582,content,chat,2025-02-10 17:01:42,36.0,True,0.19
TKT_039BD978,CUST_000238,content,phone,2025-08-08 09:08:26,67.2,True,0.88
TKT_764DD166,CUST_000997,billing,phone,2025-12-21 13:52:12,24.5,True,-0.35
TKT_AB0D9954,CUST_000770,content,email,2026-01-05 17:02:14,63.6,True,-0.08
TKT_897E5D3A,CUST_000604,account,phone,2026-02-04 05:10:29,12.3,True,-0.22
TKT_CC0DD824,CUST_000178,technical,email,2025-10-16 18:29:52,9.4,True,-0.59
TKT_50C03BE2,CUST_000466,content,phone,2025-11-26 18:17:37,22.8,False,-1.0
TKT_C2FB20AE,CUST_000522,billing,phone,2026-03-16 01:38:58,53.3,True,0.3
TKT_5179FD1E,CUST_000620,account,phone,2026-03-13 00:02:03,48.0,True,-0.27
TKT_1A175C30,CUST_000775,technical,phone,2025-09-22 14:08:34,23.7,True,-0.98
TKT_1090D62C,CUST_000630,account,email,2026-03-15 13:34:46,5.8,True,0.11
TKT_BADA8C80,CUST_000689,technical,chat,2025-09-01 19:36:35,44.5,True,-0.55
TKT_D5643B99,CUST_000394,account,phone,2025-03-27 22:26:02,12.3,True,0.09
TKT_8FCD3EE8,CUST_000716,billing,chat,2025-05-27 03:15:05,61.6,True,0.39
TKT_1B1F7330,CUST_000303,technical,email,2026-02-02 07:57:56,2.7,True,0.94
TKT_CA9F05F0,CUST_000334,billing,phone,2025-08-27 08:39:22,12.8,False,-0.2
TKT_C46BF84E,CUST_000351,technical,chat,2026-02-23 15:59:13,65.3,False,0.82
TKT_73C3DC65,CUST_000750,account,email,2025-12-22 06:15:51,30.0,True,0.08
TKT_D200DE30,CUST_000836,account,chat,2025-07-08 15:38:45,7.1,True,-0.83
TKT_A5EE4E3E,CUST_000912,billing,phone,2026-01-13 13:59:19,39.6,True,-0.15
TKT_CEEC3EAE,CUST_000664,account,email,2026-04-06 10:28:24,39.6,True,-0.45
TKT_E9D6C249,CUST_000045,billing,phone,2025-12-02 16:42:42,52.0,True,0.55
TKT_F4E45C18,CUST_000165,account,phone,2026-03-11 02:28:10,42.8,True,0.61
TKT_1016CB1A,CUST_000198,technical,chat,2026-03-17 08:59:52,50.8,True,0.13
TKT_32B9AE7C,CUST_000241,technical,chat,2026-01-07 20:46:40,26.6,True,0.52
TKT_1DEAC3AB,CUST_000076,billing,phone,2026-02-19 10:39:28,63.2,True,-0.07
TKT_5B43F356,CUST_000715,content,chat,2026-01-25 08:18:13,46.3,True,-0.48
TKT_FFB297C7,CUST_000069,billing,phone,2025-10-25 10:10:44,10.8,False,-0.57
TKT_D0E83CA3,CUST_000235,billing,phone,2025-01-19 04:52:12,36.3,True,-0.03
TKT_5CA9B9E4,CUST_000140,content,chat,2026-04-06 19:54:09,21.5,True,-0.9
TKT_A6023FB6,CUST_000074,content,phone,2026-02-09 06:24:59,52.5,True,-0.54
TKT_092E99D8,CUST_000042,account,phone,2025-02-25 20:10:26,13.1,True,-0.98
TKT_F290367E,CUST_000985,technical,email,2025-08-29 03:29:20,67.2,True,0.05
TKT_8EECEAD5,CUST_000999,technical,phone,2026-02-04 22:56:26,44.5,True,0.21
TKT_018BA749,CUST_000363,billing,phone,2025-06-05 10:20:25,63.1,True,-0.8
TKT_B0C41561,CUST_000219,billing,chat,2025-06-27 16:23:24,28.4,True,0.43
TKT_AF5DF78B,CUST_000793,billing,email,2025-06-29 20:04:30,30.3,False,-0.9
TKT_34956052,CUST_000308,account,chat,2025-11-29 10:06:35,48.5,True,0.84
TKT_C5CA046D,CUST_000880,technical,phone,2025-04-18 22:37:05,0.7,True,-0.3
TKT_D1D391AE,CUST_000695,technical,email,2024-05-02 21:41:39,18.2,True,-0.07
TKT_8EF6F882,CUST_000441,billing,chat,2026-03-14 03:50:27,25.8,True,0.67
TKT_231A5323,CUST_000728,technical,email,2025-09-14 07:32:15,47.9,True,-0.23
TKT_9960E6D4,CUST_000255,account,phone,2025-08-03 02:47:29,47.2,True,-0.08
TKT_9F15672C,CUST_000228,content,email,2026-01-29 11:09:40,34.4,True,-0.26
TKT_C6D52D0C,CUST_000354,account,phone,2026-03-12 11:46:37,16.0,True,-0.76
TKT_8605040D,CUST_000658,account,chat,2024-11-27 07:22:21,14.1,True,0.03
TKT_50BEAF59,CUST_000180,content,email,2026-02-04 00:36:35,50.1,True,0.42
TKT_940F96A5,CUST_000566,billing,email,2025-11-05 23:12:41,53.5,True,0.56
TKT_E9463F84,CUST_000373,billing,email,2026-02-04 14:45:07,11.2,True,0.07
TKT_D92ADED3,CUST_000326,content,phone,2025-08-30 21:52:55,31.1,True,-0.49
TKT_E2049ED8,CUST_000242,technical,phone,2025-05-18 04:49:01,24.2,True,0.98
TKT_1B7E7893,CUST_000367,content,phone,2025-04-10 09:41:20,48.9,True,0.25
TKT_D1EA3994,CUST_000703,technical,phone,2025-12-30 17:07:47,60.5,False,-0.28
TKT_E0130379,CUST_000944,content,phone,2026-03-23 14:29:52,52.6,True,-0.3
TKT_FF863BEB,CUST_000057,billing,phone,2026-03-15 10:00:36,5.5,True,-0.39
TKT_923209D1,CUST_000583,technical,chat,2025-05-01 14:08:18,28.3,False,0.58
TKT_3A234F9A,CUST_000313,content,phone,2024-10-17 11:27:43,36.6,True,0.78
TKT_14225608,CUST_000931,content,phone,2025-08-03 04:39:52,60.9,True,-0.8
TKT_7CE09BD6,CUST_000882,content,chat,2025-06-10 08:26:43,8.6,True,-0.78
TKT_2CC76E14,CUST_000514,account,phone,2026-03-11 03:39:38,21.8,True,0.85
TKT_46F116D1,CUST_000775,account,chat,2024-07-15 18:51:20,36.6,True,0.77
TKT_3399C82F,CUST_000019,content,chat,2025-12-22 05:12:59,37.8,True,-0.05
TKT_17E30A9A,CUST_000977,technical,email,2026-04-11 13:28:42,20.6,True,0.17
TKT_7D4333BC,CUST_000423,billing,email,2025-09-13 02:32:35,50.0,True,0.37
TKT_43C8CF1E,CUST_000805,technical,chat,2025-08-12 17:37:33,17.1,False,-0.72
TKT_40C35DF6,CUST_000787,account,chat,2025-10-15 02:33:15,35.2,True,-0.95
TKT_F1786E1F,CUST_000752,billing,chat,2025-02-16 09:33:24,31.7,True,-0.88
TKT_78734F21,CUST_000653,technical,phone,2026-02-23 22:58:36,60.5,True,0.97
TKT_4A0CA727,CUST_000038,content,chat,2026-01-17 20:20:15,8.7,True,0.46
TKT_2F40ECBD,CUST_000253,billing,email,2024-05-29 14:09:47,50.7,False,0.96
TKT_5C523F5A,CUST_000736,account,email,2026-04-06 14:15:40,5.1,True,-0.84
TKT_192F2EBB,CUST_000174,technical,phone,2025-09-02 02:08:57,49.0,False,-0.14
TKT_26187A8A,CUST_000232,content,email,2025-03-05 02:41:12,67.5,True,-0.21
TKT_FE2F81E1,CUST_000775,technical,chat,2025-08-28 00:59:20,34.3,True,-0.62
TKT_2F67D837,CUST_000333,content,phone,2026-03-31 13:28:14,27.7,True,0.86
TKT_EEDFE203,CUST_000451,billing,chat,2025-01-21 02:13:16,0.8,True,0.25
TKT_C7786680,CUST_000138,account,phone,2025-10-16 03:33:09,15.2,True,-0.53
TKT_C44900A2,CUST_000838,content,email,2026-04-10 22:59:02,34.0,True,0.55
TKT_1A503646,CUST_000072,content,email,2026-01-22 21:22:47,16.9,True,-0.49
TKT_22A31E48,CUST_000897,content,phone,2025-01-29 00:51:10,45.5,True,-0.55
TKT_2DD9ED67,CUST_000318,technical,chat,2025-07-12 08:24:32,43.0,True,0.01
TKT_174CC39A,CUST_000643,content,chat,2025-12-30 23:36:24,44.5,True,-0.84
TKT_FCC8ACCE,CUST_000447,content,phone,2025-07-11 11:03:44,71.6,True,-0.07
TKT_43EC170E,CUST_000170,account,email,2026-03-31 10:22:33,43.9,True,-0.07
TKT_E7ECD309,CUST_000027,content,chat,2026-02-08 14:33:47,46.8,True,0.01
TKT_594ADB83,CUST_000543,billing,phone,2025-10-01 00:39:41,4.0,True,0.46
TKT_57AB9979,CUST_000642,content,phone,2025-05-20 00:19:16,71.6,False,0.61
TKT_EC74EFD6,CUST_000672,billing,phone,2025-05-31 19:04:51,35.0,True,0.26
TKT_6B6CC0DC,CUST_000455,billing,email,2026-01-14 07:46:13,52.0,False,-0.65
TKT_5B16BBAB,CUST_000223,account,chat,2024-06-16 10:09:05,23.7,True,0.3
TKT_F4EC7BA3,CUST_000165,content,chat,2026-03-16 02:18:44,7.4,False,0.78
TKT_8B12C7B6,CUST_000278,account,phone,2026-03-24 16:11:18,12.2,True,-0.65
TKT_5A8F3FEE,CUST_000063,content,email,2024-12-07 03:11:12,48.8,True,0.95
TKT_3DEF2E57,CUST_000027,technical,phone,2026-03-19 06:17:50,18.9,True,-0.25
TKT_A8B62B8F,CUST_000696,billing,phone,2025-03-24 00:12:46,50.8,True,0.89
TKT_8B6B61AC,CUST_000668,content,email,2025-02-21 21:03:03,37.8,True,0.25
TKT_5082A8B6,CUST_000691,content,chat,2025-08-08 13:02:25,37.0,True,0.27
TKT_77CA40DD,CUST_000379,account,email,2024-06-19 22:48:55,24.0,False,-0.74
TKT_9F3CCD67,CUST_000290,account,email,2025-05-26 04:21:19,28.1,True,-0.19
TKT_6733BB78,CUST_000929,content,email,2024-09-15 21:15:53,1.6,True,0.2
TKT_1735D385,CUST_000231,content,chat,2025-02-10 15:23:12,49.0,True,0.26
TKT_4493037B,CUST_000849,technical,email,2025-04-14 20:27:43,33.4,True,0.63
TKT_A6A90CCE,CUST_000655,account,phone,2025-12-20 03:10:34,46.1,True,0.07
TKT_08DD80F2,CUST_000401,content,email,2025-06-18 19:16:31,61.9,True,-0.38
TKT_52765C8D,CUST_000796,technical,chat,2025-12-15 03:33:02,68.3,True,-0.85
TKT_180DDDEE,CUST_000458,account,email,2025-12-26 17:31:16,8.5,True,-0.42
TKT_48018D49,CUST_000204,technical,chat,2024-10-11 20:45:08,41.2,True,0.47
TKT_D8FBCE40,CUST_000832,billing,chat,2026-01-10 06:22:27,16.2,False,-0.84
TKT_FE3599A7,CUST_000535,billing,email,2025-05-05 18:28:30,30.6,True,0.31
TKT_8600415F,CUST_000915,account,chat,2026-01-01 19:47:49,30.8,True,0.89
TKT_2BF55956,CUST_000998,billing,chat,2025-10-27 06:19:21,64.9,True,0.85
TKT_C4D0A1A7,CUST_000880,billing,email,2025-09-27 00:16:55,7.1,True,0.37
TKT_DA0B0E90,CUST_000277,technical,chat,2026-04-07 23:57:56,64.4,False,0.52
TKT_E73B01B5,CUST_000376,technical,phone,2026-01-22 23:53:53,63.3,True,-0.48
TKT_81B4FD18,CUST_000034,technical,phone,2026-03-05 18:48:42,45.3,False,0.62
TKT_D2F12104,CUST_000592,content,chat,2025-09-29 15:47:36,24.1,True,0.99
TKT_3E451BFB,CUST_000488,content,phone,2025-12-12 03:16:52,22.2,True,-0.15
TKT_F5ABA32D,CUST_000143,account,email,2026-03-31 04:19:31,60.4,True,0.51
TKT_51935E0A,CUST_000241,content,chat,2026-03-08 18:23:11,13.9,True,-0.11
TKT_6ABD3F85,CUST_000865,account,phone,2026-03-05 19:49:21,20.8,True,0.89
TKT_D0838B3E,CUST_000674,technical,chat,2026-04-02 15:36:38,2.2,True,0.86
TKT_28D2EEA9,CUST_000945,billing,chat,2025-05-03 16:40:22,14.0,True,-0.23
TKT_4D0CF181,CUST_000737,technical,chat,2026-01-12 22:48:37,27.3,True,-0.36
TKT_82E3546D,CUST_000516,billing,chat,2025-07-13 01:15:19,30.2,True,-0.52
TKT_BC428D94,CUST_000449,content,phone,2026-01-05 11:07:21,49.0,False,-0.13
TKT_9BC1B232,CUST_000031,technical,chat,2025-11-13 00:15:12,16.9,True,-0.51
TKT_4B20FA85,CUST_000785,billing,email,2026-03-17 14:25:57,12.9,False,0.33
TKT_77B384AA,CUST_000769,billing,phone,2026-04-11 06:14:56,68.7,False,0.53
TKT_1A262496,CUST_000382,technical,phone,2026-03-27 06:57:00,54.6,True,0.59
TKT_777B25F0,CUST_000663,content,chat,2025-08-21 13:37:58,58.4,True,-0.18
TKT_1BCF7C0A,CUST_000497,account,email,2025-03-31 21:11:26,30.8,True,-0.31
TKT_662E9214,CUST_000673,technical,phone,2026-02-15 00:12:50,63.3,True,-0.0
TKT_503AACBC,CUST_000180,technical,email,2025-11-08 15:40:50,61.8,True,0.35
TKT_7B7B556E,CUST_000741,billing,email,2026-01-20 07:19:04,19.1,False,0.46
TKT_BBAFFC60,CUST_000293,technical,phone,2025-11-12 22:55:10,7.2,True,1.0
TKT_071B3F57,CUST_000686,account,phone,2026-02-26 18:46:04,11.3,True,0.4
TKT_4E53C3E0,CUST_000724,content,phone,2026-02-09 05:59:01,56.6,True,0.73
TKT_24C809AF,CUST_000025,account,chat,2026-04-01 03:37:55,11.4,True,0.93
TKT_6DBB7C8E,CUST_000011,account,chat,2025-11-26 01:34:19,8.5,True,-0.56
TKT_6B14C8E5,CUST_000678,content,phone,2025-02-03 05:53:22,9.8,True,-0.47
TKT_0B20EC9B,CUST_000178,technical,chat,2025-04-09 04:14:46,35.2,True,0.89
TKT_A7910A69,CUST_000859,technical,email,2025-11-08 11:41:36,55.2,True,-0.46
TKT_AC9A1145,CUST_000616,content,chat,2025-07-15 07:33:26,62.2,True,-0.58
TKT_BCDF8306,CUST_000137,content,phone,2025-12-03 15:27:13,71.9,True,0.92
TKT_173E591C,CUST_000050,technical,chat,2026-03-02 19:44:35,5.2,True,0.89
TKT_650120B8,CUST_000526,content,email,2026-03-17 03:29:58,0.6,True,-0.12
TKT_763A07EA,CUST_000374,billing,phone,2026-03-14 23:43:20,48.1,True,0.11
TKT_0832BC89,CUST_000054,technical,chat,2026-04-03 17:19:12,59.8,True,-0.13
TKT_ED89DA10,CUST_000507,account,email,2025-08-31 05:58:34,59.6,False,0.65
TKT_3B9F44B1,CUST_000448,account,phone,2026-02-07 05:39:47,68.7,True,-0.02
TKT_8D3D668E,CUST_000617,billing,email,2025-12-16 20:13:35,38.0,True,-0.95
TKT_EEA72134,CUST_000265,content,chat,2026-01-14 15:12:09,6.0,False,-0.63
TKT_56E15584,CUST_000852,content,chat,2026-03-22 11:24:32,48.4,True,0.56
TKT_EDC2AA62,CUST_000260,content,phone,2026-01-04 00:30:57,42.9,True,0.77
TKT_A3741AC7,CUST_000117,account,chat,2026-01-29 05:04:54,50.9,False,-0.9
TKT_8E5E3194,CUST_000473,account,phone,2025-12-16 16:33:55,65.1,True,0.85
TKT_1D06982C,CUST_000502,technical,chat,2024-08-03 20:07:57,17.4,True,-0.56
TKT_C7EAC38F,CUST_000511,technical,chat,2025-09-12 06:12:18,29.2,True,0.1
TKT_64E9F357,CUST_000888,technical,phone,2026-04-02 05:40:21,27.5,False,0.38
TKT_BC3B9605,CUST_000559,account,phone,2026-03-01 07:46:32,44.0,True,-0.23
TKT_593C06A9,CUST_000816,billing,email,2025-09-08 15:09:51,69.0,True,-0.23
TKT_D98096FC,CUST_000789,account,phone,2026-03-28 21:19:32,39.3,True,0.46
TKT_BAE90C84,CUST_000832,content,chat,2025-05-30 05:22:06,3.4,True,-0.01
TKT_29242767,CUST_000806,billing,chat,2026-03-02 14:01:13,48.2,False,-0.86
TKT_156CC69F,CUST_000109,account,phone,2026-02-26 16:52:29,6.3,True,0.79
TKT_DC77E68D,CUST_000679,content,chat,2026-01-19 09:05:04,25.2,True,-0.97
TKT_ECC7D084,CUST_000203,account,chat,2025-01-01 10:38:01,27.2,True,0.46
TKT_604EF9C6,CUST_000891,technical,phone,2025-08-16 18:19:00,70.5,True,-0.69
TKT_03448DDD,CUST_000988,technical,chat,2026-02-17 00:53:51,2.6,True,0.85
TKT_1DD91E42,CUST_000722,technical,chat,2026-02-11 10:31:16,19.1,False,0.23
TKT_D820B963,CUST_000046,account,chat,2025-11-27 01:45:17,50.5,True,0.72
TKT_8F3F649B,CUST_000860,technical,email,2026-01-10 16:24:40,13.4,True,-0.85
TKT_1C2B9594,CUST_000917,billing,phone,2025-02-19 01:57:11,5.7,True,0.96
TKT_6BF833B0,CUST_000699,content,email,2026-03-19 13:09:33,25.1,True,0.93
TKT_2C20A27B,CUST_000128,content,email,2025-08-23 18:46:34,3.8,False,0.74
TKT_08819CCD,CUST_000250,technical,chat,2025-03-03 07:46:00,10.4,True,-0.33
TKT_A3439888,CUST_000628,account,chat,2025-10-03 15:28:31,64.5,True,-0.76
TKT_EFF77EB3,CUST_000805,technical,phone,2026-02-03 09:51:36,55.7,True,0.59
TKT_7CB0397B,CUST_000675,technical,email,2026-03-26 21:07:49,45.9,True,-0.19
TKT_8D40E46D,CUST_000709,technical,email,2025-08-03 13:52:13,36.0,True,0.62
TKT_10DFD2D5,CUST_000610,technical,email,2026-01-31 15:49:37,40.1,False,-0.73
TKT_4A2E2BB5,CUST_000723,content,email,2025-05-22 23:27:31,38.1,True,0.55
TKT_5FAC4EA2,CUST_000480,content,chat,2025-07-30 08:13:46,69.1,True,-0.42
TKT_9BEBB5A4,CUST_000230,billing,phone,2024-08-14 08:32:26,36.0,True,0.18
TKT_B1185695,CUST_000744,billing,email,2024-10-12 07:03:38,29.1,True,-0.93
TKT_616C86E3,CUST_000095,content,email,2026-03-06 03:45:55,22.5,True,0.45
TKT_EA673E27,CUST_000469,account,email,2025-07-30 08:00:07,64.7,True,-0.64
TKT_7173A123,CUST_000487,content,phone,2026-03-03 05:23:25,11.8,True,-0.25
TKT_0BA661F4,CUST_000285,content,phone,2026-03-27 07:20:57,7.4,True,-0.66
TKT_4173FB99,CUST_000539,technical,phone,2025-11-27 21:58:22,7.5,True,0.13
TKT_998D6955,CUST_000299,technical,chat,2025-08-30 06:53:07,61.9,True,-0.04
TKT_E6C76D24,CUST_000619,technical,email,2026-01-23 04:47:38,13.8,True,0.34
TKT_00F0BC8E,CUST_000156,technical,phone,2025-12-20 20:30:31,68.1,True,0.26
TKT_A01791FD,CUST_000144,content,chat,2025-07-17 18:46:43,43.4,True,-0.78
TKT_816576C8,CUST_000648,content,email,2026-03-24 00:34:39,21.5,True,-0.96
TKT_6D12E951,CUST_000828,technical,email,2026-02-21 14:50:21,33.4,True,-0.57
TKT_C2DA1F39,CUST_000561,account,email,2026-03-24 19:10:28,62.6,False,-0.36
TKT_3B2DD086,CUST_000522,content,email,2025-12-17 16:22:09,3.5,True,0.01
TKT_EAE08057,CUST_000238,account,email,2025-10-20 10:55:55,38.7,True,-0.88
TKT_D53C665F,CUST_000018,billing,email,2025-06-02 11:35:19,51.1,True,-0.14
TKT_1FCF338A,CUST_000253,technical,chat,2026-01-03 06:04:51,47.1,True,0.68
TKT_C4402623,CUST_000606,content,phone,2025-09-25 22:49:38,22.3,True,-0.48
TKT_B624A753,CUST_000059,billing,chat,2024-09-23 03:01:22,38.5,False,0.31
TKT_F398ECDD,CUST_000152,technical,chat,2026-01-08 03:01:25,58.0,True,-0.97
TKT_D95A5A1B,CUST_000688,content,email,2025-10-24 23:06:47,71.7,True,-0.64
TKT_2F7521AD,CUST_000221,account,chat,2026-02-15 12:08:46,39.7,True,-0.79
TKT_95288266,CUST_000575,content,chat,2024-07-29 19:15:48,71.4,True,-0.36
TKT_A18CD07B,CUST_000248,technical,phone,2026-04-07 20:03:08,63.0,True,-0.75
TKT_6FFA7D02,CUST_000827,billing,phone,2026-01-01 12:19:08,63.5,True,-0.37
TKT_9B3B37AF,CUST_000461,billing,email,2026-03-17 08:06:49,17.8,True,0.99
TKT_06568AD7,CUST_000069,technical,chat,2026-03-24 06:18:22,21.2,True,0.54
TKT_FDB2E768,CUST_000759,account,email,2025-05-29 04:03:53,54.9,True,-0.31
TKT_6E32838C,CUST_000477,content,phone,2025-04-01 16:53:50,56.9,True,-0.8
TKT_1F7F11B3,CUST_000119,content,email,2025-10-14 00:40:17,45.6,True,-0.77
TKT_5F353653,CUST_000580,technical,phone,2025-10-12 02:07:03,66.3,True,-0.32
TKT_461AB8BE,CUST_000435,billing,email,2025-08-13 16:09:43,8.0,True,0.72
TKT_7AC2E07D,CUST_000681,account,chat,2025-09-21 23:30:02,19.5,False,0.19
TKT_5F3EA991,CUST_000058,technical,email,2025-04-13 16:00:20,10.0,True,-0.54
TKT_F0B3B4C0,CUST_000864,technical,phone,2025-03-20 11:32:44,42.5,True,-0.54
TKT_AB219FCD,CUST_000286,billing,phone,2025-12-19 06:47:20,65.5,False,0.59
TKT_B275082C,CUST_000880,account,chat,2026-02-10 20:19:10,67.0,True,0.6
TKT_590C9E4C,CUST_000183,billing,chat,2025-10-23 17:34:44,0.5,False,-0.01
TKT_1B606F12,CUST_000533,account,chat,2025-11-25 12:43:58,38.2,True,0.53
TKT_489B6E89,CUST_000786,account,chat,2024-07-10 14:51:03,51.4,True,-0.24
TKT_0D92514C,CUST_000904,technical,email,2026-01-20 02:15:43,15.5,True,-0.77
TKT_6DBF315F,CUST_000538,billing,phone,2025-02-22 16:12:13,47.8,False,-0.93
TKT_FB260251,CUST_000003,billing,chat,2024-06-01 13:25:03,65.4,True,-0.5
TKT_18D6D2AC,CUST_000895,content,email,2025-12-24 01:06:31,20.9,True,-0.48
TKT_7AF6A7D9,CUST_000148,content,chat,2025-11-09 01:40:21,59.5,True,0.89
TKT_9D24830A,CUST_000523,technical,phone,2025-10-18 05:22:04,16.7,False,-0.74
TKT_9057929A,CUST_000429,account,phone,2026-04-06 11:50:51,9.1,True,0.74
TKT_AB38A5B9,CUST_000012,content,email,2026-03-12 06:05:27,52.3,True,0.12
TKT_2B669050,CUST_000378,account,email,2026-01-05 21:38:03,1.4,True,0.31
TKT_2EA3BA7D,CUST_000592,billing,chat,2025-08-23 22:47:54,17.1,True,0.37
TKT_198BC155,CUST_000322,technical,phone,2025-10-17 23:00:51,65.0,True,-0.01
TKT_D24972A1,CUST_000852,account,phone,2026-03-01 11:27:21,68.7,True,0.5
TKT_7CCEB082,CUST_000997,technical,email,2025-06-10 15:38:31,63.3,True,-0.04
TKT_29FA7DC7,CUST_000497,billing,phone,2025-07-18 21:40:07,35.5,False,0.17
TKT_6C878401,CUST_000321,account,email,2025-11-16 04:05:53,9.2,True,-0.36
TKT_2329A893,CUST_000242,technical,phone,2025-05-03 23:15:16,54.4,True,-0.83
TKT_4FF116B8,CUST_000980,account,chat,2025-07-04 14:24:14,43.4,True,-0.53
TKT_44AF95D9,CUST_000024,content,email,2024-12-12 14:53:01,2.9,True,-0.27
TKT_25F402F1,CUST_000721,billing,email,2025-05-21 12:20:50,6.7,False,0.45
TKT_A2DAB77D,CUST_000143,account,phone,2026-01-10 00:13:56,63.6,True,-0.73
TKT_E979B992,CUST_000040,account,phone,2026-03-07 17:41:52,17.2,True,0.11
TKT_E6B4AE7C,CUST_000528,billing,chat,2025-07-18 22:52:08,49.3,True,-0.65
TKT_67327B01,CUST_000528,technical,email,2026-01-24 09:06:16,29.5,True,0.81
TKT_30F13E4F,CUST_000782,content,chat,2026-03-09 18:04:57,6.7,True,-0.1
TKT_4903ADE8,CUST_000362,account,phone,2026-01-10 07:03:34,27.8,False,0.38
TKT_94F45132,CUST_000142,technical,chat,2026-04-05 21:41:09,52.5,False,0.09
TKT_B2A720D4,CUST_000486,technical,chat,2025-07-27 15:20:57,18.2,True,-0.9
TKT_DBCFFEEE,CUST_000377,technical,chat,2026-03-06 13:54:52,9.4,True,0.73
TKT_86FFD908,CUST_000811,account,chat,2026-02-09 00:46:47,10.9,True,-0.85
TKT_35D2E2DC,CUST_000230,content,chat,2025-01-24 21:03:42,66.8,True,-0.36
TKT_22825B41,CUST_000179,account,email,2025-08-04 04:17:39,53.2,True,-0.27
TKT_78CE3582,CUST_000410,technical,chat,2025-10-31 20:25:52,51.3,True,0.95
TKT_609C059F,CUST_000772,account,email,2025-08-30 19:08:48,64.9,True,-0.81
TKT_2F516FE6,CUST_000094,technical,email,2025-12-04 05:05:14,22.7,True,-0.91
TKT_ABB051EA,CUST_000443,technical,phone,2025-01-30 03:52:13,38.7,False,0.72
TKT_74B47639,CUST_000303,content,phone,2026-04-06 05:09:48,34.6,True,0.36
TKT_B6DEEF9E,CUST_000623,account,email,2024-11-11 13:56:49,61.1,True,0.9
TKT_FC74DAD7,CUST_000703,content,phone,2025-10-17 12:54:59,21.7,False,0.89
TKT_78091D46,CUST_000427,account,phone,2026-03-12 06:35:49,61.6,True,0.99
TKT_A774C897,CUST_000298,content,email,2026-01-07 16:26:09,61.0,True,0.14
TKT_A1D81018,CUST_000910,technical,chat,2025-09-17 01:09:17,52.7,True,-0.96
TKT_7897BFA1,CUST_000397,content,email,2025-09-20 21:05:27,30.5,True,-0.92
TKT_369BC1C3,CUST_000594,technical,chat,2024-12-24 18:35:29,45.4,True,0.96
TKT_D0416D71,CUST_000420,account,chat,2025-11-08 16:33:13,29.3,True,-0.11
TKT_909DBF10,CUST_000905,content,email,2026-02-04 00:42:40,63.0,True,0.54
TKT_F5C887BE,CUST_000658,billing,email,2025-06-26 15:37:26,24.1,True,0.74
TKT_34AB07F7,CUST_000166,content,phone,2026-02-09 19:54:57,50.2,True,0.01
TKT_FAD3144F,CUST_000507,billing,chat,2025-02-01 05:37:20,26.9,True,-0.71
TKT_3C1C959D,CUST_000285,billing,phone,2026-01-01 08:14:49,53.8,False,0.56
TKT_CC04363F,CUST_000561,content,chat,2026-04-08 14:13:39,31.9,True,-0.11
TKT_2FDE9E65,CUST_000947,technical,phone,2025-09-05 08:24:11,26.9,True,-0.68
TKT_A880A596,CUST_000370,technical,email,2026-03-03 18:09:02,66.9,True,0.11
TKT_A0BB5793,CUST_000002,billing,phone,2025-10-10 06:02:33,16.7,True,0.41
TKT_FE7EE73F,CUST_000054,content,phone,2025-03-19 14:32:19,6.3,False,-0.63
TKT_4B63154E,CUST_000261,account,chat,2025-07-05 07:35:56,9.1,True,-0.01
TKT_1564D4EE,CUST_000671,content,chat,2026-01-31 01:56:55,47.1,True,0.1
TKT_43EFE5FB,CUST_000666,billing,phone,2025-12-05 09:12:27,62.8,False,0.51
TKT_4ED0D8BD,CUST_000664,billing,chat,2025-04-24 04:09:20,32.0,False,-0.35
TKT_F3E30865,CUST_000193,account,email,2024-12-16 09:23:02,37.5,True,0.02
TKT_46C4A7C4,CUST_000091,content,phone,2026-01-29 10:41:31,62.9,True,0.54
TKT_FAF29564,CUST_000964,content,phone,2026-04-01 12:56:24,37.3,True,0.62
TKT_A939CCF8,CUST_000235,billing,phone,2025-10-26 16:43:05,56.5,True,-0.37
TKT_EB375E2A,CUST_000055,billing,email,2026-04-10 20:57:09,38.7,True,0.98
TKT_EEFFC1C4,CUST_000335,content,chat,2025-01-29 11:24:17,9.6,True,-0.76
TKT_876900F1,CUST_000495,content,chat,2025-11-12 21:42:58,27.5,True,0.81
TKT_DE396457,CUST_000469,technical,chat,2026-03-20 14:56:16,9.3,True,-0.24
TKT_9719D732,CUST_000464,content,chat,2026-01-21 23:27:19,25.1,True,-0.56
TKT_5ACCFD1D,CUST_000694,account,email,2026-03-30 22:55:07,62.7,True,-0.98
TKT_5D64065F,CUST_000953,billing,phone,2026-02-03 14:55:17,50.7,True,-0.46
TKT_C48E7B27,CUST_000703,technical,phone,2025-11-19 16:25:01,62.1,True,0.23
TKT_1CC46557,CUST_000892,content,email,2026-03-07 11:10:08,61.0,False,0.25
TKT_4418C70B,CUST_000984,billing,chat,2026-01-23 17:31:59,69.7,True,-0.93
TKT_F1FA9E5F,CUST_000302,account,chat,2025-12-17 01:09:28,41.3,True,-0.74
TKT_A7AFB54E,CUST_000447,account,email,2025-02-17 14:51:28,6.2,True,-0.6
TKT_D364FB8C,CUST_000236,account,phone,2025-11-08 10:34:57,1.8,True,-0.22
TKT_ACE2BFF3,CUST_000933,account,email,2025-07-26 03:33:36,8.1,True,0.51
TKT_206771B8,CUST_000154,billing,phone,2025-12-20 07:48:10,18.0,True,0.94
TKT_3200C768,CUST_000790,technical,email,2025-05-15 14:34:55,64.0,True,-0.56
TKT_E1C6D705,CUST_000739,account,phone,2026-04-04 10:31:29,24.7,True,0.54
TKT_8627439A,CUST_000138,content,chat,2025-03-11 21:17:05,10.8,True,-0.23
TKT_33E76638,CUST_000620,billing,phone,2026-02-14 02:31:20,39.2,True,-0.24
TKT_F179E6E8,CUST_000925,account,phone,2025-12-30 14:15:29,61.3,True,-0.26
TKT_D059AB61,CUST_000542,billing,email,2026-03-28 20:05:55,53.4,True,-0.03
TKT_C42CEC41,CUST_000467,billing,phone,2026-03-17 16:26:08,12.1,True,-0.3
TKT_8EBBABCD,CUST_000902,technical,chat,2024-08-25 08:38:11,39.3,True,-0.34
TKT_3353111A,CUST_000204,technical,email,2026-02-24 10:11:12,54.3,True,-0.12
TKT_166491FC,CUST_000990,billing,phone,2025-09-27 07:51:46,15.2,True,-0.76
TKT_6090DCEC,CUST_000024,billing,chat,2026-04-07 13:20:58,59.0,True,-0.36
TKT_C70C5DF2,CUST_000848,billing,chat,2026-03-28 06:07:00,68.0,True,-0.35
TKT_6D4A042E,CUST_000228,billing,phone,2026-03-15 13:57:17,2.1,True,-0.97
TKT_2E997C85,CUST_000714,technical,phone,2025-05-18 05:48:44,65.0,True,0.86
TKT_2DA2FAF4,CUST_000776,account,email,2026-04-06 00:15:43,19.5,True,0.42
TKT_F99BFEA4,CUST_000324,technical,phone,2026-02-07 10:59:32,11.1,True,0.46
TKT_533107D6,CUST_000268,technical,phone,2026-01-22 08:40:30,11.9,True,-0.46
TKT_9C0A8558,CUST_000766,technical,email,2026-04-07 06:32:12,70.4,True,-0.2
TKT_79DD2526,CUST_000640,content,email,2026-03-03 06:51:13,32.4,True,0.82
TKT_8EDD7A88,CUST_000620,billing,chat,2026-02-18 11:14:32,57.2,True,-0.92
TKT_E1249561,CUST_000167,account,phone,2026-04-03 19:50:42,39.6,True,0.73
TKT_63DB23C9,CUST_000221,content,email,2026-03-01 23:31:46,10.5,True,-0.28
TKT_88E00D04,CUST_000753,billing,email,2025-06-21 18:53:39,48.6,False,0.66
TKT_5153F8F3,CUST_000688,technical,email,2026-04-01 09:02:01,3.8,True,0.16
TKT_962ED109,CUST_000568,technical,phone,2025-01-21 07:31:53,21.9,True,0.12
TKT_16C2BCDB,CUST_000263,billing,chat,2025-05-03 13:13:11,27.9,True,0.14
TKT_0E9632D1,CUST_000648,billing,chat,2026-04-02 09:05:21,59.5,True,0.58
TKT_F9737BA8,CUST_000995,content,phone,2025-09-04 15:42:02,71.7,True,-0.83
TKT_5303A986,CUST_000994,content,phone,2026-02-23 15:17:21,8.2,True,-0.12
TKT_F8788235,CUST_000722,billing,phone,2026-03-17 10:22:16,48.5,True,-0.07
TKT_AC2AA234,CUST_000686,billing,phone,2025-12-23 06:36:01,13.6,False,-0.09
TKT_39FDA214,CUST_000578,content,phone,2026-04-06 07:22:29,60.3,True,-0.75
TKT_08AD561F,CUST_000347,account,phone,2026-03-29 22:50:04,18.8,True,0.25
TKT_65E90A11,CUST_000862,billing,email,2025-06-12 05:52:02,28.9,True,-0.84
TKT_785797B9,CUST_000362,account,chat,2026-01-03 02:46:09,44.2,True,-0.04
TKT_B7A8673A,CUST_000488,technical,email,2026-03-26 12:01:50,46.9,True,0.41
TKT_0186E4B5,CUST_000370,content,phone,2026-02-10 11:54:25,36.3,True,-0.1
TKT_0E57DC65,CUST_000888,billing,email,2026-03-21 08:16:25,51.3,True,-0.55
TKT_A81294A0,CUST_000738,content,chat,2025-09-22 16:53:54,48.3,True,-0.21
TKT_798A391F,CUST_000584,account,chat,2026-03-03 20:52:56,42.6,True,0.03
TKT_9317B99C,CUST_000835,billing,email,2025-11-26 17:42:43,63.8,True,-0.82
TKT_2907B192,CUST_000515,technical,email,2026-03-31 15:28:23,67.4,True,0.64
TKT_302F3D41,CUST_000379,technical,chat,2024-08-30 20:37:26,41.9,True,-0.52
TKT_AAAD5928,CUST_000267,billing,phone,2025-12-24 04:39:35,46.0,True,-0.82
TKT_461A7358,CUST_000359,billing,chat,2025-06-30 09:20:25,23.5,True,0.8
TKT_B7BA1669,CUST_000357,account,phone,2026-04-01 02:52:25,12.9,True,0.56
TKT_11ED9BBB,CUST_000548,billing,chat,2026-03-30 03:52:42,46.1,True,-0.24
TKT_8BBA4A67,CUST_000195,technical,chat,2025-05-05 14:01:18,39.8,True,-0.64
TKT_13D88D91,CUST_000325,content,email,2025-04-10 00:37:52,11.8,False,-0.46
TKT_D6751AF7,CUST_000990,content,email,2026-01-06 01:24:14,41.9,True,-0.08
TKT_62066B78,CUST_000021,content,chat,2025-12-05 02:20:23,43.9,True,0.25
TKT_A9E77FD9,CUST_000642,content,email,2025-09-09 13:14:34,45.0,True,0.56
TKT_60444A40,CUST_000469,account,email,2026-01-14 04:24:12,5.5,True,-0.33
TKT_A6CCB7B7,CUST_000116,account,chat,2025-07-15 01:24:54,56.0,True,-0.6
TKT_A0F38EDB,CUST_000987,technical,email,2024-09-11 11:46:20,43.7,True,-0.89
TKT_B2C8B79C,CUST_000053,technical,chat,2026-03-28 00:20:01,40.2,False,0.27
TKT_DABE71E6,CUST_000735,billing,chat,2026-02-17 09:46:09,54.0,True,0.19
TKT_39CE6989,CUST_000224,content,chat,2026-02-17 03:12:11,44.8,True,-0.83
TKT_75CA90B5,CUST_000102,technical,phone,2025-03-09 08:13:10,70.7,True,-0.27
TKT_20DBF7EE,CUST_000819,billing,chat,2026-01-15 09:01:29,23.5,False,0.59
TKT_8FE62CCE,CUST_000135,billing,chat,2025-08-28 14:13:58,12.9,True,-0.37
TKT_05561A4E,CUST_000980,billing,chat,2025-09-30 02:52:42,71.1,False,0.28
TKT_5BF5D85E,CUST_000652,content,chat,2025-12-04 09:40:54,50.7,False,-0.26
TKT_1F40B436,CUST_000448,technical,chat,2025-06-17 19:59:13,71.9,True,0.96
TKT_EFE2AD6F,CUST_000278,account,phone,2026-04-07 23:03:53,59.9,True,0.8
TKT_2A9AA702,CUST_000250,billing,email,2024-09-02 21:06:09,39.0,True,-0.51
TKT_A88E6363,CUST_000224,content,chat,2026-01-16 02:32:50,30.4,True,0.65
TKT_E88E3B5D,CUST_000120,billing,chat,2025-10-16 10:26:30,54.7,True,0.23
TKT_83C5EF89,CUST_000553,technical,email,2025-07-03 07:15:43,3.4,True,0.47
TKT_FDB037AC,CUST_000541,billing,email,2026-01-17 23:34:31,9.0,True,-0.02
TKT_9ADF927D,CUST_000337,content,email,2026-02-07 17:24:52,55.8,True,0.47
TKT_4B248A4C,CUST_000766,technical,phone,2025-06-22 14:34:34,19.9,True,0.81
TKT_9D210DDB,CUST_000615,account,phone,2025-12-16 04:44:10,35.2,True,-0.84
TKT_737601C9,CUST_000569,billing,chat,2025-12-29 02:30:48,70.1,True,0.58
TKT_42064E9B,CUST_000059,technical,chat,2025-11-05 11:37:10,2.8,True,-0.58
TKT_9F7ED868,CUST_000611,technical,phone,2024-05-24 04:27:00,28.5,True,0.63
TKT_9C162082,CUST_000424,account,chat,2025-07-25 09:37:03,26.7,True,0.79
TKT_97048478,CUST_000451,billing,phone,2026-01-26 00:44:13,6.3,True,0.59
TKT_5354298F,CUST_000500,billing,email,2025-11-13 01:28:46,28.5,True,-0.64
TKT_A0B62961,CUST_000954,account,email,2026-02-22 20:57:09,6.9,False,-0.37
TKT_7A6575BC,CUST_000677,billing,phone,2026-03-11 23:03:13,51.0,True,-0.57
TKT_2135E45A,CUST_000671,account,phone,2025-11-23 04:35:04,33.3,True,0.98
TKT_599F73E9,CUST_000877,content,email,2025-04-12 18:33:02,12.2,True,0.2
TKT_58F5BC54,CUST_000756,billing,phone,2025-12-03 16:17:46,54.6,True,-0.27
TKT_57AE6747,CUST_000174,account,phone,2024-11-01 10:20:33,5.4,True,0.44
TKT_440A668E,CUST_000668,content,phone,2025-10-14 09:27:52,35.2,True,0.07
TKT_5F25B13A,CUST_000117,content,chat,2026-01-27 07:09:14,21.4,True,-0.81
TKT_F2948352,CUST_000287,technical,email,2025-06-09 15:40:29,62.1,True,0.2
TKT_1762B5F3,CUST_000064,account,email,2026-02-18 12:38:29,47.1,True,0.67
TKT_CEC45D74,CUST_000358,content,email,2026-04-07 02:26:29,19.8,True,-0.24
TKT_2AF221D7,CUST_000686,billing,phone,2025-11-24 01:59:32,65.8,True,0.16
TKT_8685808A,CUST_000919,billing,chat,2025-11-16 04:58:06,1.4,True,-0.12
TKT_4523FC15,CUST_000942,billing,chat,2024-08-29 19:26:02,45.6,False,-1.0
TKT_86049FB4,CUST_000177,billing,email,2025-06-03 16:06:13,14.0,True,0.94
TKT_7549FBB3,CUST_000571,technical,chat,2026-04-02 21:08:36,31.2,True,0.91
TKT_F594994D,CUST_000845,content,email,2025-12-09 10:15:25,44.5,True,-0.43
TKT_4F6D42AC,CUST_000999,technical,email,2025-10-05 12:03:46,2.0,True,0.59
TKT_5D5D6475,CUST_000818,account,phone,2025-03-27 03:05:37,58.5,True,0.91
TKT_C82ECB03,CUST_000524,technical,chat,2026-04-03 14:28:12,29.9,True,0.88
TKT_E056C80A,CUST_000689,content,phone,2025-09-20 00:15:50,6.7,True,0.55
TKT_6AED2BBC,CUST_000422,billing,email,2025-11-19 19:41:06,13.8,True,0.03
TKT_89FFAFFA,CUST_000181,technical,phone,2026-01-11 02:26:11,68.2,True,0.53
TKT_FF70524C,CUST_000022,content,chat,2025-08-29 01:10:29,22.0,True,-0.18
TKT_5368C377,CUST_000487,content,phone,2025-10-28 02:22:57,42.4,True,-0.93
TKT_027BB29E,CUST_000587,technical,chat,2025-07-21 20:11:06,38.5,True,0.68
TKT_D995E0B1,CUST_000182,technical,chat,2026-02-02 04:17:27,6.9,True,0.51
TKT_6BE99659,CUST_000588,content,email,2025-12-17 22:33:54,55.7,True,0.94
TKT_1392DDC1,CUST_000566,account,chat,2026-03-30 12:06:39,13.9,True,-0.66
TKT_15AFC3D9,CUST_000731,content,email,2026-01-21 17:24:25,29.0,True,-0.6
TKT_DBAC644C,CUST_000373,account,chat,2025-02-03 23:36:40,59.6,True,0.81
TKT_D344C489,CUST_000003,content,phone,2024-06-16 14:21:52,64.1,False,-0.45
TKT_F70A379A,CUST_000061,billing,phone,2025-05-06 04:03:24,3.2,True,0.52
TKT_49321A74,CUST_000779,billing,chat,2025-08-15 03:08:25,36.9,True,-0.05
TKT_E0E46604,CUST_000592,billing,phone,2026-01-18 01:49:09,33.8,True,-0.49
TKT_DBDDA654,CUST_000880,billing,email,2026-04-10 16:06:02,16.5,False,0.95
TKT_295A179F,CUST_000672,content,phone,2025-09-13 23:11:05,38.0,False,-0.75
TKT_B7128B51,CUST_000824,billing,phone,2025-03-16 16:42:41,16.7,True,-0.06
TKT_0CEF2475,CUST_000184,content,chat,2026-02-01 04:49:45,1.8,True,0.9
TKT_D55F97F0,CUST_000119,content,phone,2025-01-02 09:45:49,4.2,True,0.86
TKT_25477746,CUST_000444,billing,phone,2026-04-02 09:01:57,50.2,False,-0.41
TKT_704EA566,CUST_000854,technical,phone,2026-04-05 00:42:29,49.5,True,0.15
TKT_D5348725,CUST_000265,account,email,2025-12-23 03:14:11,0.8,True,-0.43
TKT_2B96F1F7,CUST_000054,billing,email,2025-09-13 15:11:09,22.7,True,-0.39
TKT_69036C05,CUST_000198,content,email,2026-04-05 09:22:17,33.9,True,-0.55
TKT_B2C4D145,CUST_000591,account,phone,2026-04-09 21:19:56,55.9,True,-0.99
TKT_8DF81CEC,CUST_000262,account,email,2026-03-03 03:05:24,59.8,False,-0.49
TKT_2E2E637F,CUST_000178,billing,chat,2026-01-01 18:34:44,69.3,True,0.53
TKT_8A2007BA,CUST_000461,account,phone,2026-03-14 04:55:18,6.2,True,-0.65
TKT_1DF6EA02,CUST_000369,billing,email,2025-06-12 14:41:04,8.0,True,-0.78
TKT_58820B34,CUST_000572,technical,email,2024-08-27 05:14:38,13.3,True,0.93
TKT_DD59FEF9,CUST_000512,content,phone,2025-11-15 17:03:02,44.6,True,0.59
TKT_3CC3B4A6,CUST_000794,billing,chat,2024-09-10 18:52:48,49.8,True,-0.24
TKT_A1134682,CUST_000989,technical,chat,2025-11-18 03:48:15,41.1,True,-0.33
TKT_0D2E46AB,CUST_000255,account,chat,2025-08-09 15:23:46,48.3,True,0.28
TKT_BCDF2F3C,CUST_000460,technical,phone,2024-10-07 18:51:03,12.4,True,0.8
TKT_A3235D20,CUST_000412,technical,email,2025-07-25 19:44:46,36.2,True,-0.32
TKT_42E4D34E,CUST_000358,account,phone,2026-04-11 16:09:07,23.1,True,-0.52
TKT_8DEBDDCC,CUST_000328,technical,phone,2025-11-30 07:57:36,33.5,True,0.65
TKT_B81F80E3,CUST_000896,technical,email,2025-12-11 15:43:55,14.5,True,-0.33
TKT_2115F4EF,CUST_000010,technical,phone,2026-03-02 18:25:10,68.9,True,-0.03
TKT_0D2A0B7E,CUST_000568,billing,chat,2026-03-02 21:17:35,71.2,True,-0.16
TKT_4090A581,CUST_000915,technical,email,2025-06-06 12:00:19,50.9,True,0.28
TKT_5D1BDC09,CUST_000919,content,chat,2026-03-26 21:20:21,43.4,True,-0.07
TKT_8BEEDF19,CUST_000791,content,chat,2025-02-17 02:41:38,31.5,True,0.34
TKT_930244DC,CUST_000675,technical,phone,2025-11-08 18:47:14,35.6,True,0.95
TKT_E5C4839B,CUST_000679,technical,chat,2025-09-27 21:50:50,55.0,True,-0.32
TKT_D0DB2BB8,CUST_000390,billing,chat,2025-03-31 12:38:53,69.9,True,0.08
TKT_88D653FB,CUST_000942,technical,email,2025-04-18 03:25:08,67.2,False,0.19
TKT_22457547,CUST_000432,technical,email,2025-06-29 15:49:11,2.4,True,-0.55
TKT_B2B58D17,CUST_000513,billing,phone,2025-11-29 23:11:50,44.9,True,-0.02
TKT_8355F70F,CUST_000241,account,chat,2025-07-12 23:47:56,10.0,True,-0.53
TKT_A27DE81B,CUST_000549,technical,email,2026-02-22 14:02:21,25.3,True,-0.14
TKT_69D74A9C,CUST_000669,technical,phone,2026-03-10 09:52:57,9.2,True,-0.88
TKT_25841034,CUST_000144,content,phone,2025-12-18 14:21:06,48.0,True,0.85
TKT_6A23E759,CUST_000930,account,email,2026-03-21 10:47:07,67.3,True,0.63
TKT_06C3CD5A,CUST_000249,content,chat,2026-02-20 17:11:48,37.2,True,-0.47
TKT_99C1A37D,CUST_000262,account,chat,2026-03-23 20:28:56,48.7,True,-0.75
TKT_A04C474B,CUST_000473,content,chat,2026-02-27 11:46:02,52.9,True,0.4
TKT_C5676B3D,CUST_000768,technical,email,2025-06-28 04:29:30,36.4,False,-0.07
TKT_7ABF8767,CUST_000852,technical,phone,2026-02-10 23:36:37,57.8,True,0.42
TKT_95996236,CUST_000436,technical,chat,2025-11-26 20:56:47,12.1,True,-0.34
TKT_A4FC7DE4,CUST_000016,content,email,2025-10-23 17:27:32,48.1,True,0.65
TKT_8D4C5E0E,CUST_000429,technical,phone,2026-01-30 05:25:53,24.9,True,-0.56
TKT_782180A6,CUST_000970,content,email,2025-12-02 19:03:12,63.1,True,0.41
TKT_DCD0B43D,CUST_000646,technical,phone,2026-03-29 22:04:33,36.1,True,0.55
TKT_ECDFA02D,CUST_000318,content,email,2025-08-25 21:05:39,12.8,True,0.93
TKT_F194CF1B,CUST_000561,account,email,2026-03-22 19:02:54,65.8,True,0.94
TKT_BBC5348C,CUST_000841,billing,email,2026-03-01 04:44:28,33.2,True,0.62
TKT_0D8FF655,CUST_000689,technical,phone,2025-12-18 16:00:35,60.1,True,-0.39
TKT_F92DBBB5,CUST_000778,content,chat,2026-01-13 23:08:12,32.5,True,0.9
TKT_AFA0810E,CUST_000727,content,email,2026-03-07 02:31:07,41.6,True,0.46
TKT_D5497E99,CUST_000611,content,chat,2025-01-05 09:36:41,6.1,True,-0.67
TKT_BC05C724,CUST_000470,billing,email,2025-06-21 11:02:39,62.3,False,0.38
TKT_4887E3BE,CUST_000226,content,chat,2025-04-20 22:15:48,25.4,True,-0.16
TKT_1F66A7E2,CUST_000215,technical,email,2026-04-04 23:51:05,3.6,False,0.84
TKT_8E3CD6E4,CUST_000545,billing,email,2024-07-31 22:01:38,53.4,False,0.79
TKT_E24F5B42,CUST_000177,billing,phone,2025-05-28 23:42:44,51.3,True,0.43
TKT_CE8FDBED,CUST_000535,billing,phone,2025-08-21 23:19:50,12.7,True,0.47
TKT_CFF5F7DB,CUST_000924,content,email,2026-04-06 12:39:08,23.6,True,-0.51
TKT_0FBD8640,CUST_000604,content,chat,2026-03-13 04:48:54,31.5,True,-0.02
TKT_1C806987,CUST_000393,technical,chat,2025-08-05 00:33:31,1.6,True,-0.5
TKT_5BBFEB89,CUST_000757,technical,email,2026-02-19 06:31:44,12.1,True,0.53
TKT_9FDAC348,CUST_000920,account,phone,2026-02-27 21:37:51,65.0,True,-0.67
TKT_0375A555,CUST_000292,technical,email,2025-07-28 01:58:18,0.6,False,-0.1
TKT_1AE8E535,CUST_000289,content,chat,2026-03-15 20:38:09,28.6,True,-0.67
TKT_6E163F6C,CUST_000141,content,chat,2025-10-09 13:05:41,12.8,True,-0.92
TKT_BA09D36A,CUST_000836,account,chat,2025-08-05 14:09:18,21.9,False,-0.33
TKT_0081ECAA,CUST_000615,account,phone,2025-09-07 01:14:11,26.7,True,0.75
TKT_4FBC8CF5,CUST_000078,account,phone,2026-03-12 19:07:15,68.6,True,-0.99
TKT_7717B502,CUST_000694,technical,phone,2026-03-31 00:59:45,9.5,True,-0.09
TKT_382E34AC,CUST_000277,technical,chat,2026-03-27 16:46:51,15.7,True,0.64
TKT_93565A92,CUST_000812,content,email,2025-08-07 04:08:23,30.6,True,0.8
TKT_D8D8B8AC,CUST_000436,account,chat,2025-09-08 02:50:02,46.7,True,0.18
TKT_7525282C,CUST_000438,technical,email,2025-07-09 15:16:26,52.6,False,-0.89
TKT_0D1D6135,CUST_000925,content,phone,2025-10-12 18:23:54,15.0,True,-0.64
TKT_67B02629,CUST_000314,content,chat,2025-11-16 23:04:10,46.1,True,0.03
TKT_653D1AE2,CUST_000552,account,chat,2026-04-03 09:16:39,49.8,False,0.93
TKT_24DD1359,CUST_000876,billing,phone,2026-03-28 14:35:41,27.9,True,1.0
TKT_C146EC81,CUST_000436,billing,phone,2025-03-06 16:33:25,31.7,True,0.75
TKT_1087F61B,CUST_000030,content,email,2025-01-21 19:03:21,65.4,True,-0.14
TKT_AE902D48,CUST_000470,content,chat,2026-03-21 19:42:46,41.3,True,-0.82
TKT_3DD41690,CUST_000448,billing,email,2025-10-22 17:26:12,27.1,False,-0.28
TKT_8CA1B2F1,CUST_000665,billing,email,2025-02-28 07:45:51,47.2,True,0.41
TKT_80C9162E,CUST_000927,content,chat,2026-01-14 14:46:51,52.4,True,0.71
TKT_2ECDC8E4,CUST_000782,content,chat,2026-01-24 16:20:18,9.5,False,-0.54
TKT_F83E2728,CUST_000580,content,chat,2025-09-23 10:11:10,4.6,True,-0.58
TKT_96AD60E0,CUST_000273,account,email,2026-02-01 20:24:09,3.8,True,0.83
TKT_E20C6CBB,CUST_000679,technical,email,2025-08-16 12:03:44,28.8,True,0.12
TKT_6D22DFD3,CUST_000400,technical,phone,2026-04-08 07:00:12,44.6,True,-0.13
TKT_1A40AB12,CUST_000713,billing,phone,2025-01-05 05:10:47,28.3,True,0.2
TKT_B7B01827,CUST_000157,technical,email,2025-11-14 08:54:42,18.8,False,0.73
TKT_94B66821,CUST_000129,technical,email,2025-11-20 11:58:40,29.8,True,0.93
TKT_A73324FF,CUST_000427,technical,chat,2025-10-16 12:12:50,58.9,True,-0.04
TKT_489EA94D,CUST_000732,billing,email,2026-01-19 18:07:32,59.2,True,-0.2
TKT_04A8B0AF,CUST_000748,technical,chat,2024-11-16 17:09:11,54.8,True,0.77
TKT_5CA8AC6D,CUST_000284,account,phone,2025-03-07 16:25:53,5.8,True,-0.69
TKT_2B1661C2,CUST_000941,account,email,2025-02-22 00:08:22,70.2,True,-0.27
TKT_AC9FF6D6,CUST_000458,content,chat,2025-04-21 12:43:37,2.3,False,-0.64
TKT_450EE897,CUST_000876,content,phone,2026-03-14 08:31:15,70.8,True,0.19
TKT_4100E838,CUST_000175,billing,chat,2026-03-09 09:27:46,65.5,False,-0.25
TKT_E9A19EA5,CUST_000305,technical,chat,2025-07-23 18:21:14,32.5,True,-0.87
TKT_9703C808,CUST_000866,account,email,2026-01-25 01:34:41,33.1,True,-0.71
TKT_56A048A5,CUST_000437,technical,phone,2026-03-31 17:04:43,53.1,True,-0.99
TKT_792E68E9,CUST_000585,billing,email,2025-12-31 10:41:24,64.1,False,0.44
TKT_26C15D04,CUST_000268,billing,chat,2026-01-15 17:05:03,1.9,True,-0.9
TKT_ADA1DB92,CUST_000053,account,chat,2026-03-31 17:44:26,34.5,True,-0.21
TKT_8317912E,CUST_000956,billing,chat,2025-05-21 15:57:45,10.0,True,-0.44
TKT_CB2B0CC8,CUST_000957,billing,chat,2025-01-20 10:39:39,2.3,True,-0.09
TKT_ABB511AF,CUST_000255,technical,chat,2025-11-03 11:09:07,67.8,True,0.85
TKT_0573E9AA,CUST_000173,account,chat,2025-08-21 17:53:39,23.1,True,-0.11
TKT_DA9A2B33,CUST_000639,account,phone,2026-03-20 11:27:39,13.6,True,-0.3
TKT_6940A433,CUST_000261,billing,email,2025-10-26 09:45:46,33.4,False,-0.17
TKT_2A432786,CUST_000031,billing,chat,2025-06-29 05:16:28,41.1,True,0.14
TKT_492BB14E,CUST_000388,content,chat,2025-06-18 08:00:18,25.1,True,-0.16
TKT_CB5104DC,CUST_000248,technical,phone,2026-03-10 17:44:14,8.7,True,0.82
TKT_7DC8D759,CUST_000607,account,chat,2025-06-23 00:16:14,29.9,True,0.2
TKT_21867D0C,CUST_000037,technical,phone,2026-04-08 09:51:37,11.4,False,0.3
TKT_167BB2FB,CUST_000545,billing,chat,2025-03-28 03:31:59,58.1,False,-0.56
TKT_788E0487,CUST_000815,technical,chat,2025-09-23 22:11:30,38.2,False,-0.23
TKT_203C2B82,CUST_000689,content,email,2025-10-29 17:01:56,62.0,True,0.8
TKT_31E1D5E5,CUST_000221,billing,chat,2026-03-04 00:06:00,22.3,True,-0.01
TKT_C7C71E7F,CUST_000055,account,chat,2026-04-10 22:53:20,42.6,True,-0.35
TKT_F388D477,CUST_000098,technical,email,2025-12-17 08:54:30,20.9,True,0.18
TKT_8E6CF33D,CUST_000999,technical,chat,2025-11-06 01:15:08,42.7,True,-0.19
TKT_7D8450E1,CUST_000615,billing,phone,2026-01-30 07:41:05,8.3,True,0.67
TKT_E838049E,CUST_000850,billing,phone,2026-01-21 17:53:09,67.9,True,0.82
TKT_9DAF6A01,CUST_000850,content,email,2026-01-30 09:13:52,65.4,True,0.83
TKT_BAFF490C,CUST_000335,technical,email,2026-02-22 19:13:21,68.3,True,-0.94
TKT_E52D2C97,CUST_000338,account,phone,2025-08-04 12:32:57,63.8,True,-0.95
TKT_5539DEA4,CUST_000358,billing,email,2026-04-08 09:18:46,55.1,True,-0.03
TKT_4EDE74F8,CUST_000472,billing,chat,2024-08-21 16:13:46,23.2,True,0.09
TKT_0E732429,CUST_000554,billing,email,2025-01-24 18:52:54,59.2,True,0.88
TKT_1792E9C5,CUST_000589,technical,phone,2026-01-20 00:59:19,43.0,False,0.86
TKT_BF7A317F,CUST_000773,content,chat,2025-03-01 16:09:24,39.6,True,0.34
TKT_5CF03831,CUST_000477,technical,phone,2025-06-18 03:26:19,69.8,True,0.11
TKT_58291682,CUST_000861,billing,email,2026-03-15 19:28:00,11.6,True,-0.38
TKT_47D499FD,CUST_000292,account,email,2025-10-11 06:48:08,40.4,False,-0.77
TKT_D46BB086,CUST_000349,technical,phone,2025-10-30 19:54:06,41.8,True,0.29
TKT_942DE76B,CUST_000676,content,phone,2025-05-19 14:04:31,29.5,True,-0.73
TKT_050A3846,CUST_000334,account,phone,2025-05-21 10:31:43,47.9,True,0.26
TKT_4F893DD9,CUST_000378,content,email,2025-07-01 17:27:40,32.1,True,0.93
TKT_CC9B00CF,CUST_000596,technical,phone,2026-02-25 22:18:57,61.3,True,0.6
TKT_6C26E8BC,CUST_000806,content,chat,2026-01-25 14:14:52,0.9,False,-0.81
TKT_B1B3F802,CUST_000964,account,email,2026-03-26 08:38:13,47.9,True,0.15
TKT_006C386B,CUST_000999,account,phone,2026-04-06 11:20:21,69.0,True,-0.74
TKT_C3FB3FB6,CUST_000681,account,email,2026-01-01 15:54:58,54.6,True,-0.8
TKT_9DAB8E78,CUST_000859,account,chat,2025-09-26 13:10:10,42.9,True,0.8
TKT_DFDFA8DA,CUST_000041,account,email,2025-06-11 07:50:53,50.8,False,0.22
TKT_48401BED,CUST_000858,content,phone,2026-02-18 04:49:58,28.6,False,0.64
TKT_9C6CF22E,CUST_000299,billing,email,2025-08-06 09:13:54,15.3,True,-0.28
TKT_BBFF74A9,CUST_000844,technical,phone,2025-01-26 22:12:05,3.1,True,-0.96
TKT_3EC5596D,CUST_000507,technical,phone,2025-12-20 10:24:36,43.9,True,0.87
TKT_6836AAFC,CUST_000372,technical,chat,2026-03-09 01:33:59,4.1,True,-0.73
TKT_8DD48EBA,CUST_000023,billing,email,2026-03-02 10:29:06,57.4,True,-0.07
TKT_AD6D04EF,CUST_000466,content,chat,2026-01-20 02:11:59,30.8,True,-0.7
TKT_3579086D,CUST_000335,content,email,2025-05-25 14:06:27,1.7,True,0.09
TKT_D97BC67D,CUST_000115,technical,email,2025-08-03 01:07:03,26.5,True,-0.71
TKT_60D63598,CUST_000891,billing,chat,2025-04-08 16:17:21,32.0,True,-0.84
TKT_1B82FB7D,CUST_000565,account,chat,2025-10-06 13:11:13,47.4,False,0.44
TKT_9B9FBD7D,CUST_000365,content,phone,2026-03-08 16:32:40,68.0,True,0.53
TKT_EE0A1365,CUST_000654,technical,phone,2025-10-16 19:28:22,61.4,True,-0.11
TKT_BC6DAC99,CUST_000617,content,phone,2025-12-04 20:32:06,68.9,True,0.2
TKT_91F8B42A,CUST_000448,technical,email,2026-01-25 13:29:00,34.8,True,-0.77
TKT_2C81D77B,CUST_000966,technical,phone,2024-11-14 22:45:06,18.1,True,-0.01
TKT_1B47677E,CUST_000552,technical,email,2026-04-08 12:51:29,61.4,True,0.1
TKT_DF3F9420,CUST_000760,billing,chat,2025-10-09 09:22:20,15.7,True,-0.19
TKT_7A10BD38,CUST_000683,billing,email,2025-07-30 19:36:56,55.6,True,-0.8
TKT_D1D70D95,CUST_000189,billing,chat,2025-11-02 11:53:20,35.7,True,0.37
TKT_86F52E01,CUST_000498,content,email,2025-04-01 05:36:25,60.9,True,-0.23
TKT_F66BAE6E,CUST_000827,content,phone,2025-12-08 19:23:38,4.7,True,-0.86
TKT_34CD1D19,CUST_000903,technical,phone,2025-08-25 02:46:22,25.2,True,-0.03
TKT_025AA542,CUST_000506,content,phone,2025-10-21 11:52:08,41.7,False,-0.33
TKT_6926300D,CUST_000515,billing,chat,2026-03-16 19:39:19,24.8,False,0.65
TKT_57B7C263,CUST_000976,content,chat,2026-04-06 20:42:42,48.7,True,0.2
TKT_CAF6CE5A,CUST_000526,technical,chat,2026-03-28 18:41:48,11.9,True,-0.85
TKT_B8B5C10E,CUST_000604,account,chat,2026-03-25 22:07:27,33.3,True,0.65
TKT_0F785D23,CUST_000596,technical,phone,2026-01-02 20:37:35,50.9,False,0.08
TKT_0274FCD1,CUST_000579,technical,chat,2024-11-08 21:24:48,9.5,True,0.36
TKT_18ECAC9F,CUST_000148,billing,phone,2025-11-01 11:17:29,7.3,True,0.17
TKT_F63D744A,CUST_000249,billing,chat,2025-01-25 11:40:46,46.6,True,0.46
TKT_89BC4961,CUST_000205,content,email,2025-09-22 07:40:43,35.7,True,-0.19
TKT_5BE18399,CUST_000868,technical,email,2025-11-10 14:54:17,51.5,True,0.25
TKT_781F736D,CUST_000951,content,email,2025-08-15 03:05:11,46.4,True,-0.36
TKT_9E4B68B2,CUST_000821,content,chat,2024-10-27 07:20:24,9.6,True,0.89
TKT_DB7BF058,CUST_000497,technical,chat,2025-11-13 13:56:39,47.5,True,-0.89
TKT_C7F72639,CUST_000224,technical,phone,2025-11-17 10:37:52,24.6,True,-0.84
TKT_93FFD4EA,CUST_000261,technical,phone,2025-08-27 10:19:10,57.8,True,-0.01
TKT_EF1888A3,CUST_000320,technical,chat,2025-05-21 16:59:51,61.4,True,0.98
TKT_0B4413E5,CUST_000533,technical,phone,2025-08-24 12:24:38,52.8,True,0.85
TKT_D8F23025,CUST_000505,content,phone,2025-11-01 03:37:56,63.8,True,-0.03
TKT_0C8E566D,CUST_000459,billing,email,2025-12-14 19:07:14,23.4,True,-0.13
TKT_39081D7E,CUST_000906,billing,chat,2025-12-01 02:10:03,27.1,True,0.39
TKT_50E3782C,CUST_000939,content,chat,2024-12-14 04:43:57,51.9,True,-0.6
TKT_D5056A2E,CUST_000743,billing,phone,2026-03-25 09:00:33,44.3,True,-0.52
TKT_382FC5D4,CUST_000041,technical,chat,2025-06-21 18:54:50,70.6,True,-0.78
TKT_6B2ADC26,CUST_000915,content,chat,2025-10-09 20:04:59,4.7,False,0.07
TKT_BA3C3189,CUST_000419,account,email,2026-04-01 01:40:34,41.8,True,0.32
TKT_62C99010,CUST_000503,content,phone,2025-08-15 21:43:58,68.8,False,-0.94
TKT_ABBBEB7B,CUST_000226,account,phone,2025-08-07 12:37:28,34.9,True,0.08
TKT_67E6178A,CUST_000037,billing,chat,2026-03-11 12:37:40,2.3,True,-0.98
TKT_FF30F29E,CUST_000327,content,email,2026-04-04 16:42:28,65.0,True,-0.02
TKT_7084C5AC,CUST_000304,account,phone,2024-12-07 21:21:00,59.6,True,0.5
TKT_98ECC48F,CUST_000753,technical,chat,2026-03-17 08:21:01,28.8,True,-0.61
TKT_EC987FAE,CUST_000939,content,phone,2026-02-21 02:06:05,71.9,True,0.36
TKT_00EF4CD1,CUST_000621,technical,phone,2025-07-07 11:12:34,1.8,True,-0.86
TKT_07AD4F37,CUST_000558,billing,phone,2025-12-19 06:54:58,41.6,True,0.28
TKT_AB8B78EE,CUST_000563,account,email,2024-10-24 21:39:36,3.3,True,-0.68
TKT_3A191037,CUST_000513,account,phone,2025-09-14 04:37:43,43.8,True,-0.75
TKT_357F66FA,CUST_000243,billing,phone,2025-11-28 23:36:27,10.5,False,0.75
TKT_6800D33C,CUST_000991,technical,phone,2026-02-22 18:16:32,18.3,True,-0.46
TKT_2526292E,CUST_000703,account,phone,2025-11-30 21:15:24,21.7,True,0.88
TKT_917BEFE1,CUST_000642,content,email,2025-09-08 20:06:16,31.7,True,0.61
TKT_AF4D743A,CUST_000305,technical,chat,2025-10-06 01:16:07,42.2,False,-0.52
TKT_BCF8A3EB,CUST_000298,content,chat,2026-04-09 17:33:16,31.8,True,-0.26
TKT_8BE835EE,CUST_000015,account,phone,2026-03-08 09:17:33,57.2,False,0.87
TKT_0F7B5622,CUST_000018,technical,chat,2025-08-25 01:35:47,32.8,True,0.69
TKT_F75608CF,CUST_000663,billing,chat,2026-03-13 06:57:47,6.3,False,-0.94
TKT_48952D24,CUST_000928,account,phone,2026-01-02 23:30:06,16.9,True,-0.17
TKT_3359E6DB,CUST_000234,account,chat,2025-07-11 03:09:58,39.6,True,0.37
TKT_F7CE282C,CUST_000014,content,phone,2025-06-03 09:16:48,6.8,True,-0.01
TKT_D135FC3C,CUST_000359,billing,email,2024-10-19 19:27:57,10.3,True,0.85
TKT_0B3EC4EC,CUST_000967,billing,email,2025-08-11 11:12:00,4.3,True,-0.2
TKT_DBD523A8,CUST_000228,account,email,2026-03-15 07:57:59,46.5,True,0.9
TKT_D187B5EE,CUST_000961,technical,phone,2025-11-23 11:13:58,39.6,True,-0.94
TKT_80B5EF51,CUST_000986,account,phone,2025-12-30 12:38:54,49.4,True,0.22
TKT_5F3F51FF,CUST_000082,billing,phone,2025-09-25 12:28:47,4.8,True,0.04
TKT_28756187,CUST_000690,technical,email,2024-11-09 07:17:38,60.6,True,0.29
TKT_D2979564,CUST_000179,content,chat,2025-08-02 04:40:56,34.5,True,0.37
TKT_2CB5C186,CUST_000313,technical,chat,2026-03-04 10:50:40,28.3,False,0.71
TKT_5F6748CF,CUST_000070,account,chat,2025-09-17 08:44:45,0.6,False,-0.99
TKT_6CE8AE3F,CUST_000392,billing,email,2025-07-30 00:51:18,29.9,True,-0.97
TKT_43123246,CUST_000881,technical,phone,2025-06-15 09:46:11,59.8,False,0.73
TKT_F738FEE5,CUST_000891,billing,email,2025-06-18 17:54:48,20.7,True,-0.44
TKT_57F3F8B2,CUST_000712,technical,chat,2026-01-07 20:29:50,58.8,True,-0.61
TKT_94020D10,CUST_000183,technical,chat,2025-10-23 19:23:05,38.9,True,0.65
TKT_611DD3D5,CUST_000863,technical,phone,2026-01-27 22:49:09,29.6,True,0.79
TKT_407DFE26,CUST_000018,account,chat,2026-03-19 13:08:24,33.7,False,0.42
TKT_D9A0A8BA,CUST_000025,account,email,2026-03-31 23:29:47,11.4,True,0.41
TKT_B51FEF48,CUST_000526,technical,email,2026-04-04 13:04:05,5.4,True,0.77
TKT_8383E9CD,CUST_000117,account,chat,2026-02-19 03:58:03,28.5,True,-0.85
TKT_9658A8B6,CUST_000749,technical,email,2026-02-18 14:44:15,55.1,True,0.36
TKT_3C17CDFD,CUST_000037,content,phone,2026-03-17 15:04:21,40.4,True,0.98
TKT_B0831C7C,CUST_000525,billing,email,2025-09-26 15:43:56,18.6,False,0.36
TKT_F7FF0DEC,CUST_000456,content,chat,2026-03-22 01:39:43,44.4,True,-0.99
TKT_1504848C,CUST_000465,content,phone,2026-03-02 04:15:34,38.9,True,0.7
TKT_371B4ABB,CUST_000034,account,chat,2026-02-22 19:35:16,35.0,True,-0.11
TKT_FF5B1172,CUST_000346,technical,phone,2024-07-04 05:44:04,69.2,True,-0.7
TKT_C4E74601,CUST_000567,billing,chat,2026-01-29 12:40:03,23.5,True,0.16
TKT_0E7245B6,CUST_000386,content,chat,2025-09-24 08:10:58,72.0,True,-0.9
TKT_339459F9,CUST_000442,billing,email,2026-04-09 21:57:16,2.3,True,0.72
TKT_96E59887,CUST_000335,content,phone,2024-12-04 05:10:23,22.8,False,-0.74
TKT_B1B4077A,CUST_000199,content,chat,2025-08-21 03:09:44,17.0,True,-0.14
TKT_403E956B,CUST_000964,billing,chat,2026-04-09 17:40:34,58.3,True,0.76
TKT_890E3A54,CUST_000947,billing,chat,2025-11-26 12:57:59,6.6,True,0.97
TKT_79E9475C,CUST_000921,account,phone,2025-10-21 03:43:51,5.8,True,-0.45
TKT_FFA3D8C8,CUST_000820,content,email,2025-12-09 14:13:08,22.6,True,0.85
TKT_6B4C37C5,CUST_000012,account,phone,2025-02-16 04:11:46,39.8,False,-0.1
TKT_0150F2A5,CUST_000838,account,email,2026-03-31 19:06:21,52.6,True,-0.25
TKT_02E34034,CUST_000428,billing,email,2025-08-13 01:58:13,22.4,True,0.66
TKT_4995647F,CUST_000272,account,email,2025-02-14 11:45:43,61.1,True,0.13
TKT_7B3BAEB9,CUST_000560,content,phone,2025-05-25 21:25:39,49.8,True,0.65
TKT_57CB4916,CUST_000163,billing,email,2025-12-22 16:08:07,43.2,True,-0.46
TKT_8D1EE776,CUST_000870,content,chat,2025-10-15 00:21:38,42.4,True,-0.63
TKT_F8EAE0EA,CUST_000349,billing,chat,2026-04-05 04:30:22,48.1,True,0.62
TKT_681FBD8D,CUST_000807,account,phone,2025-08-16 01:43:45,49.0,True,-0.55
TKT_33889297,CUST_000759,billing,phone,2025-12-19 12:14:58,54.5,True,0.06
TKT_F1535634,CUST_000019,account,email,2025-10-08 00:04:56,45.3,False,-0.58
TKT_FBF3A48A,CUST_000316,content,email,2026-03-17 11:49:51,13.8,False,-0.42
TKT_6CB2EDE1,CUST_000351,account,phone,2026-03-23 00:35:17,59.4,False,-0.07
TKT_D4294394,CUST_000322,billing,phone,2025-03-22 21:44:49,49.7,True,-0.99
TKT_68CDE6F8,CUST_000989,technical,chat,2026-01-31 19:48:36,36.2,True,-0.61
TKT_7202E15E,CUST_000716,technical,phone,2025-04-17 01:10:32,28.4,True,0.18
TKT_7DA85E58,CUST_000334,content,chat,2025-11-03 01:19:48,58.9,False,-0.44
TKT_5E3D88DD,CUST_000030,technical,chat,2025-06-09 10:18:15,17.1,True,-0.91
TKT_D8DBFA73,CUST_000458,billing,chat,2025-09-16 20:50:20,1.8,True,-0.48
TKT_4B8A2756,CUST_000474,account,chat,2026-01-10 03:06:01,68.0,True,0.58
TKT_A964A308,CUST_000814,account,email,2025-05-18 14:52:28,68.1,True,0.71
TKT_3FBAD186,CUST_000997,account,email,2025-08-28 05:18:41,35.6,True,0.41
TKT_CEBD81CE,CUST_000511,content,phone,2025-10-09 22:45:56,47.0,False,0.58
TKT_CD44026C,CUST_000733,technical,phone,2025-02-18 16:54:51,9.4,True,-0.18
TKT_15BF81F5,CUST_000787,account,email,2025-10-31 07:44:19,28.6,False,-0.35
TKT_2679037E,CUST_000613,account,email,2025-12-30 18:40:07,37.3,True,0.41
TKT_AEA5FBE3,CUST_000297,billing,phone,2025-06-02 14:23:49,62.3,True,-0.5
TKT_498A57A0,CUST_000324,technical,chat,2026-03-10 11:24:00,9.0,True,-0.42
TKT_2E2B44E1,CUST_000081,billing,email,2026-03-23 15:00:49,20.3,True,0.56
TKT_0CDE8DA3,CUST_000938,content,chat,2025-11-28 11:12:35,71.5,True,0.8
TKT_74E080AB,CUST_000778,content,chat,2024-09-21 01:02:45,55.4,True,-0.55
TKT_27B9DE6A,CUST_000395,content,email,2025-06-08 07:40:00,21.9,True,-0.46
TKT_D8B4F48C,CUST_000264,content,chat,2026-04-06 05:23:46,8.3,True,-0.46
TKT_67DA53C0,CUST_000056,technical,email,2025-04-28 20:47:53,64.8,False,0.48
TKT_37674854,CUST_000175,content,email,2026-03-08 19:55:07,13.2,True,-0.69
TKT_C705067D,CUST_000561,account,email,2026-03-27 20:02:37,41.6,True,0.69
TKT_97866CB1,CUST_000724,account,email,2025-07-25 14:40:58,66.4,True,-0.36
TKT_5B1C5480,CUST_000074,billing,phone,2026-02-19 03:29:59,24.3,True,-0.58
TKT_4894B862,CUST_000607,content,email,2025-02-17 16:42:47,55.6,True,0.78
TKT_FC9BBB2F,CUST_000719,technical,phone,2026-03-15 15:47:02,10.7,True,0.34
TKT_1EAF0D01,CUST_000216,technical,chat,2026-03-21 16:14:43,65.2,True,0.66
TKT_DEB401BA,CUST_000302,billing,chat,2026-03-10 14:59:06,0.8,True,0.53
TKT_9D46B530,CUST_000123,billing,phone,2026-03-12 05:38:57,30.6,True,-0.19
TKT_55CB0D57,CUST_000062,billing,chat,2026-03-27 03:16:59,16.3,True,-0.79
TKT_C58EDE86,CUST_000894,account,phone,2026-02-26 19:43:30,18.7,False,-0.69
TKT_F394AB1B,CUST_000013,technical,chat,2024-12-04 11:14:54,28.6,True,0.04
TKT_7EAF19CE,CUST_000373,technical,email,2024-11-19 13:12:48,48.4,True,-0.96
TKT_8C14CB28,CUST_000763,content,email,2026-04-10 03:50:22,19.6,True,0.37
TKT_C6ECD8CC,CUST_000621,technical,chat,2025-10-31 04:00:01,28.0,True,-0.77
TKT_150C5590,CUST_000624,technical,chat,2025-04-01 18:05:55,35.8,True,0.29
TKT_8D43EBFA,CUST_000942,billing,chat,2025-09-29 08:05:43,71.5,True,0.87
TKT_891DBDBB,CUST_000523,content,phone,2026-01-10 10:24:16,10.4,False,0.63
TKT_C550BCFC,CUST_000776,technical,chat,2026-04-11 16:48:11,14.2,False,-0.63
TKT_80EE4795,CUST_000940,billing,chat,2026-03-30 00:32:51,42.3,True,-0.95
TKT_6D748200,CUST_000253,account,email,2025-10-09 01:22:25,1.7,True,0.47
TKT_3D974CCE,CUST_000980,technical,phone,2025-03-14 21:01:28,69.9,True,0.85
TKT_C46A3E4A,CUST_000736,billing,phone,2025-08-07 22:36:18,61.1,True,0.94
TKT_0E2A5539,CUST_000497,technical,email,2025-06-06 10:58:46,29.8,True,-0.77
TKT_E563061D,CUST_000804,content,email,2024-10-24 17:27:35,28.8,True,0.8
TKT_7C3F5A8A,CUST_000517,content,email,2025-12-14 20:29:19,39.9,True,-0.61
TKT_D5F8AC25,CUST_000369,account,phone,2025-04-21 17:25:41,22.4,True,-0.73
TKT_C267ABA8,CUST_000494,billing,chat,2025-09-03 00:13:42,54.7,True,-0.09
TKT_A770FBB3,CUST_000564,content,phone,2025-08-24 06:06:20,66.2,True,0.51
TKT_06C7B6CF,CUST_000616,content,phone,2025-05-14 01:51:22,44.2,True,0.25
TKT_1BEA4507,CUST_000772,billing,chat,2025-07-10 18:49:08,43.9,True,-0.19
TKT_5BC9D061,CUST_000628,billing,phone,2025-08-19 04:19:29,24.9,True,-0.96
TKT_51FA4AC3,CUST_000117,account,chat,2026-03-20 19:40:19,60.6,True,0.42
TKT_665D315F,CUST_000450,technical,email,2026-04-06 01:16:55,1.5,True,-0.17
TKT_C0C74634,CUST_000250,account,email,2026-01-03 03:42:20,22.3,True,-0.47
TKT_65A14FC6,CUST_000833,billing,chat,2024-11-11 17:42:32,2.7,True,-0.19
TKT_486F38A6,CUST_000946,account,chat,2026-04-02 03:27:36,34.0,True,0.76
TKT_D614D5CA,CUST_000339,content,chat,2025-03-28 01:41:00,34.3,True,-0.86
TKT_F0651166,CUST_000967,account,email,2025-07-01 11:22:24,22.3,True,0.66
TKT_9581D62C,CUST_000204,billing,email,2025-06-05 01:57:07,49.1,True,-0.8
TKT_F53CE2C8,CUST_000897,technical,email,2025-01-19 14:43:28,52.6,True,0.26
TKT_D99BC3AD,CUST_000235,technical,phone,2026-01-15 08:21:37,10.1,True,-0.28
TKT_B0D4CF5E,CUST_000305,account,phone,2025-12-09 16:45:11,27.1,False,-0.55
TKT_F7BE00B3,CUST_000310,account,chat,2025-11-06 12:33:22,32.5,True,-0.26
TKT_C79C6CBB,CUST_000634,billing,chat,2025-09-04 06:49:10,46.2,True,-0.97
TKT_152E27DF,CUST_000679,billing,phone,2025-03-19 12:23:01,5.5,True,-0.08
TKT_452E6549,CUST_000819,billing,phone,2026-03-25 03:05:01,28.5,True,0.45
TKT_45266D5B,CUST_000590,technical,email,2026-01-19 11:26:08,63.9,True,0.81
TKT_76803358,CUST_000503,billing,chat,2025-11-06 04:29:09,44.8,True,-0.05
TKT_E8CD638A,CUST_000156,billing,chat,2025-01-29 08:07:34,7.0,True,0.26
TKT_FF869E24,CUST_000172,billing,email,2026-03-06 06:09:22,40.8,False,0.61
TKT_0E2ACF6F,CUST_000609,content,phone,2025-12-08 09:17:46,40.7,True,-1.0
TKT_310AD1FE,CUST_000470,content,chat,2026-04-07 20:02:52,11.2,True,-0.43
TKT_64AA7320,CUST_000490,billing,phone,2026-04-07 20:15:42,61.5,True,-0.91
TKT_5EF4972B,CUST_000687,account,chat,2025-05-23 14:12:12,67.5,True,0.35
TKT_A008507F,CUST_000813,technical,chat,2025-09-27 11:21:48,21.6,True,0.86
TKT_B555CBAC,CUST_000621,billing,chat,2024-12-20 06:15:40,32.5,True,-0.07
TKT_079794A0,CUST_000202,content,email,2026-03-14 17:01:59,46.7,False,-0.73
TKT_C9152639,CUST_000690,content,phone,2026-04-08 09:38:16,21.3,True,0.0
TKT_2596F465,CUST_000524,account,phone,2026-03-29 20:31:08,41.3,True,-0.33
TKT_EB251760,CUST_000611,account,chat,2025-01-26 05:19:07,45.7,True,-0.38
TKT_A5AA8A9C,CUST_000253,technical,email,2024-12-13 05:44:17,8.9,True,-0.99
TKT_508EA65B,CUST_000712,billing,phone,2025-04-30 21:23:51,28.4,True,0.25
TKT_6ACEA78E,CUST_000901,technical,phone,2026-03-01 04:27:01,36.3,True,-0.77
TKT_CC13D945,CUST_000012,technical,chat,2026-01-18 08:27:11,56.3,True,-0.86
TKT_1337D7CE,CUST_000156,account,phone,2024-10-02 18:52:40,30.2,False,0.88
TKT_8B734BA8,CUST_000270,technical,chat,2026-03-14 19:58:43,3.9,True,0.49
TKT_67EB188F,CUST_000909,account,phone,2025-07-09 00:16:50,25.1,True,-0.25
TKT_C3120833,CUST_000647,billing,email,2026-02-12 05:13:09,68.4,True,-0.99
TKT_76B3B7B0,CUST_000670,content,email,2025-03-28 12:04:50,43.5,True,0.38
TKT_8A6CE0B7,CUST_000377,billing,chat,2026-03-03 19:53:37,17.7,True,-0.43
TKT_BE2BD42D,CUST_000127,technical,chat,2026-03-26 08:46:58,39.8,True,-0.83
TKT_42BC51EB,CUST_000791,billing,email,2025-02-10 20:24:46,48.8,False,0.44
TKT_11E48C5B,CUST_000996,content,email,2025-06-17 22:18:29,49.7,False,-0.71
TKT_3CBDD505,CUST_000670,technical,phone,2025-06-07 06:50:58,60.6,True,-0.51
TKT_DEC999C5,CUST_000739,content,chat,2026-03-30 15:58:15,5.4,True,-0.32
TKT_AF48C188,CUST_000898,technical,phone,2025-08-08 03:48:00,50.4,True,0.39
TKT_10E1C52D,CUST_000626,content,email,2026-02-26 11:14:57,28.6,True,-0.87
TKT_6C5E5A34,CUST_000834,technical,email,2026-02-04 20:22:40,1.1,True,0.7
TKT_5A4893FD,CUST_000245,technical,email,2025-04-17 11:54:43,70.8,True,0.23
TKT_5B9D0CA0,CUST_000057,content,phone,2026-01-30 00:24:56,71.6,False,0.56
TKT_9E10809E,CUST_000924,content,phone,2026-02-25 00:51:04,13.2,False,-0.53
TKT_9F575C67,CUST_000749,technical,chat,2026-02-07 16:46:49,14.5,True,-0.1
TKT_B5BA9F91,CUST_000093,account,chat,2025-06-04 17:21:03,18.6,False,0.37
TKT_47D087F6,CUST_000042,account,phone,2026-02-03 00:18:25,45.2,False,-0.73
TKT_42A29DED,CUST_000097,billing,email,2024-12-27 13:10:02,32.2,False,0.32
TKT_708E5FBB,CUST_000741,account,email,2026-02-14 07:09:59,34.2,True,-0.31
TKT_15198509,CUST_000964,account,chat,2026-04-04 01:46:35,19.5,True,0.98
TKT_AABCE875,CUST_000461,technical,email,2026-03-18 11:15:41,35.9,True,0.7
TKT_BCFACD1D,CUST_000564,technical,chat,2026-03-11 01:30:38,51.4,False,0.48
TKT_8B340B54,CUST_000998,account,chat,2026-03-14 19:23:36,43.7,True,-0.85
TKT_839B29B5,CUST_000444,technical,phone,2026-04-08 09:00:40,29.0,True,0.52
TKT_FB24A348,CUST_000172,billing,chat,2026-04-04 04:17:06,26.8,True,0.87
TKT_CD350C25,CUST_000206,account,phone,2026-04-02 01:33:05,68.2,False,-0.17
TKT_527ED5E1,CUST_000454,billing,chat,2026-03-31 05:55:25,10.7,True,-0.04
TKT_81B1E729,CUST_000047,content,phone,2025-11-12 02:34:50,65.5,True,0.18
TKT_345CB95D,CUST_000627,content,email,2024-09-17 09:45:09,19.1,True,-0.86
TKT_60B86AC2,CUST_000735,account,email,2026-03-21 16:11:11,48.2,True,-0.94
TKT_1181C3BE,CUST_000196,content,email,2026-04-11 03:43:33,4.8,True,0.41
TKT_07101132,CUST_000793,account,phone,2024-11-06 02:32:31,70.7,False,-0.48
TKT_8AEEB41D,CUST_000105,content,chat,2025-10-05 14:40:04,3.3,True,0.97
TKT_2EF44BDC,CUST_000068,technical,email,2025-10-08 07:00:28,23.3,True,-0.14
TKT_42B06EDC,CUST_000349,content,phone,2025-01-01 02:07:16,39.0,True,0.46
TKT_7CA801F8,CUST_000581,account,email,2026-01-13 00:49:43,53.4,True,0.67
TKT_58E6998C,CUST_000899,billing,chat,2026-04-09 13:12:47,16.3,True,-0.46
TKT_99AB1B9B,CUST_000486,technical,email,2025-04-10 01:19:13,30.8,True,0.14
TKT_0D9FD400,CUST_000319,technical,phone,2025-11-29 18:25:09,61.4,True,-0.34
TKT_5AFEFF07,CUST_000310,account,phone,2026-03-03 17:30:43,5.0,True,0.15
TKT_113F6581,CUST_000322,technical,chat,2025-06-13 05:32:08,71.9,True,0.91
TKT_958FA216,CUST_000646,technical,phone,2025-03-27 22:56:11,70.4,True,0.63
TKT_C0D851B8,CUST_000260,account,phone,2025-12-05 17:06:57,27.0,True,0.44
TKT_5BADB841,CUST_000474,billing,phone,2024-12-25 06:51:35,2.4,True,-0.66
TKT_DE435BC3,CUST_000677,technical,phone,2026-03-20 17:48:42,4.3,True,-0.18
TKT_4B6889A5,CUST_000539,technical,chat,2025-12-16 10:10:28,13.1,False,-0.2
TKT_FEDB4592,CUST_000258,technical,chat,2026-01-29 13:39:44,11.2,False,-0.77
TKT_AB699350,CUST_000629,technical,chat,2026-01-12 06:49:07,55.1,True,-0.05
TKT_5575F07A,CUST_000501,content,phone,2025-06-12 20:47:21,42.4,True,0.22
TKT_E263C626,CUST_000049,account,chat,2025-08-21 09:57:29,52.4,True,-0.76
TKT_963B4141,CUST_000636,billing,chat,2026-02-10 00:22:28,23.6,True,0.01
TKT_6449924B,CUST_000665,account,email,2024-12-07 23:34:09,15.8,True,-0.58
TKT_C427E3C6,CUST_000904,account,email,2025-12-07 18:40:24,27.8,True,0.15
TKT_41F2EAC1,CUST_000004,technical,chat,2025-07-07 09:20:22,46.2,True,-0.01
TKT_E1261A12,CUST_000988,content,phone,2026-04-08 20:51:17,19.2,True,-0.75
TKT_F23064A7,CUST_000263,billing,phone,2025-05-10 17:47:19,54.9,True,-0.75
TKT_5C1A883F,CUST_000730,billing,chat,2026-03-29 22:37:19,45.2,True,0.68
TKT_74772B3D,CUST_000485,technical,chat,2025-11-04 23:40:51,39.5,True,0.69
TKT_89F98673,CUST_000811,content,email,2024-10-02 05:53:35,57.7,False,-0.83
TKT_4AAC7F48,CUST_000171,technical,chat,2025-12-15 11:33:31,0.7,True,0.44
TKT_334DA350,CUST_000719,technical,phone,2026-04-07 04:40:09,61.5,True,0.01
TKT_B24EB4CC,CUST_000695,technical,email,2026-01-14 18:47:21,62.1,True,0.68
TKT_0105DCB2,CUST_000034,technical,email,2025-12-12 01:49:58,14.2,True,-0.33
TKT_EB2D2DDA,CUST_000233,account,chat,2025-12-29 21:21:37,47.2,True,-0.26
TKT_253CCAC9,CUST_000638,billing,phone,2025-11-20 20:27:12,1.4,True,0.93
TKT_2B69A31C,CUST_000640,account,phone,2025-12-25 12:07:53,43.8,True,0.35
TKT_23BB191E,CUST_000762,account,email,2026-02-13 10:35:30,14.5,True,-0.19
TKT_F35F1E61,CUST_000970,billing,phone,2025-09-28 21:30:16,25.4,True,0.17
TKT_EF8B70D2,CUST_000681,billing,phone,2025-10-18 07:26:58,39.0,True,0.02
TKT_5AE26353,CUST_000665,account,phone,2024-10-27 00:40:10,61.5,True,0.98
TKT_DCE7E6A2,CUST_000538,billing,phone,2025-11-17 18:59:26,44.5,False,-0.2
TKT_91706392,CUST_000902,account,phone,2026-01-29 15:09:59,45.8,True,-0.93
TKT_35D72371,CUST_000223,account,chat,2025-09-21 16:56:32,13.3,True,0.21
TKT_1A9A43DD,CUST_000334,billing,chat,2025-11-20 19:51:53,8.1,True,-0.28
TKT_6EB87413,CUST_000472,billing,chat,2025-11-30 06:33:24,56.2,True,-0.24
TKT_DE603A45,CUST_000566,account,email,2025-11-01 09:57:33,66.3,True,-0.7
TKT_4763F0BA,CUST_000813,content,chat,2026-01-14 15:01:27,8.8,True,-0.58
TKT_2F5DEDFA,CUST_000064,content,chat,2026-03-20 17:54:34,56.0,True,0.75
TKT_38DD36E7,CUST_000087,technical,phone,2025-11-06 22:23:52,30.9,True,-0.97
TKT_B1BCE7EA,CUST_000094,account,chat,2025-08-20 14:27:20,45.7,True,-0.23
TKT_93621219,CUST_000059,content,phone,2025-09-24 17:17:47,51.3,True,-0.76
TKT_147D9D8A,CUST_000357,content,phone,2025-09-11 01:24:27,37.1,True,0.44
TKT_BAD5D539,CUST_000257,account,chat,2026-01-03 08:27:13,59.1,True,-0.57
TKT_55F11CDB,CUST_000165,billing,chat,2026-04-03 16:59:42,0.8,True,0.8
TKT_2D3FFC47,CUST_000671,technical,email,2025-05-22 07:24:00,10.4,False,-0.72
TKT_87D49C0C,CUST_000763,account,chat,2025-08-18 14:19:46,57.8,True,0.03
TKT_59495EAE,CUST_000608,account,phone,2025-11-08 21:02:15,21.6,True,0.51
TKT_013F747F,CUST_000858,content,chat,2026-02-15 22:42:36,42.6,True,-0.24
TKT_B3CEFCF2,CUST_000207,billing,email,2026-02-11 15:08:01,22.8,True,0.35
TKT_D16384A7,CUST_000997,billing,email,2025-08-25 08:38:34,53.9,True,0.22
TKT_A27E4668,CUST_000211,billing,email,2024-09-09 20:30:09,37.8,True,0.92
TKT_6C596910,CUST_000546,technical,chat,2025-12-20 22:04:13,51.5,True,0.64
TKT_D0A99EFE,CUST_000383,account,chat,2025-11-07 18:28:22,52.0,True,-0.82
TKT_01827D2A,CUST_000947,account,phone,2025-10-22 00:10:14,11.2,True,-0.57
TKT_A03B57C2,CUST_000009,account,email,2026-03-31 18:39:24,59.4,False,-0.96
TKT_97C14707,CUST_000974,content,phone,2025-07-29 10:32:16,56.3,True,0.75
TKT_EC8C8F9C,CUST_000028,technical,phone,2025-01-24 10:03:26,56.3,True,0.84
TKT_8AF640D7,CUST_000041,technical,chat,2025-08-30 18:13:24,47.3,True,0.37
TKT_20BCBBD8,CUST_000788,account,email,2025-07-21 14:20:23,2.0,True,0.2
TKT_F302E63D,CUST_000946,account,email,2026-03-05 19:19:15,9.7,True,0.19
TKT_0BE5DDDC,CUST_000973,technical,chat,2025-04-15 14:10:29,50.4,True,-0.65
TKT_6EC5DE98,CUST_000241,account,chat,2025-09-10 03:53:07,45.9,True,-0.44
TKT_BF42BF33,CUST_000046,billing,chat,2025-12-05 19:17:46,31.7,True,-0.41
TKT_0DB91CA1,CUST_000585,content,phone,2026-01-11 21:56:07,52.5,True,0.46
TKT_78CDE2F0,CUST_000166,content,email,2026-03-09 02:58:19,47.4,False,-0.92
TKT_F6449D74,CUST_000339,billing,chat,2025-03-04 18:07:54,42.5,True,-0.06
TKT_28B047CA,CUST_000482,technical,phone,2025-10-01 07:44:09,50.0,True,0.68
TKT_07960260,CUST_000733,billing,email,2026-03-19 03:38:16,18.9,True,-0.52
TKT_5CF55C6E,CUST_000634,billing,phone,2025-09-28 13:58:33,21.9,True,0.07
TKT_598023C3,CUST_000515,account,chat,2026-03-28 11:46:00,6.3,True,0.31
TKT_CC6ADD31,CUST_000602,content,chat,2025-01-05 05:07:17,13.5,True,-0.86
TKT_024135BE,CUST_000961,technical,chat,2026-01-03 10:46:44,18.6,True,-0.61
TKT_62319012,CUST_000380,account,chat,2025-10-10 16:41:45,24.2,True,0.46
TKT_2D13C2EF,CUST_000542,content,chat,2026-01-25 13:49:04,53.6,True,0.71
TKT_7C72E17D,CUST_000514,billing,email,2025-04-22 19:42:48,17.3,True,0.3
TKT_9FBFC1E5,CUST_000702,account,phone,2025-08-06 13:50:25,13.1,True,-0.03
TKT_32BC9A9E,CUST_000950,account,chat,2026-01-29 07:57:12,61.2,True,0.6
TKT_66BB161C,CUST_000823,content,chat,2026-04-04 15:26:15,26.9,True,0.22
TKT_B0CABBD1,CUST_000876,account,phone,2026-03-12 09:05:32,44.1,True,0.72
TKT_1166F77E,CUST_000952,billing,email,2025-02-06 23:51:05,36.2,True,0.34
TKT_2B863D35,CUST_000631,account,chat,2025-07-02 22:09:43,44.9,True,-0.54
TKT_57FCFD12,CUST_000103,billing,chat,2025-01-02 20:08:14,59.5,True,-0.02
TKT_0872544C,CUST_000557,technical,email,2025-11-22 23:45:50,17.0,True,0.03
TKT_21C7C989,CUST_000905,technical,phone,2025-10-13 15:24:38,14.8,True,0.03
TKT_0A824D5C,CUST_000022,account,email,2026-04-06 12:17:50,30.6,True,-0.49
TKT_D142C2DE,CUST_000135,billing,phone,2025-10-02 04:58:46,31.9,True,-0.34
TKT_0F780FBE,CUST_000173,technical,chat,2025-10-02 23:45:01,50.7,True,-0.95
TKT_648CCF20,CUST_000344,billing,phone,2026-01-04 03:43:14,59.9,True,0.27
TKT_F02C897E,CUST_000255,technical,phone,2026-03-03 11:29:33,5.4,True,0.79
TKT_1FD9CA24,CUST_000535,billing,phone,2024-10-04 16:05:01,70.0,True,0.73
TKT_C4BC3B29,CUST_000736,billing,email,2026-02-28 14:07:42,20.3,False,-0.31
TKT_0FA0DFF5,CUST_000567,technical,email,2026-04-05 23:45:25,46.5,False,-0.04
TKT_EF2D1E54,CUST_000840,technical,phone,2025-07-22 07:49:27,37.8,True,-0.86
TKT_DC2D5982,CUST_000537,billing,chat,2025-11-30 12:04:11,70.0,True,0.04
TKT_DEBE4292,CUST_000111,content,phone,2025-12-06 09:42:27,67.3,False,0.33
TKT_E91E88AD,CUST_000658,technical,phone,2025-12-16 18:39:26,43.2,True,-0.69
TKT_D04CCB3C,CUST_000780,content,phone,2025-10-12 04:00:40,27.4,True,0.92
TKT_BBD2BC6A,CUST_000956,technical,email,2025-08-02 10:58:55,43.0,True,0.93
TKT_12DD9465,CUST_000840,billing,phone,2026-02-23 06:05:36,70.3,True,-0.77
TKT_DB4775BE,CUST_000137,content,email,2026-03-26 09:17:19,61.4,True,-0.21
TKT_D1C6174A,CUST_000540,technical,phone,2025-10-06 18:30:51,42.7,True,-0.57
TKT_AF6021D6,CUST_000659,billing,email,2026-01-10 02:04:37,64.2,True,-0.29
TKT_F8328914,CUST_000670,technical,phone,2026-02-20 22:45:16,45.8,False,0.9
TKT_2768E491,CUST_000984,account,chat,2026-03-01 07:59:36,55.1,True,0.92
TKT_00FD5206,CUST_000533,technical,phone,2025-10-14 09:03:41,32.5,False,-0.75
TKT_6303AEE2,CUST_000676,content,email,2026-01-29 11:18:31,24.9,True,-0.88
TKT_BA0AAD42,CUST_000484,content,email,2025-09-21 10:13:50,67.0,True,-0.19
TKT_6E3EA31A,CUST_000915,billing,email,2025-06-25 14:27:57,67.8,False,-0.3
TKT_A6BBB0B5,CUST_000607,content,email,2025-03-20 02:50:53,10.3,True,0.05
TKT_948584EA,CUST_000194,technical,chat,2025-05-13 22:58:59,52.6,False,0.11
TKT_8C05A2E2,CUST_000867,content,chat,2025-05-16 23:56:59,48.2,True,0.85
TKT_65E24C71,CUST_000497,account,phone,2025-05-04 15:25:49,42.0,True,-0.75
TKT_2B0AD2A2,CUST_000062,technical,email,2025-09-07 17:14:37,17.0,False,0.7
TKT_C5A182FD,CUST_000351,account,email,2026-02-22 10:39:27,11.9,True,-0.22
TKT_254F2CD6,CUST_000152,billing,email,2025-12-28 04:53:33,61.6,True,-0.29
TKT_D3298668,CUST_000038,technical,email,2026-03-31 02:59:01,28.8,False,0.25
TKT_F3507056,CUST_000189,account,chat,2025-02-23 01:24:51,13.1,True,0.94
TKT_18CF4E4C,CUST_000197,content,phone,2026-04-01 07:05:38,25.7,False,-0.38
TKT_451E97B4,CUST_000004,billing,chat,2025-12-25 16:47:06,29.9,True,0.09
TKT_E3642084,CUST_000842,technical,phone,2025-11-05 08:20:46,23.8,True,-0.8
TKT_C443C78B,CUST_000022,content,chat,2025-06-10 13:50:56,62.6,True,-0.73
TKT_0FAE11F0,CUST_000421,content,email,2026-01-14 13:55:10,34.1,True,-0.98
TKT_38F9F933,CUST_000660,account,chat,2026-04-10 18:26:26,3.0,True,0.4
TKT_F092F82F,CUST_000160,account,email,2026-04-04 21:55:27,51.5,True,0.8
TKT_11450BAE,CUST_000051,technical,email,2026-04-11 14:03:05,56.5,True,-0.23
TKT_F0C6BC76,CUST_000121,content,chat,2025-07-01 20:19:54,34.2,True,0.2
TKT_F4BA9814,CUST_000401,content,chat,2025-04-09 16:23:12,54.8,True,-0.05
TKT_2CC5EC1D,CUST_000585,account,email,2026-03-14 14:38:44,4.9,True,0.26
TKT_8D0C7319,CUST_000119,billing,phone,2025-05-22 13:01:32,41.8,True,-0.84
TKT_93B4F5E5,CUST_000325,content,phone,2025-11-14 19:43:49,23.2,True,-0.12
TKT_EA993DF0,CUST_000963,technical,phone,2025-10-02 12:49:22,32.6,True,0.1
TKT_C8995678,CUST_000400,technical,chat,2026-04-10 05:03:47,71.5,True,-0.04
TKT_D0A128DB,CUST_000958,technical,chat,2025-12-06 01:30:31,21.4,True,0.86
TKT_A788D8EB,CUST_000884,billing,chat,2026-04-01 06:41:21,59.3,True,-0.13
TKT_BE96AD68,CUST_000500,technical,chat,2025-09-19 22:17:31,57.0,True,-0.52
TKT_6754DCC2,CUST_000359,content,chat,2024-10-30 16:28:35,24.8,True,0.91
TKT_B05B0B7B,CUST_000169,billing,email,2026-02-21 13:55:10,61.0,True,0.13
TKT_59F1A85B,CUST_000367,account,chat,2025-05-16 03:30:55,26.3,True,0.03
TKT_C96336FA,CUST_000788,technical,chat,2025-06-18 07:51:36,45.1,True,0.16
TKT_CA1243C1,CUST_000172,account,phone,2026-03-15 14:13:14,31.5,True,0.57
TKT_592C28E8,CUST_000951,content,chat,2024-08-04 19:01:03,47.9,True,-0.33
TKT_FA4D3156,CUST_000992,content,chat,2025-07-04 12:14:01,4.8,True,0.78
TKT_0841885E,CUST_000417,billing,chat,2026-02-22 17:26:34,53.5,False,-0.62
TKT_DB17B41D,CUST_000181,content,phone,2025-11-29 04:40:47,54.0,True,-0.04
TKT_F4052D3D,CUST_000991,billing,chat,2026-03-22 11:37:14,53.1,True,0.66
TKT_4B0AEA74,CUST_000184,technical,email,2025-07-17 18:18:56,51.9,True,-0.37
TKT_A5489132,CUST_000899,technical,chat,2026-01-28 11:37:37,55.2,True,0.92
TKT_1239DF49,CUST_000461,technical,phone,2026-02-11 01:47:04,6.9,True,-0.32
TKT_69638C40,CUST_000152,technical,email,2026-03-26 00:31:34,37.0,True,0.73
TKT_C0C421E7,CUST_000190,account,chat,2026-02-15 01:15:34,50.7,True,-0.39
TKT_B22A42A4,CUST_000682,content,phone,2026-04-02 16:05:24,42.6,True,-0.97
TKT_F4F59AE5,CUST_000945,content,email,2025-11-21 12:21:46,33.1,True,-0.48
TKT_67F4F036,CUST_000879,account,phone,2024-11-29 18:41:53,24.8,True,0.27
TKT_DFFC9722,CUST_000824,technical,chat,2025-03-09 16:10:03,21.8,True,-0.2
TKT_6AB2CD7B,CUST_000608,content,phone,2025-05-04 16:35:56,57.2,True,0.54
TKT_21C96A4F,CUST_000153,account,phone,2026-04-02 23:14:28,30.3,True,-0.5
TKT_F542110E,CUST_000793,technical,email,2025-10-16 22:14:43,22.8,True,0.11
TKT_1CC34ED3,CUST_000037,account,phone,2026-04-08 02:50:36,9.3,True,-0.01
TKT_60B0BA53,CUST_000801,billing,email,2025-09-19 06:43:33,8.8,True,0.34
TKT_F1E94473,CUST_000434,content,phone,2025-09-06 23:27:42,62.6,True,0.56
TKT_320AA0D4,CUST_000870,account,email,2025-08-18 02:11:03,10.6,False,-0.54
TKT_EDADE206,CUST_000618,billing,chat,2024-09-14 04:08:04,36.2,True,0.23
TKT_E4B14C3E,CUST_000102,technical,chat,2025-12-09 04:04:31,26.4,True,0.12
TKT_AA0D52E2,CUST_000551,account,phone,2025-06-02 00:26:28,37.0,True,-0.98
TKT_CEB2129B,CUST_000014,billing,phone,2026-01-22 05:53:12,40.1,True,0.01
TKT_F47894DF,CUST_000862,billing,chat,2025-05-20 16:11:01,58.2,True,-0.55
TKT_0C924F58,CUST_000150,account,phone,2025-04-27 00:54:24,17.4,True,-0.97
TKT_495C7D4E,CUST_000252,account,email,2025-04-28 06:22:36,66.0,True,-0.11
TKT_65DDD9A3,CUST_000222,content,email,2025-09-05 07:31:55,44.6,True,0.64
TKT_357EB36F,CUST_000107,billing,email,2025-05-12 01:45:04,36.8,True,-0.6
TKT_D01C84E2,CUST_000110,billing,chat,2026-02-14 16:07:04,52.7,True,-0.69
TKT_CC18F4FC,CUST_000612,technical,chat,2026-04-04 13:49:43,45.1,True,-0.52
TKT_2F18FA4C,CUST_000612,billing,chat,2026-03-06 00:06:53,66.8,True,0.04
TKT_9705C5A3,CUST_000649,technical,phone,2026-04-11 18:06:46,47.0,True,0.79
TKT_747F7FCB,CUST_000342,account,email,2025-11-24 13:17:31,17.1,True,0.11
TKT_3F4331E8,CUST_000636,billing,phone,2025-10-16 02:00:27,30.2,True,0.58
TKT_7D575288,CUST_000748,account,email,2025-11-23 16:10:50,70.8,True,0.33
TKT_C93DE6BF,CUST_000593,content,chat,2026-03-02 10:23:46,39.9,True,-0.01
TKT_3E795967,CUST_000350,account,chat,2025-08-23 08:56:00,13.9,False,-0.5
TKT_AF9763FB,CUST_000194,technical,email,2025-07-07 09:37:29,4.7,True,0.66
TKT_07CD9C8C,CUST_000723,billing,chat,2025-05-15 16:56:02,71.3,True,0.29
TKT_AA393EC3,CUST_000421,technical,chat,2026-01-09 07:55:17,9.6,False,-0.28
TKT_2799D54D,CUST_000951,content,chat,2024-12-16 14:30:16,2.0,True,-0.23
TKT_3E18F55A,CUST_000043,technical,phone,2025-11-06 13:47:37,61.7,True,-0.57
TKT_081452F9,CUST_000468,content,phone,2026-01-05 14:35:46,71.8,True,-0.05
TKT_6F6DDF3F,CUST_000533,billing,chat,2026-02-21 14:24:32,10.4,True,-0.47
TKT_9C5449D8,CUST_000606,technical,chat,2025-09-19 05:58:28,67.3,True,0.96
TKT_401A824F,CUST_000257,billing,chat,2025-08-23 20:43:13,70.8,False,0.14
TKT_4E9096A9,CUST_000833,technical,phone,2025-01-11 09:03:14,22.0,True,-0.83
TKT_F93B5E95,CUST_000358,account,email,2026-04-06 15:31:18,49.1,True,0.87
TKT_D7F7CBB4,CUST_000285,content,phone,2025-11-02 02:00:28,66.2,True,0.05
TKT_7B14DEE4,CUST_000412,billing,chat,2024-09-29 00:29:19,21.2,False,0.6
TKT_F9306D43,CUST_000020,technical,phone,2025-03-15 12:43:21,69.2,True,-0.77
TKT_3FA3FC19,CUST_000469,account,email,2025-08-01 00:02:51,21.6,True,-0.21
TKT_81DD4C74,CUST_000912,technical,email,2025-11-26 19:46:14,57.8,True,0.05
TKT_49DDB920,CUST_000169,account,email,2026-02-18 17:46:39,1.5,True,-0.92
TKT_C229BA2E,CUST_000039,content,chat,2025-10-19 07:28:12,38.1,True,0.99
TKT_D23DC00E,CUST_000556,technical,phone,2026-03-08 07:20:41,13.8,True,-0.31
TKT_B6F131D9,CUST_000404,account,email,2025-07-30 15:21:55,11.7,True,-0.12
TKT_E6E4453B,CUST_000433,billing,email,2025-10-28 04:18:47,31.0,True,-0.08
TKT_97BA5C5E,CUST_000620,account,phone,2026-02-09 13:34:34,12.8,True,-0.57
TKT_A324FC20,CUST_000506,technical,phone,2025-10-10 01:13:27,9.6,False,-0.24
TKT_F61736B6,CUST_000512,technical,phone,2026-03-29 23:36:16,63.3,True,-0.82
TKT_4C3FC08B,CUST_000298,content,email,2025-09-23 15:54:22,58.2,True,0.52
TKT_4D51B2D0,CUST_000231,content,chat,2025-07-27 08:02:09,63.5,True,0.49
TKT_0F823CC3,CUST_000683,technical,email,2025-09-05 02:26:48,17.1,True,-0.48
TKT_4809240C,CUST_000649,technical,phone,2026-03-10 20:15:24,43.1,True,0.86
TKT_3227E4EE,CUST_000907,billing,chat,2026-01-16 22:50:14,26.4,True,0.27
TKT_F384FA38,CUST_000217,billing,chat,2024-10-13 04:56:59,42.6,True,0.24
TKT_DFEE1FE3,CUST_000421,content,phone,2025-12-29 17:47:35,19.4,False,0.3
TKT_E8CA2B69,CUST_000657,billing,email,2026-03-16 16:42:22,7.5,True,-0.18
TKT_451715A7,CUST_000653,account,email,2026-04-01 18:23:03,52.5,False,-0.11
TKT_B87179DD,CUST_000858,billing,phone,2026-04-10 13:06:57,31.9,True,0.43
TKT_383AC3F7,CUST_000208,content,chat,2026-01-30 06:22:32,9.9,True,-0.53
TKT_B023D76F,CUST_000029,content,email,2026-04-11 12:50:39,32.5,True,0.2
TKT_BA3275D8,CUST_000701,billing,chat,2025-11-22 08:52:05,27.2,False,-0.96
TKT_DEE79012,CUST_000449,account,phone,2026-02-22 05:34:45,20.3,True,0.73
TKT_7FE1DE1C,CUST_000337,technical,phone,2026-01-28 16:37:49,14.8,True,0.83
TKT_B3990E15,CUST_000764,account,chat,2025-12-07 11:17:33,37.5,True,-0.8
TKT_1527F4DC,CUST_000119,technical,phone,2026-02-01 00:21:14,27.5,True,-0.7
TKT_FD68EC7A,CUST_000688,billing,phone,2025-12-11 05:56:22,28.1,True,0.47
TKT_58CE11B0,CUST_000903,billing,phone,2025-07-17 20:31:06,71.6,False,0.69
TKT_4677BD51,CUST_000125,content,phone,2025-09-30 12:10:36,19.7,True,0.4
TKT_D9CEA8CB,CUST_000033,content,phone,2026-01-22 03:48:30,67.6,False,0.08
TKT_A5520239,CUST_000058,technical,chat,2025-03-19 05:42:43,3.7,True,-0.78
TKT_FF2533F9,CUST_000430,technical,chat,2026-04-06 08:48:10,21.6,True,0.28
TKT_B2A38776,CUST_000300,billing,chat,2025-08-22 05:43:31,49.6,True,-0.71
TKT_F6E9EDD9,CUST_000093,content,chat,2024-12-25 02:01:14,16.9,True,-0.84
TKT_80A7771F,CUST_000901,technical,email,2025-03-01 15:07:28,21.1,True,0.47
TKT_6214D549,CUST_000829,content,phone,2026-01-05 15:44:33,8.9,False,-0.81
TKT_4F0082B6,CUST_000022,account,chat,2025-06-07 20:53:29,70.8,True,-0.81
TKT_C8225BA6,CUST_000377,billing,phone,2026-03-30 10:55:05,37.8,True,-0.61
TKT_AD62D6E7,CUST_000797,account,chat,2025-04-12 19:44:53,33.8,True,-0.31
TKT_E3E23650,CUST_000985,account,chat,2025-12-19 12:05:35,35.3,True,0.13
TKT_7E7568B8,CUST_000870,content,phone,2025-06-27 08:37:03,66.5,True,0.23
TKT_FA26504D,CUST_000046,technical,email,2026-02-22 16:05:50,32.5,True,-0.85
TKT_5E8640BE,CUST_000421,technical,chat,2026-01-08 01:44:50,48.4,True,0.89
TKT_C5ACC97B,CUST_000848,billing,chat,2025-03-15 11:26:44,71.0,True,-0.17
TKT_CC0F4B4C,CUST_000341,content,email,2026-03-17 01:49:22,16.2,True,-0.66
TKT_F77C2DBD,CUST_000635,technical,email,2026-04-11 16:47:55,53.7,True,0.16
TKT_410B734F,CUST_000929,billing,email,2024-12-06 22:15:57,19.4,True,-0.24
TKT_B73BFB08,CUST_000326,billing,phone,2025-09-22 17:11:54,42.9,True,0.42
TKT_87762CBC,CUST_000034,account,chat,2025-12-23 03:40:23,26.2,True,-0.44
TKT_95EE9BAC,CUST_000610,billing,phone,2026-03-05 01:03:38,67.3,True,-0.86
TKT_31E7CFE3,CUST_000756,billing,email,2025-11-23 19:10:38,14.0,True,0.15
TKT_F936402D,CUST_000732,billing,chat,2026-03-15 10:28:52,26.0,True,-0.29
TKT_A33B38A6,CUST_000349,content,phone,2025-07-30 07:45:39,62.7,True,-0.33
TKT_6547D285,CUST_000231,account,phone,2025-09-28 21:03:38,25.4,True,0.2
TKT_DE36F6F6,CUST_000281,account,email,2024-08-24 12:25:30,41.2,True,-0.17
TKT_64E11103,CUST_000444,account,chat,2026-03-29 12:25:41,56.5,True,0.99
TKT_E9C55ABE,CUST_000934,billing,chat,2026-03-25 21:07:50,56.0,True,0.36
TKT_51FA0358,CUST_000824,account,email,2024-11-18 22:29:29,22.2,True,0.29
TKT_968F098D,CUST_000248,content,phone,2025-07-10 14:46:55,31.2,True,0.8
TKT_0D15C753,CUST_000040,content,email,2024-12-04 12:47:22,45.5,True,0.99
TKT_5C0B8285,CUST_000066,content,chat,2026-01-31 20:17:40,14.8,True,-0.2
TKT_2BE8E296,CUST_000839,content,phone,2025-06-11 14:00:59,51.5,True,-0.64
TKT_0104B7AF,CUST_000582,content,phone,2025-05-23 14:29:50,18.3,True,-0.43
TKT_DFAA643C,CUST_000877,content,phone,2025-08-08 18:16:50,51.0,True,0.88
TKT_6B91A17F,CUST_000806,technical,phone,2025-05-12 15:26:28,65.0,True,-0.58
TKT_5BF73436,CUST_000766,content,chat,2026-03-27 17:48:01,19.5,False,-0.12
TKT_B401F352,CUST_000521,content,email,2025-08-11 01:03:40,36.9,True,-0.07
TKT_8A47C055,CUST_000592,account,chat,2025-06-10 00:56:40,66.4,False,-0.76
TKT_44CCE1BE,CUST_000907,technical,phone,2024-08-02 09:33:51,48.4,True,0.72
TKT_870A14DF,CUST_000576,billing,phone,2026-01-09 17:59:37,30.1,True,0.35
TKT_1E45A4DD,CUST_000540,content,phone,2026-01-19 12:05:33,7.8,True,0.92
TKT_3A7D54C7,CUST_000430,content,chat,2026-01-30 14:55:40,70.5,True,0.8
TKT_60458818,CUST_000558,account,email,2026-04-02 08:01:03,45.1,True,0.79
TKT_F05233FD,CUST_000147,billing,email,2025-07-15 05:49:24,65.9,True,0.59
TKT_D9E1854A,CUST_000549,technical,chat,2026-04-10 09:28:22,35.6,False,0.11
TKT_DAB5BF9D,CUST_000051,account,email,2026-04-09 22:07:15,30.5,False,-0.36
TKT_3777FC5F,CUST_000386,technical,chat,2025-04-07 00:40:12,1.8,True,-0.72
TKT_04D43548,CUST_000878,content,phone,2025-09-05 18:10:55,24.7,True,-0.29
TKT_E265F0EB,CUST_000832,technical,email,2026-01-02 04:15:04,51.7,True,0.98
TKT_8E86B47C,CUST_000866,billing,chat,2026-01-20 22:36:55,23.2,True,-0.43
TKT_E231A41A,CUST_000095,content,phone,2025-05-17 09:27:44,1.7,True,0.06
TKT_7869EA2E,CUST_000521,content,phone,2025-09-21 00:46:04,57.8,True,-0.88
TKT_D2EFA0A4,CUST_000226,account,chat,2026-02-05 15:11:54,46.6,False,0.74
TKT_21B21A80,CUST_000372,technical,phone,2026-04-06 15:08:29,56.5,True,-0.78
TKT_29A361B5,CUST_000133,billing,chat,2026-04-11 08:42:53,37.3,True,0.85
TKT_2A4586D4,CUST_000972,technical,email,2026-02-16 12:06:42,26.6,True,0.37
TKT_907EDB87,CUST_000291,content,phone,2026-03-18 17:27:56,20.2,True,0.56
TKT_F2912206,CUST_000935,account,phone,2026-02-15 17:14:54,5.8,True,0.03
TKT_83BE93A2,CUST_000273,technical,chat,2025-11-23 23:44:35,40.8,True,0.1
TKT_537D059B,CUST_000972,account,chat,2025-10-06 11:11:53,37.4,True,0.62
TKT_0E82A521,CUST_000122,technical,phone,2026-01-03 10:15:01,10.3,True,-0.63
TKT_554A8F76,CUST_000156,content,chat,2025-02-15 00:34:49,68.7,True,0.34
TKT_208B46E7,CUST_000788,account,phone,2026-02-09 00:23:27,39.0,False,0.78
TKT_938DAC35,CUST_000702,technical,chat,2024-10-10 06:25:19,51.7,True,0.31
TKT_71A68C93,CUST_000490,account,chat,2026-01-24 23:58:18,69.3,True,0.75
TKT_BDB50C08,CUST_000616,content,phone,2026-04-01 23:07:37,28.0,True,0.1
TKT_2FEF1896,CUST_000502,technical,email,2025-10-05 20:55:23,32.4,True,0.66
TKT_D49FFC38,CUST_000305,content,email,2024-12-31 19:26:20,61.3,True,0.02
TKT_F9AE119A,CUST_000844,technical,email,2024-12-11 00:31:32,51.0,False,-0.55
TKT_F181A05F,CUST_000008,account,phone,2026-04-01 08:52:09,2.3,False,0.54
TKT_61220267,CUST_000042,technical,email,2026-02-16 22:27:00,48.6,True,0.02
TKT_C75EB2EC,CUST_000968,account,chat,2025-06-02 13:26:01,16.7,True,-0.25
TKT_33765EEF,CUST_000185,account,phone,2024-12-19 21:28:52,51.9,True,-0.57
TKT_7A1A3806,CUST_000012,content,email,2025-07-04 08:09:15,52.6,True,0.84
TKT_C2A92B12,CUST_000560,billing,phone,2025-10-19 21:06:03,25.0,True,0.16
TKT_6FC514CA,CUST_000402,technical,chat,2026-03-18 08:51:56,33.2,True,-0.67
TKT_AF107368,CUST_000538,account,phone,2025-06-29 17:53:12,8.5,False,-0.57
TKT_2EBEB0B0,CUST_000534,billing,email,2025-09-26 04:05:42,43.3,True,0.11
TKT_4B42D9CF,CUST_000107,account,email,2025-05-27 12:05:53,35.6,True,0.62
TKT_C57B5811,CUST_000699,content,email,2026-04-07 11:51:56,28.9,True,-0.94
TKT_91FCE087,CUST_000901,technical,email,2025-07-07 08:28:14,5.9,True,-0.27
TKT_F6E1A577,CUST_000676,billing,email,2025-03-11 01:33:29,44.6,True,0.34
TKT_3ACB3540,CUST_000816,billing,email,2025-10-29 22:09:09,25.1,True,0.91
TKT_7EC5A8A4,CUST_000964,account,phone,2026-04-03 22:53:13,37.7,True,0.37
TKT_26BF0AAF,CUST_000308,technical,phone,2025-06-14 15:46:10,56.6,False,-0.62
TKT_98AEFCDA,CUST_000722,account,chat,2026-03-30 15:14:58,64.0,True,0.16
TKT_CA80BBF1,CUST_000875,account,email,2025-07-13 06:29:43,15.8,True,-0.87
TKT_B4BBD13C,CUST_000787,technical,chat,2025-09-04 02:11:13,55.5,True,-0.76
TKT_E0190C3D,CUST_000839,technical,phone,2025-06-11 06:52:45,45.7,True,0.08
TKT_124F8BE4,CUST_000587,content,email,2025-05-29 12:25:14,31.5,True,-0.07
TKT_906DC607,CUST_000913,account,email,2025-07-19 06:13:04,34.9,False,-0.89
TKT_852B6232,CUST_000873,account,email,2025-03-02 15:36:42,39.0,True,-0.07
TKT_50B3EFF6,CUST_000256,account,email,2025-07-05 12:45:17,43.4,True,0.75
TKT_A382F204,CUST_000784,content,email,2025-06-17 15:41:41,50.4,True,-0.21
TKT_7B20B845,CUST_000969,billing,email,2026-04-01 06:01:21,31.0,True,0.18
TKT_F9B58FE9,CUST_000235,content,email,2026-01-27 14:45:54,11.1,True,-0.02
TKT_608FD5CF,CUST_000278,account,chat,2026-03-15 00:53:54,71.9,True,-0.53
TKT_2975EBAC,CUST_000042,account,email,2025-09-25 03:58:33,44.2,True,-0.35
TKT_B264951A,CUST_000049,account,chat,2026-02-04 16:29:09,55.1,True,-0.02
TKT_8CA04566,CUST_000651,technical,chat,2026-02-02 07:47:03,1.4,True,-0.88
TKT_C6E4A7FD,CUST_000879,content,chat,2025-06-29 03:28:50,19.8,True,-0.82
TKT_08B6BBA7,CUST_000506,content,chat,2026-02-08 05:01:04,15.6,True,-0.17
TKT_DB14AF7F,CUST_000461,billing,email,2026-02-23 22:47:49,29.0,True,-0.12
TKT_6D34ED17,CUST_000592,technical,email,2025-12-15 01:03:54,17.9,True,-0.16
TKT_3C1C6F2B,CUST_000120,technical,phone,2025-06-08 15:05:34,7.6,True,-0.37
TKT_EC835D50,CUST_000262,technical,chat,2026-03-21 01:37:58,50.6,True,0.54
TKT_782A32BF,CUST_000322,technical,email,2025-12-17 05:24:30,54.4,True,-0.73
TKT_CF57BD58,CUST_000891,content,chat,2025-07-23 15:04:11,53.6,False,-0.79
TKT_98D64F63,CUST_000765,billing,phone,2026-02-27 13:57:31,21.8,True,0.23
TKT_A7EF3273,CUST_000153,billing,email,2025-04-16 19:17:19,65.4,True,-0.86
TKT_917DEBA7,CUST_000498,account,email,2025-04-02 03:22:36,38.7,True,0.04
TKT_098FB0D7,CUST_000716,technical,phone,2025-10-23 04:25:22,5.2,True,0.25
TKT_D739E39B,CUST_000964,content,email,2026-04-06 04:33:05,16.9,True,-0.47
TKT_EBA4576C,CUST_000315,content,phone,2026-02-02 14:48:49,51.5,True,-0.67
TKT_7E7A963C,CUST_000768,billing,email,2025-08-13 02:15:03,37.1,True,-0.66
TKT_26069F82,CUST_000019,content,phone,2025-10-19 10:57:30,52.1,False,-0.2
TKT_A9BC670D,CUST_000167,content,phone,2026-03-26 17:46:53,71.7,False,0.09
TKT_DACB4216,CUST_000386,account,chat,2025-07-11 03:51:54,64.7,True,-0.21
TKT_8580D9FF,CUST_000214,technical,chat,2026-03-28 12:07:06,45.2,True,-0.08
TKT_F33C6191,CUST_000843,technical,phone,2026-03-11 17:33:38,11.2,True,-0.36
TKT_D5BCD97F,CUST_000757,content,email,2026-01-12 10:58:50,27.4,True,0.81
TKT_07B8DABE,CUST_000546,technical,email,2026-01-27 10:08:56,9.0,False,-0.9
TKT_E1455B39,CUST_000929,technical,phone,2026-02-25 04:30:53,25.0,False,0.75
TKT_4D6C700D,CUST_000016,account,email,2025-03-20 12:44:27,50.4,False,0.49
TKT_B2B6281E,CUST_000208,account,email,2026-03-01 08:26:01,3.0,True,-0.98
TKT_0CFF5F2C,CUST_000069,content,email,2025-03-19 18:46:39,46.0,True,-0.04
TKT_1ACA06FD,CUST_000829,account,phone,2025-01-31 15:48:02,42.8,False,0.21
TKT_C92A2784,CUST_000872,technical,email,2026-01-16 09:43:22,10.4,True,-0.25
TKT_467C5386,CUST_000061,account,phone,2024-05-27 04:26:28,61.4,True,0.06
TKT_04C70352,CUST_000587,content,chat,2026-01-15 23:00:34,7.6,True,-0.81
TKT_754135F4,CUST_000055,technical,chat,2026-04-09 05:01:58,44.0,True,-0.92
TKT_38364AC3,CUST_000323,content,phone,2024-12-17 23:16:22,46.2,True,0.21
TKT_BA5873B5,CUST_000434,technical,chat,2025-12-31 18:55:00,70.6,True,-0.73
TKT_E69E3386,CUST_000719,account,chat,2025-05-19 04:36:52,26.6,True,0.15
TKT_8A97B015,CUST_000774,billing,phone,2026-03-02 00:34:21,16.6,True,-0.72
TKT_434FCFA9,CUST_000166,account,email,2026-03-16 10:05:15,3.6,True,0.74
TKT_CCD76854,CUST_000012,billing,phone,2026-04-01 01:38:24,50.9,True,0.46
TKT_D89FE82F,CUST_000461,content,email,2026-01-26 09:10:20,31.4,False,0.43
TKT_9E49FBC8,CUST_000883,billing,chat,2025-11-06 18:58:50,17.7,True,-0.88
TKT_84CF5635,CUST_000358,technical,phone,2026-04-09 21:02:23,5.5,True,0.44
TKT_81949FF9,CUST_000326,account,chat,2026-01-23 03:34:08,57.7,True,0.97
TKT_8FC15423,CUST_000516,account,email,2026-01-23 12:07:18,5.8,True,0.7
TKT_281B6B97,CUST_000088,account,email,2025-10-17 18:43:13,32.6,True,-0.63
TKT_32F76D67,CUST_000160,billing,chat,2024-11-27 22:36:28,38.5,True,0.02
TKT_3499DC46,CUST_000715,technical,email,2026-02-20 12:17:03,57.6,True,-0.66
TKT_94CC1854,CUST_000682,billing,chat,2026-01-04 23:09:27,50.7,False,-0.86
TKT_08627C87,CUST_000306,content,chat,2025-02-06 15:18:30,2.0,True,-0.39
TKT_69DB176C,CUST_000550,content,chat,2025-11-01 07:01:30,22.4,False,-0.85
TKT_22C799FF,CUST_000280,billing,chat,2025-09-16 20:34:03,33.1,True,0.38
TKT_438DB574,CUST_000244,content,phone,2025-02-22 17:49:07,14.0,False,0.53
TKT_DD9036F6,CUST_000962,content,email,2025-12-30 11:04:49,71.8,False,-0.67
TKT_2FE9ACF4,CUST_000062,account,chat,2024-12-22 20:49:16,12.6,True,-0.4
TKT_507FACEC,CUST_000586,content,chat,2025-01-11 02:36:23,49.0,True,-0.0
TKT_0AD00680,CUST_000292,content,email,2026-03-15 02:42:08,34.9,True,-0.25
TKT_E50A2360,CUST_000242,technical,phone,2025-06-02 23:35:27,68.9,False,0.65
TKT_53909B5C,CUST_000953,technical,phone,2025-11-23 07:10:52,65.2,True,0.02
TKT_67C21279,CUST_000764,account,chat,2024-10-09 02:19:55,65.1,True,-0.64
TKT_8CAB624F,CUST_000627,account,chat,2025-12-08 11:06:17,31.3,True,-0.07
TKT_D8CE2CFD,CUST_000704,billing,email,2025-11-17 19:26:38,60.5,True,-0.31
TKT_1D71D648,CUST_000807,billing,phone,2025-10-21 21:40:48,64.0,False,0.9
TKT_4807234F,CUST_000699,technical,email,2026-01-28 01:45:48,44.4,True,-0.92
TKT_5A17F7A5,CUST_000401,billing,chat,2026-03-14 03:09:40,17.3,True,0.16
TKT_DE77E65B,CUST_000815,account,email,2025-10-16 08:36:59,61.8,True,-0.4
TKT_C36154A3,CUST_000886,account,email,2025-08-04 08:22:48,21.4,True,-0.27
TKT_5035B382,CUST_000975,content,email,2026-04-09 02:32:09,54.5,True,0.57
TKT_FEF58F2C,CUST_000112,content,phone,2025-10-13 12:50:31,60.9,True,-0.58
TKT_12953144,CUST_000120,content,phone,2025-03-06 07:29:50,59.3,True,0.58
TKT_6DDDFBC5,CUST_000953,billing,email,2026-03-12 09:35:07,35.5,True,0.73
TKT_D9561505,CUST_000840,billing,phone,2025-12-22 23:03:13,0.7,True,0.93
TKT_A5618EC2,CUST_000433,billing,email,2025-11-28 17:28:48,48.1,True,-0.03
TKT_7EDDEF46,CUST_000700,technical,phone,2026-02-06 04:00:15,65.0,True,0.09
TKT_B70D4049,CUST_000688,content,email,2026-03-03 19:51:47,71.3,True,0.02
TKT_F4A8EB3F,CUST_000838,content,email,2026-03-25 09:09:45,9.6,True,0.46
TKT_DE1195AE,CUST_000142,content,phone,2026-03-25 01:44:35,59.8,True,0.93
TKT_7248729E,CUST_000575,technical,email,2025-09-28 11:19:58,58.4,True,-0.57
TKT_2F8617FE,CUST_000449,billing,chat,2025-06-24 03:34:27,1.1,True,0.93
TKT_00D2204D,CUST_000093,billing,phone,2024-11-27 05:23:42,47.4,True,-0.96
TKT_DC530A7C,CUST_000465,billing,email,2024-11-15 20:07:47,22.4,True,-0.14
TKT_970D59A6,CUST_000542,content,phone,2025-12-17 09:02:35,24.9,True,-0.49
TKT_74286ED6,CUST_000871,content,chat,2026-02-12 01:17:32,69.9,True,0.62
TKT_61BF0335,CUST_000740,technical,phone,2025-07-29 19:38:37,62.9,True,0.79
TKT_817F89A3,CUST_000807,technical,chat,2025-11-20 17:53:03,34.2,True,0.26
TKT_BEF19835,CUST_000320,technical,email,2024-06-20 04:22:36,30.4,True,-0.65
TKT_FDE165B0,CUST_000485,technical,chat,2025-07-27 22:57:11,45.2,True,-0.02
TKT_B06A71C3,CUST_000000,content,phone,2025-09-02 04:44:37,46.8,False,0.55
TKT_1879703E,CUST_000338,technical,email,2026-04-04 17:40:32,58.0,True,0.86
TKT_1B8BDB55,CUST_000630,billing,phone,2025-02-01 23:15:45,53.0,True,0.29
TKT_28C83EB2,CUST_000035,billing,email,2025-09-26 11:56:19,46.4,True,-0.66
TKT_B2E7E6B0,CUST_000488,content,phone,2025-06-02 02:31:39,53.4,True,0.67
TKT_0E0D9001,CUST_000631,account,email,2025-05-08 01:52:07,14.7,True,-0.29
TKT_36088CD0,CUST_000361,account,chat,2025-04-19 14:08:14,26.9,False,-0.35
TKT_A0FE824F,CUST_000107,technical,phone,2025-05-13 15:18:07,26.9,True,0.67
TKT_2741A455,CUST_000344,content,email,2025-09-12 17:12:35,53.6,True,-0.18
TKT_A6139C4B,CUST_000610,account,phone,2026-01-06 20:19:56,27.3,True,0.87
TKT_3DA8A6D0,CUST_000254,billing,phone,2024-05-29 03:56:54,68.3,True,0.63
TKT_0173A539,CUST_000008,billing,chat,2026-02-27 02:06:04,25.7,True,-0.88
TKT_02268192,CUST_000571,content,email,2026-02-27 22:32:47,19.7,False,-0.95
TKT_925F9439,CUST_000184,billing,phone,2025-12-02 17:30:46,16.3,True,0.9
TKT_8B706306,CUST_000081,technical,phone,2026-01-18 00:30:58,49.8,True,-0.92
TKT_549358C7,CUST_000121,account,chat,2025-07-14 19:46:44,63.7,True,0.63
TKT_7F06A8BF,CUST_000747,billing,phone,2025-05-15 02:35:44,65.1,True,-1.0
TKT_D8031CDE,CUST_000139,technical,phone,2025-10-05 17:53:20,63.5,True,-0.61
TKT_CBF8DBCE,CUST_000314,technical,chat,2025-11-18 07:09:43,16.7,True,-0.24
TKT_82D2E146,CUST_000443,content,phone,2025-04-29 18:22:30,21.9,True,0.56
TKT_4C583C9D,CUST_000871,content,chat,2026-03-12 02:26:49,2.9,False,-0.85
TKT_5C7CF913,CUST_000309,billing,phone,2025-09-26 06:44:12,24.0,True,0.92
TKT_0082DEC7,CUST_000569,account,phone,2026-03-28 13:28:59,36.2,True,-0.4
TKT_3D93A806,CUST_000315,technical,phone,2026-03-31 17:25:11,15.2,True,0.23
TKT_CC49D2BD,CUST_000698,content,chat,2025-06-23 15:44:03,8.5,True,-0.6
TKT_7981722E,CUST_000202,billing,phone,2026-03-13 17:14:58,41.3,True,-0.19
TKT_0D9FFFBC,CUST_000558,content,chat,2026-04-11 07:37:37,49.9,True,0.6
TKT_B459D0CF,CUST_000671,account,email,2025-03-08 09:54:33,34.1,True,0.42
TKT_1C88C031,CUST_000646,billing,email,2025-02-23 19:01:35,3.0,True,0.19
TKT_84735016,CUST_000469,content,email,2025-11-03 12:35:39,43.5,True,0.23
TKT_34368AEC,CUST_000476,account,phone,2025-12-01 21:53:53,13.5,False,0.51
TKT_9E51BABF,CUST_000669,account,phone,2025-09-17 03:55:52,48.4,True,0.49
TKT_9658645D,CUST_000767,content,chat,2024-09-29 18:52:05,24.2,False,0.64
TKT_5FEA60B7,CUST_000219,technical,phone,2025-08-11 08:08:10,63.4,True,-0.97
TKT_47578C86,CUST_000816,billing,email,2025-11-02 18:51:33,60.3,True,-0.98
TKT_18E44B13,CUST_000895,account,chat,2025-08-03 23:13:49,49.0,False,-0.51
TKT_036D9B76,CUST_000971,account,phone,2025-08-06 07:37:42,23.3,True,-0.6
TKT_A268463C,CUST_000723,account,chat,2026-03-29 02:12:16,15.8,True,0.21
TKT_BC6E6A5A,CUST_000579,billing,phone,2024-06-21 14:53:48,27.3,True,0.14
TKT_6336687A,CUST_000863,content,email,2026-02-21 20:15:29,4.0,False,0.49
TKT_62FCAFAD,CUST_000073,billing,phone,2026-02-27 22:23:13,4.3,True,-0.1
TKT_AC8CF274,CUST_000774,content,email,2026-03-21 15:32:29,32.5,True,0.01
TKT_17351620,CUST_000422,account,email,2026-01-20 03:10:20,4.9,True,0.91
TKT_77F52775,CUST_000284,content,email,2024-10-05 06:39:02,1.8,True,-0.28
TKT_3A04AB70,CUST_000984,content,email,2026-01-31 18:18:49,58.3,True,-0.87
TKT_43B8110B,CUST_000005,technical,email,2025-06-17 02:47:31,63.4,True,0.56
TKT_D2285060,CUST_000734,content,chat,2026-03-30 17:43:03,62.2,True,0.87
TKT_76FAED9E,CUST_000763,technical,email,2026-02-06 09:43:46,71.8,False,0.7
TKT_DF6A4EC6,CUST_000518,content,email,2025-11-21 17:50:06,7.3,True,-0.51
TKT_FF9AE0CF,CUST_000899,billing,email,2026-01-29 18:25:37,58.3,True,-0.81
TKT_515A1C79,CUST_000142,content,chat,2026-03-19 18:34:45,31.9,True,-0.14
TKT_4C251649,CUST_000466,account,chat,2026-04-02 11:26:48,34.5,True,0.07
TKT_976B4AE5,CUST_000130,technical,chat,2025-04-15 01:14:57,30.3,False,0.65
TKT_A5DF2613,CUST_000323,technical,email,2025-09-01 17:19:08,22.1,True,-0.25
TKT_CEBBF67D,CUST_000414,billing,chat,2024-12-04 01:29:55,35.6,True,0.75
TKT_952E5108,CUST_000992,account,chat,2025-11-05 23:27:09,46.7,True,-0.99
TKT_A30C68AD,CUST_000858,content,email,2026-03-19 00:26:16,59.4,True,-0.04
TKT_1930AE95,CUST_000606,technical,chat,2026-04-02 16:06:46,68.2,True,-0.99
TKT_B3D0BAA0,CUST_000023,billing,chat,2026-02-25 05:29:56,51.5,True,0.21
TKT_F1725D08,CUST_000414,technical,chat,2025-11-11 11:03:45,61.6,True,-0.87
TKT_A2AF7C45,CUST_000423,content,chat,2025-10-15 14:04:18,16.0,True,0.92
TKT_715BBD9B,CUST_000630,content,email,2025-05-08 18:25:56,1.3,True,-0.02
TKT_96F3C73B,CUST_000835,technical,email,2024-12-29 00:19:45,21.4,True,0.84
TKT_8B68AB20,CUST_000028,account,email,2025-08-07 01:36:39,22.2,True,0.38
TKT_610BE7A3,CUST_000546,billing,phone,2026-01-07 09:35:17,11.1,True,-0.15
TKT_6EED43CF,CUST_000406,content,chat,2026-02-05 21:19:56,32.6,True,0.46
TKT_BEBD44A7,CUST_000300,billing,phone,2025-12-30 18:04:46,65.8,True,-0.86
TKT_A1F1562A,CUST_000923,billing,email,2025-10-30 06:38:03,35.9,True,-0.07
TKT_90C90956,CUST_000480,account,email,2026-01-03 14:41:45,46.3,True,-0.8
TKT_5A6F5364,CUST_000215,technical,phone,2026-02-26 02:30:22,66.5,True,-0.03
TKT_6EC498CE,CUST_000997,billing,chat,2025-11-23 15:52:51,25.5,True,-0.46
TKT_4F918FF5,CUST_000649,content,phone,2026-02-12 15:47:52,45.8,True,-0.88
TKT_BE594CE8,CUST_000512,technical,phone,2026-03-06 14:09:17,27.5,True,-0.76
TKT_4006F31D,CUST_000478,billing,chat,2025-10-10 04:47:01,34.5,True,-0.52
TKT_83AB2CD7,CUST_000000,content,email,2025-12-04 08:31:41,27.2,True,0.88
TKT_0DD97AB4,CUST_000725,billing,chat,2025-12-31 12:07:25,61.7,True,-0.27
TKT_87772BF7,CUST_000026,account,chat,2026-03-28 16:57:56,34.6,True,-0.11
TKT_6EAAFA82,CUST_000023,account,phone,2026-02-25 22:08:49,45.2,True,-0.73
TKT_FA09904D,CUST_000110,content,phone,2025-07-15 16:18:58,4.8,True,0.76
TKT_5BC27D90,CUST_000291,billing,chat,2025-11-08 10:04:05,40.5,True,-0.07
TKT_0896F3BE,CUST_000571,billing,phone,2026-02-18 09:45:42,41.3,True,0.99
TKT_1E42E33E,CUST_000972,content,email,2025-08-09 17:44:17,55.1,True,0.05
TKT_26780B3F,CUST_000584,account,chat,2026-03-06 04:44:43,69.1,True,0.72
TKT_41B7B687,CUST_000714,content,chat,2025-11-25 23:43:29,5.8,True,0.31
TKT_C6468344,CUST_000141,billing,chat,2026-01-23 08:35:57,8.2,False,0.55
TKT_F7371A2D,CUST_000655,content,email,2025-08-11 10:02:14,34.9,False,-0.28
TKT_C6C9D1F9,CUST_000168,technical,email,2025-05-17 06:39:04,16.5,False,0.29
TKT_3E4C0E2B,CUST_000661,content,email,2026-04-07 14:17:32,3.9,True,0.54
TKT_0448EA22,CUST_000382,account,email,2026-04-05 20:29:21,69.9,True,0.0
TKT_2068E659,CUST_000962,billing,email,2026-03-30 22:32:15,22.6,False,-0.76
TKT_16E0569C,CUST_000820,account,phone,2026-01-21 11:43:16,59.3,True,0.09
TKT_CB3D5241,CUST_000437,content,phone,2026-02-23 11:50:46,38.2,True,0.43
TKT_8D4D1ABA,CUST_000596,billing,chat,2026-03-09 09:00:30,9.1,True,0.27
TKT_3BA2B08E,CUST_000138,account,email,2025-06-23 17:58:29,5.3,True,-0.04
TKT_EA879D4E,CUST_000576,billing,phone,2026-01-27 07:56:08,14.4,True,-0.46
TKT_B34BA061,CUST_000931,technical,email,2025-11-18 10:11:41,64.6,True,0.82
TKT_9C26311F,CUST_000443,account,chat,2025-03-20 19:40:06,37.6,True,-0.31
TKT_F9BD111E,CUST_000439,account,chat,2025-12-26 12:20:21,61.6,True,0.8
TKT_847C06B2,CUST_000304,technical,phone,2026-03-11 19:30:50,35.3,False,-0.52
TKT_18D40E42,CUST_000848,content,phone,2025-03-16 19:16:04,8.5,True,-0.45
TKT_C26BBCBA,CUST_000157,account,chat,2025-06-27 02:52:15,63.9,False,0.37
TKT_AA42BD6C,CUST_000454,technical,email,2026-01-25 09:22:47,24.8,True,-0.29
TKT_1A23A9E4,CUST_000955,technical,email,2026-03-18 17:41:10,39.9,True,-0.68
TKT_EF51C9DB,CUST_000304,content,chat,2025-07-27 20:33:24,21.8,True,0.2
TKT_A24E9BA1,CUST_000402,billing,phone,2026-03-08 14:37:49,35.1,True,0.36
TKT_FDB7C44C,CUST_000335,account,chat,2025-02-18 14:31:09,2.9,True,-0.81
TKT_6E3F6694,CUST_000632,content,email,2025-12-03 16:41:32,60.4,True,0.77
TKT_BDEACB77,CUST_000830,account,chat,2026-04-07 06:41:27,71.2,True,-0.93
TKT_559568DC,CUST_000271,billing,phone,2026-02-22 07:59:11,36.0,False,0.76
TKT_D4D57B3D,CUST_000014,billing,phone,2025-11-16 10:37:08,39.0,True,0.71
TKT_99943015,CUST_000644,technical,email,2025-09-07 16:47:32,65.2,True,0.97
TKT_7065AC25,CUST_000361,content,email,2024-12-17 17:40:13,11.3,True,0.52
TKT_650B079F,CUST_000848,billing,phone,2025-12-24 12:20:08,35.0,True,0.35
TKT_8A271845,CUST_000241,billing,email,2025-08-11 05:16:12,24.1,False,0.65
TKT_E72C840E,CUST_000931,billing,email,2026-02-02 11:43:54,66.9,True,0.28
TKT_BE3A1A59,CUST_000320,billing,email,2026-01-15 17:32:35,67.1,True,-0.08
TKT_8CB05BAC,CUST_000596,technical,email,2026-03-18 10:15:28,31.2,True,-0.76
TKT_5FA46BE1,CUST_000689,account,email,2026-01-17 23:45:09,13.4,False,0.25
TKT_20896237,CUST_000259,technical,email,2025-11-15 01:46:45,66.2,True,-0.25
TKT_D15BD961,CUST_000618,billing,email,2025-03-04 20:44:20,66.0,True,-0.85
TKT_142D676E,CUST_000651,technical,phone,2026-02-13 14:55:43,58.3,True,-0.85
TKT_A76818F5,CUST_000687,account,phone,2025-07-04 18:24:42,19.8,True,-0.48
TKT_6B07A267,CUST_000143,billing,phone,2026-03-11 09:41:33,70.7,False,-0.34
TKT_31A59A59,CUST_000670,technical,chat,2026-01-04 05:39:59,42.6,False,0.2
TKT_7BDA8F23,CUST_000812,billing,phone,2025-07-15 05:08:18,39.6,False,-0.57
TKT_F39310FF,CUST_000125,billing,email,2025-07-15 14:39:25,50.9,False,0.37
TKT_EBE54FB0,CUST_000872,account,email,2025-04-09 05:59:45,46.5,False,0.69
TKT_CED57A31,CUST_000022,content,chat,2025-10-16 05:18:37,64.3,True,0.54
TKT_10879BDF,CUST_000474,billing,phone,2025-03-25 06:42:26,45.5,False,0.83
TKT_7A9C1A5F,CUST_000027,content,chat,2026-03-08 06:54:52,7.4,True,-0.13
TKT_8EDE124F,CUST_000389,billing,chat,2026-03-22 13:53:31,36.2,True,-0.38
TKT_8B98AE1C,CUST_000744,content,phone,2025-04-02 12:40:12,15.1,True,0.3
TKT_374C1505,CUST_000376,technical,email,2024-10-19 13:39:59,39.8,True,-0.56
TKT_C07627E7,CUST_000732,billing,email,2026-03-12 19:13:18,53.7,True,0.77
TKT_D9975589,CUST_000425,billing,phone,2025-01-30 20:53:50,39.6,False,-0.64
TKT_F30D2A41,CUST_000397,billing,chat,2025-11-07 13:10:15,70.2,True,0.17
TKT_5AD2E5AF,CUST_000691,content,chat,2026-03-17 09:49:54,2.6,True,0.27
TKT_F1B631F0,CUST_000713,billing,email,2024-08-17 06:28:49,53.9,True,0.38
TKT_D51814BE,CUST_000408,content,phone,2025-06-06 11:01:27,0.6,True,-0.16
TKT_681EE5B9,CUST_000816,billing,chat,2025-07-12 22:18:20,31.2,True,-0.77
TKT_82D13EA5,CUST_000346,technical,email,2025-04-04 20:02:08,67.0,True,0.53
TKT_EFF30EBA,CUST_000761,account,email,2025-05-08 22:16:53,53.3,True,-0.6
TKT_DE79DDA7,CUST_000646,technical,chat,2025-04-22 17:11:21,43.9,True,-0.4
TKT_84639249,CUST_000847,technical,chat,2025-09-07 14:54:04,28.0,False,-0.62
TKT_734E4D0A,CUST_000835,content,phone,2024-12-11 06:45:21,23.7,False,0.84
TKT_5F05805E,CUST_000744,account,phone,2025-07-01 15:01:55,23.9,False,-0.61
TKT_E25DC6EB,CUST_000889,account,email,2025-08-16 02:38:22,71.9,False,0.8
TKT_9C3235F8,CUST_000796,technical,email,2025-03-08 21:02:00,23.2,True,-0.14
TKT_2A0CCAE0,CUST_000142,account,phone,2026-03-19 04:27:33,36.1,True,-0.71
TKT_76B7D5FF,CUST_000217,account,email,2024-11-16 09:29:51,66.6,False,-0.78
TKT_A9852F7A,CUST_000591,content,email,2026-04-08 13:58:27,27.3,True,-0.1
TKT_55267FE3,CUST_000644,technical,chat,2025-09-17 21:20:34,28.3,True,0.87
TKT_15D35723,CUST_000051,technical,email,2026-04-07 14:59:12,53.0,True,0.65
TKT_D43D136F,CUST_000572,billing,chat,2026-02-28 16:32:02,70.4,True,0.55
TKT_E3A58057,CUST_000034,billing,chat,2025-10-28 09:12:44,45.7,True,0.1
TKT_FB0B96F4,CUST_000046,technical,chat,2026-03-21 16:12:19,3.6,True,0.44
TKT_11F31079,CUST_000100,technical,phone,2025-08-26 13:33:15,54.0,True,-0.91
TKT_D1C98868,CUST_000491,billing,chat,2026-02-05 20:17:15,47.9,True,0.22
TKT_0A35F2BE,CUST_000841,account,email,2026-02-06 23:06:11,62.7,True,0.83
TKT_3CAB6BCE,CUST_000951,content,phone,2024-12-13 02:13:44,25.2,True,-0.27
TKT_E90A3FF5,CUST_000408,technical,phone,2025-09-06 06:19:36,14.1,True,0.43
TKT_85BF0EC7,CUST_000017,account,phone,2026-04-03 12:14:17,34.6,True,0.32
TKT_ADEFAECF,CUST_000766,content,phone,2025-06-24 06:30:10,34.6,True,-0.35
TKT_CE21681E,CUST_000604,account,phone,2025-11-19 04:16:08,54.3,True,0.55
TKT_F13C7C7D,CUST_000442,account,chat,2025-10-02 18:30:57,7.8,True,-0.6
TKT_970CBE03,CUST_000348,billing,email,2025-05-10 19:27:15,25.3,True,-0.64
TKT_5511D477,CUST_000225,technical,chat,2025-09-09 18:06:25,51.9,True,0.58
TKT_57C52B1C,CUST_000091,billing,chat,2025-10-22 22:55:35,57.6,True,-0.34
TKT_94568982,CUST_000607,content,email,2024-10-28 15:12:00,67.3,True,-0.3
TKT_299B7EF0,CUST_000997,technical,chat,2025-04-14 15:57:40,67.0,True,0.71
TKT_50F91259,CUST_000791,technical,phone,2025-12-10 03:47:36,14.3,True,-0.66
TKT_782FCFF3,CUST_000696,content,chat,2025-06-17 16:09:49,60.7,True,-0.62
TKT_B18342B9,CUST_000170,billing,phone,2025-12-06 22:38:34,26.2,False,-0.9
TKT_33D0C723,CUST_000352,billing,email,2025-09-11 05:34:15,12.8,True,0.5
TKT_3CCC9BC7,CUST_000935,content,phone,2026-02-10 12:19:42,63.0,True,-0.65
TKT_47302DEC,CUST_000198,account,email,2026-04-03 04:11:43,57.0,True,0.08
TKT_E19D9A18,CUST_000308,account,chat,2025-09-18 10:20:13,60.5,True,-0.29
TKT_A3D0970F,CUST_000739,technical,chat,2026-04-02 23:33:53,20.3,True,-0.58
TKT_1FBF13B8,CUST_000007,technical,chat,2025-05-03 17:21:40,23.8,True,0.54
TKT_D5611F20,CUST_000581,account,email,2025-03-25 11:52:39,18.9,True,0.56
TKT_1AC16301,CUST_000890,billing,phone,2025-05-08 11:19:50,55.8,True,0.93
TKT_138F8596,CUST_000298,content,phone,2025-11-25 11:42:51,31.9,True,0.1
TKT_8638B9D9,CUST_000285,technical,phone,2025-05-18 13:06:23,45.6,False,0.57
TKT_4E6D69E2,CUST_000937,content,email,2025-07-03 11:17:52,11.8,True,0.67
TKT_DF632E35,CUST_000097,content,phone,2024-07-01 10:44:49,58.5,True,0.61
TKT_A97B4829,CUST_000433,technical,chat,2025-10-05 13:08:19,59.0,True,0.31
TKT_86F7AAF9,CUST_000240,account,email,2025-10-09 00:18:23,64.6,True,-0.2
TKT_E3EBB07F,CUST_000353,billing,chat,2025-09-19 12:52:10,46.9,True,0.78
TKT_12C13DE7,CUST_000296,content,phone,2025-12-06 07:56:41,70.7,True,-0.44
TKT_8EF8CAE7,CUST_000202,account,email,2025-10-27 23:10:20,3.5,True,-0.33
TKT_5D00DD66,CUST_000286,billing,email,2026-01-05 12:23:44,38.2,False,0.04
TKT_3CD8EA97,CUST_000885,technical,email,2026-04-09 06:54:10,51.4,True,0.05
TKT_5F576503,CUST_000744,account,email,2024-11-06 02:29:10,56.4,True,0.8
TKT_A44F7D32,CUST_000896,account,email,2024-11-17 18:24:42,18.5,True,0.12
TKT_6736540E,CUST_000830,billing,phone,2026-04-10 23:25:34,70.3,True,-0.93
TKT_3A08903E,CUST_000660,content,phone,2025-11-30 17:43:40,17.7,True,0.65
TKT_4A28EF51,CUST_000103,content,phone,2025-04-07 02:24:16,28.9,True,0.94
TKT_1D57A0D3,CUST_000507,technical,phone,2025-03-10 09:22:20,23.2,False,-0.45
TKT_F2902836,CUST_000955,billing,phone,2024-10-17 23:54:23,1.0,False,-0.88
TKT_68EA66B4,CUST_000791,technical,email,2026-02-28 15:20:45,8.2,True,0.77
TKT_8E525745,CUST_000140,technical,email,2026-02-24 03:22:57,38.1,True,-0.98
TKT_CE3793FF,CUST_000330,billing,email,2026-02-11 03:59:04,12.4,True,-0.28
TKT_32334CF0,CUST_000932,technical,phone,2026-02-17 01:36:44,48.8,False,-0.18
TKT_275EAE54,CUST_000696,content,email,2026-01-22 20:24:18,20.0,False,-0.25
TKT_72A1C62A,CUST_000696,content,email,2024-08-12 19:38:00,33.8,True,-0.35
TKT_7AF00555,CUST_000626,technical,email,2026-03-03 08:24:46,71.2,True,0.78
TKT_A3BC905D,CUST_000969,billing,phone,2026-03-30 11:56:38,60.1,True,-0.14
TKT_08320E82,CUST_000277,content,phone,2026-04-02 17:33:11,1.7,True,0.58
TKT_89175EFF,CUST_000755,content,email,2025-07-20 13:02:11,52.4,True,0.93
TKT_0246BD54,CUST_000027,technical,email,2026-02-12 06:56:52,11.3,True,-0.04
TKT_41778439,CUST_000102,content,chat,2024-08-22 23:51:29,11.5,False,0.75
TKT_F2C665CB,CUST_000472,account,email,2026-04-04 22:11:18,40.6,True,-0.96
TKT_BE8DEAB2,CUST_000875,account,chat,2025-12-29 06:31:09,68.1,False,-0.72
TKT_1D07C7A2,CUST_000184,account,phone,2025-12-02 04:14:27,50.6,True,0.4
TKT_31E060F6,CUST_000323,account,phone,2025-05-08 14:31:01,48.4,False,-0.42
TKT_7B98225B,CUST_000988,technical,email,2026-03-29 14:13:59,31.3,False,-0.02
TKT_7EA10923,CUST_000632,billing,email,2026-03-13 10:31:38,37.2,True,0.2
TKT_255961BA,CUST_000741,account,chat,2026-01-01 08:38:32,8.5,True,0.06
TKT_A76B5161,CUST_000586,technical,chat,2025-05-21 18:09:50,12.3,True,-0.3
TKT_D9950993,CUST_000319,billing,email,2025-10-29 14:46:26,63.9,True,0.71
TKT_DD7547F3,CUST_000529,content,phone,2024-08-14 02:44:17,17.7,True,-0.54
TKT_9799286B,CUST_000758,account,phone,2025-10-16 14:04:47,67.6,True,0.05
TKT_66352741,CUST_000134,technical,email,2025-05-07 17:47:43,28.1,False,-0.98
TKT_D96FEAB6,CUST_000384,account,chat,2025-03-31 11:07:59,53.2,True,-0.58
TKT_FE3EB17D,CUST_000211,account,phone,2026-04-10 18:27:24,70.3,False,0.52
TKT_508C2EB2,CUST_000184,content,email,2026-02-22 21:04:34,5.5,True,0.34
TKT_15B19F1B,CUST_000391,content,email,2026-02-25 04:28:08,52.0,True,-0.28
TKT_FDF4C460,CUST_000050,billing,phone,2026-04-08 09:30:01,52.2,True,0.57
TKT_91EB684B,CUST_000196,billing,phone,2026-04-10 20:36:56,36.3,True,-0.33
TKT_60206EEB,CUST_000445,billing,email,2026-04-09 06:38:12,61.0,True,0.02
TKT_E6E33A71,CUST_000358,billing,email,2026-03-20 14:54:30,15.7,True,0.52
TKT_7513B11D,CUST_000927,technical,phone,2026-01-01 16:29:19,59.4,True,0.43
TKT_A62894D7,CUST_000700,technical,phone,2026-03-08 09:07:33,61.7,False,0.8
TKT_668F70E8,CUST_000653,billing,chat,2026-04-06 05:03:23,15.3,True,0.77
TKT_5DFA1DD3,CUST_000990,account,chat,2025-09-05 16:31:36,28.2,True,-0.63
TKT_43F3ABE3,CUST_000533,content,chat,2026-03-15 05:16:54,33.5,True,0.58
TKT_7982569E,CUST_000688,technical,phone,2025-12-04 08:27:52,64.1,True,-0.21
TKT_96A59F62,CUST_000564,billing,phone,2025-10-12 20:07:27,23.9,False,-0.18
TKT_FBCF2F3B,CUST_000083,technical,chat,2024-11-05 16:44:38,37.7,True,-0.55
TKT_1A389E38,CUST_000781,account,phone,2025-04-13 23:37:16,41.4,True,0.81
TKT_C6050618,CUST_000445,technical,phone,2025-03-25 13:29:27,51.0,True,-0.07
TKT_ED96D406,CUST_000795,technical,chat,2026-03-24 02:17:13,14.9,True,0.57
TKT_C2F77487,CUST_000776,content,email,2026-04-04 15:22:12,23.9,True,0.7
TKT_E48EBE58,CUST_000761,account,chat,2025-09-26 22:37:03,24.0,True,-0.89
TKT_E25769FF,CUST_000398,account,chat,2025-04-01 05:19:19,6.6,True,0.63
TKT_92713217,CUST_000016,billing,email,2025-03-31 05:01:43,51.8,True,0.55
TKT_6E7C12B5,CUST_000921,technical,chat,2025-12-28 07:09:06,45.6,True,0.64
TKT_6B2762A8,CUST_000057,content,chat,2026-03-20 08:20:46,52.8,True,-0.34
TKT_D84CFD9F,CUST_000345,technical,phone,2026-03-09 18:35:51,54.7,True,0.83
TKT_8C12DAED,CUST_000610,billing,email,2026-02-21 05:52:56,43.0,True,0.08
TKT_6FEBCC44,CUST_000284,account,chat,2024-11-29 04:54:14,57.0,True,0.38
TKT_E27125F4,CUST_000196,content,email,2026-04-10 01:57:22,28.8,True,0.89
TKT_556B6D56,CUST_000225,content,phone,2026-01-21 10:13:39,49.1,True,-0.32
TKT_0F6D47F8,CUST_000844,account,chat,2025-02-05 23:31:41,53.9,False,0.79
TKT_98F8FA57,CUST_000983,content,email,2026-01-28 01:08:30,0.9,True,0.73
TKT_3C7AF168,CUST_000444,account,email,2026-04-04 02:48:02,17.6,True,-0.31
TKT_C43713DA,CUST_000914,technical,chat,2025-10-01 23:43:43,43.6,True,0.61
TKT_22F4DBEF,CUST_000482,technical,phone,2025-06-27 16:22:35,32.9,True,0.97
TKT_6FD48EA7,CUST_000428,account,chat,2025-10-16 14:54:38,54.5,True,-0.09
TKT_1EE7D6E7,CUST_000162,content,email,2026-04-07 05:08:41,57.9,True,-0.11
TKT_EC049B14,CUST_000484,billing,phone,2025-10-12 21:12:07,41.5,True,-0.26
TKT_81D2B1B2,CUST_000652,account,chat,2025-02-12 13:54:13,22.7,True,-0.23
TKT_B4F2812B,CUST_000542,billing,chat,2026-04-11 12:45:38,9.6,True,-0.4
TKT_E7694985,CUST_000728,content,phone,2025-10-20 17:40:31,32.4,True,0.31
TKT_21B32C87,CUST_000878,account,chat,2025-06-11 19:00:58,21.1,True,-0.61
TKT_42C4F4B9,CUST_000761,billing,chat,2025-03-31 21:02:46,31.7,True,0.53
TKT_7F8CC004,CUST_000981,billing,chat,2025-08-19 00:45:03,25.3,True,-0.17
TKT_21D80A88,CUST_000960,billing,phone,2025-03-08 23:11:33,15.1,True,-0.97
TKT_301A4FC9,CUST_000838,content,phone,2026-03-29 02:08:31,43.6,True,-0.4
TKT_906EC813,CUST_000470,billing,chat,2025-09-23 20:33:15,33.7,True,-0.58
TKT_0E30F84A,CUST_000782,technical,email,2026-03-29 23:03:02,63.3,True,-0.78
TKT_210CFDF1,CUST_000979,content,email,2025-02-07 01:47:26,16.4,True,-0.19
TKT_D3E54D82,CUST_000195,technical,email,2025-05-17 03:29:25,24.7,True,-0.32
TKT_11DB4ED2,CUST_000392,content,phone,2025-01-21 15:07:15,66.2,True,1.0
TKT_D42BD760,CUST_000654,technical,chat,2025-11-11 15:49:58,11.4,True,-0.43
TKT_B9015965,CUST_000090,account,phone,2025-08-22 03:42:26,45.3,True,-0.36
TKT_B88A4131,CUST_000424,billing,chat,2025-04-14 16:34:27,30.2,True,-0.2
TKT_3311A5F7,CUST_000219,technical,email,2026-03-12 03:06:49,62.4,True,0.19
TKT_A0F428FF,CUST_000875,content,email,2026-02-08 22:27:07,4.6,True,0.91
TKT_AD188D78,CUST_000127,billing,chat,2025-12-26 12:18:26,8.8,True,0.5
TKT_655CEE99,CUST_000491,content,chat,2025-01-03 20:59:51,57.9,True,-0.4
TKT_5C7AD929,CUST_000543,account,chat,2024-12-19 15:35:51,7.4,True,-0.88
TKT_F920D13E,CUST_000515,content,phone,2026-02-26 09:36:01,55.2,False,0.23
TKT_BF9E9F5C,CUST_000952,content,chat,2026-02-13 05:55:24,9.9,True,0.72
TKT_81F2836B,CUST_000631,content,phone,2026-03-15 17:32:42,14.2,True,0.37
TKT_98F3D9CD,CUST_000870,account,phone,2025-07-19 23:28:27,3.0,True,0.11
TKT_3214292B,CUST_000458,account,phone,2025-05-10 01:24:54,60.3,False,0.27
TKT_A6C4A74D,CUST_000624,content,phone,2025-03-12 19:32:05,65.6,True,0.6
TKT_B2CB0B43,CUST_000615,content,chat,2024-09-22 14:24:00,55.8,True,-0.59
TKT_DADB38D9,CUST_000724,account,chat,2025-10-13 22:22:20,51.8,True,-0.46
TKT_F9AB08F1,CUST_000764,account,phone,2025-03-04 16:20:37,6.5,True,-0.16
TKT_164BEF39,CUST_000304,billing,phone,2024-11-19 03:23:47,51.1,True,0.13
TKT_2E13585F,CUST_000926,content,chat,2025-05-07 12:15:30,12.7,True,0.83
TKT_3C562BE2,CUST_000030,account,chat,2025-02-12 08:32:57,49.9,True,-0.76
TKT_D8156BD1,CUST_000324,billing,phone,2026-03-06 02:33:44,22.4,True,0.33
TKT_1AA436E9,CUST_000192,account,phone,2026-03-01 08:21:09,40.4,True,-0.27
TKT_EFEDA508,CUST_000991,content,chat,2025-12-26 22:01:38,59.4,False,-0.36
TKT_DA662152,CUST_000658,billing,email,2026-02-09 23:27:06,19.5,True,-0.79
TKT_5E6FE446,CUST_000659,account,phone,2025-09-01 13:37:41,37.2,False,-0.76
TKT_D5A32421,CUST_000893,technical,phone,2026-03-28 11:17:41,9.9,True,0.93
TKT_E37EE60E,CUST_000932,account,email,2026-01-22 13:25:44,65.2,True,0.74
TKT_E54EADAF,CUST_000480,billing,email,2025-08-01 00:30:55,5.5,True,-0.48
TKT_B17AFFDB,CUST_000025,billing,chat,2026-04-08 15:43:13,6.3,True,-0.99
TKT_8BDA40D3,CUST_000337,technical,phone,2025-11-29 00:53:37,56.1,True,0.63
TKT_11F6CAD3,CUST_000212,account,phone,2026-01-29 13:41:07,69.6,True,0.82
TKT_7CC55CDB,CUST_000943,technical,email,2025-12-23 12:01:28,27.9,True,-0.31
TKT_3D786F80,CUST_000482,account,phone,2025-09-10 18:28:48,63.0,True,0.18
TKT_DA1C473D,CUST_000443,billing,phone,2025-03-17 01:49:09,39.4,True,-0.68
TKT_87270262,CUST_000886,technical,email,2024-11-05 10:26:27,46.6,False,-0.1
TKT_135D2F2C,CUST_000809,technical,chat,2024-12-17 13:58:28,46.4,True,0.06
TKT_E6A66FE7,CUST_000297,account,chat,2025-04-12 10:04:36,50.9,True,-0.31
TKT_50ECFBE1,CUST_000311,billing,phone,2025-11-20 10:25:04,23.5,False,0.67
TKT_B550D613,CUST_000108,billing,phone,2024-10-05 06:54:19,34.2,True,0.41
TKT_BA5A6F89,CUST_000369,account,phone,2025-08-08 09:28:38,11.8,False,0.78
TKT_DC67089F,CUST_000809,content,chat,2025-07-03 03:59:32,33.9,True,0.97
TKT_01BAC34F,CUST_000846,billing,email,2025-09-14 16:38:20,21.3,True,0.79
TKT_A36732E4,CUST_000697,content,email,2026-04-09 03:51:56,65.6,True,-0.92
TKT_E5A84676,CUST_000795,billing,phone,2026-03-27 16:53:45,68.4,False,-0.12
TKT_B3AB71CC,CUST_000778,content,phone,2024-11-30 19:17:19,23.0,True,0.31
TKT_1A9FC569,CUST_000057,account,chat,2025-11-26 09:13:34,42.4,True,-0.73
TKT_BCB2DC29,CUST_000468,billing,phone,2025-02-06 17:58:20,14.7,True,0.39
TKT_E97BC3AF,CUST_000666,billing,phone,2026-03-31 22:03:11,35.0,True,0.7
TKT_B8530270,CUST_000219,technical,phone,2025-08-12 22:13:46,51.6,False,-0.98
TKT_C82ABE6E,CUST_000723,technical,chat,2025-05-08 23:26:34,57.4,True,-0.38
TKT_AE1CE4B0,CUST_000712,technical,phone,2024-07-27 17:56:56,14.9,False,0.66
TKT_D3DF1470,CUST_000054,account,chat,2025-06-20 19:34:03,68.6,True,0.23
TKT_48FA9967,CUST_000779,billing,phone,2025-10-09 19:20:15,67.9,True,0.39
TKT_D3EF9627,CUST_000008,content,email,2026-03-16 21:03:37,33.6,True,-0.42
TKT_8F0F103E,CUST_000857,account,phone,2025-08-17 05:46:41,29.8,True,0.63
TKT_B57CFCC1,CUST_000081,technical,email,2026-01-02 15:34:57,56.0,True,-0.87
TKT_6750CE75,CUST_000996,content,chat,2024-12-30 07:57:04,1.5,True,-0.21
TKT_55A40893,CUST_000406,technical,email,2025-10-07 01:41:20,72.0,True,0.73
TKT_8A2D7C6E,CUST_000232,billing,phone,2024-11-06 03:20:43,71.5,True,0.28
TKT_F757BF0B,CUST_000853,account,phone,2026-02-25 17:53:47,28.1,False,-0.1
TKT_FA40D3E2,CUST_000676,billing,email,2026-01-21 22:44:32,64.2,True,-0.04
TKT_E7108453,CUST_000839,technical,phone,2025-08-02 13:17:07,67.0,False,-0.81
TKT_1D9E57A0,CUST_000021,content,phone,2025-11-11 03:48:15,12.4,True,-0.17
TKT_59DFBF89,CUST_000202,technical,chat,2025-04-17 08:12:44,9.2,False,-0.66
TKT_4990C02E,CUST_000704,content,email,2024-12-24 16:13:19,39.1,False,-0.96
TKT_B526AFF0,CUST_000495,billing,phone,2026-04-09 17:19:15,70.9,True,0.42
TKT_193CDC12,CUST_000588,technical,phone,2026-04-04 02:48:08,45.0,True,0.04
TKT_126E6775,CUST_000743,content,email,2026-03-01 18:11:34,31.0,True,-0.3
TKT_CE5AA622,CUST_000122,technical,chat,2025-12-13 08:30:55,36.3,True,0.65
TKT_CD3FC7B0,CUST_000691,content,phone,2026-03-31 12:01:27,60.7,True,-0.78
TKT_B7DFA8BA,CUST_000776,account,email,2026-04-10 14:34:55,20.3,False,0.63
TKT_99BB73E5,CUST_000613,billing,email,2025-02-25 00:35:23,2.1,True,-0.92
TKT_3F563A4B,CUST_000845,content,phone,2025-10-20 05:42:28,50.7,False,-0.82
TKT_9858CB2D,CUST_000318,technical,chat,2026-02-17 06:17:43,55.8,True,-0.04
TKT_15ADE445,CUST_000720,account,email,2026-01-10 23:51:24,49.2,True,0.96
TKT_C401F12E,CUST_000732,billing,phone,2026-02-10 15:02:39,53.2,True,0.09
TKT_D0290CE2,CUST_000559,content,chat,2026-03-13 08:26:25,44.0,True,0.32
TKT_F9DFFF6D,CUST_000024,billing,chat,2025-05-26 09:27:16,41.1,True,0.31
TKT_F414D0B5,CUST_000825,content,phone,2025-11-29 15:14:30,0.5,True,0.16
TKT_6F9C3399,CUST_000861,account,chat,2025-07-22 11:24:33,27.4,True,0.01
TKT_303903E0,CUST_000207,account,phone,2026-04-10 04:41:09,44.5,True,0.84
TKT_C05AA542,CUST_000259,content,phone,2025-11-10 10:44:00,32.2,True,-0.19
TKT_B06B410E,CUST_000454,content,chat,2026-03-12 06:33:22,36.7,True,-0.54
TKT_44824D6D,CUST_000063,billing,email,2025-07-11 00:16:29,13.9,True,-0.31
TKT_7B4E8558,CUST_000799,billing,chat,2025-07-21 19:30:52,54.6,True,-0.67
TKT_D915629C,CUST_000846,account,email,2026-02-02 19:08:34,14.5,False,0.83
TKT_09261F41,CUST_000965,technical,email,2025-11-23 19:30:15,21.1,True,0.32
TKT_B3CAF8EF,CUST_000564,content,email,2026-02-01 05:18:43,67.1,True,0.8
TKT_9BD057F9,CUST_000309,account,phone,2025-10-30 19:13:48,36.7,True,0.26
TKT_8B585F11,CUST_000638,account,phone,2026-01-22 16:04:53,56.4,True,-0.71
TKT_60D70AEC,CUST_000501,billing,chat,2026-02-13 00:51:56,15.6,True,0.03
TKT_3B8807A5,CUST_000557,technical,chat,2025-10-14 21:43:34,56.2,True,-0.86
TKT_49B62119,CUST_000893,content,phone,2026-02-04 18:49:41,63.4,True,-0.75
TKT_DF9DCD28,CUST_000060,technical,email,2025-08-19 17:09:44,33.5,True,0.27
TKT_1DABF921,CUST_000949,account,phone,2025-12-31 06:52:48,22.1,True,-0.97
TKT_C846FE11,CUST_000049,technical,chat,2025-08-22 23:48:26,19.1,True,0.61
TKT_B3E51507,CUST_000467,technical,phone,2026-01-06 18:45:16,66.3,True,-0.98
TKT_72CCA8C9,CUST_000437,technical,email,2026-04-02 15:40:10,53.8,True,-0.7
TKT_B473996B,CUST_000317,content,chat,2026-03-23 21:58:15,15.0,True,0.9
TKT_6D466847,CUST_000509,technical,chat,2026-01-18 04:28:05,29.7,True,0.26
TKT_3D6EE1EC,CUST_000432,content,phone,2026-01-17 06:15:24,68.0,True,-0.31
TKT_7FE4C005,CUST_000241,account,chat,2025-09-24 16:37:45,45.4,True,0.75
TKT_7761D5CB,CUST_000775,content,email,2025-11-08 17:11:57,29.7,True,0.93
TKT_34BC223A,CUST_000914,account,chat,2025-08-04 23:08:55,19.0,True,-0.77
TKT_00DAB872,CUST_000576,content,phone,2026-03-03 17:55:18,68.1,True,0.82
TKT_CAB3FDC3,CUST_000919,technical,chat,2025-01-03 17:32:33,68.5,True,-0.03
TKT_A3F6F05C,CUST_000104,content,chat,2026-02-02 09:13:07,8.7,True,0.76
TKT_227375F5,CUST_000090,billing,email,2026-02-05 09:12:38,18.4,True,-0.76
TKT_26159111,CUST_000847,account,chat,2025-11-19 22:28:21,54.2,True,-0.88
TKT_85719237,CUST_000309,content,phone,2025-11-25 22:13:27,31.2,True,-0.22
TKT_2933DBD0,CUST_000477,billing,chat,2025-07-28 05:10:24,69.3,True,1.0
TKT_6AF87228,CUST_000480,content,email,2025-02-25 19:57:58,50.6,True,-0.04
TKT_045E4866,CUST_000553,content,chat,2025-06-18 19:01:37,68.7,True,-0.52
TKT_BA338886,CUST_000596,technical,email,2026-02-17 14:08:34,43.3,True,-0.2
TKT_060851AC,CUST_000583,technical,chat,2024-12-05 20:57:06,65.0,True,0.82
TKT_1669C0E5,CUST_000500,content,phone,2025-11-18 03:47:58,11.3,True,0.29
TKT_E1E0A0AE,CUST_000872,technical,email,2025-06-13 22:55:01,40.5,False,-0.28
TKT_B7FBE2C2,CUST_000807,technical,email,2025-09-01 18:07:54,22.1,True,-0.2
TKT_FB1B4EE2,CUST_000667,account,phone,2025-09-20 22:51:03,53.5,True,-0.23
TKT_72FB158E,CUST_000113,technical,email,2025-08-27 11:22:48,29.8,True,-0.25
TKT_CBCE4885,CUST_000943,content,chat,2025-11-29 13:37:31,65.3,False,-0.15
TKT_EE1C3A2F,CUST_000100,technical,phone,2026-03-27 09:57:48,33.3,True,0.2
TKT_AEBBAB4C,CUST_000908,content,email,2025-12-27 05:03:44,18.8,True,-0.27
TKT_E75588FA,CUST_000432,account,phone,2025-11-28 21:19:50,30.8,True,-0.88
TKT_CB8CFC4F,CUST_000012,account,phone,2025-08-26 21:53:37,10.1,True,0.71
TKT_196EF408,CUST_000633,account,phone,2026-01-05 20:07:06,16.9,False,-0.22
TKT_56B72D17,CUST_000592,billing,phone,2025-05-16 07:22:17,26.2,True,0.59
TKT_BB58BF27,CUST_000734,content,phone,2025-08-20 20:44:44,17.8,True,0.77
TKT_A21C7317,CUST_000636,technical,email,2026-01-21 05:08:41,32.8,True,0.32
TKT_79035EDA,CUST_000558,technical,phone,2026-03-31 18:50:55,50.1,True,-0.41
TKT_1E9DF188,CUST_000453,content,email,2024-09-17 07:04:12,50.2,False,0.72
TKT_862AE335,CUST_000888,content,phone,2025-12-15 00:37:59,51.0,True,0.15
TKT_3A186FED,CUST_000762,account,chat,2025-12-17 06:37:11,19.9,True,0.87
TKT_B14E76E7,CUST_000787,account,chat,2025-08-30 02:41:57,33.1,True,0.09
TKT_32BA1B65,CUST_000626,technical,chat,2026-03-13 15:55:31,5.5,False,0.98
TKT_E025117F,CUST_000242,billing,phone,2025-04-24 21:15:34,37.3,True,0.52
TKT_011B52A8,CUST_000317,content,phone,2025-12-20 19:28:17,7.0,True,0.83
TKT_A560852F,CUST_000146,technical,chat,2026-02-09 15:37:44,54.5,True,0.81
TKT_FD10B50F,CUST_000488,billing,email,2026-03-31 18:02:43,20.7,True,-0.35
TKT_E6F62849,CUST_000069,account,phone,2025-08-20 05:13:45,58.6,True,0.11
TKT_EF447A6B,CUST_000928,content,chat,2026-04-06 23:20:33,57.0,True,0.89
TKT_98E380BA,CUST_000341,technical,chat,2025-04-17 12:09:10,38.6,True,0.68
TKT_938BD1B9,CUST_000040,technical,chat,2025-08-06 19:18:01,48.1,True,-1.0
TKT_CCB42C08,CUST_000662,content,email,2026-03-11 18:40:38,24.9,True,-0.07
TKT_2C8F5F13,CUST_000266,technical,chat,2025-03-27 08:26:54,7.7,True,0.42
TKT_840B5387,CUST_000637,content,chat,2025-09-18 06:22:32,71.0,False,-0.85
TKT_CB4C8FF5,CUST_000777,billing,phone,2024-12-26 11:26:25,60.1,True,-0.96
TKT_641D436E,CUST_000393,content,chat,2025-04-03 08:30:53,8.6,True,-0.54
TKT_3A013E52,CUST_000559,billing,phone,2025-08-20 14:25:48,26.0,True,-0.21
TKT_1237FA70,CUST_000506,technical,email,2026-01-05 22:40:28,32.7,True,-0.79
TKT_BD5C1A43,CUST_000360,billing,email,2025-10-22 12:52:46,20.4,True,-0.6
TKT_B66BE6AE,CUST_000898,account,chat,2025-10-04 13:51:38,8.8,True,-0.37
TKT_4C0DBCA9,CUST_000498,billing,phone,2024-10-25 23:14:13,66.6,False,-0.32
TKT_61A922C2,CUST_000596,billing,phone,2026-02-21 08:31:05,6.2,True,-0.52
TKT_DC89F159,CUST_000577,billing,chat,2025-10-16 21:56:31,59.0,False,0.34
TKT_6747B2E6,CUST_000807,content,phone,2025-10-31 07:04:23,42.4,True,0.3
TKT_0952B885,CUST_000441,billing,chat,2026-03-18 02:26:56,1.3,True,0.42
TKT_7B913E92,CUST_000263,billing,email,2025-07-26 10:55:52,69.7,True,-0.22
TKT_C1539734,CUST_000686,content,email,2025-11-24 22:41:38,7.3,True,-0.95
TKT_1850847E,CUST_000075,content,chat,2026-03-10 05:21:21,37.7,True,-0.89
TKT_71DC3A85,CUST_000789,content,email,2026-02-06 17:56:51,14.8,False,0.29
TKT_C4BDF247,CUST_000323,billing,phone,2025-07-10 13:18:38,4.1,True,-0.44
TKT_EAC66525,CUST_000380,technical,phone,2025-10-05 12:41:34,62.0,True,0.37
TKT_925375BC,CUST_000748,content,phone,2025-10-31 07:22:04,18.3,True,-0.76
TKT_7344D9ED,CUST_000564,content,phone,2026-01-17 14:47:53,50.2,True,0.09
TKT_C29DECFE,CUST_000226,content,phone,2025-11-14 17:56:22,32.9,True,-0.2
TKT_277C58E4,CUST_000356,billing,email,2025-11-09 10:03:22,7.1,False,-0.09
TKT_A32A2489,CUST_000198,technical,email,2026-03-22 08:18:56,18.3,True,-0.91
TKT_980E869C,CUST_000715,content,email,2025-04-29 07:09:29,38.9,False,-0.77
TKT_9CDF56C0,CUST_000067,technical,phone,2026-03-24 20:47:33,63.2,True,-0.86
TKT_D2EA9565,CUST_000308,billing,email,2025-12-17 10:15:17,59.2,True,0.67
TKT_2284A8BE,CUST_000210,technical,email,2025-12-28 11:04:46,58.9,True,0.44
TKT_5BA5A8A6,CUST_000616,account,phone,2024-11-04 04:58:32,5.6,True,-0.22
TKT_1E22C7EE,CUST_000932,billing,email,2026-01-05 03:42:52,53.3,True,-0.66
TKT_E214F4FD,CUST_000299,technical,chat,2025-11-28 15:52:07,18.5,True,0.35
TKT_F3F968BE,CUST_000699,content,chat,2026-01-14 13:16:03,29.4,True,0.26
TKT_0B58FD4E,CUST_000085,billing,chat,2026-03-31 11:08:23,17.8,True,0.49
TKT_CA29461E,CUST_000749,billing,phone,2026-02-14 09:38:36,36.3,True,0.03
TKT_240B6229,CUST_000019,technical,chat,2025-12-18 09:32:10,59.8,True,0.72
TKT_36B9F43F,CUST_000300,content,email,2026-02-02 04:54:41,20.3,True,-0.85
TKT_94FF059E,CUST_000039,content,phone,2025-07-25 19:52:22,58.5,True,-0.09
TKT_CB8EC1A1,CUST_000131,account,email,2025-12-04 11:43:17,45.2,True,-0.24
TKT_6A50758C,CUST_000737,content,email,2026-02-11 21:15:00,12.2,True,0.57
TKT_EC5F813F,CUST_000922,content,chat,2026-03-19 14:21:13,9.5,True,0.59
TKT_548FC9F4,CUST_000605,technical,chat,2024-12-05 03:06:10,58.4,True,0.88
TKT_31ADA336,CUST_000159,account,chat,2026-04-06 18:42:49,14.5,True,0.68
TKT_1814F99C,CUST_000248,account,chat,2025-10-07 05:42:01,51.7,True,0.27
TKT_AC32B2E2,CUST_000083,account,chat,2025-10-26 00:14:23,18.5,True,-0.52
TKT_7C5CA2B6,CUST_000758,content,chat,2026-03-18 10:01:07,7.7,True,-0.11
TKT_8F5F214B,CUST_000760,technical,chat,2025-05-05 11:43:31,0.7,True,-0.31
TKT_5E16F694,CUST_000607,billing,phone,2025-05-18 20:33:00,16.0,True,0.85
TKT_0B53121B,CUST_000525,billing,phone,2025-06-20 13:48:20,31.4,True,-0.72
TKT_BCC918A7,CUST_000414,technical,email,2025-12-25 13:37:18,66.5,True,0.88
TKT_A678DBBF,CUST_000863,content,phone,2026-03-20 10:22:19,41.1,True,0.79
TKT_791C11B7,CUST_000800,technical,phone,2026-02-05 18:42:34,14.6,True,0.97
TKT_7CC6729E,CUST_000145,technical,email,2026-01-09 01:38:35,41.1,True,-0.84
TKT_48CA87D9,CUST_000526,content,email,2026-03-14 01:23:48,17.8,True,0.96
TKT_5F82C15A,CUST_000184,content,phone,2026-01-14 08:36:36,68.4,False,-0.62
TKT_1D68A261,CUST_000867,account,chat,2025-12-31 07:31:43,38.4,True,-0.41
TKT_16D65AC0,CUST_000159,account,email,2026-04-05 17:30:20,16.4,True,-0.07
TKT_627C3505,CUST_000135,billing,email,2025-01-27 06:56:21,70.0,True,0.53
TKT_285F26E6,CUST_000445,account,chat,2025-07-15 20:11:43,34.4,True,-0.75
TKT_2B3BA4D2,CUST_000607,account,email,2024-07-12 13:01:09,14.6,True,-0.78
TKT_268687A8,CUST_000087,content,email,2026-02-18 01:48:48,2.1,True,-0.84
TKT_AA70CF47,CUST_000282,content,chat,2025-07-08 06:52:20,56.4,True,0.39
TKT_E47E6650,CUST_000874,technical,phone,2025-09-24 01:31:55,54.4,True,-0.52
TKT_FBA5CE50,CUST_000187,content,email,2026-01-24 09:45:55,13.3,True,-0.9
TKT_07154BEA,CUST_000498,account,chat,2025-08-20 11:28:10,48.2,True,0.92
TKT_77ABC706,CUST_000474,content,phone,2025-05-02 06:40:16,37.8,True,-0.18
TKT_5FCFED4F,CUST_000706,technical,phone,2025-10-23 02:26:38,53.9,True,0.22
TKT_4C13D0B5,CUST_000630,content,phone,2026-01-02 01:03:38,18.2,True,-0.08
TKT_73668641,CUST_000786,content,email,2025-07-20 21:25:00,31.7,True,-0.75
TKT_66DC8DA4,CUST_000090,technical,chat,2026-04-01 23:38:19,24.7,True,-0.93
TKT_EB1994E6,CUST_000125,technical,chat,2025-08-28 20:43:44,1.4,False,-0.92
TKT_5C2B75F3,CUST_000862,content,chat,2024-12-03 03:34:02,63.0,True,-0.11
TKT_498EE269,CUST_000825,account,email,2026-04-01 10:22:24,5.4,False,0.03
TKT_1896EDC3,CUST_000171,billing,email,2026-03-25 15:57:24,26.2,False,0.46
TKT_D1951DCC,CUST_000115,technical,chat,2025-10-08 21:02:17,28.7,True,-0.63
TKT_AC4BE125,CUST_000625,account,email,2025-08-26 09:39:19,55.9,True,0.43
TKT_58D2E62F,CUST_000943,account,chat,2026-02-22 10:51:03,16.9,False,0.68
TKT_17AD900A,CUST_000368,content,chat,2025-11-27 00:37:00,62.3,True,0.96
TKT_F1B2E3C8,CUST_000363,account,chat,2025-07-12 18:05:28,6.8,True,0.66
TKT_5397EF5D,CUST_000438,account,email,2025-07-04 12:24:43,57.8,True,-0.71
TKT_D5AB3F9B,CUST_000523,content,chat,2025-02-14 18:33:00,42.2,True,0.68
TKT_F1C0E586,CUST_000127,billing,phone,2026-01-30 01:46:36,29.0,True,-0.39
TKT_3428D5B5,CUST_000644,billing,email,2026-01-05 06:54:53,48.4,True,0.45
TKT_61B65159,CUST_000128,content,chat,2025-07-16 12:44:28,63.0,True,0.39
TKT_161B0B17,CUST_000605,billing,chat,2026-03-15 06:41:45,34.4,True,0.43
TKT_0E8A6D50,CUST_000467,technical,phone,2026-02-09 20:16:17,32.2,True,-0.31
TKT_DEF33361,CUST_000404,billing,email,2025-09-25 03:58:21,35.4,True,-0.38
TKT_85748738,CUST_000300,account,chat,2025-05-03 14:16:28,69.7,False,0.57
TKT_4D0B6170,CUST_000187,content,email,2026-02-05 19:00:11,0.7,True,-0.27
TKT_59BF8026,CUST_000818,content,email,2025-08-14 09:19:46,36.0,True,0.45
TKT_C64790B6,CUST_000831,content,phone,2025-09-20 16:15:19,66.3,True,0.17
TKT_3C9AAE2F,CUST_000193,billing,phone,2024-08-21 16:46:55,58.9,True,-0.89
TKT_4C4C428A,CUST_000768,content,email,2025-09-13 08:22:50,47.7,True,0.51
TKT_FD9B2B1B,CUST_000834,account,chat,2025-12-04 11:59:18,67.0,True,0.95
TKT_F185D1DE,CUST_000217,account,email,2025-07-17 06:00:40,39.0,True,0.05
TKT_BA4C750B,CUST_000458,technical,email,2026-03-14 23:27:05,2.1,True,-0.52
TKT_6D0C1511,CUST_000210,technical,chat,2026-03-11 16:14:47,60.9,False,-0.88
TKT_1217910F,CUST_000742,technical,phone,2026-02-27 21:37:48,35.0,True,-0.05
TKT_FE63B678,CUST_000505,technical,email,2024-12-13 01:25:04,58.9,True,0.56
TKT_1F54E327,CUST_000591,account,phone,2026-04-07 20:07:25,51.6,True,-0.56
TKT_869A92A2,CUST_000059,technical,email,2026-02-17 22:44:02,57.8,True,-0.03
TKT_0C7A9404,CUST_000660,billing,phone,2025-09-28 08:27:19,29.8,True,0.86
TKT_362262B9,CUST_000624,billing,phone,2026-01-31 16:38:15,33.9,True,0.04
TKT_FAEFF930,CUST_000934,billing,email,2025-12-24 10:12:35,4.2,True,-0.68
TKT_4D356305,CUST_000083,account,phone,2025-06-14 22:05:58,2.1,True,0.99
TKT_BADA2322,CUST_000716,content,chat,2025-11-12 05:28:23,47.4,True,-0.2
TKT_E7DA32D1,CUST_000782,billing,email,2026-01-21 22:23:24,6.1,True,0.24
TKT_AEA875DB,CUST_000158,account,email,2026-03-13 13:59:55,64.0,True,-0.86
TKT_BB141C00,CUST_000789,account,chat,2026-03-15 13:19:24,67.8,True,0.63
TKT_AFB2E7C7,CUST_000559,technical,chat,2025-12-12 19:39:16,69.7,True,-0.61
TKT_0324FF07,CUST_000228,billing,phone,2026-03-15 17:31:00,67.6,True,-0.1
TKT_D8C57CA3,CUST_000815,content,email,2026-02-01 15:16:21,3.9,True,0.07
TKT_8F2EBF7B,CUST_000403,content,email,2025-10-22 23:40:15,9.9,True,-0.5
TKT_C585783D,CUST_000520,content,chat,2025-12-12 13:01:10,9.6,True,-0.33
TKT_33516797,CUST_000640,billing,email,2026-01-18 00:17:17,70.9,True,0.41
TKT_E547918D,CUST_000311,billing,chat,2025-12-28 13:21:18,26.7,True,-0.73
TKT_CDB363CB,CUST_000063,content,email,2024-10-28 00:01:22,14.8,True,0.27
TKT_F0EEA885,CUST_000218,account,chat,2026-02-01 20:37:35,71.7,True,-0.6
TKT_3CD8E4AF,CUST_000127,billing,chat,2026-01-25 22:25:01,46.9,True,0.95
TKT_63704326,CUST_000583,billing,phone,2025-02-25 09:24:59,42.9,True,-0.84
TKT_2FC35CBB,CUST_000743,technical,phone,2025-12-22 22:15:02,56.8,True,-0.2
TKT_3D352F91,CUST_000636,account,chat,2025-08-09 04:38:06,51.1,True,-0.18
TKT_766155BA,CUST_000430,content,chat,2025-12-08 11:27:27,4.7,True,0.8
TKT_FE1117D8,CUST_000176,content,chat,2025-02-15 22:49:20,70.9,True,-0.61
TKT_B5EBB218,CUST_000259,content,email,2025-07-16 12:29:03,25.0,True,0.07
TKT_4FA9AEE5,CUST_000404,account,phone,2025-08-06 23:32:19,6.9,True,-0.59
TKT_1C62EF96,CUST_000689,billing,email,2025-03-27 08:38:58,8.8,False,0.58
TKT_A85A7D7C,CUST_000566,billing,phone,2025-12-09 14:58:11,66.9,True,0.41
TKT_0C0EECBF,CUST_000736,technical,phone,2025-10-14 12:46:32,38.8,True,-0.47
TKT_CEF506A5,CUST_000524,content,email,2026-03-01 15:15:37,15.2,True,0.09
TKT_3CB1805D,CUST_000088,technical,chat,2025-11-17 09:09:06,54.6,True,-0.31
TKT_869D8C73,CUST_000702,account,chat,2025-05-06 01:56:42,12.9,True,-0.69
TKT_6C71CE0B,CUST_000234,technical,chat,2026-02-11 10:13:48,5.3,True,-0.93
TKT_DE1102C5,CUST_000406,technical,email,2025-11-02 11:17:36,60.0,True,0.31
TKT_14A3EE19,CUST_000649,billing,chat,2026-02-07 02:14:45,11.3,True,0.53
TKT_8DE7718D,CUST_000033,billing,email,2026-03-13 23:08:59,29.2,False,0.99
TKT_32DDAF2B,CUST_000352,account,chat,2025-07-05 03:05:50,61.6,True,0.71
TKT_45E14E23,CUST_000825,billing,chat,2025-12-21 04:13:45,21.3,True,-0.95
TKT_338614AE,CUST_000978,content,phone,2026-04-06 09:50:34,50.8,True,-0.7
TKT_3C8C66F9,CUST_000160,account,email,2026-02-05 03:17:27,6.7,True,0.86
TKT_B1BFA82C,CUST_000697,billing,chat,2026-04-11 10:46:23,48.7,True,0.23
TKT_7B7BB8D8,CUST_000597,technical,chat,2026-01-21 10:35:04,71.7,True,0.97
TKT_C1B68DC1,CUST_000058,billing,chat,2025-08-31 14:16:24,1.3,True,-0.82
TKT_98BB7FA9,CUST_000496,content,chat,2025-10-28 01:02:21,39.7,True,0.44
TKT_7B779B3B,CUST_000246,content,email,2025-10-13 09:49:27,19.4,True,0.8
TKT_56096CFE,CUST_000249,account,phone,2026-01-03 09:14:32,3.1,True,-0.3
TKT_6F5C3A03,CUST_000565,account,phone,2025-06-19 03:57:02,8.9,False,0.51
TKT_BED7AB5F,CUST_000672,billing,phone,2026-02-01 14:13:42,71.1,True,0.72
TKT_B489664E,CUST_000116,account,phone,2026-04-10 06:37:24,41.7,True,-0.44
TKT_2466EB51,CUST_000983,account,chat,2025-03-05 07:33:26,8.5,False,0.35
TKT_A5D968EF,CUST_000204,billing,phone,2024-08-25 04:47:32,10.4,True,-0.31
TKT_F5D9B458,CUST_000218,account,chat,2026-02-06 06:08:54,45.9,True,-0.38
TKT_9E903339,CUST_000666,content,email,2026-03-15 07:16:22,20.7,True,-0.1
TKT_2AE2C27B,CUST_000487,billing,chat,2025-03-05 09:50:55,38.4,False,-0.7
TKT_9AC6665C,CUST_000959,billing,phone,2025-12-26 11:45:17,33.2,True,0.15
TKT_9FF1A442,CUST_000554,account,email,2025-06-16 08:32:06,11.6,False,0.82
TKT_00A3C778,CUST_000282,account,chat,2025-08-07 10:27:08,27.1,True,0.78
TKT_01D8A16D,CUST_000080,billing,email,2025-11-21 03:12:37,3.1,True,0.86
TKT_B9E06C9F,CUST_000720,content,chat,2025-07-07 10:45:34,43.8,True,0.94
TKT_39C1AFA2,CUST_000099,technical,phone,2026-03-17 10:23:18,63.6,True,0.44
TKT_0D299D9C,CUST_000576,technical,chat,2026-03-10 06:16:23,62.9,False,-0.45
TKT_2B5318F7,CUST_000792,content,chat,2026-03-20 02:43:16,17.2,True,-0.09
TKT_E8D9C933,CUST_000942,content,chat,2024-10-26 00:35:29,30.6,True,0.85
TKT_D30DD59E,CUST_000584,account,phone,2026-04-07 20:05:29,31.5,False,-0.37
TKT_9BFAF6D7,CUST_000421,content,email,2026-02-25 21:09:35,34.7,True,-0.47
TKT_BC10B96A,CUST_000828,billing,email,2026-03-08 05:55:49,39.0,True,-0.64
TKT_CEDB86D2,CUST_000577,technical,email,2025-10-06 09:10:57,29.8,True,0.64
TKT_93FF5BC4,CUST_000277,technical,chat,2026-03-30 23:09:50,31.9,True,0.92
TKT_0E7189CC,CUST_000444,content,phone,2026-04-09 15:48:56,68.2,True,0.23
TKT_445C9F83,CUST_000629,content,chat,2025-08-28 03:51:19,30.1,True,0.9
TKT_4A54399F,CUST_000644,content,chat,2025-08-15 05:49:31,33.8,True,-0.21
TKT_A3B641B2,CUST_000432,technical,phone,2025-11-18 16:13:24,70.9,True,0.66
TKT_98C0C65E,CUST_000690,billing,email,2025-09-23 01:50:06,58.8,True,0.49
TKT_9C266E53,CUST_000063,technical,phone,2026-02-27 07:19:25,25.5,True,-0.0
TKT_8211D77A,CUST_000529,billing,chat,2024-06-30 02:11:42,15.4,False,-0.44
TKT_EE09F286,CUST_000351,technical,phone,2026-03-12 03:35:54,16.2,True,0.17
TKT_277AC17F,CUST_000445,content,email,2025-10-06 03:09:08,70.3,True,0.56
TKT_65409FB8,CUST_000436,account,phone,2025-02-15 12:38:07,21.6,True,0.14
TKT_F6374B10,CUST_000190,account,phone,2026-03-08 01:28:50,29.0,True,0.85
TKT_3451C3AB,CUST_000860,account,email,2026-03-04 07:46:12,15.5,True,0.82
TKT_6D62B65A,CUST_000491,technical,chat,2025-04-29 03:21:09,52.3,True,0.56
TKT_22A53BFE,CUST_000175,content,phone,2026-02-25 12:13:40,27.0,True,-0.24
TKT_58A8742D,CUST_000630,account,phone,2025-08-18 19:35:15,45.8,True,-0.05
TKT_EEF79305,CUST_000692,technical,email,2025-09-01 01:32:28,19.5,True,-0.02
TKT_536F767D,CUST_000583,account,email,2025-08-16 17:05:35,1.4,True,0.4
TKT_2640F290,CUST_000940,content,chat,2026-03-25 11:42:53,58.4,False,-0.58
TKT_E86F0D9B,CUST_000096,billing,phone,2026-03-09 02:49:30,49.1,True,0.82
TKT_7A833897,CUST_000550,billing,chat,2025-11-19 17:28:25,9.1,True,-0.6
TKT_6E1C0449,CUST_000366,technical,phone,2025-10-05 19:27:47,25.9,True,-0.95
TKT_BF368439,CUST_000252,billing,email,2025-12-17 21:15:35,1.2,True,0.68
TKT_1190EF54,CUST_000072,account,chat,2025-07-03 11:37:27,32.1,False,0.22
TKT_9507F668,CUST_000494,technical,chat,2026-02-25 11:36:25,7.6,True,0.8
TKT_19D6FC31,CUST_000396,billing,email,2025-09-30 23:04:44,61.0,True,0.79
TKT_D9E130E9,CUST_000492,account,chat,2025-05-12 07:53:26,25.1,True,0.47
TKT_42551FA6,CUST_000121,technical,email,2025-06-01 13:06:50,61.2,True,-0.73
TKT_5B43DC25,CUST_000352,technical,email,2026-01-28 00:43:34,28.6,False,-0.38
TKT_2877C095,CUST_000324,content,chat,2026-03-04 15:55:23,18.5,True,0.49
TKT_22840D56,CUST_000945,technical,email,2026-01-31 07:56:41,35.6,True,-0.52
TKT_E1CB7789,CUST_000711,billing,chat,2025-09-08 12:48:28,7.9,True,0.9
TKT_3E9E9EA3,CUST_000561,content,email,2026-03-10 08:19:51,23.0,True,0.03
TKT_C50BFEED,CUST_000142,account,email,2026-04-10 19:31:09,54.6,True,-0.89
TKT_6F18AB35,CUST_000617,content,chat,2026-03-23 03:38:45,35.7,True,-0.05
TKT_F4144E41,CUST_000846,billing,email,2025-12-21 01:50:27,4.2,True,-0.14
TKT_D5DFEE58,CUST_000164,content,phone,2025-12-12 04:26:23,70.3,True,0.45
TKT_9CEB489F,CUST_000451,content,phone,2025-12-20 05:04:28,60.7,True,0.74
TKT_5DC6D46E,CUST_000991,content,chat,2026-01-30 13:45:22,25.7,True,-0.38
TKT_78548ADE,CUST_000875,billing,phone,2025-09-12 16:03:02,59.5,True,0.45
TKT_E8999DEE,CUST_000582,account,chat,2024-05-26 06:45:55,41.1,False,0.15
TKT_50A79786,CUST_000742,account,phone,2026-03-06 20:08:43,18.3,True,1.0
TKT_065A7BA9,CUST_000424,account,chat,2025-02-25 21:50:23,10.7,False,-0.64
TKT_1DE057F1,CUST_000525,billing,email,2026-03-11 13:55:56,11.5,True,0.99
TKT_498379F9,CUST_000282,technical,email,2025-10-28 02:16:06,25.8,True,0.26
TKT_C29392E9,CUST_000005,billing,phone,2025-05-31 05:25:12,46.4,True,-0.31
TKT_0AD77771,CUST_000908,content,chat,2026-01-12 23:53:15,47.1,True,0.09
TKT_46379C91,CUST_000628,technical,email,2025-10-20 15:07:05,15.1,True,0.38
TKT_D6284FFB,CUST_000652,billing,chat,2026-03-07 05:56:25,43.6,True,-0.17
TKT_2A1E617D,CUST_000332,billing,chat,2025-08-09 16:53:27,9.1,True,0.76
TKT_5570A578,CUST_000837,account,email,2026-02-28 04:46:28,4.0,False,0.25
TKT_2E867669,CUST_000041,content,email,2026-03-01 20:42:04,33.2,True,0.71
TKT_3EA5A29C,CUST_000260,billing,phone,2025-12-15 11:16:58,46.9,True,-0.6
TKT_AE729617,CUST_000318,content,email,2025-06-20 11:57:12,46.9,True,-0.76
TKT_C9B02FDF,CUST_000287,content,chat,2025-02-17 08:29:06,19.0,True,-0.51
TKT_77696144,CUST_000431,account,chat,2025-09-26 13:48:55,50.7,True,0.28
TKT_C6484DBF,CUST_000315,content,chat,2026-02-12 01:10:24,50.3,True,-0.47
TKT_0EC05C83,CUST_000557,billing,email,2025-03-06 02:22:13,53.6,True,-0.45
TKT_FFCABBD2,CUST_000520,billing,chat,2026-04-05 19:37:33,2.1,True,0.17
TKT_25A769E8,CUST_000056,account,phone,2025-07-26 05:29:22,42.3,True,0.75
TKT_669CCD1E,CUST_000669,technical,email,2026-03-24 08:48:34,25.2,True,-0.42
TKT_80DF9D32,CUST_000713,account,phone,2025-07-25 07:50:34,19.8,True,0.29
TKT_72DF678E,CUST_000471,content,phone,2026-01-03 05:17:43,33.9,True,-0.7
TKT_31D372E1,CUST_000706,billing,email,2026-02-09 03:03:07,38.7,True,-0.58
TKT_9C65E5BF,CUST_000037,billing,phone,2026-03-18 09:05:46,32.6,True,0.62
TKT_3EF3F529,CUST_000677,technical,phone,2026-03-23 15:16:30,51.3,False,0.28
TKT_E7645B14,CUST_000358,content,email,2026-03-23 20:38:20,8.9,True,0.5
TKT_06A77C23,CUST_000734,account,chat,2026-01-28 08:01:42,69.9,True,-0.98
TKT_A56F7883,CUST_000921,technical,chat,2025-04-30 21:40:29,10.4,True,-0.11
TKT_2D37D120,CUST_000273,technical,chat,2026-02-13 05:25:59,59.9,True,0.61
TKT_7FA622D2,CUST_000139,technical,email,2025-11-14 01:53:19,12.8,True,-0.1
TKT_96929BE3,CUST_000437,technical,chat,2026-02-17 14:02:08,48.3,True,-0.0
TKT_7BE86221,CUST_000143,content,phone,2026-01-11 08:32:38,34.1,True,0.05
TKT_76D1DA9C,CUST_000996,account,phone,2026-02-11 07:21:40,5.9,True,0.36
TKT_2D72D5A1,CUST_000814,content,chat,2025-06-23 00:33:00,23.4,False,-0.56
TKT_07BB1C47,CUST_000441,content,email,2026-03-19 20:37:18,19.7,True,-0.35
TKT_62873414,CUST_000658,billing,chat,2025-10-24 05:10:29,66.3,True,-0.17
TKT_F37C0444,CUST_000314,technical,phone,2025-10-24 09:06:10,13.5,True,-0.21
TKT_1A3EB805,CUST_000958,account,phone,2025-10-15 16:22:39,23.3,False,0.3
TKT_CDA6220F,CUST_000648,content,phone,2026-02-23 19:03:07,39.9,True,0.5
TKT_B5C8BAAE,CUST_000224,content,phone,2026-04-08 03:40:20,18.9,False,0.21
TKT_3602E22E,CUST_000840,technical,chat,2025-11-11 13:55:27,7.1,True,-0.25
TKT_984B7792,CUST_000152,technical,email,2026-01-23 18:29:31,15.6,True,-0.08
TKT_A021808D,CUST_000321,account,email,2026-01-21 22:51:04,57.9,True,-0.81
TKT_E5B1C8F7,CUST_000670,technical,chat,2025-05-04 15:23:36,47.6,True,-0.28
TKT_14875229,CUST_000784,technical,phone,2025-05-14 09:22:32,10.5,True,-0.73
TKT_E11B825F,CUST_000483,billing,chat,2026-03-05 10:51:36,3.7,True,0.63
TKT_6C25C495,CUST_000842,technical,email,2025-10-22 21:36:49,23.1,False,-0.89
TKT_7C4C6260,CUST_000771,billing,chat,2025-11-26 14:41:39,71.4,True,-0.47
TKT_295A4E2F,CUST_000111,account,chat,2025-10-26 07:12:53,26.4,True,0.25
TKT_1A3F92F7,CUST_000288,billing,chat,2025-07-15 03:13:03,71.2,True,0.37
TKT_E84BCA51,CUST_000296,billing,email,2025-12-11 21:31:33,17.9,True,-0.83
TKT_AE4B172E,CUST_000577,technical,phone,2025-10-21 02:45:01,9.8,True,0.72
TKT_C4038806,CUST_000489,content,chat,2026-03-17 07:02:24,3.0,True,-0.9
TKT_0EB2C8CB,CUST_000518,account,chat,2025-10-09 12:39:16,6.7,True,-0.56
TKT_0647B7C1,CUST_000835,account,chat,2025-04-30 18:09:16,41.3,True,0.17
TKT_1F3502CF,CUST_000534,content,chat,2026-04-11 05:02:20,58.3,True,-0.96
TKT_09947D98,CUST_000323,billing,chat,2025-12-08 01:57:40,40.9,False,0.12
TKT_E54844FE,CUST_000948,account,chat,2025-11-23 18:57:05,28.4,True,0.43
TKT_A66A5622,CUST_000135,account,email,2024-11-27 00:39:39,36.8,True,-0.02
TKT_0AAC673E,CUST_000663,account,phone,2025-10-17 05:08:51,8.9,True,0.56
TKT_E3336CFB,CUST_000492,technical,email,2025-09-02 09:13:07,37.0,True,0.04
TKT_A343B484,CUST_000565,content,email,2025-02-12 10:25:09,69.5,False,0.36
TKT_DEB81D28,CUST_000218,account,chat,2026-01-23 17:34:30,24.6,True,0.48
TKT_4B5F8EB5,CUST_000361,content,phone,2025-07-18 08:20:52,12.4,True,0.32
TKT_6D7322EE,CUST_000047,account,chat,2026-04-11 18:59:51,43.3,True,-0.83
TKT_916A4C48,CUST_000496,technical,phone,2024-10-08 12:53:12,57.4,True,0.94
TKT_714AFA3C,CUST_000913,content,chat,2025-06-28 17:20:03,27.1,True,0.44
TKT_29685B54,CUST_000928,content,chat,2026-02-16 02:27:46,9.2,True,-0.64
TKT_03D6DCAE,CUST_000695,content,phone,2026-01-25 05:44:05,54.2,True,0.36
TKT_411AE76C,CUST_000184,account,phone,2025-08-22 19:29:28,42.9,True,-0.24
TKT_14CC3143,CUST_000157,technical,email,2026-03-18 03:16:11,1.9,True,-0.98
TKT_278BC03E,CUST_000167,technical,chat,2026-03-25 02:50:22,29.4,False,-0.99
TKT_8D550F98,CUST_000432,technical,chat,2026-04-08 08:22:19,55.5,False,-0.64
TKT_9D1A7322,CUST_000724,technical,email,2026-03-16 09:48:14,64.4,True,0.76
TKT_2039EDFC,CUST_000759,technical,email,2026-03-07 07:55:21,46.1,True,-0.88
TKT_29EB6692,CUST_000199,account,chat,2025-02-06 21:44:04,15.2,False,-0.77
TKT_A69AED53,CUST_000474,technical,chat,2025-10-13 18:16:44,39.6,True,0.37
TKT_DE897181,CUST_000137,billing,email,2025-11-25 02:32:18,62.5,True,0.22
TKT_C1692E6D,CUST_000589,account,phone,2025-09-24 19:14:51,40.2,True,0.32
TKT_D960C26A,CUST_000709,technical,phone,2025-06-27 22:18:41,61.0,True,-0.83
TKT_BEF76732,CUST_000091,technical,chat,2025-02-19 19:13:08,63.5,True,0.39
TKT_6A34EE79,CUST_000295,technical,chat,2026-04-05 08:46:21,10.4,True,0.16
TKT_4821BFC0,CUST_000999,technical,phone,2025-05-27 04:48:42,34.2,False,0.32
TKT_D6DE7B6D,CUST_000600,billing,email,2025-09-08 20:36:06,68.4,True,0.06
TKT_6D95C41C,CUST_000916,content,chat,2025-12-23 00:56:01,15.1,True,0.49
TKT_C36E59D9,CUST_000206,billing,email,2026-01-21 14:05:31,67.9,True,-0.17
TKT_7C415A43,CUST_000578,content,phone,2026-03-25 14:47:59,69.9,False,-0.24
TKT_67C35CD1,CUST_000000,billing,email,2025-10-02 04:59:07,67.5,True,0.53
TKT_EB27B139,CUST_000599,content,chat,2025-02-24 02:51:22,32.9,True,-1.0
TKT_8E6CEE99,CUST_000152,billing,chat,2026-02-08 01:33:53,60.1,True,0.35
TKT_D13370E0,CUST_000136,technical,chat,2026-03-29 17:45:55,7.8,False,0.45
TKT_AD5E5063,CUST_000384,billing,chat,2025-10-11 20:51:24,27.0,True,0.12
TKT_B94BF63D,CUST_000870,billing,phone,2025-10-25 08:47:24,33.5,True,-0.03
TKT_16904295,CUST_000611,technical,chat,2026-02-20 21:35:07,31.0,True,-0.04
TKT_9C9B3FE4,CUST_000712,content,email,2024-09-08 03:53:55,6.7,True,-0.84
TKT_51A0A3EE,CUST_000150,account,phone,2025-09-11 10:59:20,5.0,True,0.17
TKT_C2F5A391,CUST_000855,billing,chat,2024-09-26 12:28:01,53.7,True,0.29
TKT_6564033A,CUST_000677,billing,phone,2026-04-01 03:03:44,58.4,True,-0.53
TKT_4D3E16A3,CUST_000513,billing,email,2026-02-17 23:02:14,25.9,True,0.75
TKT_6C10DB7B,CUST_000723,account,phone,2025-08-23 01:42:43,26.8,True,-0.96
TKT_019F467B,CUST_000169,account,chat,2026-03-11 03:38:12,42.8,True,-0.49
TKT_482444A3,CUST_000658,billing,phone,2025-11-28 20:36:52,38.2,True,0.28
TKT_81E4CC42,CUST_000513,account,phone,2025-10-06 07:57:02,62.0,True,0.31
TKT_47FD01C0,CUST_000769,billing,email,2026-02-10 19:45:20,57.2,False,-0.05
TKT_90274431,CUST_000876,billing,phone,2026-04-03 10:46:15,10.2,True,0.44
TKT_D7E46FCE,CUST_000413,technical,phone,2026-01-29 18:09:29,22.4,True,0.25
TKT_70B907A3,CUST_000458,billing,email,2025-05-01 02:36:11,31.2,True,-0.04
TKT_6496C00F,CUST_000955,account,chat,2025-04-16 15:13:46,63.2,True,-0.6
TKT_F8515359,CUST_000922,billing,phone,2025-12-25 15:01:50,52.3,True,-0.87
TKT_288E0329,CUST_000966,technical,email,2026-01-07 20:58:17,17.3,True,-0.44
TKT_EE938163,CUST_000330,content,phone,2025-09-27 21:54:29,56.8,True,-0.15
TKT_F0C0BE3A,CUST_000928,content,email,2025-12-28 00:32:38,57.7,True,0.75
TKT_44780296,CUST_000751,account,email,2025-12-27 23:41:21,70.7,False,-0.11
TKT_F51AA4F2,CUST_000433,technical,phone,2025-07-09 06:34:28,60.2,True,0.51
TKT_5D2D44BD,CUST_000870,technical,chat,2025-05-20 01:02:21,39.3,True,-0.53
TKT_FE9D9B50,CUST_000539,account,email,2026-04-10 23:46:58,38.0,True,0.64
TKT_BEDB1C1C,CUST_000446,account,phone,2026-01-19 15:38:22,2.7,True,0.77
TKT_787FC9A4,CUST_000438,technical,phone,2025-10-26 04:54:39,49.2,True,0.05
TKT_12DEFDC7,CUST_000542,technical,phone,2025-11-20 13:04:31,34.8,True,-0.23
TKT_F7367A54,CUST_000368,account,email,2025-08-30 18:36:27,37.8,True,-0.87
TKT_49EEA48D,CUST_000618,billing,phone,2024-11-10 12:43:10,54.8,True,-0.64
TKT_B297193D,CUST_000502,billing,email,2024-08-31 04:59:16,65.2,True,0.96
TKT_7E56BE19,CUST_000384,billing,phone,2025-12-04 17:30:49,49.0,True,0.33
TKT_112A32B1,CUST_000195,billing,chat,2025-09-01 03:51:15,30.6,True,0.81
TKT_C1C8F503,CUST_000276,content,email,2026-03-21 07:03:12,15.0,True,-0.77
TKT_5070E300,CUST_000491,technical,email,2025-09-16 22:21:06,58.6,True,0.19
TKT_0BA44DE5,CUST_000942,billing,chat,2026-04-10 08:11:50,34.7,True,-0.9
TKT_1419FE99,CUST_000406,technical,phone,2025-07-18 21:45:18,54.9,True,0.24
TKT_62243453,CUST_000489,account,chat,2025-08-24 20:46:16,1.4,True,-0.93
TKT_51A9765A,CUST_000273,billing,phone,2025-04-26 06:06:17,63.8,True,-0.27
TKT_05F2BFC7,CUST_000613,technical,email,2025-06-10 05:03:53,40.1,True,0.75
TKT_216B48E0,CUST_000590,billing,email,2026-03-26 05:47:16,39.0,True,-0.19
TKT_E9DBEB06,CUST_000378,billing,email,2025-12-14 21:30:57,36.5,True,-0.17
TKT_9CDE5496,CUST_000812,billing,phone,2025-10-31 02:33:59,42.8,True,-0.46
TKT_45F7DDD4,CUST_000422,account,chat,2025-10-31 04:28:12,1.0,False,0.32
TKT_8B36E9BE,CUST_000481,content,phone,2025-04-13 18:36:12,23.7,True,-0.73
TKT_8DFAF442,CUST_000722,content,phone,2026-03-30 12:49:56,42.1,True,-0.19
TKT_0502AD87,CUST_000847,billing,chat,2025-03-23 15:02:43,12.2,True,-0.81
TKT_6D83986B,CUST_000964,technical,email,2026-03-20 18:10:18,58.7,True,-0.47
TKT_4747F548,CUST_000039,account,phone,2025-08-05 17:33:14,42.2,True,0.63
TKT_2997A080,CUST_000201,billing,chat,2025-04-25 22:41:09,10.0,True,-0.43
TKT_C00B2C91,CUST_000106,content,chat,2026-04-08 05:43:43,63.1,False,0.49
TKT_78F58E90,CUST_000662,technical,phone,2026-04-02 08:29:29,68.6,True,0.53
TKT_EE894F4A,CUST_000968,billing,email,2025-07-05 21:24:46,53.0,True,-0.56
TKT_B6B56160,CUST_000036,billing,phone,2025-09-12 00:02:19,25.0,True,0.58
TKT_B9DC02DE,CUST_000402,content,email,2025-12-21 22:17:59,54.0,True,0.86
TKT_E3431C36,CUST_000221,billing,phone,2026-02-22 23:54:53,55.6,True,-0.18
TKT_5A3AB324,CUST_000574,billing,phone,2026-04-11 04:15:58,26.8,False,-0.27
TKT_E789BA18,CUST_000001,technical,email,2026-01-16 02:31:59,64.3,True,-0.42
TKT_24958CA9,CUST_000276,content,email,2026-01-28 17:35:32,13.9,True,-0.56
TKT_15104BB7,CUST_000275,content,chat,2026-04-03 22:04:28,23.5,True,-0.47
TKT_20F7A579,CUST_000445,billing,email,2025-01-16 13:43:50,11.2,False,0.45
TKT_2D639B70,CUST_000839,technical,email,2026-01-20 09:45:44,37.5,True,0.08
TKT_18025E9B,CUST_000983,content,email,2026-04-11 18:26:11,41.7,True,-0.98
TKT_725CA246,CUST_000847,account,phone,2025-06-21 15:46:34,51.5,True,-0.83
TKT_351BEC6E,CUST_000485,account,email,2026-02-04 19:15:12,71.6,False,0.44
TKT_267A97F5,CUST_000288,account,phone,2025-09-28 02:34:14,1.4,True,-0.56
TKT_6E8E3474,CUST_000553,account,email,2025-04-07 08:35:30,61.5,True,0.73
TKT_F6248735,CUST_000894,content,email,2025-08-08 21:55:30,8.3,True,-0.57
TKT_D8A89B7E,CUST_000578,account,phone,2026-03-23 19:48:34,43.5,True,-0.55
TKT_C0221D4A,CUST_000654,content,chat,2025-12-10 01:18:17,15.5,True,-0.97
TKT_834343DC,CUST_000678,content,email,2025-03-15 00:18:32,68.4,True,0.38
TKT_95092352,CUST_000522,billing,phone,2025-12-06 20:13:47,29.4,True,-0.87
TKT_06AA454F,CUST_000935,technical,phone,2026-01-30 19:58:00,39.6,True,0.79
TKT_D9BC9022,CUST_000060,technical,phone,2026-02-03 05:03:36,8.7,True,0.68
TKT_8BC5E908,CUST_000668,content,chat,2026-01-13 14:11:22,49.5,True,0.31
TKT_97711770,CUST_000418,content,phone,2025-08-13 08:53:55,42.2,True,0.34
TKT_23514850,CUST_000485,technical,email,2025-09-23 04:13:41,27.5,False,-0.66
TKT_F2E1CFD4,CUST_000544,content,email,2024-07-15 07:26:18,61.2,False,0.5
TKT_D2526D5E,CUST_000804,billing,chat,2025-01-14 15:32:27,42.6,True,-0.49
TKT_DF4378F5,CUST_000325,technical,email,2024-11-27 06:55:48,58.3,True,0.35
TKT_67EB6879,CUST_000702,technical,phone,2025-11-20 14:35:15,48.8,True,-0.95
TKT_7093EF02,CUST_000111,technical,chat,2026-03-05 00:09:00,61.5,True,-0.37
TKT_6AAFA5D0,CUST_000333,account,phone,2025-04-02 04:04:25,66.2,True,-0.97
TKT_5B5A2BCA,CUST_000246,account,email,2026-01-27 10:27:19,8.1,True,-0.17
TKT_210B9B54,CUST_000917,account,phone,2025-05-07 11:20:58,0.7,True,-0.93
TKT_B86DF95F,CUST_000835,content,email,2025-01-09 06:17:35,33.7,True,-0.32
TKT_64227B1F,CUST_000154,content,chat,2025-12-22 09:18:26,18.3,True,0.09
TKT_A54F5944,CUST_000055,content,phone,2026-04-10 22:44:05,8.0,True,-0.99
TKT_FCE41281,CUST_000753,account,chat,2024-11-03 15:56:03,43.1,True,0.74
TKT_8E73B65F,CUST_000656,billing,email,2026-03-20 22:52:25,43.5,True,0.87
TKT_D73386D3,CUST_000100,technical,email,2025-06-14 21:41:25,55.6,True,-0.15
TKT_07266481,CUST_000164,technical,email,2025-07-18 23:10:31,10.6,True,-0.7
TKT_A8204CDE,CUST_000634,billing,email,2026-01-20 18:23:08,57.8,False,0.93
TKT_3D515CA8,CUST_000493,account,phone,2025-08-08 12:25:36,60.2,True,0.39
TKT_31377E86,CUST_000682,technical,phone,2025-12-24 16:27:01,43.1,True,-0.57
TKT_7A368B6D,CUST_000244,billing,chat,2025-03-21 15:31:07,35.1,True,-0.48
TKT_F24CB7FD,CUST_000151,billing,chat,2026-03-04 09:11:42,10.9,True,0.74
TKT_A617716D,CUST_000699,technical,chat,2026-04-03 10:46:02,3.0,True,0.64
TKT_73958AE0,CUST_000577,technical,email,2025-08-27 21:05:01,26.2,True,0.26
TKT_A9EB5E70,CUST_000832,technical,email,2025-07-11 00:07:05,40.6,True,-0.04
TKT_1DEBCB76,CUST_000714,billing,phone,2025-10-09 00:36:16,61.9,True,-0.94
TKT_D99BD01B,CUST_000636,technical,email,2026-03-03 22:48:20,4.8,True,-0.5
TKT_C5948275,CUST_000101,billing,chat,2025-09-26 19:52:01,33.3,True,0.63
TKT_23A252C8,CUST_000267,billing,email,2025-11-27 17:31:53,63.3,True,0.55
TKT_3CFD1406,CUST_000913,content,phone,2025-08-15 04:49:21,24.3,False,0.21
TKT_26721E15,CUST_000860,technical,chat,2025-10-16 18:04:28,22.5,True,0.36
TKT_4F17E484,CUST_000355,content,email,2025-06-04 01:50:57,39.4,True,-0.6
TKT_77A79F12,CUST_000839,technical,email,2025-06-27 07:21:25,1.4,True,-0.68
TKT_2D63AB08,CUST_000609,billing,chat,2025-09-04 02:08:06,13.3,False,0.95
TKT_3A88F7BE,CUST_000936,account,chat,2026-03-17 12:03:05,33.1,True,-0.88
TKT_62B4ABE5,CUST_000229,account,chat,2026-02-27 20:42:27,67.9,True,0.12
TKT_09BE97BD,CUST_000509,billing,phone,2026-01-26 19:06:22,57.6,True,-0.56
TKT_C2FF32C1,CUST_000124,content,phone,2026-03-16 08:38:59,40.7,True,-0.56
TKT_138E2FE1,CUST_000036,technical,email,2025-01-11 19:52:05,27.9,True,0.55
TKT_4A54D3D4,CUST_000591,account,email,2026-04-09 01:07:29,2.1,True,0.95
TKT_5188EE71,CUST_000546,content,email,2025-12-30 17:18:34,3.1,True,0.26
TKT_FD510123,CUST_000636,billing,chat,2025-11-05 20:46:55,24.9,True,-0.85
TKT_FBE2E197,CUST_000611,billing,email,2025-09-21 17:28:28,46.3,True,0.44
TKT_95213984,CUST_000717,technical,phone,2025-08-04 08:59:16,13.8,True,0.2
TKT_7EBF6D67,CUST_000329,technical,chat,2024-11-20 02:08:22,7.2,True,0.22
TKT_28E886FC,CUST_000096,account,chat,2025-04-04 00:52:01,55.4,True,0.29
TKT_5D49585C,CUST_000236,technical,chat,2026-02-06 13:33:41,57.9,False,-0.28
TKT_7101BBCE,CUST_000269,account,chat,2025-07-26 12:05:53,40.6,True,-0.9
TKT_EDAF5CD9,CUST_000576,content,email,2026-01-22 12:21:51,18.0,True,-0.42
TKT_12F6F038,CUST_000991,account,chat,2025-08-29 09:24:22,0.5,True,0.34
TKT_1AC33F11,CUST_000456,account,email,2026-02-14 08:28:00,21.4,True,0.24
TKT_DF03C345,CUST_000889,account,email,2025-06-25 20:12:45,71.1,True,-0.95
TKT_6832D87B,CUST_000233,account,phone,2025-06-24 04:46:47,35.4,True,-0.07
TKT_2F8F7894,CUST_000281,technical,chat,2024-05-19 13:39:05,56.9,True,-0.12
TKT_C8A64210,CUST_000868,billing,chat,2025-07-30 06:23:36,22.3,True,0.87
TKT_B5B731B7,CUST_000853,billing,chat,2026-03-13 06:18:32,58.1,True,-0.65
TKT_BD1BD67C,CUST_000453,technical,email,2024-07-20 03:20:25,15.9,True,-0.33
TKT_43830C88,CUST_000895,account,phone,2025-02-06 04:00:37,70.3,True,0.01
TKT_F33C4B3B,CUST_000338,content,chat,2025-12-07 02:06:11,53.3,True,-0.73
TKT_2F33FCBB,CUST_000757,content,email,2025-10-30 00:03:34,27.0,True,0.91
TKT_6A2B7174,CUST_000721,billing,phone,2025-03-02 19:29:57,35.0,True,-0.27
TKT_3B58DE21,CUST_000784,billing,phone,2025-06-22 23:13:22,30.3,True,-0.05
TKT_5DF9D74E,CUST_000404,account,phone,2025-02-08 14:39:37,28.1,True,0.62
TKT_E1AEE8AC,CUST_000285,content,chat,2025-04-24 00:49:25,35.3,True,-0.32
TKT_C4A725DD,CUST_000333,billing,phone,2026-01-15 01:03:26,7.3,False,0.24
TKT_73C2A50E,CUST_000235,technical,phone,2025-03-27 13:28:13,51.7,True,0.1
TKT_F5156DC8,CUST_000387,content,chat,2026-03-25 13:18:59,69.6,True,0.63
TKT_77C39C8F,CUST_000111,technical,chat,2026-04-06 22:26:49,31.9,True,0.61
TKT_A36A80D4,CUST_000733,billing,phone,2025-08-07 03:33:32,44.3,True,0.16
TKT_E773C71F,CUST_000512,technical,email,2025-05-17 18:30:07,44.9,False,0.65
TKT_25F3FA2D,CUST_000012,technical,phone,2025-11-05 16:37:23,71.4,True,0.99
TKT_9EE8CA13,CUST_000243,content,chat,2025-08-29 03:42:24,34.9,True,0.57
TKT_890461CE,CUST_000091,account,email,2025-04-05 07:39:37,62.3,True,-0.28
TKT_554A428C,CUST_000654,technical,phone,2026-03-29 18:17:58,56.9,True,-0.9
TKT_CAC85CFA,CUST_000616,content,chat,2025-11-03 10:17:09,2.5,True,0.13
TKT_FD9103E2,CUST_000642,technical,phone,2025-05-13 20:20:18,58.9,True,0.55
TKT_9CA868C9,CUST_000692,content,chat,2025-11-13 15:43:40,35.8,True,0.59
TKT_F3904A4D,CUST_000043,account,phone,2025-06-19 03:08:29,27.5,True,-0.35
TKT_C9673ED4,CUST_000015,technical,email,2025-07-05 11:52:16,37.5,False,-0.77
TKT_26B46C2A,CUST_000238,account,email,2025-02-26 12:20:39,54.4,True,-0.24
TKT_3CF1DC88,CUST_000266,account,phone,2025-04-13 09:38:43,15.8,True,-0.9
TKT_C51EEC8E,CUST_000854,account,phone,2026-02-17 12:18:56,60.2,True,-0.42
TKT_D09EF9AA,CUST_000572,content,email,2025-05-11 21:33:12,19.3,False,-0.77
TKT_C36C2E57,CUST_000746,content,email,2025-07-14 15:50:53,16.3,True,-0.45
TKT_B5E86A7A,CUST_000347,technical,email,2025-07-11 16:11:43,37.8,False,0.84
TKT_8D0BE30A,CUST_000212,account,phone,2025-10-02 17:37:16,54.8,True,0.64
TKT_FC52418E,CUST_000489,technical,chat,2026-02-09 15:50:45,8.6,False,-0.61
TKT_1914AB65,CUST_000755,content,chat,2025-03-18 05:26:50,48.1,True,0.02
TKT_9037B1B0,CUST_000430,technical,chat,2026-03-09 15:16:02,2.6,True,-0.67
TKT_D43525C3,CUST_000879,technical,chat,2026-02-26 00:42:48,56.9,False,0.08
TKT_EE9C6D63,CUST_000405,billing,phone,2025-10-30 03:40:24,49.7,True,0.9
TKT_B5E06005,CUST_000400,billing,email,2026-04-10 14:56:58,31.6,True,-0.96
TKT_CD414570,CUST_000980,technical,email,2026-02-19 09:31:06,60.7,True,0.53
TKT_9049029F,CUST_000691,content,email,2025-12-24 16:36:27,40.7,True,-0.54
TKT_8C7F4A9D,CUST_000070,technical,phone,2026-02-18 10:48:30,71.4,True,0.77
TKT_07AAD3E9,CUST_000479,account,chat,2025-08-11 17:03:36,57.1,True,0.29
TKT_6B0E79A7,CUST_000327,account,chat,2026-03-24 13:44:03,45.6,True,0.09
TKT_8522697C,CUST_000149,content,phone,2025-04-30 12:59:29,37.6,True,-0.91
TKT_7838B4CE,CUST_000644,content,chat,2025-05-01 20:30:48,59.7,True,-0.75
TKT_C5D7FB9C,CUST_000329,account,chat,2026-03-14 02:38:55,28.7,True,0.48
TKT_AA5E2423,CUST_000310,content,phone,2025-06-11 19:47:21,19.6,True,0.47
TKT_CF268B6F,CUST_000039,technical,email,2025-12-19 02:05:35,59.7,True,0.37
TKT_79265B60,CUST_000544,billing,email,2026-03-19 21:41:41,27.6,True,0.86
TKT_6B119D58,CUST_000660,technical,chat,2025-10-09 06:05:47,8.3,True,-0.98
TKT_C0BAD582,CUST_000852,billing,email,2026-02-03 11:30:06,59.9,True,0.9
TKT_6753A4EE,CUST_000464,content,chat,2025-09-05 21:01:10,39.2,False,0.21
TKT_27873F65,CUST_000759,billing,phone,2025-08-23 16:59:17,50.0,True,0.62
TKT_B6E51CBE,CUST_000924,account,phone,2026-03-14 19:49:10,48.0,True,-0.1
TKT_B9F0462D,CUST_000945,technical,email,2025-12-03 10:41:52,7.9,True,0.47
TKT_B5C99E59,CUST_000165,account,phone,2026-03-08 05:11:31,5.9,False,-0.48
TKT_73FA45F7,CUST_000707,account,chat,2026-03-28 22:45:42,36.5,True,-0.0
TKT_EC8E2C99,CUST_000752,technical,chat,2025-10-14 15:18:18,70.9,True,0.4
TKT_68428AC5,CUST_000909,billing,phone,2025-01-31 21:06:49,54.8,True,0.73
TKT_928DE7FA,CUST_000880,technical,email,2025-01-15 04:42:14,50.9,True,-0.77
TKT_BE4E714C,CUST_000256,content,phone,2026-04-03 00:53:58,41.8,True,0.74
TKT_04955338,CUST_000369,content,chat,2026-02-03 05:05:40,11.3,True,0.13
TKT_713D5560,CUST_000881,content,email,2025-09-23 13:10:19,56.8,True,-0.39
TKT_287637F5,CUST_000022,account,phone,2026-02-27 00:44:02,21.4,True,0.05
TKT_703CC469,CUST_000013,content,chat,2025-03-23 21:42:48,67.0,True,-0.51
TKT_F2E34673,CUST_000016,technical,chat,2026-02-09 14:09:36,42.1,True,-0.54
TKT_5FAB23A8,CUST_000817,technical,phone,2026-03-10 01:28:40,39.8,False,0.64
TKT_AF25882D,CUST_000404,account,email,2025-01-19 05:38:32,52.9,True,0.12
TKT_52B1991B,CUST_000726,content,chat,2026-03-31 02:25:51,50.5,True,-0.86
TKT_B5F8ADE6,CUST_000921,content,phone,2025-02-11 16:33:38,12.4,True,-0.7
TKT_845CF897,CUST_000105,account,email,2025-04-22 21:51:58,41.6,True,0.55
TKT_AD1A5C6A,CUST_000070,content,phone,2025-12-30 17:49:49,69.6,True,-0.98
TKT_67FD9ACD,CUST_000324,technical,email,2026-02-05 21:06:51,17.2,True,-0.21
TKT_537081B4,CUST_000381,content,chat,2025-10-08 05:21:22,66.2,True,0.27
TKT_B4F7D5A4,CUST_000185,content,chat,2025-04-04 10:25:03,70.5,True,0.01
TKT_90BE554F,CUST_000112,account,chat,2025-02-19 01:20:00,42.8,True,0.63
TKT_655F8FB8,CUST_000578,content,phone,2026-03-27 15:14:02,61.9,True,0.52
TKT_E7737504,CUST_000879,billing,phone,2026-03-20 09:41:41,59.8,True,0.11
TKT_F7AC9A23,CUST_000169,technical,chat,2026-03-04 21:39:45,43.9,True,-0.42
TKT_05B332A7,CUST_000041,billing,chat,2026-03-26 12:35:15,26.0,True,-0.34
TKT_2CCCA9ED,CUST_000040,account,phone,2025-05-14 02:57:06,29.5,True,0.52
TKT_96786455,CUST_000503,billing,phone,2025-04-27 17:31:15,22.0,True,-0.1
TKT_AB7FFA2C,CUST_000192,account,email,2026-02-24 15:37:12,48.4,True,0.5
TKT_5495C23C,CUST_000088,content,chat,2026-03-23 19:27:12,36.8,True,-0.21
TKT_66375CEC,CUST_000709,billing,chat,2025-06-20 17:10:22,20.9,True,-0.43
TKT_0C092564,CUST_000319,technical,email,2025-12-13 21:32:38,28.9,True,-0.55
TKT_860729D0,CUST_000902,technical,chat,2025-06-13 21:59:24,70.5,True,-0.87
TKT_BA56FC51,CUST_000269,account,phone,2026-03-01 02:34:36,15.0,True,-0.25
TKT_CB90E0BA,CUST_000167,technical,phone,2026-03-24 01:55:26,9.1,True,0.49
TKT_CA714C68,CUST_000411,technical,phone,2026-03-28 19:03:19,50.6,True,0.3
TKT_AD2F5401,CUST_000323,technical,phone,2024-11-30 11:28:09,27.6,True,0.76
TKT_8BCD8101,CUST_000282,technical,chat,2026-01-19 06:58:09,52.9,True,0.7
TKT_6A17E262,CUST_000696,content,chat,2025-04-21 23:08:36,67.8,True,-0.69
TKT_279C80B7,CUST_000911,billing,chat,2026-01-07 11:46:51,70.7,True,-0.69
TKT_E39331D3,CUST_000441,technical,chat,2026-04-05 12:44:31,43.2,True,-0.13
TKT_A18045FA,CUST_000105,technical,email,2025-05-29 22:04:48,47.1,False,-0.61
TKT_52CAA690,CUST_000431,technical,email,2026-02-20 18:37:29,16.4,True,0.64
TKT_3692F6E9,CUST_000505,billing,email,2024-11-20 03:12:16,24.6,True,0.27
TKT_969601DC,CUST_000384,technical,phone,2026-01-18 13:02:54,17.6,True,0.77
TKT_991B0E7C,CUST_000007,content,email,2025-05-06 04:46:59,26.5,False,0.82
TKT_9FDE3BB0,CUST_000518,billing,email,2026-02-17 05:15:29,61.5,False,0.12
TKT_5121A4E2,CUST_000277,billing,email,2026-03-17 00:20:30,45.6,True,0.9
TKT_FFFCAC1F,CUST_000531,content,email,2025-09-10 21:41:31,37.6,True,-0.25
TKT_089FE342,CUST_000584,content,email,2026-03-03 21:39:40,54.3,True,-0.04
TKT_3175F492,CUST_000979,billing,email,2025-11-01 06:41:50,12.6,True,-0.4
TKT_43A1C992,CUST_000219,account,email,2025-05-30 16:27:18,19.9,False,0.97
TKT_6CBA931B,CUST_000319,billing,phone,2026-01-05 18:13:16,1.8,True,0.37
TKT_5CF60EDF,CUST_000289,billing,chat,2025-10-13 02:42:58,34.5,True,-0.26
TKT_1431DB6D,CUST_000439,technical,chat,2026-02-28 10:04:56,33.4,True,0.96
TKT_DEEC2818,CUST_000209,content,chat,2026-01-22 20:10:48,30.9,True,0.84
TKT_7BA0ECBD,CUST_000165,billing,phone,2026-03-07 08:34:49,22.7,True,-0.24
TKT_2E153FAE,CUST_000546,content,chat,2026-04-02 12:06:12,57.7,True,-0.08
TKT_684973CA,CUST_000276,account,email,2026-02-18 06:50:02,40.5,False,-0.61
TKT_E5C869E1,CUST_000786,content,email,2024-07-02 15:09:36,12.7,True,-0.19
TKT_CA8434FE,CUST_000162,technical,phone,2026-04-10 01:18:39,3.0,False,0.32
TKT_A9C88C42,CUST_000960,technical,phone,2024-12-02 07:49:50,40.3,True,-0.29
TKT_DB3D3DC2,CUST_000395,billing,email,2025-10-28 10:14:18,25.7,True,-0.93
TKT_CA359A39,CUST_000069,billing,chat,2025-04-24 10:39:54,68.9,True,-0.51
TKT_79BBEDD5,CUST_000595,technical,chat,2025-04-18 23:20:30,47.1,True,0.75
TKT_F0AF338E,CUST_000389,content,phone,2026-04-06 16:32:16,68.8,True,0.32
TKT_D180001B,CUST_000109,billing,chat,2025-09-03 02:14:08,32.0,True,0.3
TKT_1D9944E0,CUST_000574,technical,phone,2025-07-21 05:04:32,56.7,False,-0.22
TKT_E6665495,CUST_000013,technical,phone,2026-03-03 02:50:48,32.2,True,-0.0
TKT_42D4C351,CUST_000679,technical,chat,2024-08-28 01:39:06,49.6,True,0.31
TKT_75BC6E76,CUST_000125,billing,chat,2025-11-24 05:28:47,28.6,True,0.33
TKT_C3785DFB,CUST_000052,billing,phone,2025-03-14 15:18:37,46.4,True,-0.71
TKT_A1F59916,CUST_000125,billing,email,2025-08-08 11:31:34,62.7,True,-0.04
TKT_69507BDE,CUST_000766,billing,phone,2026-02-05 08:09:30,30.2,True,0.11
TKT_BA8BEC8C,CUST_000085,billing,chat,2025-12-31 22:22:25,52.4,True,0.46
TKT_67ABCF46,CUST_000670,account,phone,2025-02-16 13:23:56,2.4,True,0.11
TKT_BEA9B88A,CUST_000162,account,phone,2026-04-11 11:51:39,38.8,True,0.64
TKT_79185DE0,CUST_000083,billing,email,2025-04-16 12:34:35,8.1,True,0.19
TKT_421CF404,CUST_000012,content,chat,2025-08-31 20:25:10,55.6,True,-0.13
TKT_07B41397,CUST_000318,billing,email,2025-12-14 20:46:38,16.0,True,-0.52
TKT_7A30FBAA,CUST_000409,technical,chat,2024-10-22 08:09:23,36.3,True,-0.66
TKT_AE29E575,CUST_000212,account,phone,2025-06-13 04:18:44,61.0,True,0.35
TKT_8283FA65,CUST_000604,billing,email,2025-09-19 16:00:11,48.2,False,-0.26
TKT_2E9DA84B,CUST_000323,billing,phone,2025-03-25 16:25:52,50.1,False,0.72
TKT_542EC46E,CUST_000834,technical,phone,2026-01-05 10:27:27,71.6,True,-0.2
TKT_35334884,CUST_000201,account,email,2025-08-18 12:16:40,39.9,True,0.48
TKT_1B5510F0,CUST_000580,content,chat,2025-10-23 19:21:05,71.4,True,-0.53
TKT_20564C41,CUST_000743,billing,email,2026-03-05 10:58:20,48.2,False,0.24
TKT_4B754B39,CUST_000381,technical,email,2025-11-23 22:37:53,16.5,True,0.65
TKT_E025A2E4,CUST_000474,account,phone,2025-09-26 20:23:12,48.3,True,0.3
TKT_29DF10A1,CUST_000631,technical,chat,2024-09-22 06:07:37,39.2,False,0.15
TKT_95A25C10,CUST_000843,technical,chat,2025-11-08 14:33:36,10.1,True,-0.17
TKT_ED9320EE,CUST_000201,account,email,2025-05-06 04:39:29,8.0,True,-0.67
TKT_E2C3A5E5,CUST_000260,content,email,2026-03-28 22:35:56,0.8,True,-0.62
TKT_8DD40B4A,CUST_000439,account,chat,2026-02-17 21:04:21,3.0,True,-0.15
TKT_9E4875C0,CUST_000704,account,chat,2025-03-20 17:39:42,5.2,True,-0.06
TKT_0D77EB92,CUST_000103,account,phone,2025-03-15 10:56:51,18.8,True,0.19
TKT_549B1EE7,CUST_000229,account,chat,2026-02-02 08:34:08,42.4,False,-0.37
TKT_D5CE910F,CUST_000938,account,email,2024-07-10 11:12:13,64.8,True,0.77
TKT_E74AB1BD,CUST_000778,billing,email,2025-12-27 03:15:06,37.8,True,0.99
TKT_D8B1E5A6,CUST_000793,account,chat,2025-03-15 23:38:38,38.0,True,-0.04
TKT_7FB9EF08,CUST_000881,content,email,2026-01-23 16:22:41,27.4,True,0.19
TKT_CEECE24F,CUST_000640,billing,email,2026-03-23 15:12:53,4.7,True,-0.58
TKT_8B6A23A2,CUST_000730,technical,phone,2026-01-02 16:15:39,56.2,True,-0.29
TKT_56599848,CUST_000985,technical,phone,2025-08-09 23:24:27,17.3,True,-0.38
TKT_2C813529,CUST_000672,technical,phone,2026-03-30 16:31:39,15.3,False,-0.98
TKT_0E445CB8,CUST_000006,billing,chat,2024-09-04 23:41:10,35.7,False,0.42
TKT_C9D659A3,CUST_000645,technical,chat,2025-09-30 13:01:59,30.4,True,0.72
TKT_42250FAE,CUST_000804,billing,phone,2025-10-21 03:11:04,44.5,True,0.9
TKT_3412B14C,CUST_000574,account,phone,2026-02-01 20:38:56,33.6,False,0.9
TKT_8B3C614E,CUST_000058,technical,email,2026-04-07 01:59:03,20.5,True,0.35
TKT_1265EC65,CUST_000528,billing,chat,2025-01-22 01:42:35,5.9,True,0.81
TKT_C0578719,CUST_000364,billing,email,2025-12-30 10:52:23,64.3,True,-0.21
TKT_BA81BAB7,CUST_000681,billing,email,2025-12-19 07:43:00,4.4,True,-0.58
TKT_640DEE82,CUST_000343,billing,phone,2025-08-16 09:11:44,67.7,True,-0.03
TKT_BCE491C8,CUST_000919,content,phone,2024-12-15 15:57:30,44.5,True,-0.07
TKT_00C4613F,CUST_000799,account,chat,2025-04-11 01:19:46,24.4,True,0.76
TKT_56751868,CUST_000380,technical,email,2025-10-13 01:36:33,62.3,True,-0.43
TKT_5F2B4F0F,CUST_000312,technical,phone,2026-04-10 01:36:47,56.9,False,0.53
TKT_B54030D5,CUST_000718,billing,chat,2026-01-05 09:16:16,68.7,True,0.15
TKT_20EC2D49,CUST_000643,content,chat,2025-12-10 04:20:59,24.7,True,-0.53
TKT_78243975,CUST_000450,content,chat,2025-11-22 07:41:33,26.2,True,-0.43
TKT_10C1FFAB,CUST_000283,content,phone,2026-02-28 06:02:55,47.5,True,-0.19
TKT_45C75D46,CUST_000309,billing,email,2025-12-08 01:06:33,11.8,True,0.44
TKT_48B96A49,CUST_000559,billing,email,2025-08-10 05:35:39,37.2,True,-0.09
TKT_147AEA64,CUST_000875,account,email,2025-12-23 23:46:48,0.8,False,0.72
TKT_2282C4F5,CUST_000018,account,chat,2025-01-02 21:52:25,68.1,True,0.98
TKT_79410518,CUST_000063,account,email,2025-10-29 10:39:39,40.5,True,-0.52
TKT_82574636,CUST_000208,content,chat,2026-03-23 08:58:53,31.7,True,0.93
TKT_F44E55B3,CUST_000344,content,email,2025-08-04 10:33:23,34.8,True,0.14
TKT_4C160094,CUST_000234,technical,email,2025-08-07 01:07:47,38.4,True,0.68
TKT_26C99417,CUST_000693,billing,phone,2026-01-08 09:07:45,10.7,True,0.63
TKT_3696D241,CUST_000430,technical,email,2026-01-25 13:03:51,64.2,True,-0.62
TKT_FB3A60E6,CUST_000751,content,email,2026-02-15 10:12:50,27.8,True,0.99
TKT_C0627E7F,CUST_000392,account,chat,2025-07-07 20:03:19,33.8,True,-0.51
TKT_F08504A6,CUST_000658,billing,phone,2025-11-16 13:04:23,39.5,True,-0.53
TKT_8C7BCCC6,CUST_000311,content,phone,2025-11-08 08:51:42,43.5,False,-0.96
TKT_2233FDA8,CUST_000481,billing,chat,2024-10-29 12:47:32,35.1,True,0.42
TKT_FCCF14D8,CUST_000794,content,chat,2024-09-18 02:14:19,45.9,True,-0.31
TKT_5760D7EE,CUST_000543,billing,email,2025-04-20 15:02:08,61.4,True,-0.99
TKT_A450C06C,CUST_000391,technical,phone,2026-01-27 22:01:24,24.1,True,-0.96
TKT_C7C564E6,CUST_000148,technical,chat,2025-11-28 14:20:33,63.8,True,0.03
TKT_40AEBEDF,CUST_000448,technical,phone,2026-01-20 13:41:48,38.0,True,-0.7
TKT_555B025C,CUST_000734,account,chat,2026-02-28 07:14:33,66.5,True,0.82
TKT_7810EE00,CUST_000517,billing,chat,2026-02-05 01:23:18,41.4,True,-0.71
TKT_DF897039,CUST_000274,content,phone,2025-07-11 09:28:51,30.5,False,0.89
TKT_C625DC9A,CUST_000328,billing,email,2025-12-20 18:42:35,33.6,True,0.54
TKT_190AB992,CUST_000904,technical,email,2026-01-11 20:15:11,19.0,True,-0.33
TKT_01F0FA6E,CUST_000927,billing,chat,2026-01-04 16:12:44,52.7,True,-0.95
TKT_B48DDC08,CUST_000026,account,email,2026-03-15 05:03:50,59.5,True,-0.84
TKT_4FE8BB9B,CUST_000998,billing,chat,2025-11-19 19:47:22,44.8,True,-0.44
TKT_E16D8877,CUST_000088,billing,email,2025-11-21 23:26:33,20.5,True,-0.1
TKT_F220857F,CUST_000155,technical,phone,2024-12-19 00:12:38,27.6,True,0.89
TKT_65B97DF5,CUST_000250,content,chat,2025-07-11 08:04:45,51.8,True,0.49
TKT_6001A098,CUST_000961,account,email,2025-12-14 02:11:44,15.1,True,-0.74
TKT_36EE4F6A,CUST_000926,technical,email,2025-03-01 23:31:31,52.8,True,-0.71
TKT_3D4EF231,CUST_000836,account,email,2026-03-01 04:23:28,55.6,False,0.92
TKT_983053CD,CUST_000770,technical,chat,2025-07-28 01:26:18,57.1,True,-0.16
TKT_94B524ED,CUST_000703,account,chat,2025-12-23 15:27:43,51.8,True,0.22
TKT_E31ECA61,CUST_000647,technical,email,2025-10-24 22:20:50,14.7,False,-0.94
TKT_26094D12,CUST_000059,technical,chat,2025-03-16 00:17:05,65.7,False,-0.85
TKT_F581EE9B,CUST_000929,billing,chat,2026-01-17 02:36:41,31.2,True,0.2
TKT_BC1576EF,CUST_000142,account,phone,2026-04-06 04:06:17,52.7,True,-0.03
TKT_A79A7F28,CUST_000892,content,phone,2026-03-05 01:03:23,6.2,True,0.79
TKT_8B184817,CUST_000959,account,chat,2025-03-18 00:17:28,6.4,True,-0.37
TKT_512609B0,CUST_000054,account,chat,2025-07-07 05:56:25,70.6,True,0.09
TKT_8C476B52,CUST_000836,technical,phone,2025-09-08 14:14:11,21.0,True,0.52
TKT_F008EAE8,CUST_000243,content,chat,2025-08-09 08:21:07,18.0,True,0.06
TKT_C51A6042,CUST_000497,technical,chat,2025-04-08 11:31:17,45.5,True,0.51
TKT_DAC5E38B,CUST_000721,account,phone,2026-01-17 07:25:59,29.2,True,-0.31
TKT_85D6910D,CUST_000784,technical,phone,2025-10-06 17:29:26,49.1,True,-0.07
TKT_8FBF0D06,CUST_000907,content,phone,2024-11-11 11:48:34,19.6,True,-0.98
TKT_821988B5,CUST_000002,content,phone,2025-05-22 07:57:29,18.1,True,0.79
TKT_AF376D57,CUST_000281,technical,phone,2024-06-28 02:29:38,72.0,False,0.29
TKT_D4816A20,CUST_000599,billing,chat,2026-01-07 00:42:09,45.6,True,0.81
TKT_8F1FC7AA,CUST_000191,technical,email,2026-02-27 10:40:50,48.8,True,-0.09
TKT_19DE00B4,CUST_000489,technical,email,2025-11-14 02:00:47,16.5,True,-0.03
TKT_3A7FE11F,CUST_000054,technical,phone,2025-01-18 04:42:26,13.7,True,-0.08
TKT_68F202C9,CUST_000913,technical,chat,2025-09-05 10:16:05,12.7,True,-0.8
TKT_4B7B5356,CUST_000443,technical,email,2025-01-05 11:42:36,53.0,True,-0.12
TKT_8BCFC285,CUST_000633,account,chat,2025-07-13 17:58:01,51.0,True,-0.19
TKT_38B9468D,CUST_000514,content,phone,2026-03-22 03:02:34,33.9,True,-0.35
TKT_80DE9F44,CUST_000946,technical,email,2026-03-03 19:13:44,11.9,False,0.37
TKT_C32D29ED,CUST_000995,account,email,2025-09-24 13:27:26,34.7,True,-0.74
TKT_CE9C62D7,CUST_000752,technical,email,2024-12-16 12:26:35,61.6,True,0.29
TKT_5FEDF56A,CUST_000423,account,chat,2026-01-28 05:20:31,24.7,True,-0.97
TKT_F814E222,CUST_000408,account,phone,2025-11-14 10:43:42,26.0,True,-0.6
TKT_A91C37FE,CUST_000267,content,chat,2024-10-20 09:24:57,50.6,True,-0.4
TKT_7990CF01,CUST_000837,billing,phone,2025-11-07 09:11:56,41.2,True,-0.68
TKT_C8207C61,CUST_000842,billing,email,2026-02-27 22:25:57,55.6,True,0.67
TKT_34D45139,CUST_000150,billing,phone,2025-09-16 23:27:28,38.0,False,-0.73
TKT_89A29576,CUST_000030,technical,email,2026-01-01 10:29:22,34.0,True,0.98
TKT_AB08C719,CUST_000412,account,chat,2025-04-20 08:34:02,71.9,True,0.47
TKT_9AE70076,CUST_000490,technical,phone,2025-12-24 22:22:15,40.8,True,0.26
TKT_A6A1ED10,CUST_000534,content,phone,2025-05-09 01:41:40,64.4,True,-0.84
TKT_DDEB79C7,CUST_000532,technical,chat,2026-03-31 04:25:11,71.0,True,0.84
TKT_D7A6B801,CUST_000659,billing,chat,2026-02-27 12:37:53,33.0,True,-0.62
TKT_1A5B1C1B,CUST_000041,content,email,2025-05-08 21:06:56,18.5,True,0.63
TKT_63CEF13C,CUST_000109,account,phone,2025-08-13 06:35:29,19.0,True,-0.07
TKT_8FDAE31E,CUST_000484,billing,phone,2025-04-23 04:02:26,16.0,True,-0.03
TKT_2657DC60,CUST_000348,billing,chat,2025-07-30 12:55:13,57.4,True,-0.73
TKT_D0FE8625,CUST_000494,content,phone,2026-02-05 15:10:35,43.3,True,-0.78
TKT_1C91CFAE,CUST_000721,billing,chat,2024-12-02 22:01:04,59.2,True,0.05
TKT_E14ADB69,CUST_000317,account,phone,2026-04-04 22:23:25,58.1,True,0.69
TKT_DBF16424,CUST_000170,technical,chat,2024-08-10 22:18:54,35.8,True,0.73
TKT_00E89B66,CUST_000074,technical,chat,2025-12-11 14:32:51,51.8,True,0.37
TKT_003E2218,CUST_000844,technical,chat,2025-06-25 15:40:32,5.6,True,0.82
TKT_77392084,CUST_000707,account,email,2026-03-19 18:19:08,16.9,True,-0.63
TKT_C0E7AFEA,CUST_000607,technical,email,2026-02-27 17:29:01,52.6,True,0.06
TKT_88C3E127,CUST_000157,content,phone,2025-07-16 16:50:54,50.8,False,-0.47
TKT_B5BDF8BC,CUST_000638,account,email,2024-08-29 19:11:47,42.0,True,0.92
TKT_EB6E4A2B,CUST_000066,technical,email,2026-01-28 19:48:01,46.1,True,-0.72
TKT_2EC82E4D,CUST_000880,technical,chat,2025-04-09 12:35:49,12.9,True,-0.04
TKT_62E6F080,CUST_000583,account,phone,2025-09-06 10:47:07,51.9,True,-0.73
TKT_7A3E1735,CUST_000885,billing,chat,2025-08-17 21:41:26,34.8,True,-0.88
TKT_F43E3272,CUST_000891,technical,email,2025-06-10 00:39:34,18.6,True,-0.79
TKT_15A5738C,CUST_000377,content,phone,2026-02-28 18:01:00,60.3,True,-0.96
TKT_92F10C50,CUST_000569,content,phone,2025-07-01 22:02:16,67.6,True,0.74
TKT_512B3DF6,CUST_000534,technical,email,2025-09-30 12:18:57,15.3,True,0.33
TKT_73BD674A,CUST_000431,account,chat,2026-01-01 16:49:11,14.4,True,-0.75
TKT_627EB0F7,CUST_000204,technical,email,2024-06-09 22:02:08,59.6,True,0.25
TKT_66ACED1C,CUST_000155,billing,email,2026-02-01 09:31:57,34.0,True,0.32
TKT_3CA31907,CUST_000051,technical,chat,2026-04-06 23:44:02,1.8,True,-0.72
TKT_9006D60A,CUST_000162,billing,chat,2026-04-09 14:56:24,48.8,False,0.5
TKT_B4C89AE9,CUST_000634,content,phone,2025-11-22 09:42:02,49.6,True,-0.4
TKT_3E960AE0,CUST_000003,content,chat,2025-09-18 19:59:27,33.8,True,-0.57
TKT_3CE8BD5F,CUST_000324,content,email,2026-02-19 07:30:54,1.1,True,-0.97
TKT_B511C2B3,CUST_000663,account,email,2026-02-17 10:20:12,51.9,True,0.0
TKT_B7A66E29,CUST_000519,account,phone,2025-10-01 03:19:59,8.1,True,-0.74
TKT_F09958E2,CUST_000354,account,chat,2025-11-18 04:31:27,70.0,True,0.16
TKT_2336BF70,CUST_000754,billing,phone,2026-01-22 06:46:47,71.2,True,0.51
TKT_B83CEAD7,CUST_000594,billing,email,2025-12-09 13:50:35,36.5,True,0.24
TKT_E7C8A0D2,CUST_000444,account,email,2026-03-22 17:00:08,53.2,True,0.23
TKT_9AFBB034,CUST_000917,billing,email,2026-03-26 23:03:31,57.7,False,0.84
TKT_F917134D,CUST_000949,account,chat,2025-11-16 23:45:11,22.1,True,0.57
TKT_D0538880,CUST_000969,technical,email,2026-04-02 23:45:21,68.6,True,0.59
TKT_7A5BB8B6,CUST_000642,technical,email,2025-12-28 02:23:38,68.4,True,-0.14
TKT_A6190E35,CUST_000859,account,chat,2026-03-18 06:00:10,46.3,True,0.55
TKT_22737D36,CUST_000359,technical,phone,2024-11-15 21:40:38,33.9,True,-0.2
TKT_00AEEE94,CUST_000088,billing,phone,2025-10-04 17:36:30,21.2,True,-0.73
TKT_4EDBF958,CUST_000253,content,chat,2025-11-09 05:37:41,1.4,True,0.29
TKT_DBCD0517,CUST_000519,billing,phone,2025-11-10 00:10:14,65.9,False,0.49
TKT_A65C6CB4,CUST_000286,content,phone,2026-03-29 01:20:53,58.6,True,-0.69
TKT_7CD98849,CUST_000249,technical,phone,2025-10-03 13:19:18,65.8,True,0.61
TKT_4B3B8350,CUST_000469,technical,phone,2026-01-07 18:58:32,34.6,False,0.49
TKT_AA152561,CUST_000751,content,phone,2026-03-24 19:38:25,65.6,True,0.93
TKT_32FED6DA,CUST_000085,account,phone,2025-11-04 11:15:06,18.5,False,0.5
TKT_DCB5F2E5,CUST_000449,content,phone,2024-12-13 19:00:41,37.1,True,0.78
TKT_18B00FF5,CUST_000340,content,chat,2025-07-27 12:22:16,3.2,True,0.28
TKT_C88F68F2,CUST_000047,billing,chat,2025-07-26 20:26:40,5.2,True,-0.85
TKT_4D38E478,CUST_000719,billing,phone,2026-02-14 12:09:14,6.0,True,0.19
TKT_6CC7FCBF,CUST_000285,account,email,2024-07-09 12:24:26,10.0,True,-0.21
TKT_A0B50FD5,CUST_000427,account,chat,2026-03-30 00:06:08,25.1,True,-0.09
TKT_5A4D2FDE,CUST_000075,account,phone,2025-10-02 10:45:06,25.5,False,-0.28
TKT_225F0DA5,CUST_000765,billing,email,2026-04-06 03:25:42,50.0,True,-0.9
TKT_E4D6919E,CUST_000664,content,chat,2025-09-02 01:15:30,15.7,True,-0.72
TKT_8C967F9D,CUST_000905,account,phone,2026-02-28 07:07:04,67.4,True,-0.94
TKT_9C1A695D,CUST_000395,account,chat,2025-04-14 15:55:57,26.4,True,0.84
TKT_48585A79,CUST_000999,account,chat,2025-04-02 02:11:08,9.9,True,0.3
TKT_8969BA4C,CUST_000215,billing,chat,2026-02-17 18:08:55,1.9,False,-0.15
TKT_DD1B115F,CUST_000393,technical,email,2024-08-15 04:12:34,37.3,False,0.22
TKT_AFE802F6,CUST_000250,billing,phone,2024-12-06 16:04:35,42.4,True,0.33
TKT_04A5A5AA,CUST_000199,billing,phone,2025-07-19 18:20:03,40.6,True,-0.06
TKT_C4293A1A,CUST_000411,billing,phone,2026-03-15 15:44:14,64.5,True,-0.11
TKT_EFE2941D,CUST_000419,account,email,2025-03-16 03:15:05,24.5,True,-0.03
TKT_4D6C00F7,CUST_000381,billing,email,2025-11-07 21:35:06,31.7,False,-0.76
TKT_92AEE9DE,CUST_000139,billing,phone,2025-10-05 13:57:24,1.6,True,-0.37
TKT_247E6838,CUST_000984,account,email,2025-10-16 05:09:15,38.5,True,0.44
TKT_8BC7275A,CUST_000429,account,phone,2026-03-30 20:20:16,10.9,True,-0.88
TKT_200B9B11,CUST_000597,account,chat,2025-08-16 11:25:27,68.9,True,-0.88
TKT_8777DC87,CUST_000427,technical,email,2025-11-23 23:56:27,12.9,True,0.78
TKT_AC59A092,CUST_000153,technical,phone,2025-06-06 12:13:18,31.2,True,-0.6
TKT_E3FCDB55,CUST_000612,technical,email,2026-03-08 06:47:58,26.6,True,-0.41
TKT_91D1672B,CUST_000930,content,chat,2025-11-15 05:48:44,21.7,True,0.7
TKT_8B603C72,CUST_000383,content,email,2026-03-18 09:18:12,70.1,True,-0.9
TKT_D34C870B,CUST_000824,content,email,2025-06-08 15:55:06,42.6,True,-0.7
TKT_17281AB2,CUST_000506,billing,chat,2025-09-29 09:05:03,61.0,True,0.73
TKT_16A45E2D,CUST_000960,content,chat,2025-03-15 13:10:58,46.0,True,0.84
TKT_A859474A,CUST_000122,account,chat,2026-02-17 19:50:20,5.8,True,-0.25
TKT_88E4191E,CUST_000932,account,phone,2026-01-05 08:31:52,60.1,True,-0.75
TKT_84B9B41C,CUST_000643,account,email,2025-12-11 04:30:12,71.5,True,-0.61
TKT_700A8B67,CUST_000734,billing,chat,2025-10-06 12:31:01,53.0,True,0.24
TKT_9444E1A3,CUST_000650,billing,phone,2025-04-12 08:43:05,71.8,True,-0.59
TKT_1E65E2A1,CUST_000730,technical,chat,2026-02-26 15:03:53,68.3,True,0.57
TKT_DAEF5BC5,CUST_000364,account,email,2025-02-05 17:28:46,42.6,True,-0.31
TKT_232FCD5F,CUST_000038,technical,phone,2025-07-14 17:44:50,4.2,True,0.1
TKT_85B3E853,CUST_000330,content,email,2025-08-16 16:39:16,58.4,True,-0.75
TKT_976863F6,CUST_000126,account,phone,2026-03-02 03:12:23,65.1,True,0.99
TKT_40EC2FC2,CUST_000145,technical,email,2025-11-14 01:09:56,2.2,True,-0.27
TKT_3F7A5C4C,CUST_000076,technical,email,2025-11-22 08:43:27,38.1,True,0.56
TKT_D31FC431,CUST_000722,account,phone,2026-03-16 02:54:43,36.1,True,0.62
TKT_D9E30A2A,CUST_000732,account,email,2025-12-28 05:20:13,20.1,True,0.84
TKT_FE91E423,CUST_000510,billing,phone,2026-01-29 08:58:08,59.2,True,0.15
TKT_E6B497B5,CUST_000356,billing,chat,2026-02-05 16:05:14,56.1,True,-0.43
TKT_090E47EA,CUST_000529,billing,chat,2025-04-11 17:03:32,62.9,True,0.37
TKT_28438960,CUST_000312,content,email,2026-03-25 22:40:41,70.6,True,-0.49
TKT_3EFCF3BF,CUST_000898,technical,chat,2025-12-27 13:38:24,26.8,True,0.52
TKT_C76A4BB7,CUST_000614,content,phone,2025-12-03 02:38:02,39.6,True,-0.51
TKT_85DCB7EA,CUST_000828,account,email,2026-03-25 06:40:29,68.1,True,0.47
TKT_49A6A601,CUST_000794,account,chat,2025-07-26 10:53:57,71.2,True,-0.47
TKT_C4C2DE7B,CUST_000441,billing,chat,2026-03-24 17:17:09,38.5,True,0.25
TKT_FB08A2A7,CUST_000049,account,chat,2025-10-16 04:12:56,22.8,True,0.97
TKT_239C20D0,CUST_000709,content,email,2026-03-11 09:21:13,17.2,True,0.86
TKT_033460AF,CUST_000781,technical,chat,2024-08-22 09:24:13,55.8,True,0.07
TKT_881081CD,CUST_000895,technical,email,2025-10-08 19:21:45,61.0,True,0.57
TKT_57997719,CUST_000568,technical,chat,2025-09-29 01:38:21,11.0,True,0.65
TKT_8FE77163,CUST_000735,billing,phone,2026-01-27 20:57:30,25.0,True,-0.98
TKT_8AEDF69F,CUST_000185,technical,email,2025-08-13 06:11:51,57.2,True,0.82
TKT_0670C343,CUST_000315,billing,email,2026-02-21 22:36:58,9.6,False,0.77
TKT_B3DF32F3,CUST_000551,content,email,2025-09-13 14:19:57,10.2,True,-0.84
TKT_4C7A902B,CUST_000294,technical,phone,2025-10-12 17:39:32,32.8,True,-0.73
TKT_F813B0B0,CUST_000796,content,phone,2025-12-31 13:50:51,52.8,True,0.52
TKT_061AA33B,CUST_000816,account,email,2025-12-24 12:17:39,42.6,True,-0.29
TKT_B674EFB8,CUST_000014,technical,phone,2026-03-13 08:17:45,4.2,True,-0.01
TKT_F8336449,CUST_000179,billing,phone,2026-01-30 02:06:06,5.8,True,-0.08
TKT_303280AF,CUST_000770,billing,chat,2025-04-02 12:10:44,59.3,True,0.83
TKT_F7203246,CUST_000591,billing,chat,2026-04-08 10:14:01,21.9,True,-0.47
TKT_21D1C458,CUST_000850,content,chat,2026-03-26 08:31:43,16.0,True,-0.34
TKT_9D642F94,CUST_000442,account,email,2025-08-21 09:35:57,59.6,True,0.79
TKT_103BBF98,CUST_000526,billing,phone,2026-03-29 21:06:18,16.8,True,-0.24
TKT_1A843079,CUST_000424,technical,chat,2026-02-22 23:52:17,46.7,True,-0.22
TKT_6916B99C,CUST_000052,account,email,2025-08-18 08:23:28,37.9,False,-0.25
TKT_9D10632D,CUST_000705,technical,phone,2026-04-09 06:04:24,32.5,True,0.09
TKT_DB169DFC,CUST_000137,account,email,2026-02-22 14:41:42,46.3,True,-0.99
TKT_84B71C0D,CUST_000195,content,chat,2026-01-30 02:04:00,35.3,True,0.53
TKT_A42F7DDD,CUST_000961,technical,phone,2026-04-08 16:23:00,48.4,False,-0.58
TKT_470F45FE,CUST_000344,account,phone,2026-04-07 16:19:29,52.2,True,-0.78
TKT_C0AAC9F3,CUST_000199,billing,phone,2025-02-03 06:18:51,28.7,True,0.3
TKT_3FFEB793,CUST_000616,billing,chat,2025-10-24 14:01:06,46.8,True,0.3
TKT_5D6C248F,CUST_000618,account,email,2024-06-24 09:10:34,4.2,True,-0.17
TKT_A21D4BC0,CUST_000198,content,phone,2026-04-03 21:49:03,52.3,True,-0.16
TKT_EEEA7007,CUST_000954,technical,phone,2026-01-18 04:26:31,8.1,False,-0.34
TKT_62AAB252,CUST_000386,billing,chat,2025-04-14 18:45:44,68.4,True,-0.2
TKT_BC8A5DCF,CUST_000271,technical,email,2026-03-09 09:48:04,13.8,True,-0.62
TKT_6E29D9BD,CUST_000389,content,phone,2026-03-18 18:36:29,45.4,False,-0.66
TKT_A1B731FE,CUST_000788,account,phone,2025-07-30 04:41:41,22.4,True,0.07
TKT_FC5334C6,CUST_000439,content,email,2025-12-12 21:56:06,42.0,True,0.07
TKT_266CE175,CUST_000343,billing,chat,2025-07-03 00:41:23,36.5,False,-0.86
TKT_5FE1CDBE,CUST_000873,technical,chat,2025-11-25 01:49:46,7.8,True,-0.85
TKT_1EA27677,CUST_000510,account,phone,2026-03-28 07:00:29,7.0,True,-0.13
TKT_0A39E815,CUST_000028,billing,phone,2024-12-05 08:11:10,28.9,False,-0.72
TKT_5196BE6B,CUST_000154,billing,email,2026-03-02 22:04:27,10.7,True,0.81
TKT_E0D64A5F,CUST_000409,technical,phone,2025-08-24 22:10:08,67.4,True,0.92
TKT_9EDF6B2B,CUST_000780,content,email,2025-07-12 03:00:47,9.0,True,-0.04
TKT_904B5EFA,CUST_000274,content,email,2026-02-03 12:23:52,9.4,True,-0.51
TKT_31A01DA1,CUST_000384,technical,chat,2026-02-10 00:01:07,47.3,True,0.26
TKT_21449677,CUST_000601,billing,email,2025-12-24 15:25:44,2.1,True,0.06
TKT_0D83C2E4,CUST_000978,content,chat,2026-04-10 09:35:44,7.9,True,-0.15
TKT_43EC99A0,CUST_000657,content,phone,2026-04-11 15:39:36,59.6,True,0.94
TKT_E14AF765,CUST_000078,technical,email,2026-04-03 14:04:05,66.5,True,-0.39
TKT_4FF2B897,CUST_000399,billing,chat,2026-04-07 00:56:55,65.2,True,-0.83
TKT_73CF3096,CUST_000368,account,phone,2025-12-10 10:04:34,62.8,True,-0.43
TKT_027BFC00,CUST_000317,content,email,2026-01-27 06:46:58,58.0,True,-0.5
TKT_6D9D1824,CUST_000212,billing,phone,2025-05-24 15:20:26,61.9,True,0.72
TKT_1AD47E0A,CUST_000126,billing,chat,2025-06-09 22:02:02,65.0,True,0.96
TKT_787EF00B,CUST_000201,content,phone,2025-09-24 06:28:16,37.2,True,-0.09
TKT_9D7BD3DB,CUST_000278,content,phone,2026-03-25 12:25:30,27.1,False,-0.28
TKT_6FDB842B,CUST_000316,technical,phone,2026-01-10 16:30:15,62.6,True,0.17
TKT_12EEA7A2,CUST_000428,account,phone,2026-02-14 15:49:29,68.1,True,-0.51
TKT_4668EDFA,CUST_000765,account,email,2026-03-01 00:33:21,63.2,True,-0.17
TKT_96211BE1,CUST_000021,billing,email,2026-04-11 17:07:57,52.1,True,-0.3
TKT_4B3A2386,CUST_000295,billing,email,2026-04-08 09:11:51,64.9,False,0.24
TKT_A8E60FE4,CUST_000957,content,chat,2025-05-29 20:09:31,25.8,True,-0.97
TKT_4E762D99,CUST_000762,technical,chat,2025-11-10 08:23:35,33.3,True,-0.1
TKT_46C23881,CUST_000186,technical,phone,2026-04-07 08:24:17,30.8,True,0.49
TKT_9C91D272,CUST_000059,content,phone,2025-08-15 04:21:19,35.4,True,-0.97
TKT_01D51305,CUST_000575,content,phone,2025-07-14 20:53:05,38.1,True,0.27
TKT_CD0FA31D,CUST_000803,content,email,2025-12-06 11:26:03,19.3,True,-0.57
TKT_E197C4AF,CUST_000010,content,email,2025-12-08 10:09:50,55.0,False,0.3
TKT_2D1637EA,CUST_000008,account,chat,2026-04-08 14:08:36,48.5,True,0.54
TKT_4D5EACF5,CUST_000471,billing,chat,2026-01-05 19:50:30,67.0,False,0.88
TKT_5B6C45B4,CUST_000343,technical,email,2025-12-11 22:23:37,14.7,True,0.65
TKT_0A3D7DF6,CUST_000965,technical,chat,2026-01-18 08:06:37,18.7,True,0.88
TKT_76EF2A94,CUST_000170,technical,email,2025-06-11 22:08:50,6.3,True,-0.26
TKT_45D42884,CUST_000253,technical,phone,2025-08-30 08:06:26,42.0,True,-0.33
TKT_9E426C9F,CUST_000734,account,chat,2026-01-22 09:57:54,38.8,True,0.77
TKT_8FE4848E,CUST_000899,technical,phone,2026-04-09 02:51:26,32.4,True,0.35
TKT_5B131680,CUST_000914,billing,chat,2025-11-11 19:00:55,33.0,True,0.16
TKT_A61BD48F,CUST_000364,account,email,2025-03-18 04:29:56,59.4,True,-0.35
TKT_96D789F2,CUST_000606,billing,chat,2026-03-15 14:39:00,47.2,True,0.96
TKT_976AC7AE,CUST_000397,content,chat,2025-08-25 19:13:47,40.7,True,0.85
TKT_6C19DABA,CUST_000502,account,email,2024-07-25 04:17:28,41.0,True,0.26
TKT_655C31DB,CUST_000855,billing,phone,2024-10-02 16:23:46,12.4,True,0.96
TKT_E3A528B5,CUST_000184,billing,phone,2026-03-09 05:46:23,9.7,True,-0.58
TKT_8F96BDFE,CUST_000746,content,phone,2025-06-06 23:32:33,70.5,True,-0.1
TKT_F91EA8DD,CUST_000533,content,chat,2025-05-20 21:50:41,19.2,True,0.69
TKT_433291F9,CUST_000692,billing,phone,2025-11-30 16:22:01,61.9,True,0.16
TKT_BADC7D24,CUST_000269,content,chat,2026-03-16 14:24:00,40.7,True,-0.9
TKT_838A0C71,CUST_000615,content,chat,2026-03-02 00:38:51,16.0,True,0.44
TKT_9F0247C7,CUST_000080,account,phone,2025-10-21 18:21:15,53.1,True,-0.98
TKT_18097B3E,CUST_000246,technical,email,2025-10-26 08:23:06,34.1,True,0.15
TKT_9F6C9F24,CUST_000791,billing,phone,2024-11-04 05:41:33,33.5,True,0.58
TKT_A5DB8EAB,CUST_000613,account,email,2025-12-10 00:07:49,20.2,False,0.43
TKT_3DF6063D,CUST_000702,content,email,2024-11-17 02:10:56,1.2,True,0.28
TKT_5D60F5BD,CUST_000575,content,phone,2025-09-18 16:43:47,34.4,True,0.73
TKT_A8CE65B1,CUST_000281,billing,chat,2025-07-24 01:33:37,54.8,True,0.94
TKT_EA4920FF,CUST_000017,content,chat,2025-11-05 14:00:05,12.0,False,0.51
TKT_5B0F3461,CUST_000078,content,chat,2026-04-07 15:43:04,20.9,True,0.27
TKT_1AB6EADD,CUST_000121,billing,chat,2025-05-25 08:36:49,39.1,True,0.53
TKT_B139AF72,CUST_000215,technical,phone,2026-01-28 20:02:08,12.4,True,0.12
TKT_D92324B5,CUST_000740,account,email,2026-03-17 00:52:53,13.8,True,-0.02
TKT_36CAA39D,CUST_000664,billing,chat,2025-04-20 10:36:32,7.4,True,0.09
TKT_BA4952CF,CUST_000298,content,chat,2025-10-14 19:28:56,27.5,False,0.04
TKT_93244C44,CUST_000131,billing,chat,2025-12-30 07:08:26,4.4,True,0.92
TKT_AA8D8A4B,CUST_000926,content,phone,2025-06-06 19:28:27,67.1,True,-0.94
TKT_923F4E2C,CUST_000535,billing,chat,2026-02-09 04:11:59,5.5,True,0.05
TKT_BF1A3B68,CUST_000804,content,chat,2024-08-18 12:56:43,69.9,True,-0.95
TKT_9E62B00D,CUST_000650,content,email,2024-07-11 03:52:17,64.0,True,-0.54
TKT_5971F031,CUST_000443,technical,chat,2026-02-19 13:35:49,40.2,True,0.19
TKT_CB110EC9,CUST_000272,technical,phone,2025-03-22 00:16:54,20.1,True,-0.41
TKT_56CF896E,CUST_000526,account,email,2026-03-02 15:51:09,19.6,True,0.16
TKT_1CC9172D,CUST_000685,billing,phone,2026-03-31 13:54:20,10.3,True,-0.48
TKT_C24EA2C0,CUST_000101,billing,phone,2026-01-09 03:07:45,19.4,True,-0.34
TKT_A182DB63,CUST_000733,billing,email,2025-10-30 09:56:02,64.3,False,0.74
TKT_DFDE718B,CUST_000312,billing,phone,2026-04-02 06:14:19,21.9,True,-0.32
TKT_C1A3B05F,CUST_000546,billing,email,2026-04-03 21:49:15,15.4,True,-0.32
TKT_3435A964,CUST_000752,technical,email,2025-11-21 01:00:40,69.6,True,-0.4
TKT_AE0A1C9D,CUST_000044,content,email,2026-01-28 14:03:09,8.0,True,-0.55
TKT_F0B46D86,CUST_000709,technical,chat,2026-04-09 08:33:27,67.8,True,0.95
TKT_897BCBDE,CUST_000634,technical,phone,2025-08-19 16:18:42,17.6,True,-0.06
TKT_FFDF001C,CUST_000854,technical,chat,2026-02-20 00:21:26,62.5,False,-0.59
TKT_B231148C,CUST_000120,account,email,2025-09-08 10:28:19,20.4,True,-0.23
TKT_5420B52A,CUST_000286,account,chat,2025-09-20 20:56:37,53.2,True,0.43
TKT_122EE3F9,CUST_000434,billing,chat,2025-09-07 01:58:07,28.3,False,-0.4
TKT_74251F56,CUST_000140,billing,phone,2026-01-17 06:30:33,24.7,True,0.02
TKT_9F3BAB46,CUST_000804,account,phone,2025-01-08 10:27:02,61.3,True,0.24
TKT_8C4A4762,CUST_000813,content,chat,2025-07-21 14:36:38,40.7,False,0.8
TKT_98DEE170,CUST_000137,technical,chat,2026-01-04 15:11:09,17.9,True,0.47
TKT_8124DAE7,CUST_000747,technical,email,2025-05-17 14:29:31,62.4,True,0.39
TKT_131EDE18,CUST_000652,technical,chat,2025-04-12 23:33:22,63.8,True,-0.62
TKT_3ED3D929,CUST_000867,account,chat,2025-10-13 16:06:09,31.1,True,-0.24
TKT_D0DCC261,CUST_000496,technical,chat,2025-11-07 05:51:55,65.2,False,0.64
TKT_11F8BEA6,CUST_000689,content,email,2025-11-22 16:29:57,57.0,True,0.09
TKT_D3928002,CUST_000952,technical,email,2025-09-19 17:20:21,47.8,True,0.12
TKT_9A2C566C,CUST_000962,content,email,2026-02-27 06:46:20,41.1,False,0.5
TKT_4CC685BB,CUST_000536,account,phone,2026-03-15 05:11:12,59.1,False,0.42
TKT_96C0122C,CUST_000695,content,phone,2024-06-16 05:07:12,71.2,True,0.63
TKT_9390BA43,CUST_000927,technical,chat,2026-02-25 18:01:55,71.6,False,-0.57
TKT_D52802CB,CUST_000716,technical,email,2025-05-21 09:17:37,44.1,True,-0.99
TKT_8875C04D,CUST_000342,content,chat,2025-03-30 05:25:08,7.7,False,-0.08
TKT_954947D4,CUST_000106,content,chat,2026-02-07 19:11:04,31.2,True,-0.47
TKT_C36B88C1,CUST_000609,billing,email,2025-12-17 01:18:26,50.8,True,0.85
TKT_CFFE5B46,CUST_000424,billing,email,2025-11-14 13:23:56,16.0,True,0.37
TKT_958BFA46,CUST_000732,account,chat,2026-03-21 15:15:44,11.5,True,0.23
TKT_55EDF429,CUST_000116,account,phone,2026-04-04 04:05:14,19.9,True,-0.78
TKT_F454AE61,CUST_000843,technical,chat,2026-01-12 15:10:18,24.3,True,0.96
TKT_A6D13399,CUST_000002,account,chat,2026-03-10 15:02:34,12.3,True,-0.05
TKT_06799C91,CUST_000506,technical,email,2025-11-17 02:24:27,21.0,True,0.39
TKT_4AEE7142,CUST_000518,billing,email,2025-02-21 01:30:51,42.0,True,0.32
TKT_50FF31A0,CUST_000355,content,email,2025-11-24 08:19:07,10.8,True,-0.38
TKT_87D9E519,CUST_000495,technical,chat,2026-03-19 04:17:16,66.8,True,0.32
TKT_82E8885C,CUST_000810,technical,email,2026-01-24 20:21:42,36.3,True,0.15
TKT_8581E456,CUST_000711,technical,email,2025-12-23 03:36:38,17.4,True,-0.44
TKT_716E84C4,CUST_000777,account,chat,2024-09-03 05:43:48,29.1,True,1.0
TKT_AF90F6D0,CUST_000738,content,email,2025-11-15 06:09:36,11.4,True,0.22
TKT_B67E896C,CUST_000828,technical,chat,2026-02-08 05:47:16,23.4,False,0.46
TKT_AF8A0E45,CUST_000659,technical,email,2025-08-05 01:00:30,30.4,True,0.34
TKT_3701BD8C,CUST_000245,account,chat,2025-11-21 07:23:59,33.1,True,0.84
TKT_CB9A81C5,CUST_000743,billing,email,2026-03-29 19:44:13,26.3,True,-0.73
TKT_295A04C9,CUST_000704,account,phone,2025-04-18 13:45:08,8.1,False,0.53
TKT_76175AD0,CUST_000969,account,phone,2026-04-01 01:14:10,6.3,True,0.42
TKT_EA75ED76,CUST_000417,account,phone,2026-01-01 05:02:40,39.2,True,-0.16
TKT_8148B008,CUST_000253,technical,chat,2026-01-25 02:01:43,28.1,True,0.79
TKT_25212A75,CUST_000174,billing,chat,2024-12-29 19:56:09,55.2,True,-0.6
TKT_A4F2B732,CUST_000446,billing,email,2025-10-25 12:33:30,1.1,False,0.64
TKT_40D1FE59,CUST_000107,account,phone,2025-02-03 13:59:13,60.0,True,0.72
TKT_1FA119A3,CUST_000918,content,chat,2025-12-31 17:18:50,15.7,True,-0.05
TKT_5494D0B5,CUST_000434,content,chat,2025-10-19 18:02:12,23.5,True,0.98
TKT_4FDF48C6,CUST_000688,content,email,2026-04-03 13:01:13,48.4,True,0.04
TKT_2030D874,CUST_000671,content,chat,2025-04-17 05:23:00,50.5,True,-0.64
TKT_97969524,CUST_000063,billing,chat,2026-01-18 15:22:20,22.2,True,-0.54
TKT_1582B662,CUST_000488,billing,phone,2025-12-07 20:56:10,40.6,True,-0.09
TKT_3D03F631,CUST_000223,billing,chat,2025-01-18 07:19:24,63.8,True,-0.27
TKT_2A56DE95,CUST_000527,technical,phone,2025-11-02 06:15:44,20.1,False,0.46
TKT_AC743EDC,CUST_000701,technical,email,2025-10-29 04:32:05,18.8,True,-0.43
TKT_90A600C4,CUST_000321,billing,phone,2026-02-26 19:20:35,22.1,False,0.8
TKT_7A34E7BD,CUST_000500,technical,chat,2025-08-25 20:30:52,24.9,True,0.54
TKT_9D3F8E26,CUST_000747,billing,chat,2025-09-07 09:37:45,23.9,True,0.29
TKT_ABB84A1D,CUST_000368,billing,phone,2026-02-06 13:04:06,5.1,True,-0.32
TKT_3F7FDF50,CUST_000117,account,chat,2026-04-01 03:13:39,27.7,True,-0.67
TKT_EC931525,CUST_000644,account,chat,2024-11-27 15:35:43,46.7,True,0.12
TKT_E031A97A,CUST_000985,account,phone,2024-10-16 19:52:47,44.2,True,0.74
TKT_6F093635,CUST_000555,technical,phone,2025-04-09 07:24:28,41.3,True,0.81
TKT_3FD5D4D6,CUST_000204,billing,chat,2024-11-15 00:34:24,53.5,True,0.4
TKT_7C33895F,CUST_000896,content,email,2024-11-17 12:14:35,20.4,True,-0.06
TKT_0F48FCC4,CUST_000938,billing,chat,2025-02-19 16:40:54,69.7,False,-0.48
TKT_7872E961,CUST_000891,account,phone,2025-03-21 15:27:33,61.3,False,-0.87
TKT_D4074F3D,CUST_000907,account,chat,2025-05-18 14:23:17,40.8,True,0.57
TKT_E0762B2C,CUST_000865,technical,email,2025-12-10 16:19:33,62.2,True,0.55
TKT_A024500A,CUST_000518,content,phone,2024-07-17 04:26:30,55.0,True,-0.14
TKT_E974BB36,CUST_000354,account,email,2025-12-05 03:01:55,16.4,True,-0.64
TKT_A2DCD27C,CUST_000329,technical,phone,2025-11-08 01:31:12,41.1,True,0.39
TKT_2C7E5134,CUST_000968,account,phone,2025-12-06 02:33:20,38.1,True,0.73
TKT_63E782B5,CUST_000464,account,chat,2025-08-02 15:56:04,8.7,True,-0.63
TKT_B61E51C2,CUST_000722,billing,phone,2026-02-13 09:42:17,18.4,True,0.66
TKT_6B9FB048,CUST_000819,content,phone,2026-02-24 09:21:21,1.4,True,0.99
TKT_780D3639,CUST_000503,billing,phone,2025-08-18 21:56:27,55.0,False,-0.3
TKT_F53E5E0D,CUST_000621,billing,phone,2025-05-21 21:37:23,40.6,True,0.7
TKT_F898A64F,CUST_000434,billing,phone,2025-11-16 15:21:05,8.8,True,-0.99
TKT_CDD841F5,CUST_000356,content,email,2025-10-27 20:36:53,50.0,True,0.12
TKT_018AF840,CUST_000457,content,chat,2025-01-26 18:28:31,60.1,True,0.47
TKT_C121FFC9,CUST_000997,technical,chat,2025-10-15 00:51:46,63.5,False,0.24
TKT_82447530,CUST_000982,billing,email,2025-08-14 21:47:21,63.9,True,-0.71
TKT_2138231B,CUST_000806,billing,email,2025-06-26 11:32:30,3.2,True,0.77
TKT_B5D7F588,CUST_000486,billing,phone,2025-10-07 19:28:41,14.4,True,-0.56
TKT_3F4F2784,CUST_000422,technical,chat,2025-11-01 04:58:28,4.6,True,-0.22
TKT_3730ABCE,CUST_000640,billing,email,2026-03-19 15:58:14,69.5,True,-0.36
TKT_D9D6A4A0,CUST_000678,billing,chat,2024-09-11 23:49:55,4.8,True,0.12
TKT_06365A75,CUST_000605,billing,phone,2025-04-06 10:59:49,46.3,True,-0.86
TKT_F6FF1670,CUST_000371,technical,chat,2026-02-05 03:41:48,30.7,True,-0.78
TKT_F0F829A2,CUST_000235,content,chat,2025-07-09 03:01:02,49.8,True,0.6
TKT_14AD5FF1,CUST_000437,content,chat,2026-02-07 21:13:19,55.9,True,0.76
TKT_5C7C5437,CUST_000803,billing,email,2024-09-18 01:37:27,45.8,True,-0.54
TKT_683FBCEE,CUST_000543,content,chat,2025-09-08 20:48:30,40.8,True,0.0
TKT_B20D3909,CUST_000550,technical,email,2026-03-16 03:57:40,48.9,True,-0.4
TKT_F6ED4A86,CUST_000003,technical,phone,2025-02-25 21:22:59,58.9,True,-0.59
TKT_173787FC,CUST_000625,technical,phone,2024-08-08 03:15:47,29.4,False,-0.17
TKT_30FCCD20,CUST_000987,content,email,2024-09-17 11:31:38,46.6,False,0.15
TKT_8D8DB908,CUST_000105,technical,phone,2025-10-29 11:49:05,17.6,True,-0.22
TKT_DF29B1DF,CUST_000632,technical,email,2025-06-03 08:08:50,1.1,True,0.62
TKT_A06F631A,CUST_000285,account,phone,2024-09-16 13:31:28,60.2,True,-0.23
TKT_0D0B3BC6,CUST_000792,billing,email,2026-03-12 20:34:23,7.3,True,0.45
TKT_34110AC4,CUST_000890,account,email,2025-04-02 20:47:48,59.0,True,-0.19
TKT_B681EE2D,CUST_000338,technical,email,2025-08-30 20:36:38,31.4,True,0.25
TKT_FD85A20A,CUST_000264,billing,phone,2026-02-08 16:42:42,36.4,True,-0.83
TKT_4865B03A,CUST_000193,content,email,2026-03-19 11:31:13,58.8,True,0.19
TKT_E6CF81D4,CUST_000749,content,chat,2026-01-31 13:06:41,21.4,True,-0.86
TKT_F3AD6B42,CUST_000624,technical,email,2025-08-10 15:31:36,43.1,False,-0.18
TKT_08992318,CUST_000324,billing,phone,2026-03-29 17:27:15,44.4,True,-0.94
TKT_C2DC366D,CUST_000235,content,chat,2024-12-29 10:29:16,35.9,True,-0.45
TKT_21E986CC,CUST_000415,account,chat,2026-01-09 22:35:19,38.6,True,-0.64
TKT_6FD1DF6D,CUST_000432,content,chat,2025-08-01 00:57:26,48.6,True,0.46
TKT_FD55F9DD,CUST_000153,technical,chat,2026-01-25 19:58:33,51.9,True,0.58
TKT_1C34374F,CUST_000970,billing,phone,2025-10-31 09:30:06,26.2,True,-0.36
TKT_E99DFEDE,CUST_000816,billing,phone,2026-03-25 06:11:40,50.1,True,0.43
TKT_6265CE51,CUST_000703,billing,email,2025-12-07 21:54:39,52.3,True,0.11
TKT_42A02935,CUST_000696,billing,email,2025-04-27 14:16:46,51.9,True,-0.8
TKT_D2AD2D36,CUST_000811,content,chat,2025-02-01 03:28:37,36.6,True,0.49
TKT_227AA04A,CUST_000142,content,chat,2026-04-05 15:54:17,14.1,True,-0.96
TKT_728DA6CE,CUST_000262,billing,chat,2026-03-27 01:03:01,50.2,True,0.64
TKT_000D6432,CUST_000819,technical,chat,2026-03-11 04:44:57,29.2,True,-0.69
TKT_5275FE00,CUST_000624,account,chat,2025-01-27 23:17:15,56.2,True,-0.09
TKT_7A23A2DE,CUST_000129,technical,phone,2026-02-18 12:06:07,9.9,False,0.44
TKT_085C52DE,CUST_000617,technical,email,2026-02-03 22:32:52,23.9,True,-0.13
TKT_70C9969D,CUST_000870,account,chat,2026-02-18 15:33:19,58.3,False,-0.7
TKT_13179729,CUST_000873,billing,chat,2025-07-30 14:14:42,70.9,True,0.39
TKT_1FDB95C0,CUST_000237,content,phone,2025-01-18 14:53:16,42.9,False,-0.63
TKT_6ED10DD1,CUST_000690,technical,phone,2025-10-10 09:31:38,41.1,True,-0.61
TKT_7A85B0F8,CUST_000592,content,chat,2025-04-03 03:59:19,21.4,True,0.39
TKT_B4EABDC4,CUST_000865,account,email,2024-05-17 22:56:22,45.1,True,-0.61
TKT_BE7F1185,CUST_000115,billing,email,2025-12-08 14:18:03,59.7,True,0.91
TKT_F0F64FE2,CUST_000781,content,chat,2025-12-16 06:41:38,62.8,False,0.58
TKT_42C301AC,CUST_000463,technical,email,2025-12-05 17:25:01,55.2,True,-0.58
TKT_26DF89BB,CUST_000451,billing,phone,2024-12-04 18:37:14,45.7,True,-0.54
TKT_0EF9150B,CUST_000205,billing,email,2025-10-17 08:58:14,29.0,True,-0.11
TKT_9D9D6C6E,CUST_000576,technical,chat,2026-02-12 05:48:15,60.2,True,-0.13
TKT_E6A56582,CUST_000545,account,chat,2026-03-23 04:28:16,56.2,True,0.23
TKT_5A07BC95,CUST_000138,account,chat,2025-09-15 02:54:54,29.6,False,0.41
TKT_2CF79D03,CUST_000906,content,email,2026-01-07 08:42:05,44.4,True,-0.51
TKT_E90F95FA,CUST_000434,billing,chat,2025-08-17 13:28:53,22.6,False,-0.69
TKT_F181EAB3,CUST_000026,content,email,2026-03-19 00:45:20,62.7,True,0.47
TKT_E928A13A,CUST_000245,billing,phone,2025-06-19 10:21:49,28.3,True,-0.23
TKT_33340B34,CUST_000646,technical,phone,2026-03-01 05:10:13,65.5,True,-0.95
TKT_183B382C,CUST_000543,account,email,2025-07-05 23:29:35,17.2,True,0.68
TKT_F6428BB7,CUST_000003,technical,email,2025-10-25 19:38:30,49.7,False,-0.48
TKT_53B4C6FB,CUST_000324,content,phone,2026-02-23 00:10:15,62.5,True,0.5
TKT_A78ADCCA,CUST_000436,account,email,2025-05-29 11:28:01,58.4,True,0.98
TKT_F836DCA3,CUST_000966,content,chat,2025-03-26 10:09:47,53.1,False,0.9
TKT_DDE858CF,CUST_000491,content,phone,2025-09-07 11:20:29,25.6,True,-0.85
TKT_B897700C,CUST_000145,billing,email,2026-03-28 18:54:21,43.4,True,0.92
TKT_0E769547,CUST_000424,content,phone,2025-02-06 07:46:20,36.1,True,0.59
TKT_DEC014CA,CUST_000705,billing,phone,2026-03-28 21:46:39,31.2,True,-0.31
TKT_DB0B704C,CUST_000212,technical,phone,2025-07-17 06:51:59,66.3,True,0.95
TKT_E53CEC3C,CUST_000953,technical,phone,2026-02-07 19:34:17,6.7,True,-0.46
TKT_8DFFD7A1,CUST_000288,billing,email,2025-11-09 23:30:30,25.4,False,-0.37
TKT_02CF9CF4,CUST_000518,technical,phone,2024-09-18 04:03:29,48.0,True,-0.99
TKT_93CE7094,CUST_000251,account,chat,2025-12-18 05:40:24,59.5,True,-0.2
TKT_4CF88814,CUST_000317,technical,email,2026-01-31 06:05:51,20.8,True,-0.63
TKT_061FD05E,CUST_000907,account,chat,2025-05-19 20:03:14,46.4,True,-0.93
TKT_4C98998F,CUST_000187,content,phone,2026-04-06 05:00:40,48.3,True,-0.53
TKT_FBCFA430,CUST_000171,content,phone,2025-12-11 12:12:36,51.8,True,-0.46
TKT_3E2364BC,CUST_000869,billing,phone,2025-07-10 10:30:13,48.8,True,0.54
TKT_88B91184,CUST_000115,billing,phone,2025-07-09 23:58:12,9.0,True,0.14
TKT_A3F979B9,CUST_000505,technical,email,2026-04-02 11:39:08,67.6,True,-0.29
TKT_143007B6,CUST_000605,billing,email,2025-03-02 12:05:34,5.8,True,0.87
TKT_9F98C4A3,CUST_000409,billing,phone,2026-01-14 11:33:23,70.7,True,0.13
TKT_F70FA486,CUST_000144,technical,phone,2025-11-27 06:31:24,28.6,True,-0.47
TKT_48357C5E,CUST_000585,technical,chat,2026-03-07 00:26:39,26.5,True,-0.54
TKT_DEE84F75,CUST_000226,technical,phone,2026-01-05 04:44:46,71.5,True,0.55
TKT_5D4E56C4,CUST_000089,billing,email,2025-11-04 04:04:11,53.5,True,-0.9
TKT_F3275EFA,CUST_000614,technical,email,2026-01-16 10:44:44,20.2,True,-0.28
TKT_A3047AEC,CUST_000826,technical,chat,2025-03-27 15:12:49,0.6,False,0.75
TKT_75A9BF22,CUST_000126,billing,email,2025-11-02 19:50:17,11.8,True,0.59
TKT_9B4BC6A4,CUST_000012,billing,phone,2025-08-10 18:47:44,39.3,True,-0.31
TKT_6FD33FAC,CUST_000366,account,phone,2026-03-08 16:41:53,12.8,True,-0.92
TKT_03BC9638,CUST_000687,billing,email,2025-03-10 18:24:59,17.1,True,-0.58
TKT_B69E3946,CUST_000073,billing,chat,2026-02-18 02:24:32,16.7,False,-0.69
TKT_8982D5D9,CUST_000374,technical,email,2026-03-14 13:00:43,39.1,True,0.56
TKT_A885437F,CUST_000359,content,chat,2024-12-29 06:03:25,5.9,True,-0.43
TKT_F086C584,CUST_000634,billing,phone,2025-07-18 20:16:41,11.1,True,0.7
TKT_3F6A0772,CUST_000283,technical,chat,2025-11-24 01:12:55,1.6,True,0.19
TKT_62241B40,CUST_000038,billing,email,2025-05-30 14:02:02,12.1,False,-0.06
TKT_C96BB813,CUST_000840,content,phone,2026-01-30 20:54:52,40.0,True,-0.91
TKT_802B3745,CUST_000630,technical,chat,2024-09-17 17:21:08,36.8,True,-0.63
TKT_9BF327D9,CUST_000590,technical,phone,2026-03-22 13:50:58,62.8,True,-0.49
TKT_3496092E,CUST_000638,content,email,2025-04-21 02:48:44,11.3,True,0.1
TKT_25D5A711,CUST_000230,billing,email,2025-11-02 08:06:25,54.2,True,0.28
TKT_09ED970D,CUST_000612,account,email,2026-03-15 11:01:08,42.6,True,-0.82
TKT_961F1DEE,CUST_000762,account,email,2025-10-08 12:37:55,28.4,False,-0.87
TKT_F35009B8,CUST_000539,account,phone,2026-01-24 23:21:40,33.1,False,0.02
TKT_0F092314,CUST_000944,content,chat,2026-01-31 17:22:14,61.1,False,0.19
TKT_49E22746,CUST_000358,account,email,2026-04-11 09:04:06,69.7,True,-0.92
TKT_EFE0519E,CUST_000593,content,email,2025-09-26 20:22:04,45.3,True,-0.98
TKT_19F56BB3,CUST_000707,content,phone,2026-02-25 10:18:29,19.7,True,0.23
TKT_BAF9D855,CUST_000933,technical,phone,2025-07-11 11:05:46,2.8,True,-0.44
TKT_32720F29,CUST_000685,billing,phone,2026-03-22 18:45:05,71.9,True,-0.16
TKT_8325D028,CUST_000828,content,phone,2026-03-27 16:19:36,56.9,True,-0.73
TKT_F17FC4BC,CUST_000469,billing,phone,2025-07-26 13:32:04,13.6,False,-0.57
TKT_9895642D,CUST_000159,billing,chat,2026-04-11 12:12:52,36.1,True,-0.45
TKT_4CEA6E43,CUST_000512,account,chat,2025-06-05 23:06:18,33.3,False,-0.24
TKT_8B46EB1D,CUST_000283,account,phone,2025-10-19 08:31:26,34.0,True,-0.04
TKT_BD6395FD,CUST_000217,technical,email,2025-01-11 10:56:44,70.4,False,0.4
TKT_458DA583,CUST_000692,technical,phone,2025-12-20 18:35:07,60.2,True,0.07
TKT_13E8E484,CUST_000889,billing,phone,2025-07-02 11:24:13,40.0,True,0.98
TKT_3587DA77,CUST_000603,technical,chat,2025-08-17 03:33:04,65.4,True,-0.76
TKT_9ACFEDC4,CUST_000126,billing,email,2025-04-29 10:37:09,4.8,True,-0.83
TKT_F5FCF54F,CUST_000465,account,email,2025-01-28 13:20:56,56.2,True,0.15
TKT_B88FA256,CUST_000722,billing,phone,2026-03-21 10:20:03,34.6,True,-0.91
TKT_E293EEEA,CUST_000626,account,email,2026-03-30 06:03:35,69.8,False,-0.68
TKT_239790FE,CUST_000587,account,email,2025-06-19 07:17:16,50.1,True,-0.71
TKT_19348547,CUST_000603,billing,chat,2024-08-18 17:46:33,61.0,True,-0.61
TKT_574ECE6F,CUST_000947,account,chat,2026-01-09 18:03:55,45.5,True,0.49
TKT_12AFC518,CUST_000106,account,phone,2026-02-22 05:52:48,65.3,True,0.33
TKT_86638BD5,CUST_000151,technical,phone,2026-01-12 15:24:20,17.3,False,-0.25
TKT_1A7AE54C,CUST_000444,account,chat,2026-03-13 04:20:00,71.2,True,-0.12
TKT_A44C64CC,CUST_000108,technical,phone,2025-03-19 21:08:23,15.9,False,-0.5
TKT_0DABF4E8,CUST_000362,technical,chat,2026-03-11 01:56:31,54.7,True,-0.51
TKT_38BBD6CB,CUST_000235,account,phone,2025-08-28 00:42:55,37.7,True,-0.08
TKT_9DFECE16,CUST_000540,technical,phone,2025-07-14 05:52:16,69.4,True,-0.72
TKT_B7A0009B,CUST_000429,account,email,2025-12-31 06:00:09,7.3,True,-0.58
TKT_B883BDEA,CUST_000543,billing,chat,2025-07-19 10:13:46,0.6,True,-0.27
TKT_13A2DA57,CUST_000659,billing,email,2026-04-06 12:30:29,31.4,False,-0.95
TKT_A1CFDD04,CUST_000502,account,phone,2024-08-13 03:41:19,56.4,False,0.58
TKT_4ABF560A,CUST_000963,account,phone,2026-02-09 13:56:10,62.0,True,0.23
TKT_AC3265B0,CUST_000110,content,email,2025-08-03 17:38:45,47.7,True,0.51
TKT_69102185,CUST_000031,technical,phone,2025-10-18 14:20:45,72.0,False,-0.86
TKT_278F2D60,CUST_000960,content,chat,2025-04-29 00:13:58,43.4,True,-0.98
TKT_276F0726,CUST_000530,account,phone,2025-11-23 13:02:27,5.1,True,-0.96
TKT_65E5CF61,CUST_000324,account,phone,2026-03-16 21:23:32,17.8,False,0.61
TKT_2F4212BE,CUST_000331,billing,chat,2025-04-03 12:37:47,33.5,True,0.74
TKT_F94234CB,CUST_000838,technical,email,2026-03-24 04:42:50,31.8,True,0.34
TKT_D100C020,CUST_000719,account,email,2025-05-09 06:34:12,10.5,False,0.36
TKT_96704F0D,CUST_000636,account,email,2025-10-30 05:27:33,27.4,True,0.95
TKT_9471257E,CUST_000425,technical,chat,2025-04-26 16:29:35,14.1,True,0.52
TKT_7848D9D0,CUST_000440,account,phone,2026-01-09 14:06:20,53.0,True,0.2
TKT_1D092B2E,CUST_000153,billing,phone,2025-06-24 16:45:25,71.6,False,0.66
TKT_81178F0C,CUST_000824,billing,email,2025-05-13 21:18:43,52.0,True,-0.49
TKT_5A86DB55,CUST_000558,billing,email,2026-01-02 06:33:45,5.2,True,0.83
TKT_B55228BD,CUST_000006,account,phone,2024-08-15 08:53:57,50.9,True,-0.72
TKT_E2BFF00D,CUST_000538,technical,phone,2025-07-22 13:22:38,27.1,True,0.51
TKT_7E158DBA,CUST_000925,technical,email,2025-09-01 16:05:20,20.2,True,-0.57
TKT_D5BDA56B,CUST_000878,billing,chat,2025-10-19 07:13:56,26.3,True,0.25
TKT_EF97B29B,CUST_000023,technical,phone,2026-04-08 03:07:21,28.0,True,0.31
TKT_B08EFDFC,CUST_000064,account,chat,2025-12-05 09:52:13,25.4,False,0.83
TKT_AB8B65FD,CUST_000977,billing,phone,2026-03-19 22:26:08,69.7,True,-0.73
TKT_A35EE8DC,CUST_000316,content,email,2026-01-19 08:53:58,55.5,True,0.18
TKT_6EEEA0B3,CUST_000781,account,chat,2026-02-24 15:09:38,34.0,True,0.58
TKT_5B94AB18,CUST_000123,account,chat,2025-12-25 07:06:47,20.3,False,0.43
TKT_9581B1FF,CUST_000570,account,email,2025-05-14 23:00:58,50.0,False,-0.33
TKT_B0D827CA,CUST_000092,technical,email,2025-10-13 15:06:54,44.1,True,-0.57
TKT_788BB0B2,CUST_000953,billing,phone,2026-03-18 11:52:05,56.9,True,0.08
TKT_16FEE852,CUST_000970,account,phone,2025-07-26 04:40:30,65.0,True,-0.52
TKT_55160657,CUST_000691,content,phone,2026-03-05 07:07:25,43.9,True,0.23
TKT_87CA59E9,CUST_000475,technical,chat,2025-12-06 17:50:35,21.0,True,0.69
TKT_100B5CC6,CUST_000940,technical,phone,2026-03-31 18:41:18,10.8,False,0.58
TKT_4F6FC444,CUST_000959,technical,chat,2025-03-07 22:17:07,20.5,False,0.78
TKT_55FCC98E,CUST_000265,billing,email,2026-02-28 20:30:34,36.1,True,-0.56
TKT_8C369530,CUST_000077,content,chat,2025-04-30 17:48:45,36.3,True,-0.41
TKT_E7D4C742,CUST_000897,billing,phone,2025-10-12 08:28:21,27.5,True,0.04
TKT_FB79C8BE,CUST_000576,billing,chat,2026-04-10 15:03:10,46.8,False,-0.38
TKT_5D999E82,CUST_000078,content,email,2026-04-06 05:50:59,69.7,False,0.0
TKT_32DC2CAA,CUST_000037,account,chat,2026-02-17 04:23:17,54.7,False,-0.1
TKT_84E16829,CUST_000124,content,chat,2025-03-17 11:43:41,31.0,True,0.23
TKT_AB6FC6A6,CUST_000002,content,email,2026-02-01 21:16:41,9.4,False,-0.33
TKT_166EB9B2,CUST_000048,technical,phone,2025-01-15 08:59:43,6.0,True,0.64
TKT_27799D7E,CUST_000812,billing,chat,2026-01-15 15:53:11,10.0,False,0.29
TKT_FA2EB772,CUST_000624,technical,email,2025-06-09 10:52:07,49.3,False,0.39
TKT_F0BB6EB2,CUST_000749,billing,chat,2025-11-27 18:21:04,48.0,True,-0.29
TKT_6B002A5C,CUST_000761,account,chat,2025-11-03 10:50:54,14.1,True,-0.49
TKT_26D3AEDC,CUST_000991,account,phone,2025-06-18 01:50:04,36.7,True,0.75
TKT_AD748E6D,CUST_000907,technical,email,2024-08-04 04:35:30,28.3,True,-0.21
TKT_A88875B5,CUST_000074,technical,phone,2025-12-21 23:02:07,64.9,False,0.13
TKT_C4176709,CUST_000625,account,phone,2024-06-02 02:06:25,20.7,True,0.38
TKT_6A3A9A31,CUST_000424,billing,chat,2025-03-26 06:08:56,10.0,True,-0.42
TKT_86F53C46,CUST_000174,billing,email,2026-02-26 14:45:06,64.6,True,0.12
TKT_082EDAE4,CUST_000446,account,phone,2026-02-27 03:00:49,9.3,True,0.42
TKT_96409AE5,CUST_000136,billing,phone,2025-10-25 09:35:32,51.6,True,-0.91
TKT_EA734FBA,CUST_000136,account,phone,2025-09-05 15:05:07,39.8,True,0.94
TKT_958D19DB,CUST_000834,technical,email,2026-01-23 01:47:31,2.6,True,-0.19
TKT_AE2B1A22,CUST_000845,content,email,2025-10-27 09:42:31,32.9,True,0.19
TKT_D9E61BB4,CUST_000713,billing,chat,2025-06-15 06:08:53,6.1,True,0.62
TKT_B6C1AA0D,CUST_000501,billing,chat,2026-03-16 22:17:32,37.0,True,-0.27
TKT_B7430D8E,CUST_000484,billing,email,2025-06-25 22:10:47,34.3,True,-0.36
TKT_3B550819,CUST_000797,account,chat,2025-02-23 19:24:18,10.1,True,-0.11
TKT_868DD7B3,CUST_000325,billing,phone,2025-06-05 01:11:47,14.8,True,-0.22
TKT_E38DB26E,CUST_000329,billing,email,2025-07-27 23:51:30,28.5,True,-0.29
TKT_E39ECF0C,CUST_000904,technical,chat,2026-02-21 21:33:58,9.2,True,-0.18
TKT_39C7C9D0,CUST_000112,content,phone,2025-04-18 17:01:35,56.8,True,0.28
TKT_E8B5475B,CUST_000627,account,chat,2024-08-08 06:44:27,3.2,True,0.82
TKT_167D8D3E,CUST_000009,billing,chat,2026-03-22 19:55:09,43.8,True,0.71
TKT_6001824D,CUST_000980,content,phone,2026-01-25 10:59:53,17.1,False,-0.98
TKT_5D40D423,CUST_000456,account,email,2026-03-26 13:35:51,36.6,True,0.12
TKT_2D05A424,CUST_000667,account,email,2026-03-25 10:58:40,4.9,True,1.0
TKT_A0447639,CUST_000327,technical,email,2026-02-05 14:55:50,43.2,True,0.59
TKT_41692D46,CUST_000251,technical,email,2025-11-08 01:14:40,16.9,True,-0.57
TKT_668D8C6D,CUST_000972,account,phone,2026-03-10 16:35:55,37.8,True,-0.85
TKT_2CE6CD06,CUST_000494,billing,chat,2026-02-05 11:21:09,27.9,True,-0.32
TKT_E3D06A74,CUST_000288,technical,chat,2025-08-24 05:51:47,56.6,True,0.07
TKT_3A1619ED,CUST_000192,account,chat,2026-01-16 15:23:39,2.1,True,-0.78
TKT_301F1BE6,CUST_000877,technical,chat,2025-11-12 19:57:26,28.8,True,0.31
TKT_88F65DC7,CUST_000238,technical,email,2025-05-23 15:27:10,16.3,True,-0.18
TKT_2B4D9918,CUST_000381,account,chat,2025-11-13 00:20:52,52.4,True,0.22
TKT_61A3EEAA,CUST_000507,billing,chat,2025-08-22 19:29:27,12.4,True,-0.77
TKT_C7B9C13F,CUST_000908,account,email,2026-03-24 08:39:31,64.7,True,0.4
TKT_6216C499,CUST_000500,account,phone,2026-02-27 22:15:34,14.8,True,-0.33
TKT_0EE7C01D,CUST_000713,billing,chat,2025-01-23 16:41:46,55.4,True,-0.46
TKT_0DCD1A40,CUST_000075,content,chat,2026-02-10 22:56:53,64.6,True,-0.39
TKT_3A1E59B7,CUST_000989,account,chat,2025-08-28 09:34:17,10.7,True,0.9
TKT_D91FB228,CUST_000318,account,email,2025-10-28 13:05:38,50.4,True,-0.43
TKT_51AD31D1,CUST_000403,content,phone,2026-02-08 12:25:20,29.1,True,-0.15
TKT_25F10724,CUST_000561,billing,phone,2026-02-03 05:58:07,57.5,True,-0.83
TKT_DD473D06,CUST_000299,account,email,2025-10-10 13:28:30,69.4,True,-0.7
TKT_FD4EFF92,CUST_000398,account,chat,2025-08-19 07:19:22,5.3,False,0.91
TKT_C1CADFA3,CUST_000677,account,chat,2026-03-17 22:42:19,32.9,True,0.85
TKT_A767156B,CUST_000555,content,phone,2025-11-24 01:03:49,70.2,True,0.44
TKT_C3B38210,CUST_000460,account,chat,2025-05-01 16:18:37,13.4,True,-0.98
TKT_0D068D44,CUST_000076,account,chat,2025-12-03 21:29:44,36.3,True,-0.3
TKT_906E5FCC,CUST_000179,content,email,2025-08-16 12:50:07,5.1,True,0.77
TKT_776804E0,CUST_000575,technical,chat,2026-01-12 15:56:26,18.9,True,-0.35
TKT_AF73F9AB,CUST_000413,technical,phone,2026-03-20 00:18:01,59.0,True,0.01
TKT_91772287,CUST_000750,account,email,2026-01-26 17:57:32,31.9,True,-0.18
TKT_914DA2EE,CUST_000970,billing,email,2026-03-13 12:57:22,34.8,False,0.2
TKT_6707DB02,CUST_000522,account,email,2026-01-20 03:59:53,8.7,True,0.41
TKT_3BB08981,CUST_000640,account,chat,2024-12-02 03:55:16,23.8,True,-0.85
TKT_21492AFC,CUST_000830,account,phone,2026-04-09 20:02:04,28.8,True,-0.76
TKT_0EFF2E1F,CUST_000885,billing,email,2025-09-11 11:28:46,8.5,True,-0.98
TKT_A691DDDC,CUST_000225,content,email,2025-10-01 01:52:44,39.4,True,0.55
TKT_33A0E665,CUST_000341,technical,phone,2025-03-07 06:34:35,49.8,True,-0.09
TKT_1E4CEAE9,CUST_000676,technical,chat,2026-01-09 11:27:46,28.8,False,0.16
TKT_8D1D78B5,CUST_000357,account,phone,2025-12-21 01:34:09,46.2,False,0.95
TKT_10D2F2BA,CUST_000672,account,phone,2025-07-01 22:14:23,61.8,False,0.51
TKT_D5444D4E,CUST_000266,billing,phone,2025-03-07 02:33:33,44.0,True,-0.73
TKT_7924E5C7,CUST_000069,content,chat,2025-01-11 02:17:01,6.4,True,0.69
TKT_B483F965,CUST_000936,billing,email,2025-12-13 06:27:57,16.6,True,0.02
TKT_F411DE0C,CUST_000245,account,chat,2025-12-16 17:39:53,63.2,True,0.84
TKT_7CCF69EB,CUST_000884,account,chat,2025-07-22 08:39:56,58.5,True,0.14
TKT_DCAFD25D,CUST_000384,technical,chat,2025-12-01 09:29:07,8.2,False,0.98
TKT_0B0C8492,CUST_000625,content,email,2024-06-16 05:27:05,7.4,True,-0.89
TKT_DE0682F1,CUST_000124,technical,phone,2025-06-04 18:09:13,44.9,True,0.87
TKT_128B16ED,CUST_000044,content,chat,2025-10-16 19:46:23,35.2,True,-0.1
TKT_ECA0261E,CUST_000575,billing,email,2026-03-04 21:36:06,36.4,False,0.09
TKT_0FD2F509,CUST_000908,account,phone,2026-02-21 19:24:06,54.0,True,0.71
TKT_63597AE2,CUST_000954,account,phone,2025-07-21 01:51:06,18.7,True,-0.26
TKT_6B857967,CUST_000216,account,phone,2026-03-25 22:44:47,31.0,True,-0.71
TKT_451C74CF,CUST_000072,technical,phone,2025-07-25 14:43:58,37.2,True,0.69
TKT_3DA87C47,CUST_000591,technical,email,2026-04-11 09:27:07,61.3,True,0.18
TKT_B150A7CE,CUST_000948,content,chat,2026-03-07 09:19:40,20.6,True,-0.3
TKT_8ED92223,CUST_000253,content,phone,2025-10-08 23:19:15,30.1,True,0.48
TKT_1E4701A2,CUST_000621,billing,chat,2025-07-20 03:07:17,36.3,True,-0.7
TKT_D2A97946,CUST_000664,technical,phone,2024-12-25 03:30:45,19.4,False,0.08
TKT_80E43A44,CUST_000608,billing,chat,2026-03-05 21:41:19,28.2,False,0.6
TKT_309F48F0,CUST_000075,technical,phone,2026-01-23 00:09:07,67.2,True,0.4
TKT_1399DA7A,CUST_000952,billing,chat,2025-03-20 17:01:14,31.8,True,-0.97
TKT_43ADFBE8,CUST_000235,content,email,2025-07-21 21:32:36,15.0,True,0.07
TKT_E312C330,CUST_000988,account,email,2026-02-22 11:58:12,38.6,True,-0.7
TKT_844079E1,CUST_000937,account,phone,2025-09-19 17:12:15,59.9,True,0.67
TKT_E117A03F,CUST_000288,account,phone,2025-05-24 04:32:18,38.6,True,0.93
TKT_8A061EF5,CUST_000313,billing,chat,2026-04-09 20:17:35,46.5,True,-0.63
TKT_01050875,CUST_000816,account,chat,2026-04-09 16:58:33,7.1,True,-0.91
TKT_C8DEBAA2,CUST_000400,content,chat,2026-04-08 13:41:12,16.2,True,0.57
TKT_2A9A2870,CUST_000588,account,email,2025-12-12 01:17:56,38.9,True,0.29
TKT_0FEC5AF6,CUST_000468,billing,phone,2025-10-11 15:37:24,49.3,True,-0.92
TKT_CF5C4608,CUST_000708,content,email,2025-03-11 13:07:11,0.9,True,0.89
TKT_5F94FB98,CUST_000262,account,phone,2026-03-10 04:02:36,22.5,True,0.73
TKT_0FBE4F18,CUST_000541,billing,email,2026-02-24 10:44:58,53.1,True,-0.49
TKT_68367625,CUST_000980,billing,phone,2025-06-24 10:15:58,17.4,True,-0.67
TKT_06D2C3F1,CUST_000427,billing,phone,2025-06-16 01:48:38,31.7,True,-0.26
TKT_BA85CC81,CUST_000392,account,phone,2025-06-06 23:55:01,50.1,True,-0.39
TKT_EF04CEDC,CUST_000185,content,phone,2025-09-03 08:47:03,30.0,True,-0.56
TKT_DD0F43F6,CUST_000382,content,email,2026-04-06 04:00:11,64.8,False,0.69
TKT_F180018B,CUST_000627,account,email,2025-12-14 07:31:38,21.5,True,-0.04
TKT_5BD79AD0,CUST_000630,billing,email,2024-10-08 19:34:11,29.0,False,0.05
TKT_F368DE68,CUST_000067,account,chat,2026-03-10 02:48:10,43.3,False,-0.46
TKT_311AAD0C,CUST_000118,account,phone,2026-04-09 18:48:15,66.4,True,-0.24
TKT_2252DA76,CUST_000244,billing,email,2025-01-31 03:36:58,60.8,True,0.28
TKT_1A17BFA7,CUST_000406,technical,phone,2026-01-28 12:25:36,18.9,True,0.76
TKT_27FC0B38,CUST_000949,account,phone,2026-01-08 22:55:13,1.0,True,-0.67
TKT_4713DD94,CUST_000165,technical,phone,2026-02-27 15:08:05,65.5,True,0.5
TKT_4DDA22CF,CUST_000089,content,email,2025-09-16 00:51:04,70.8,False,-0.83
TKT_45EB6A3B,CUST_000903,account,chat,2025-10-06 09:02:40,69.7,True,-0.65
TKT_25FEE2E3,CUST_000575,billing,chat,2025-02-18 00:29:08,58.5,True,0.84
TKT_6B73DF08,CUST_000605,billing,email,2025-09-14 04:14:10,24.7,True,-0.56
TKT_1914912E,CUST_000556,billing,chat,2026-03-15 11:54:44,29.5,True,-0.21
TKT_4F8E0E3C,CUST_000720,technical,chat,2025-12-14 19:00:16,44.5,True,0.64
TKT_E6569077,CUST_000747,account,chat,2025-09-29 04:44:35,55.3,True,-0.55
TKT_90626331,CUST_000214,content,phone,2025-06-22 06:43:37,35.8,True,-0.21
TKT_01E2318A,CUST_000559,billing,phone,2025-12-09 14:47:25,30.0,True,0.63
TKT_22007493,CUST_000921,content,email,2025-05-08 03:00:19,60.4,True,-0.44
TKT_886CACA1,CUST_000447,content,chat,2025-09-18 14:35:49,19.5,True,-0.31
TKT_396033E2,CUST_000155,technical,email,2025-10-06 10:49:54,14.8,True,0.55
TKT_9B062092,CUST_000111,account,email,2026-02-11 18:57:23,65.5,True,-0.24
TKT_D38FF052,CUST_000897,billing,phone,2024-08-10 18:01:25,63.6,True,-0.43
TKT_9B32F020,CUST_000883,content,phone,2026-04-06 11:20:22,33.7,True,-0.41
TKT_85168C2F,CUST_000796,account,email,2026-03-31 03:11:30,20.0,True,0.56
TKT_045AE70C,CUST_000957,content,chat,2025-09-20 17:26:34,34.8,False,0.45
TKT_BFFE1165,CUST_000576,account,phone,2026-01-23 04:46:02,19.5,False,0.57
TKT_FF0A8A62,CUST_000912,content,email,2025-12-10 06:28:24,10.3,False,-0.58
TKT_A75BA480,CUST_000409,account,phone,2025-10-15 04:53:58,28.5,True,0.05
TKT_03777FAA,CUST_000133,technical,chat,2024-07-19 07:55:22,28.5,True,0.18
TKT_7F3F393B,CUST_000008,account,chat,2026-03-09 06:28:22,37.0,True,-0.92
TKT_046A5FA4,CUST_000033,billing,phone,2025-04-04 12:20:53,62.0,True,-0.19
TKT_D894E857,CUST_000387,account,chat,2026-03-15 17:49:28,62.5,True,-0.33
TKT_0468B8D5,CUST_000631,billing,chat,2025-05-24 01:27:42,42.7,True,-0.45
TKT_A1AF3870,CUST_000386,billing,chat,2025-11-14 09:27:56,38.5,True,0.74
TKT_0D7A52D0,CUST_000089,technical,chat,2025-09-22 18:27:02,8.0,True,0.49
TKT_188FC4F9,CUST_000465,billing,chat,2025-06-14 12:45:53,32.9,False,0.64
TKT_A52B0C48,CUST_000248,account,email,2025-05-18 13:08:33,23.6,True,0.25
TKT_27E2765A,CUST_000347,billing,phone,2025-05-26 08:10:03,56.2,False,0.07
TKT_7BD554D9,CUST_000715,content,email,2025-04-16 22:19:40,9.8,True,0.03
TKT_946CBA16,CUST_000938,technical,email,2026-01-05 03:49:34,44.5,True,-0.94
TKT_C3493304,CUST_000698,technical,email,2025-07-07 12:10:11,18.9,True,0.14
TKT_167746C9,CUST_000180,technical,email,2025-09-20 09:21:22,31.4,True,0.44
TKT_A67C835D,CUST_000533,technical,email,2026-01-26 09:45:27,16.2,False,0.39
TKT_66105B20,CUST_000689,billing,phone,2025-12-12 11:26:32,23.1,True,-0.28
TKT_F0927DCD,CUST_000785,account,phone,2026-03-28 19:09:01,49.5,True,-0.2
TKT_1053A7A5,CUST_000679,content,phone,2024-07-20 07:45:13,52.9,True,0.38
TKT_6A7CB1CF,CUST_000184,account,email,2026-02-17 23:10:46,69.6,False,-0.71
TKT_892D8E5A,CUST_000802,billing,phone,2026-03-25 05:48:59,14.3,True,-0.65
TKT_09000EB9,CUST_000122,technical,chat,2025-12-23 09:50:24,53.0,True,0.61
TKT_78175DEC,CUST_000734,content,phone,2026-03-13 15:18:46,29.5,True,-0.05
TKT_1C87FAF1,CUST_000924,technical,phone,2026-02-18 01:29:46,62.8,False,-0.64
TKT_B9EA49AA,CUST_000572,technical,chat,2025-02-09 07:00:57,54.7,True,-0.11
TKT_4EE05D63,CUST_000766,billing,chat,2025-09-19 19:32:39,7.3,True,-0.74
TKT_27DBA9DD,CUST_000821,billing,email,2026-03-20 11:48:53,45.5,False,0.91
TKT_5CAC62F5,CUST_000183,technical,phone,2025-03-21 22:09:58,25.5,True,-0.0
TKT_60964655,CUST_000213,content,chat,2026-02-14 11:31:25,28.9,True,0.13
TKT_2B53B8E7,CUST_000463,technical,chat,2025-06-18 03:10:43,5.6,False,0.73
TKT_3D911C2F,CUST_000318,account,phone,2025-08-10 13:52:12,5.3,False,0.63
TKT_D36370FD,CUST_000192,billing,phone,2026-02-08 16:50:34,17.4,True,0.28
TKT_64F40E78,CUST_000525,content,chat,2025-02-10 22:43:05,52.5,True,0.88
TKT_00BBC06C,CUST_000329,account,chat,2025-07-20 10:00:09,32.1,True,0.09
TKT_C20CA5E9,CUST_000721,billing,email,2025-05-25 02:21:16,8.7,True,-0.66
TKT_2A4F2FAC,CUST_000585,billing,chat,2026-02-25 04:00:00,53.7,True,-0.76
TKT_BE2D2218,CUST_000874,content,phone,2026-01-16 08:59:12,55.6,True,-0.22
TKT_92631348,CUST_000407,technical,email,2025-08-18 19:52:43,34.0,True,-0.12
TKT_B1EE18E2,CUST_000988,billing,chat,2026-03-02 09:23:52,32.7,True,0.16
TKT_61349CD1,CUST_000452,content,email,2026-02-01 20:01:02,10.7,False,0.65
TKT_A39A5ED1,CUST_000842,account,phone,2025-07-23 23:58:19,52.2,True,0.78
TKT_C923F872,CUST_000659,account,chat,2025-05-21 06:17:11,3.4,True,-0.82
TKT_4DB244C9,CUST_000923,technical,email,2025-03-19 17:43:44,39.7,True,0.16
TKT_4C098710,CUST_000270,content,email,2026-01-23 09:05:10,4.6,True,-0.87
TKT_F6E95A71,CUST_000350,technical,chat,2025-10-26 00:34:37,10.7,True,-0.71
TKT_EE049878,CUST_000302,content,phone,2026-04-06 13:05:01,53.6,True,-0.04
TKT_01249A81,CUST_000560,content,chat,2024-10-13 09:37:07,45.2,False,0.25
TKT_0DDFE216,CUST_000622,account,phone,2025-01-24 16:38:19,51.1,False,0.81
TKT_3C812031,CUST_000224,technical,chat,2025-11-23 01:56:04,29.2,True,-0.11
TKT_64E154D5,CUST_000598,billing,chat,2026-03-26 05:16:58,45.3,True,0.22
TKT_593489BD,CUST_000773,content,email,2026-03-25 15:02:59,1.9,True,-0.45
TKT_7AAC7341,CUST_000025,technical,chat,2026-03-27 04:56:15,16.3,True,-0.57
TKT_AA6FD838,CUST_000337,billing,phone,2026-02-12 13:55:44,23.2,True,-0.34
TKT_E30FDD9D,CUST_000948,account,chat,2025-12-13 19:35:02,36.5,True,-0.29
TKT_B8ED3118,CUST_000344,billing,email,2025-12-07 08:12:38,52.3,True,-0.95
TKT_5B91944D,CUST_000573,account,email,2025-03-25 09:46:09,26.5,True,0.13
TKT_ED6D8784,CUST_000666,account,phone,2026-01-05 22:33:43,40.5,True,-0.53
TKT_786AB0FF,CUST_000746,billing,chat,2025-03-08 13:02:49,40.3,False,-0.5
TKT_D99CF819,CUST_000411,technical,email,2025-07-27 01:04:23,67.7,True,-0.53
TKT_C35654D8,CUST_000113,account,chat,2025-05-20 18:34:21,22.8,True,0.33
TKT_B07C405D,CUST_000353,billing,email,2026-04-05 08:37:52,1.2,True,0.06
TKT_E577C3DF,CUST_000301,account,chat,2025-11-20 02:16:20,31.4,True,0.07
TKT_77B86EEA,CUST_000764,billing,phone,2025-08-22 10:01:27,59.8,True,0.32
TKT_E0793A68,CUST_000959,billing,email,2026-01-09 21:52:09,70.5,True,0.72
TKT_82C33C76,CUST_000332,billing,email,2025-06-17 05:29:26,68.0,True,-0.97
TKT_3AAAD789,CUST_000577,content,chat,2026-01-07 12:30:46,32.1,False,0.81
TKT_D36F8B4B,CUST_000374,technical,chat,2026-03-25 01:06:38,36.8,True,0.19
TKT_FAEA1767,CUST_000975,billing,email,2026-03-21 19:38:53,33.4,True,0.41
TKT_32377D46,CUST_000876,billing,email,2026-04-07 18:29:28,27.9,True,-0.21
TKT_19815B07,CUST_000253,technical,chat,2025-01-05 13:31:45,40.5,True,0.07
TKT_E3B1070C,CUST_000124,account,email,2026-02-20 03:23:11,54.2,True,0.45
TKT_D010ED1C,CUST_000162,technical,email,2026-04-09 15:01:51,70.7,True,-0.76
TKT_38B1A7BB,CUST_000990,technical,email,2026-01-29 12:21:40,8.6,False,-0.43
TKT_A995C91F,CUST_000974,account,chat,2026-03-16 04:25:18,25.1,False,-0.49
TKT_0B011FF7,CUST_000707,technical,phone,2026-04-11 15:00:45,31.8,True,0.65
TKT_C2A807F2,CUST_000880,billing,phone,2026-01-23 09:19:14,27.3,True,-0.41
TKT_C3B2B998,CUST_000999,technical,chat,2025-05-21 21:54:06,16.2,True,-0.14
TKT_6DB2B1DE,CUST_000132,billing,email,2026-02-05 04:11:12,61.6,True,-0.31
TKT_FCAD4FBA,CUST_000902,account,phone,2026-03-11 18:14:52,9.0,True,-0.79
TKT_8DE8FABA,CUST_000060,content,email,2026-03-24 03:46:16,46.7,False,0.11
TKT_EAAB47ED,CUST_000640,account,chat,2025-11-16 22:24:06,1.8,False,0.79
TKT_C5FD7602,CUST_000911,account,phone,2026-02-24 13:55:52,66.6,True,0.21
TKT_5CFF6B29,CUST_000461,account,phone,2026-02-14 18:21:18,11.4,True,0.47
TKT_6ECD6B91,CUST_000343,content,email,2025-04-29 00:12:58,1.4,True,-0.93
TKT_C0914EB7,CUST_000422,account,email,2025-07-23 12:16:09,41.1,True,-0.72
TKT_664D0A2D,CUST_000543,account,chat,2025-11-19 21:42:56,14.7,True,0.77
TKT_E2287571,CUST_000547,technical,phone,2026-01-18 00:53:13,63.7,True,-0.3
TKT_38B1E5BD,CUST_000226,account,phone,2025-10-27 19:53:22,23.5,False,-0.3
TKT_4D63099A,CUST_000938,account,chat,2025-11-15 12:15:57,43.2,True,0.46
TKT_EC9BAC7F,CUST_000607,content,email,2024-09-05 05:22:27,42.7,True,0.97
TKT_FB973250,CUST_000593,account,phone,2025-02-25 04:08:31,64.6,True,0.83
TKT_F241FED9,CUST_000976,content,email,2025-07-09 02:48:45,71.0,True,-0.1
TKT_4A20E9C4,CUST_000460,content,email,2026-04-09 00:14:37,50.4,True,0.87
TKT_8DF4F407,CUST_000696,technical,chat,2025-03-10 02:56:32,43.3,True,0.75
TKT_3E3A590F,CUST_000012,account,email,2025-06-19 03:27:44,3.6,False,-0.89
TKT_64287B0E,CUST_000508,technical,email,2025-12-24 22:52:10,45.8,True,-0.9
TKT_EC1652CA,CUST_000981,billing,email,2024-12-23 12:35:07,16.4,True,-0.19
TKT_72A0CAD3,CUST_000184,account,phone,2026-01-04 18:57:04,57.3,True,0.69
TKT_CD526E6C,CUST_000502,account,email,2025-06-26 09:46:12,41.8,True,-1.0
TKT_BA9295C6,CUST_000582,billing,chat,2025-07-24 23:01:02,49.4,False,0.45
TKT_EB509051,CUST_000631,technical,chat,2024-11-18 02:01:03,65.6,True,-0.67
TKT_FB05B481,CUST_000680,technical,email,2026-01-29 14:46:22,47.5,True,0.72
TKT_07598B76,CUST_000798,account,email,2026-03-26 23:36:45,48.0,False,0.41
TKT_24392849,CUST_000308,account,email,2025-10-12 12:03:39,13.7,True,-0.64
TKT_1742DFE5,CUST_000936,technical,chat,2025-10-18 19:51:55,29.0,False,0.42
TKT_638AA797,CUST_000967,content,phone,2026-01-30 04:21:59,20.9,True,0.56
TKT_5A24AA8F,CUST_000934,content,phone,2025-12-07 09:07:59,2.2,True,-0.24
TKT_FB50A53D,CUST_000274,billing,email,2025-08-12 03:24:52,15.8,True,-0.97
TKT_F61B2775,CUST_000402,technical,phone,2026-03-27 09:29:41,40.0,True,0.97
TKT_B3637777,CUST_000844,billing,chat,2025-04-23 13:11:33,61.9,True,0.47
TKT_C4539934,CUST_000366,technical,email,2026-01-20 14:42:11,54.9,True,0.46
TKT_C771E2D3,CUST_000136,billing,phone,2025-05-14 08:45:29,17.0,True,0.08
TKT_371FBE24,CUST_000680,account,email,2026-02-04 03:53:54,62.2,True,-0.32
TKT_DC3BEF77,CUST_000777,technical,chat,2025-07-04 14:57:40,2.7,False,0.62
TKT_FA5A74A5,CUST_000298,account,phone,2025-05-02 14:02:32,47.1,True,-0.33
TKT_E15286F1,CUST_000563,content,chat,2025-01-24 00:32:26,62.6,True,-0.69
TKT_81303B1A,CUST_000175,account,chat,2026-04-05 05:08:19,32.8,True,0.6
TKT_D5D4CF00,CUST_000040,technical,phone,2025-02-05 00:10:49,26.6,True,-0.12
TKT_1806F236,CUST_000656,content,email,2025-09-03 01:43:31,33.1,True,-0.55
TKT_828AD566,CUST_000408,technical,phone,2025-12-05 18:48:20,56.9,True,0.61
TKT_ED8C4BB0,CUST_000085,content,email,2025-11-20 10:02:43,35.4,True,-0.53
TKT_3BEA5BA8,CUST_000545,content,email,2025-07-18 12:29:49,20.2,True,-0.81
TKT_0FC3FA49,CUST_000815,content,phone,2025-11-17 17:05:53,54.0,True,-0.83
TKT_2DC606CB,CUST_000562,technical,phone,2026-02-07 19:05:39,17.2,True,-0.89
TKT_B33808FB,CUST_000717,billing,phone,2026-01-19 13:50:19,54.4,True,-0.3
TKT_37FCF396,CUST_000584,billing,chat,2026-03-12 11:17:34,18.1,True,-0.78
TKT_AE9294CB,CUST_000767,technical,email,2026-01-17 19:30:12,44.6,True,0.63
TKT_99008C66,CUST_000726,technical,phone,2026-04-05 02:40:58,2.4,True,-0.17
TKT_9403410A,CUST_000395,billing,chat,2025-07-06 11:51:10,23.2,True,0.48
TKT_57D949A9,CUST_000137,billing,phone,2026-02-08 22:34:18,68.0,True,-0.24
TKT_40D7E04C,CUST_000620,content,phone,2026-02-06 04:54:12,13.1,True,0.57
TKT_D6074402,CUST_000547,technical,chat,2025-12-17 22:31:43,6.4,True,0.36
TKT_A782B17E,CUST_000266,account,chat,2025-12-08 23:35:35,24.7,True,-0.34
TKT_E55BFB11,CUST_000125,content,chat,2025-08-07 18:09:21,51.4,True,0.21
TKT_20F52DE7,CUST_000863,technical,chat,2026-02-20 03:31:13,36.9,True,0.35
TKT_9E3A8A51,CUST_000220,billing,chat,2026-02-02 19:54:19,51.2,True,-0.02
TKT_4A58BB01,CUST_000492,technical,chat,2024-11-18 13:02:43,17.8,True,0.15
TKT_646BA3BD,CUST_000884,content,email,2025-07-21 16:39:53,45.0,True,-0.73
TKT_98EFE297,CUST_000531,billing,chat,2026-01-04 20:40:01,58.2,True,-0.29
TKT_EECF01CF,CUST_000884,content,email,2026-04-07 07:54:47,18.9,False,-0.09
TKT_14F18A07,CUST_000922,content,phone,2026-01-23 14:59:18,18.0,True,0.37
TKT_0A59698E,CUST_000158,content,phone,2026-03-18 20:31:37,38.4,True,-0.01
TKT_6FA9C40B,CUST_000124,technical,chat,2025-08-22 13:09:38,59.3,True,0.47
TKT_11A77287,CUST_000292,technical,phone,2026-04-10 09:51:57,28.6,True,-0.81
TKT_C7E19209,CUST_000899,technical,chat,2026-03-07 02:29:33,26.1,True,0.81
TKT_47E73B86,CUST_000780,content,chat,2025-09-17 03:23:39,17.0,True,-0.37
TKT_8D152377,CUST_000804,billing,chat,2025-11-30 03:53:28,14.1,True,-0.43
TKT_AAE4B957,CUST_000866,account,chat,2026-02-06 15:11:47,35.7,True,0.88
TKT_51FF322C,CUST_000494,content,email,2025-10-21 02:53:15,1.5,True,0.33
TKT_74891366,CUST_000297,content,chat,2025-04-03 18:21:40,6.6,True,-0.52
TKT_6ABC151D,CUST_000824,billing,phone,2025-06-13 08:08:02,20.9,True,-0.31
TKT_AF4FD29F,CUST_000905,content,email,2025-07-30 01:37:02,66.2,True,0.39
TKT_BBF0B874,CUST_000841,billing,phone,2026-01-04 18:19:36,12.5,True,-0.36
TKT_A80459D8,CUST_000098,technical,phone,2025-12-25 10:46:49,18.7,True,-0.87
TKT_5EFB4A61,CUST_000086,content,email,2025-12-24 04:26:16,16.3,True,-0.31
TKT_78175B8C,CUST_000281,technical,chat,2024-05-18 09:17:21,71.5,True,-0.44
TKT_A5CB1AA6,CUST_000242,content,email,2025-12-16 17:31:44,6.2,True,0.02
TKT_A272030B,CUST_000989,account,chat,2026-03-29 14:57:25,59.2,True,0.47
TKT_27046881,CUST_000884,account,chat,2025-12-15 02:13:54,69.4,False,0.87
TKT_6F08D282,CUST_000916,account,email,2025-12-25 14:19:32,49.2,True,-0.57
TKT_BB3653FD,CUST_000032,content,chat,2026-03-02 13:03:12,6.3,False,0.85
TKT_EF9ED839,CUST_000265,content,phone,2026-03-11 09:34:32,46.3,True,0.2
TKT_1BCCD6DD,CUST_000987,technical,email,2025-12-26 12:53:54,17.2,True,0.49
TKT_A06CBF27,CUST_000986,technical,email,2025-07-12 00:37:09,56.5,True,0.69
TKT_7B2A5A30,CUST_000635,billing,phone,2026-03-14 02:12:00,69.9,True,-0.05
TKT_0A76FBC3,CUST_000668,billing,phone,2025-07-22 13:51:33,2.5,True,0.36
TKT_CA542FD7,CUST_000429,account,chat,2025-12-15 19:37:01,8.1,True,0.85
TKT_825A59FD,CUST_000780,billing,email,2026-02-12 22:29:47,29.8,True,0.33
TKT_4E3B438C,CUST_000454,technical,chat,2026-01-01 03:43:14,33.2,True,-0.36
TKT_2C6EE07F,CUST_000909,content,chat,2025-04-23 03:23:12,27.2,False,0.89
TKT_98B55961,CUST_000085,billing,chat,2026-01-25 08:01:29,18.9,True,0.18
TKT_6C167852,CUST_000113,technical,email,2025-06-07 18:16:21,19.7,False,-0.46
TKT_9E3510EB,CUST_000378,content,phone,2025-06-26 10:19:32,54.4,True,-0.42
TKT_7ABF89D3,CUST_000995,technical,chat,2025-07-02 15:10:02,18.0,True,-0.2
TKT_63493202,CUST_000821,technical,chat,2025-02-28 03:05:30,2.6,True,-0.96
TKT_1A6584C2,CUST_000124,billing,phone,2026-02-12 15:33:54,30.8,False,-0.88
TKT_6F582268,CUST_000237,account,email,2024-10-27 05:45:39,51.1,True,-0.06
TKT_D16623DA,CUST_000833,content,email,2025-06-18 15:00:06,26.1,True,-0.42
TKT_63014C16,CUST_000366,billing,phone,2026-01-27 21:44:35,23.1,True,0.73
TKT_2D5FCE2D,CUST_000928,account,email,2026-03-24 10:39:22,62.0,True,-0.8
TKT_ECE09742,CUST_000462,technical,chat,2025-01-08 13:14:22,58.2,True,0.58
TKT_819AD9EE,CUST_000611,technical,phone,2024-10-27 02:10:02,50.2,True,-0.47
TKT_44AC08BE,CUST_000560,technical,phone,2024-09-13 11:03:57,7.7,False,-0.93
TKT_0CD6A39E,CUST_000597,content,phone,2024-08-21 00:42:41,12.4,True,0.79
TKT_DA79E436,CUST_000704,billing,email,2025-05-26 00:10:03,65.1,False,0.14
TKT_B65848B2,CUST_000638,content,chat,2024-11-23 11:44:48,22.2,True,0.49
TKT_AA5078B5,CUST_000827,content,email,2025-12-03 09:31:22,26.3,True,-0.83
TKT_74E1707E,CUST_000815,account,phone,2025-10-26 19:49:42,0.7,True,-0.14
TKT_E060F00F,CUST_000975,account,email,2026-03-18 07:18:16,22.1,True,0.43
TKT_EC449E72,CUST_000510,technical,phone,2026-03-05 04:51:41,33.5,True,-0.33
TKT_1A3E135E,CUST_000451,billing,chat,2025-09-14 20:23:34,25.7,True,0.65
TKT_98FD519A,CUST_000998,billing,email,2026-01-09 18:15:04,48.6,True,-0.42
TKT_093CEB85,CUST_000636,technical,email,2025-08-20 23:17:30,13.5,True,0.75
TKT_A74A8A42,CUST_000370,account,email,2025-10-17 21:20:36,16.0,True,0.95
TKT_53F936C9,CUST_000953,account,chat,2025-12-30 15:10:08,21.5,False,-0.86
TKT_8D0945DF,CUST_000486,content,chat,2025-04-13 05:39:10,32.6,False,-0.04
TKT_31DC5CBF,CUST_000803,account,chat,2026-03-23 10:30:40,46.1,True,0.08
TKT_EDEAFA0E,CUST_000191,account,email,2026-03-07 21:21:16,10.9,True,-0.64
TKT_89377019,CUST_000861,content,phone,2025-11-21 18:43:11,3.2,True,-0.53
TKT_78A83EAC,CUST_000021,content,phone,2026-03-25 17:11:37,14.5,True,-0.05
TKT_215995AB,CUST_000336,technical,email,2025-09-08 07:12:11,6.5,True,0.83
TKT_6C9A36B8,CUST_000167,account,email,2026-03-25 16:26:35,13.8,True,0.13
TKT_E86DA374,CUST_000312,technical,chat,2026-04-03 21:25:21,39.7,True,0.01
TKT_81B9A87C,CUST_000477,account,phone,2025-03-23 07:40:35,43.0,True,-0.77
TKT_4DF63747,CUST_000074,technical,phone,2025-11-21 23:59:44,19.3,True,0.48
TKT_81BCF752,CUST_000735,billing,chat,2026-02-10 05:30:43,50.0,True,-0.47
TKT_F6D73035,CUST_000931,account,phone,2025-02-08 09:03:53,55.8,True,-0.95
TKT_9D20FCF7,CUST_000406,technical,email,2025-01-13 00:09:23,12.2,True,-0.49
TKT_03CF48A6,CUST_000473,technical,phone,2026-01-15 20:02:33,34.2,True,-0.81
TKT_47FC278F,CUST_000561,account,chat,2026-02-08 15:57:05,60.7,True,0.23
TKT_877155D9,CUST_000748,technical,email,2025-03-29 08:01:37,60.0,True,0.95
TKT_5448D62C,CUST_000349,content,phone,2026-02-01 16:23:05,20.8,False,0.07
TKT_7EFF5966,CUST_000188,technical,email,2026-02-14 09:28:50,37.3,True,0.69
TKT_B95B4B97,CUST_000087,account,phone,2025-07-20 00:54:35,18.6,True,-0.87
TKT_9A02737A,CUST_000033,billing,phone,2024-12-05 14:38:21,1.1,True,0.67
TKT_B8836924,CUST_000159,account,chat,2026-04-08 18:48:56,58.9,True,0.61
TKT_5FEA6928,CUST_000268,content,email,2026-03-13 10:30:12,50.1,True,-0.78
TKT_4E1238E0,CUST_000485,technical,phone,2025-07-13 23:14:10,15.5,True,0.65
TKT_F76D1EBA,CUST_000774,billing,email,2026-02-26 13:09:52,44.6,True,-0.72
TKT_221A54DC,CUST_000152,account,chat,2025-12-16 00:45:24,58.3,True,-0.63
TKT_22AF8E3F,CUST_000638,billing,chat,2024-07-30 08:37:31,5.3,True,0.3
TKT_925520BE,CUST_000951,billing,email,2026-01-30 01:36:19,55.0,True,-0.79
TKT_90164AD3,CUST_000402,content,email,2025-11-14 13:58:33,26.9,True,-0.52
TKT_59B5040F,CUST_000654,content,chat,2026-03-05 22:38:13,64.9,True,0.33
TKT_19359432,CUST_000872,technical,phone,2025-09-10 06:50:18,5.4,True,0.34
TKT_AB0A674A,CUST_000648,content,email,2026-03-13 05:11:55,71.8,True,0.04
TKT_0A81C20D,CUST_000425,content,phone,2026-01-27 03:25:15,38.9,True,0.06
TKT_9EF68217,CUST_000296,content,email,2025-11-20 04:46:05,18.3,True,0.78
TKT_161E2372,CUST_000254,content,chat,2026-01-25 04:29:07,1.4,True,-0.57
TKT_67701F4A,CUST_000811,technical,chat,2025-04-12 19:46:23,50.4,True,-0.5
TKT_E60CBAE7,CUST_000973,account,phone,2025-12-23 16:39:11,33.4,False,0.1
TKT_71C237EE,CUST_000440,technical,chat,2025-02-10 21:29:12,59.4,False,0.98
TKT_1BBA4C9F,CUST_000421,account,phone,2026-02-01 05:59:42,54.7,True,0.83
TKT_DDF7A220,CUST_000394,account,chat,2025-12-18 00:53:18,43.0,True,0.25
TKT_EBB287AE,CUST_000595,billing,email,2025-07-30 22:23:54,61.1,True,-0.07
TKT_93B8D160,CUST_000813,account,phone,2026-02-27 05:39:19,64.3,True,0.49
TKT_19E44A6A,CUST_000395,billing,email,2025-04-29 01:27:26,21.2,True,0.45
TKT_91BB9A99,CUST_000791,technical,chat,2024-12-23 00:04:48,1.1,True,-0.16
TKT_C6CED109,CUST_000695,content,email,2026-02-17 07:29:30,27.8,True,0.73
TKT_53A6F6F7,CUST_000935,billing,phone,2026-02-18 14:41:29,17.9,False,0.23
TKT_B0C3393D,CUST_000263,account,email,2025-09-16 15:26:09,69.7,False,0.5
TKT_9180B2C1,CUST_000691,technical,chat,2025-09-08 13:22:42,17.1,True,-0.27
TKT_57F4DD83,CUST_000290,technical,chat,2025-09-14 01:59:42,14.2,False,0.62
TKT_365A3B8E,CUST_000515,account,chat,2026-02-11 01:49:01,56.4,True,0.11
TKT_1F999B42,CUST_000926,technical,chat,2024-09-25 00:52:57,10.7,True,-0.09
TKT_EF974A81,CUST_000660,content,phone,2026-01-23 12:17:19,5.7,True,-0.93
TKT_C2DFE843,CUST_000872,technical,chat,2025-07-12 07:23:49,43.5,True,-0.77
TKT_6CEB7487,CUST_000721,content,chat,2025-08-28 21:25:11,30.3,True,0.54
TKT_5F3391EF,CUST_000799,account,phone,2025-06-10 09:30:25,40.8,True,-1.0
TKT_C9A17EDC,CUST_000988,billing,email,2026-04-02 05:32:46,30.4,True,0.83
TKT_01EC8C94,CUST_000879,billing,email,2026-01-09 18:24:55,12.4,False,0.09
TKT_D1F9217C,CUST_000595,technical,email,2024-12-17 22:17:49,52.8,False,-0.42
TKT_3D03450A,CUST_000523,account,chat,2025-09-25 13:44:11,58.6,True,0.34
TKT_DE1E6BA7,CUST_000515,technical,email,2026-04-02 19:22:47,23.9,True,-0.52
TKT_38D9BB64,CUST_000272,account,chat,2025-01-07 19:14:33,56.3,True,0.26
TKT_6570916A,CUST_000864,content,phone,2025-06-26 20:35:37,67.1,True,-0.3
TKT_C033B7B5,CUST_000660,billing,chat,2025-12-14 15:10:03,10.3,True,-0.55
TKT_15037534,CUST_000166,technical,chat,2026-02-24 13:29:39,60.0,True,0.45
TKT_D1038A18,CUST_000641,technical,chat,2026-02-02 12:18:24,57.8,False,-0.25
TKT_FF13CE8A,CUST_000319,account,chat,2026-02-01 11:28:50,45.8,True,0.14
TKT_A97A3143,CUST_000584,account,chat,2026-04-05 20:57:34,31.8,True,0.48
TKT_DCA55DAB,CUST_000827,billing,phone,2025-11-26 09:45:17,9.2,True,0.26
TKT_323366A3,CUST_000539,content,chat,2026-02-19 04:15:51,25.7,False,0.93
TKT_1ADFE87F,CUST_000272,account,email,2025-02-02 05:23:00,5.0,True,0.96
TKT_ED20B025,CUST_000269,content,chat,2025-10-20 05:59:58,67.3,True,0.26
TKT_31789845,CUST_000653,technical,email,2026-01-27 06:20:44,23.3,False,0.62
TKT_161120FE,CUST_000856,billing,email,2025-05-25 03:54:12,14.2,True,0.48
TKT_7074BE34,CUST_000489,billing,phone,2025-11-27 08:34:03,10.5,True,-0.3
TKT_14581F6F,CUST_000598,technical,chat,2026-03-27 00:02:53,65.8,True,0.92
TKT_81990EDD,CUST_000166,billing,chat,2026-04-07 04:19:21,17.8,False,0.68
TKT_3F4FA194,CUST_000346,account,chat,2025-06-01 08:20:45,62.4,True,-0.79
TKT_68AF3456,CUST_000729,content,phone,2025-10-08 15:42:12,48.5,True,-0.59
TKT_718B332F,CUST_000407,content,email,2026-03-21 06:13:39,47.4,True,-0.34
TKT_6A36436A,CUST_000111,billing,email,2026-01-26 19:36:10,14.4,True,-0.53
TKT_205A5728,CUST_000915,account,chat,2025-10-23 17:27:39,44.6,True,0.47
TKT_9DEA32EE,CUST_000176,technical,phone,2025-03-03 14:34:19,36.2,True,-0.79
TKT_A2A9C6BF,CUST_000923,billing,chat,2025-08-25 04:53:53,7.1,True,0.79
TKT_EB995277,CUST_000514,billing,phone,2025-06-04 02:15:52,61.0,True,0.57
TKT_6DFDF28A,CUST_000821,account,phone,2025-06-07 01:19:13,6.8,True,0.5
TKT_DBCA8A2B,CUST_000450,content,phone,2025-10-17 01:26:59,10.1,True,0.83
TKT_06A645C1,CUST_000867,billing,chat,2025-07-09 22:47:45,47.0,True,-0.13
TKT_2456D7F5,CUST_000513,technical,phone,2025-10-23 21:14:21,18.9,True,0.35
TKT_F99BDF40,CUST_000582,technical,email,2024-05-08 19:25:54,64.1,True,-0.27
TKT_C9ACB220,CUST_000820,content,phone,2025-11-02 03:38:51,21.3,True,-0.94
TKT_E8CD3680,CUST_000483,billing,phone,2026-02-26 12:51:30,67.1,False,-0.71
TKT_3AEB24A3,CUST_000470,technical,chat,2026-02-19 00:58:22,56.6,True,0.48
TKT_908084F4,CUST_000895,billing,email,2025-05-21 12:57:56,23.7,True,0.14
TKT_CC317C4F,CUST_000043,content,email,2026-02-19 23:23:46,24.2,True,-0.65
TKT_2D909BD2,CUST_000591,account,chat,2026-04-08 11:23:58,24.2,False,0.73
TKT_329158F6,CUST_000102,content,phone,2026-03-01 11:49:13,67.4,True,-0.35
TKT_DC7DC16B,CUST_000341,account,phone,2026-01-20 23:33:44,16.9,True,-0.31
TKT_99916D1E,CUST_000691,billing,chat,2025-08-30 01:35:20,40.4,True,-0.77
TKT_05A5148F,CUST_000339,technical,email,2026-04-04 21:38:42,37.4,True,0.68
TKT_7D739A99,CUST_000693,billing,phone,2026-04-10 20:07:23,7.0,False,0.76
TKT_7B4AC937,CUST_000988,billing,phone,2026-04-08 02:15:45,11.2,True,-0.11
TKT_D8C8EB00,CUST_000841,technical,chat,2026-01-11 05:35:02,49.1,True,0.63
TKT_B057740E,CUST_000148,content,phone,2025-12-19 19:59:42,15.6,True,-0.75
TKT_32EA2752,CUST_000132,content,email,2025-02-19 05:15:41,39.0,True,-0.31
TKT_466A6855,CUST_000729,billing,email,2025-12-27 04:46:48,46.1,False,-0.9
TKT_C8B1A9CD,CUST_000740,billing,phone,2025-06-12 08:20:58,28.1,True,-0.33
TKT_312EF0F3,CUST_000031,billing,email,2025-03-26 11:12:14,15.1,True,0.85
TKT_D523CB5B,CUST_000603,account,email,2025-12-28 06:29:50,16.1,True,-0.46
TKT_60668FFD,CUST_000398,billing,chat,2024-10-27 03:19:59,60.1,True,-0.9
TKT_D1F7124E,CUST_000494,account,phone,2025-10-05 23:53:29,43.3,True,0.42
TKT_19A3B4A9,CUST_000785,billing,email,2026-03-18 20:58:29,63.5,True,-0.81
TKT_266259B5,CUST_000793,technical,phone,2025-02-22 14:59:42,54.1,False,0.22
TKT_B5ABD358,CUST_000420,content,phone,2026-02-28 20:29:41,58.5,True,-0.45
TKT_6076AB54,CUST_000826,billing,phone,2026-01-09 08:21:18,63.7,True,0.4
TKT_4E9ADB52,CUST_000269,account,chat,2026-01-12 07:55:24,63.6,True,-0.56
TKT_A8C28F05,CUST_000662,content,email,2026-02-03 15:07:46,62.2,True,0.79
TKT_953F22AE,CUST_000806,technical,email,2025-04-22 19:01:04,5.4,True,-0.75
TKT_E9958160,CUST_000027,technical,phone,2025-11-13 12:59:16,18.3,True,-0.14
TKT_28613C01,CUST_000248,technical,email,2026-03-06 14:05:08,57.0,True,-0.06
TKT_D354F36B,CUST_000523,account,phone,2025-08-28 00:40:37,61.6,True,-0.44
TKT_E2C23FD3,CUST_000846,technical,phone,2025-07-16 08:13:55,55.2,True,-0.85
TKT_6C81DA53,CUST_000022,account,chat,2025-12-28 16:15:40,28.0,True,-0.76
TKT_4B38B57A,CUST_000849,content,phone,2025-09-04 22:38:52,71.6,False,-0.85
TKT_EE231ADB,CUST_000272,account,chat,2025-11-29 02:52:44,4.4,True,0.8
TKT_A458021B,CUST_000264,account,chat,2025-08-31 08:02:46,35.4,True,-0.51
TKT_ADBE28E1,CUST_000274,technical,email,2025-10-23 02:36:57,9.4,True,0.34
TKT_C0365E96,CUST_000244,technical,email,2025-07-07 04:33:45,31.1,True,-0.45
TKT_BF76B2F4,CUST_000081,billing,chat,2026-03-01 09:22:29,28.1,True,0.27
TKT_E5D94F31,CUST_000007,billing,chat,2025-12-07 16:19:53,44.2,True,-0.45
TKT_AD5ACD7B,CUST_000632,billing,email,2025-10-01 01:57:23,4.7,True,-0.34
TKT_8E2E0D94,CUST_000681,content,email,2025-11-21 05:01:37,36.7,False,-0.91
TKT_9ECEFC1B,CUST_000050,billing,phone,2025-09-25 20:36:43,12.1,True,0.69
TKT_FC3BB4E2,CUST_000246,account,chat,2025-12-30 21:01:38,29.3,True,-0.21
TKT_B834DEBD,CUST_000480,account,email,2025-06-19 19:09:06,64.7,True,-0.53
TKT_3F40CD9E,CUST_000968,content,email,2025-10-16 00:08:17,22.9,True,-0.4
TKT_F7CE00F1,CUST_000203,technical,phone,2025-07-29 20:19:51,16.4,False,-0.69
TKT_98A5A30E,CUST_000382,account,chat,2026-04-05 16:47:02,49.0,True,0.77
TKT_4B1197F7,CUST_000107,technical,email,2025-11-29 00:39:39,55.8,True,0.22
TKT_B34CE304,CUST_000356,technical,chat,2026-01-08 03:48:03,65.0,True,-0.16
TKT_4D13072B,CUST_000375,content,chat,2025-09-03 21:20:20,62.7,True,0.02
TKT_F4A8BF46,CUST_000363,content,email,2025-12-21 11:41:31,41.0,True,-0.94
TKT_3F63ED90,CUST_000853,account,email,2026-04-05 08:04:36,49.6,True,-0.37
TKT_79EE6128,CUST_000563,billing,email,2024-07-30 00:07:51,30.9,True,-0.29
TKT_5A32C8B9,CUST_000291,account,phone,2025-11-15 13:47:36,5.9,True,0.01
TKT_A34C41E9,CUST_000238,content,phone,2025-03-27 13:15:50,16.2,True,0.83
TKT_F333E879,CUST_000311,billing,email,2026-02-21 05:07:34,8.3,True,-0.38
TKT_914F8F3B,CUST_000929,billing,email,2026-03-17 06:37:16,19.4,True,-0.11
TKT_00A4806C,CUST_000825,account,phone,2026-04-11 13:44:32,69.8,True,0.14
TKT_317A2E44,CUST_000230,technical,chat,2025-06-12 00:43:04,18.5,True,-0.07
TKT_B4C5AEE2,CUST_000740,content,email,2026-02-16 18:08:55,19.6,True,-0.04
TKT_2CD0BA8E,CUST_000733,content,phone,2025-10-19 20:22:16,27.9,True,-0.64
TKT_12220151,CUST_000702,billing,chat,2026-03-03 20:36:50,18.3,True,0.61
TKT_BF1B25AB,CUST_000945,account,phone,2026-03-22 17:42:38,70.5,False,0.37
TKT_3FF83D47,CUST_000551,billing,chat,2024-11-12 00:30:28,70.2,True,0.01
TKT_678AEB0C,CUST_000133,billing,email,2024-10-17 14:06:14,28.9,True,-0.52
TKT_5DE501F1,CUST_000658,account,phone,2025-12-12 18:41:12,46.4,True,-0.18
TKT_3E743901,CUST_000605,account,email,2025-08-16 23:41:59,47.1,True,0.01
TKT_16430F71,CUST_000389,billing,chat,2026-04-06 18:35:32,63.3,True,-0.9
TKT_BAF653EF,CUST_000442,billing,chat,2025-09-02 01:58:16,39.3,True,0.55
TKT_D8474B96,CUST_000371,technical,phone,2026-03-26 17:06:37,19.1,True,-0.13
TKT_9497477B,CUST_000345,technical,chat,2026-02-22 01:19:57,56.0,True,1.0
TKT_9DA2EF19,CUST_000330,billing,chat,2025-10-03 04:51:59,9.8,True,0.4
TKT_253DE455,CUST_000073,content,email,2025-12-28 17:09:41,11.4,True,0.2
TKT_C96DB9C4,CUST_000424,account,phone,2026-01-05 12:42:04,14.9,True,-0.96
TKT_380111D4,CUST_000076,content,chat,2026-02-14 03:41:14,42.8,True,-0.0
TKT_4DE38FD2,CUST_000649,account,email,2026-03-16 08:01:43,64.6,True,-0.61
TKT_F5CC9E48,CUST_000095,billing,email,2025-04-05 06:31:04,56.1,True,-0.7
TKT_4F20AF0D,CUST_000266,technical,phone,2026-02-08 09:30:21,49.2,True,0.65
TKT_767706E7,CUST_000090,content,chat,2026-03-19 15:42:24,56.0,False,-0.56
TKT_BDE611F4,CUST_000139,content,phone,2025-12-09 12:48:24,63.8,True,-0.02
TKT_8E166AF7,CUST_000077,billing,phone,2024-11-29 05:17:40,55.2,True,-0.06
TKT_6A354D7F,CUST_000287,account,email,2025-01-23 10:15:45,10.8,True,0.18
TKT_AC053E70,CUST_000290,account,chat,2025-12-19 16:47:16,5.7,False,-0.77
TKT_28B9D3FB,CUST_000809,technical,phone,2025-03-24 17:36:36,67.8,True,-0.52
TKT_087DCE0F,CUST_000585,account,chat,2026-02-13 14:32:18,26.1,True,-0.74
TKT_33A3CC07,CUST_000144,technical,email,2025-05-15 16:36:19,25.2,True,-0.39
TKT_DA51E7C5,CUST_000811,billing,chat,2024-11-29 22:39:11,20.2,True,0.95
TKT_3FD67672,CUST_000983,billing,phone,2024-09-06 05:55:54,21.6,True,-0.25
TKT_6A4BAF4E,CUST_000839,account,email,2025-08-05 11:11:03,50.5,True,0.48
TKT_0B5346B9,CUST_000828,content,email,2026-04-05 01:14:50,56.3,True,-0.97
TKT_E1AC4E1E,CUST_000492,billing,email,2024-08-01 06:46:17,9.8,True,-0.24
TKT_7B34783D,CUST_000378,account,phone,2026-03-28 11:36:31,11.6,False,0.86
TKT_D5AE9C83,CUST_000094,technical,email,2025-03-02 11:17:56,48.9,True,0.39
TKT_D2902309,CUST_000902,billing,email,2024-08-24 17:41:42,37.4,True,-0.04
TKT_7C27389A,CUST_000834,account,phone,2025-09-28 08:12:43,47.8,True,-0.47
TKT_53CB9183,CUST_000965,billing,chat,2026-01-04 03:27:51,35.5,True,0.55
TKT_5360ADFD,CUST_000159,account,chat,2026-04-06 09:35:52,28.6,False,-0.68
TKT_F7DD6B71,CUST_000899,billing,email,2026-04-02 11:52:27,13.2,True,0.16
TKT_3CF70E53,CUST_000754,technical,email,2026-03-23 02:18:33,54.3,True,-0.32
TKT_BDC35A02,CUST_000581,billing,email,2025-08-24 01:44:24,71.5,True,-0.04
TKT_C13B76D2,CUST_000373,technical,chat,2025-08-11 18:42:36,9.8,True,0.91
TKT_A0D2D777,CUST_000551,technical,phone,2026-01-08 09:18:33,48.8,True,-0.2
TKT_4657F963,CUST_000398,content,phone,2026-03-15 11:39:27,22.6,False,0.47
TKT_34B9912E,CUST_000452,billing,chat,2024-12-05 03:59:36,17.7,False,-1.0
TKT_EC201B4B,CUST_000514,technical,email,2025-11-30 12:05:03,69.7,True,-0.69
TKT_519BA9D0,CUST_000544,billing,email,2025-09-09 17:04:47,7.3,False,-0.56
TKT_D9D765D2,CUST_000959,content,chat,2024-12-07 15:44:23,41.4,True,-0.42
TKT_E5B82BAC,CUST_000663,account,email,2026-03-29 16:08:08,39.4,True,-0.14
TKT_432F1FD1,CUST_000376,content,email,2025-10-23 05:19:12,2.2,True,0.14
TKT_CE6C1339,CUST_000168,billing,chat,2026-01-24 01:53:20,10.6,True,0.17
TKT_8DC4A9DE,CUST_000304,content,phone,2024-07-26 02:17:18,7.2,False,-0.59
TKT_17454F91,CUST_000824,account,phone,2025-04-18 06:12:57,15.6,True,-0.98
TKT_94EAEFF1,CUST_000694,account,phone,2026-03-28 11:05:50,51.6,True,0.67
TKT_9DF4C736,CUST_000035,billing,chat,2025-10-20 05:50:12,41.7,True,0.75
TKT_7FED4AC5,CUST_000133,billing,phone,2024-10-10 03:41:52,52.3,True,0.43
TKT_D8C08BE9,CUST_000076,billing,email,2025-11-04 04:27:38,60.7,True,0.01
TKT_852A8A5B,CUST_000656,technical,email,2025-11-25 14:00:18,51.2,True,-0.13
TKT_19E5F76A,CUST_000633,technical,phone,2025-10-09 08:02:34,33.6,True,0.68
TKT_16C22495,CUST_000332,content,phone,2025-08-18 16:48:28,65.3,True,0.55
TKT_B71D6C90,CUST_000058,billing,phone,2025-07-23 00:50:28,18.6,True,-0.2
TKT_7B0E191A,CUST_000700,technical,phone,2026-03-23 18:06:21,2.5,True,-0.34
TKT_9A90A278,CUST_000005,content,phone,2025-07-31 11:13:50,53.5,True,-0.13
TKT_A3CF9BE1,CUST_000979,account,email,2025-08-10 10:25:52,66.8,False,0.59
TKT_09D74A8C,CUST_000269,content,email,2026-01-12 11:05:22,50.3,True,0.69
TKT_5708F40F,CUST_000690,technical,email,2025-07-29 23:09:05,33.2,True,0.37
TKT_9B9B322E,CUST_000414,content,email,2024-08-28 13:27:02,67.5,True,-0.23
TKT_29393905,CUST_000122,billing,email,2026-02-23 17:28:38,50.4,True,0.94
TKT_3FE675F2,CUST_000793,content,email,2025-02-25 10:26:08,37.9,True,0.02
TKT_3BE7043E,CUST_000017,billing,chat,2025-11-27 13:56:57,18.3,False,-0.57
TKT_9ABB6522,CUST_000412,billing,email,2024-06-11 20:12:39,68.7,True,-0.17
TKT_A725F8B9,CUST_000845,content,chat,2026-01-25 02:29:48,64.3,True,0.02
TKT_D18C1FB9,CUST_000116,account,email,2026-03-24 17:00:57,63.2,True,-0.47
TKT_BEA34D90,CUST_000779,content,email,2026-02-03 06:06:51,26.7,True,0.39
TKT_7A6FD6EE,CUST_000270,technical,phone,2026-01-05 19:45:22,8.7,True,0.66
TKT_448EEF3A,CUST_000467,content,email,2026-02-21 01:01:45,53.1,True,-0.85
TKT_97E404DC,CUST_000052,technical,chat,2025-02-21 04:40:51,31.8,True,0.49
TKT_DE125922,CUST_000083,content,phone,2025-02-04 15:24:48,26.9,True,-0.28
TKT_84052B5E,CUST_000433,technical,chat,2026-01-07 03:10:22,47.6,True,0.61
TKT_548366F0,CUST_000241,technical,phone,2026-02-10 03:29:24,21.0,True,0.05
TKT_68B9770E,CUST_000540,account,phone,2025-12-21 20:07:28,60.9,True,0.59
TKT_9A497B06,CUST_000784,billing,chat,2025-10-12 04:11:33,61.9,False,0.64
TKT_635E8AD9,CUST_000942,billing,phone,2026-01-23 04:54:26,61.7,False,-0.84
TKT_9F2DAADB,CUST_000949,account,email,2026-02-07 01:30:22,33.6,True,0.98
TKT_2385FF0A,CUST_000111,content,phone,2026-02-11 06:50:50,31.4,True,0.36
TKT_119D494F,CUST_000972,content,email,2026-01-13 05:36:13,4.3,True,0.5
TKT_9D8DD01F,CUST_000485,account,phone,2025-10-18 02:15:23,40.9,True,0.55
TKT_9D1BDF6B,CUST_000579,technical,email,2024-07-19 16:36:26,68.3,True,0.89
TKT_29DF2BC1,CUST_000618,content,phone,2026-01-07 01:09:35,64.4,True,-0.47
TKT_981BABA3,CUST_000725,billing,chat,2025-11-19 06:24:07,68.7,True,0.6
TKT_FDEB0291,CUST_000184,account,chat,2026-02-24 05:21:42,11.8,False,-0.06
TKT_BEAC4798,CUST_000413,content,email,2026-01-17 05:38:43,60.4,False,0.33
TKT_77EDC6BE,CUST_000258,content,chat,2026-02-13 06:16:23,43.1,True,-0.12
TKT_AA40A46C,CUST_000832,billing,chat,2025-10-11 11:40:41,48.9,True,0.64
TKT_DD8991F2,CUST_000932,account,phone,2026-03-03 03:25:06,69.1,True,-0.39
TKT_7B5EEB9C,CUST_000999,content,chat,2026-01-09 14:52:16,16.4,True,-0.78
TKT_2592C82C,CUST_000406,billing,email,2025-03-24 21:04:39,63.9,True,-0.61
TKT_A2683376,CUST_000074,technical,email,2026-03-22 13:05:36,38.7,True,0.7
TKT_97DF636D,CUST_000012,billing,phone,2025-04-16 21:44:16,15.4,False,0.01
TKT_236BFCF0,CUST_000611,account,email,2024-10-25 21:05:27,26.4,True,0.47
TKT_2808FD1E,CUST_000343,account,email,2025-11-02 06:25:31,50.6,True,0.83
TKT_695667CD,CUST_000841,content,chat,2026-02-14 10:22:36,70.0,True,0.96
TKT_33A05ACE,CUST_000727,billing,chat,2025-06-01 14:26:20,62.4,True,0.02
TKT_A249CB68,CUST_000482,content,chat,2026-02-09 03:40:19,39.9,True,0.8
TKT_1A9CC6E1,CUST_000860,content,phone,2025-10-24 20:40:51,29.8,True,-0.11
TKT_D34896E5,CUST_000637,technical,email,2026-03-05 14:48:58,58.8,True,0.53
TKT_91404772,CUST_000497,account,phone,2025-11-26 19:50:15,24.2,True,-0.64
TKT_39E9E924,CUST_000378,content,chat,2025-03-13 02:32:17,22.6,True,-0.45
TKT_7C4C748E,CUST_000485,technical,chat,2026-01-08 19:59:25,21.7,True,-0.1
TKT_6F57ACD4,CUST_000149,account,phone,2026-03-07 08:08:51,8.5,True,-0.32
TKT_C3600EB4,CUST_000511,billing,phone,2025-09-02 03:42:48,60.9,True,-0.19
TKT_7B58BDFE,CUST_000047,content,phone,2025-11-20 19:25:59,18.9,True,0.56
TKT_937892F4,CUST_000691,technical,chat,2026-02-17 02:41:51,40.3,True,-0.35
TKT_2534165C,CUST_000357,technical,chat,2026-04-11 10:04:26,55.8,True,-0.3
TKT_61A5A113,CUST_000801,content,email,2025-08-19 01:08:33,69.0,True,0.46
TKT_14D2F48D,CUST_000064,content,chat,2025-12-02 03:17:06,38.4,True,-0.73
TKT_2C95166F,CUST_000458,content,phone,2025-12-22 19:20:18,21.4,True,-0.55
TKT_C4F2E7AB,CUST_000557,technical,phone,2025-04-30 07:37:06,16.3,True,0.38
TKT_B3479275,CUST_000326,technical,email,2025-08-09 00:04:14,65.8,False,0.97
TKT_74472F9E,CUST_000266,account,phone,2025-12-18 04:36:41,56.2,True,-0.58
TKT_04B7CA17,CUST_000008,content,email,2026-03-02 01:16:44,28.0,True,-0.04
TKT_2779747A,CUST_000260,billing,chat,2026-02-11 07:55:58,52.0,True,-0.3
TKT_6A880BA8,CUST_000510,billing,phone,2026-04-08 12:15:49,68.7,True,0.01
TKT_6AC3028A,CUST_000749,account,chat,2026-03-07 02:13:55,40.4,True,-0.06
TKT_57151494,CUST_000220,billing,phone,2025-12-20 17:31:39,67.4,True,-0.74
TKT_E8AAD8E2,CUST_000400,technical,phone,2026-04-10 13:58:16,59.8,False,-0.52
TKT_1C966939,CUST_000063,account,phone,2025-08-16 13:04:08,22.8,True,-0.22
TKT_D9DE3933,CUST_000114,account,chat,2025-08-16 13:32:26,55.2,True,-0.52
TKT_A8E8CACE,CUST_000379,technical,chat,2025-11-23 03:46:59,33.6,True,0.41
TKT_D014ABA3,CUST_000802,billing,phone,2026-01-31 10:16:42,59.0,True,0.23
TKT_520CE5EA,CUST_000558,technical,phone,2025-12-24 01:01:45,44.1,True,0.47
TKT_837C2DA8,CUST_000942,account,chat,2025-04-18 06:06:32,29.1,True,-0.93
TKT_1D7170AD,CUST_000992,content,email,2025-12-03 00:17:51,14.8,True,0.23
TKT_6113B767,CUST_000391,billing,chat,2026-01-31 08:35:44,29.5,True,0.49
TKT_275299E8,CUST_000286,content,email,2025-10-03 09:00:01,54.3,True,-0.97
TKT_07BBF0E9,CUST_000617,account,chat,2025-12-18 20:00:56,19.0,True,-0.19
TKT_33E2E788,CUST_000911,account,chat,2026-01-20 15:06:39,18.8,True,-0.01
TKT_7AA52192,CUST_000786,billing,chat,2025-08-21 19:42:20,20.3,False,0.09
TKT_F7503723,CUST_000845,content,chat,2026-01-31 20:53:43,46.1,False,0.24
TKT_5CA3E310,CUST_000687,billing,email,2026-01-13 20:24:42,2.8,True,-0.41
TKT_1EA92AB6,CUST_000717,account,chat,2025-09-08 18:54:41,36.5,True,0.87
TKT_CE36C6B0,CUST_000237,technical,chat,2025-11-04 13:22:05,39.3,True,0.49
TKT_5F97D463,CUST_000591,account,chat,2026-04-09 20:05:43,63.9,True,0.67
TKT_8D7E83AF,CUST_000777,technical,email,2026-03-14 08:30:28,31.9,True,-0.94
TKT_01982747,CUST_000532,content,email,2026-02-06 06:26:19,14.1,True,-0.52
TKT_C326B19E,CUST_000442,content,email,2025-12-27 02:49:45,47.0,True,-0.68
TKT_0B03D5FC,CUST_000285,billing,chat,2025-09-08 14:13:30,27.9,True,-0.07
TKT_1D7DAB61,CUST_000217,billing,email,2025-04-27 22:31:02,3.9,True,-0.59
TKT_5BEF0090,CUST_000212,account,phone,2025-11-21 08:07:34,39.1,True,0.19
TKT_8D503CB3,CUST_000502,technical,phone,2024-11-23 04:41:59,21.1,True,0.25
TKT_07E3456C,CUST_000350,technical,chat,2025-03-25 22:06:39,55.6,True,-0.14
TKT_A0A837AE,CUST_000630,billing,chat,2024-09-19 12:12:21,37.2,True,-0.72
TKT_5C0098F1,CUST_000751,account,phone,2026-02-09 00:13:41,34.6,True,-0.36
TKT_0EB332CF,CUST_000355,account,chat,2025-04-25 21:22:59,11.6,True,-0.71
TKT_685F947A,CUST_000397,technical,email,2025-05-20 22:43:05,30.0,True,-0.73
TKT_F5AB23FF,CUST_000942,billing,chat,2025-07-21 14:53:36,35.5,True,-0.55
TKT_C717893B,CUST_000273,technical,phone,2025-06-21 20:41:00,41.5,True,0.82
TKT_164A68EA,CUST_000621,content,phone,2026-03-12 04:03:09,65.0,True,0.29
TKT_5F0E8AB4,CUST_000930,account,phone,2026-01-23 11:15:40,64.0,True,-0.39
TKT_C03F9631,CUST_000526,billing,chat,2026-03-12 21:46:19,12.0,True,0.76
TKT_B7EA54C7,CUST_000742,account,email,2026-01-07 11:03:46,43.1,False,-0.13
TKT_18934F59,CUST_000748,technical,email,2024-08-10 10:43:44,6.1,True,0.02
TKT_61D6A609,CUST_000008,account,phone,2026-01-18 12:33:02,4.3,True,0.98
TKT_2FA2B3AD,CUST_000491,technical,chat,2025-12-04 13:37:43,29.7,False,-0.64
TKT_DD926838,CUST_000917,account,chat,2025-05-31 02:51:18,67.6,True,0.53
TKT_A078AB09,CUST_000362,content,phone,2025-12-04 12:50:22,48.1,True,-0.92
TKT_A785A268,CUST_000256,content,email,2025-09-23 08:54:24,58.0,False,-0.2
TKT_71D20E5A,CUST_000334,account,phone,2026-03-06 11:23:18,32.0,True,-0.4
TKT_732E4E09,CUST_000825,content,email,2026-02-10 17:26:21,18.8,True,0.73
TKT_181BBF2D,CUST_000633,content,chat,2025-11-24 04:32:25,69.0,True,-0.35
TKT_28A632AE,CUST_000543,technical,phone,2025-05-30 15:27:48,7.3,True,0.45
TKT_4FFEAA36,CUST_000637,content,email,2025-11-29 05:33:09,30.9,True,-0.12
TKT_A640CB8A,CUST_000224,account,email,2026-03-17 21:03:21,44.4,True,0.37
TKT_DE78033E,CUST_000805,account,chat,2025-10-01 14:31:24,49.0,True,0.85
TKT_5795D2A2,CUST_000486,technical,chat,2025-07-02 22:00:56,28.6,True,0.43
TKT_A15EE050,CUST_000995,content,chat,2025-11-06 02:24:23,12.2,True,0.24
TKT_39FA4908,CUST_000615,content,chat,2024-11-12 03:15:45,59.7,True,-0.31
TKT_8F576430,CUST_000224,technical,phone,2026-03-06 02:16:31,35.6,True,0.4
TKT_4ED1807F,CUST_000549,billing,email,2026-03-09 08:41:14,33.3,True,0.57
TKT_7D04D0A9,CUST_000143,account,phone,2025-07-28 20:18:38,3.2,False,0.02
TKT_D1DFE99D,CUST_000102,account,phone,2024-07-19 07:24:25,3.4,True,-0.22
TKT_8624F088,CUST_000293,content,chat,2025-09-24 04:48:20,69.2,True,0.61
TKT_F8FE475D,CUST_000041,content,email,2025-07-17 13:12:55,22.5,False,0.83
TKT_95A5A36A,CUST_000974,billing,chat,2026-04-03 03:07:53,53.2,True,0.83
TKT_BFEB3E84,CUST_000656,billing,phone,2025-08-28 07:17:53,35.7,True,0.37
TKT_8854FA2F,CUST_000806,technical,email,2025-08-25 16:51:26,20.7,True,0.12
TKT_5CB704E7,CUST_000881,content,email,2026-03-08 22:00:20,58.1,True,-0.42
TKT_AC44EAF4,CUST_000556,content,phone,2026-03-03 00:24:16,15.8,True,0.43
TKT_B5A15FEA,CUST_000434,content,email,2025-07-29 13:58:51,47.5,False,0.29
TKT_90A8CEB7,CUST_000890,billing,phone,2024-10-04 20:43:24,40.1,True,0.93
TKT_257BA4C4,CUST_000559,content,email,2026-03-03 19:36:07,70.6,True,-0.0
TKT_8A45FF12,CUST_000511,account,email,2026-04-04 21:20:26,57.0,True,-0.58
TKT_C4160D86,CUST_000190,content,phone,2025-07-30 11:16:14,67.2,True,-0.37
TKT_BE3BF77F,CUST_000509,technical,email,2025-10-15 14:00:36,0.9,False,-0.55
TKT_37C5719E,CUST_000071,content,phone,2025-07-25 03:25:31,0.6,True,0.32
TKT_E6F6F91C,CUST_000524,technical,phone,2026-03-30 02:37:05,48.4,False,-0.53
TKT_5DDE42A6,CUST_000901,account,phone,2025-06-26 13:25:00,69.6,False,0.76
TKT_5CAD2A4E,CUST_000277,billing,email,2026-03-27 17:20:25,29.2,True,-0.33
TKT_906CA232,CUST_000983,billing,chat,2024-09-21 21:13:12,19.6,True,0.96
TKT_EBEEF651,CUST_000282,content,chat,2025-06-14 18:04:41,6.1,True,-0.09
TKT_2109C51C,CUST_000094,account,email,2025-04-14 02:37:58,42.8,True,-0.91
TKT_24C5AFFA,CUST_000779,technical,chat,2025-06-01 09:02:43,43.2,False,0.67
TKT_73F37C1D,CUST_000291,account,chat,2025-11-02 14:00:20,62.7,True,-0.17
TKT_64D5DCAD,CUST_000462,content,chat,2025-09-10 08:48:58,41.7,True,-0.34
TKT_171AE3F0,CUST_000802,account,chat,2026-02-14 13:46:21,32.7,False,-0.56
TKT_E899CDD7,CUST_000576,technical,email,2026-03-12 00:01:52,50.4,True,-0.73
TKT_A512BC44,CUST_000686,technical,phone,2026-02-22 10:06:49,2.5,True,0.54
TKT_FE7DEBFD,CUST_000295,billing,chat,2026-04-04 13:43:03,13.0,True,0.83
TKT_E0E04045,CUST_000906,content,phone,2025-09-19 14:26:07,47.4,False,0.23
TKT_1AB9645A,CUST_000481,content,chat,2024-12-19 22:24:07,20.3,True,-0.3
TKT_8EEE29A7,CUST_000569,content,phone,2026-03-29 08:41:43,18.7,False,-0.37
TKT_A1A281F7,CUST_000751,content,chat,2025-12-24 04:38:02,29.3,True,0.36
TKT_F117B685,CUST_000548,content,chat,2025-01-22 08:41:45,16.1,True,-0.17
TKT_EF3BC11B,CUST_000048,account,email,2026-02-28 14:11:04,0.8,False,-0.01
TKT_777EF225,CUST_000170,technical,email,2024-11-27 23:09:44,39.8,False,0.91
TKT_2D35B532,CUST_000012,account,chat,2024-11-07 17:12:02,39.9,True,-0.64
TKT_DB4EBDB1,CUST_000400,content,email,2026-04-10 17:52:18,39.6,False,-0.78
TKT_C7EBED0B,CUST_000103,billing,chat,2025-01-23 14:49:34,13.9,True,-0.38
TKT_62B4C648,CUST_000466,content,chat,2026-02-28 23:13:51,45.0,True,-0.79
TKT_073644B7,CUST_000274,account,email,2025-06-08 22:47:23,44.6,True,0.38
TKT_FAB842FD,CUST_000708,technical,chat,2025-12-06 19:50:20,46.3,True,0.63
TKT_392BA8D7,CUST_000182,billing,email,2025-09-27 02:05:47,40.1,True,-0.02
TKT_7FF8C3D1,CUST_000834,billing,chat,2025-12-05 09:07:30,68.3,False,-0.84
TKT_85FF7668,CUST_000081,billing,chat,2026-04-11 14:22:08,57.2,True,0.18
TKT_001E7A48,CUST_000631,technical,email,2025-11-15 05:33:55,59.3,True,0.07
TKT_79D6A828,CUST_000428,technical,phone,2025-12-12 11:57:11,67.6,True,-0.32
TKT_C73AB862,CUST_000327,technical,email,2026-03-05 13:27:15,29.7,True,-0.1
TKT_B2393D7D,CUST_000856,billing,phone,2025-07-28 20:47:37,16.5,True,0.53
TKT_8C928556,CUST_000139,account,chat,2026-02-25 21:20:15,39.4,False,0.63
TKT_3BBD8C8B,CUST_000499,account,chat,2024-11-04 04:47:00,7.8,True,0.74
TKT_056F95CA,CUST_000707,billing,chat,2026-03-29 22:34:39,18.1,False,-0.31
TKT_83AFC926,CUST_000691,billing,email,2026-01-22 05:50:59,8.4,True,0.27
TKT_96F20AE1,CUST_000477,account,email,2025-05-17 05:54:26,26.3,True,-0.31
TKT_3DC92A22,CUST_000932,content,phone,2025-12-07 23:10:53,18.3,True,-0.16
TKT_1DC4D2CA,CUST_000781,account,phone,2025-03-09 06:28:21,46.0,True,-0.2
TKT_891093A3,CUST_000488,account,chat,2026-04-07 02:30:12,17.8,True,0.8
TKT_288650CF,CUST_000766,content,email,2025-06-11 20:50:17,28.9,True,0.04
TKT_DA26538C,CUST_000036,account,phone,2025-01-16 15:36:27,32.4,False,-0.66
TKT_013B8E90,CUST_000542,account,email,2025-10-04 12:39:25,35.7,False,-0.95
TKT_231B96D0,CUST_000511,account,email,2026-01-06 15:23:52,3.3,True,0.77
TKT_92E9F842,CUST_000313,technical,phone,2024-09-17 20:19:46,61.6,True,0.47
TKT_A10CC9E8,CUST_000845,account,phone,2025-10-30 23:27:23,37.9,True,0.86
TKT_F90D7F0D,CUST_000885,content,phone,2025-05-20 21:56:24,48.9,True,0.76
TKT_13FCF494,CUST_000675,technical,chat,2025-10-22 16:37:15,29.1,True,0.22
TKT_96573E08,CUST_000752,billing,phone,2024-12-03 13:19:33,51.4,True,-0.45
TKT_A7D79478,CUST_000604,account,phone,2025-10-15 18:02:58,20.1,False,-0.48
TKT_6C7902E0,CUST_000875,billing,phone,2025-08-08 22:54:17,57.5,False,-0.46
TKT_EBC03FF3,CUST_000020,technical,phone,2025-06-23 17:51:31,50.5,True,-0.57
TKT_2C8D18EA,CUST_000562,account,phone,2026-04-08 22:44:52,36.4,True,0.6
TKT_68FCC9F8,CUST_000185,content,phone,2025-06-16 11:15:29,36.3,False,-0.54
TKT_0A0CF542,CUST_000285,technical,phone,2026-03-17 00:45:02,15.2,True,-0.67
TKT_F6A3DFD3,CUST_000837,account,chat,2025-12-29 13:14:46,65.8,True,0.02
TKT_EC77D441,CUST_000855,billing,chat,2025-04-20 22:42:23,69.7,False,0.88
TKT_2589BD85,CUST_000016,technical,email,2025-09-22 18:00:16,7.2,False,-0.3
TKT_C57F6603,CUST_000745,technical,chat,2025-08-30 00:15:00,46.1,True,-0.05
TKT_EB46F5F8,CUST_000523,content,phone,2025-12-17 15:33:52,2.1,True,-0.23
TKT_A8AEB4AA,CUST_000172,technical,phone,2026-04-04 21:22:26,56.5,True,-0.02
TKT_A72501B0,CUST_000492,billing,chat,2025-03-24 08:39:02,10.1,False,0.91
TKT_8DC6E6C6,CUST_000575,billing,email,2025-03-20 19:21:27,61.4,True,0.3
TKT_A6B1F09D,CUST_000648,technical,phone,2026-04-09 12:28:02,33.2,True,-0.23
TKT_03BC2A5F,CUST_000437,technical,email,2026-04-08 08:32:12,39.7,True,-0.67
TKT_60DDA962,CUST_000339,content,phone,2025-02-07 00:20:16,40.7,True,0.25
TKT_F520F202,CUST_000089,technical,email,2026-03-28 12:09:12,24.7,True,-0.06
TKT_2D688E1D,CUST_000008,content,phone,2026-03-20 05:55:54,21.6,True,-0.51
TKT_518A2B6E,CUST_000270,content,email,2026-02-12 18:20:24,26.7,True,-0.35
TKT_62A3B444,CUST_000783,content,chat,2025-12-23 09:42:24,54.5,True,0.68
TKT_F4288AEA,CUST_000764,technical,chat,2024-10-24 22:03:39,47.9,True,-0.32
TKT_05AD7442,CUST_000510,account,email,2026-01-29 11:19:55,11.6,True,0.54
TKT_30607769,CUST_000037,technical,phone,2026-03-17 15:52:20,32.2,True,0.62
TKT_F9306D71,CUST_000467,billing,email,2026-01-20 20:35:00,16.1,True,0.97
TKT_128ACF70,CUST_000352,content,phone,2026-03-20 02:38:18,17.9,True,0.39
TKT_79B8E3AA,CUST_000591,account,phone,2026-04-07 07:50:48,18.1,True,-0.59
TKT_80BB9AA5,CUST_000147,account,email,2025-05-20 01:27:08,55.3,True,0.27
TKT_27D9C04B,CUST_000061,content,chat,2025-06-19 11:06:28,24.2,True,0.22
TKT_AC5FA51C,CUST_000349,technical,chat,2025-03-02 07:43:47,68.6,True,0.48
TKT_87A34AB9,CUST_000190,technical,email,2026-02-20 16:23:01,7.3,True,0.82
TKT_E2BA0E3D,CUST_000405,content,email,2026-02-20 08:35:03,46.1,True,-0.55
TKT_6740BE72,CUST_000781,billing,phone,2025-10-28 04:11:24,13.4,True,-0.4
TKT_B515AF76,CUST_000540,account,email,2025-09-20 15:56:37,32.8,True,0.03
TKT_80E802F6,CUST_000694,billing,phone,2026-04-06 21:31:31,19.4,True,-0.06
TKT_17C82AB4,CUST_000907,content,chat,2025-05-18 14:12:07,19.5,True,-0.29
TKT_F5933D76,CUST_000499,account,email,2026-03-08 20:55:24,61.3,True,-0.64
TKT_DB66D9A9,CUST_000740,technical,email,2025-11-06 07:24:30,40.3,True,-0.18
TKT_A7E72C6E,CUST_000053,content,email,2026-03-02 06:08:21,4.1,False,0.56
TKT_734D01EE,CUST_000655,content,chat,2024-11-13 07:28:57,6.7,True,0.33
TKT_AFB267A6,CUST_000760,account,phone,2025-06-15 01:07:52,48.9,True,-0.6
TKT_418E7E5B,CUST_000739,technical,phone,2026-01-25 23:55:06,28.0,True,0.15
TKT_BA8353F0,CUST_000318,content,phone,2026-02-04 02:34:14,68.2,True,0.8
TKT_EAC110D1,CUST_000611,account,phone,2026-02-12 15:00:28,18.7,True,-0.7
TKT_B4955554,CUST_000627,content,email,2025-03-08 07:34:07,71.2,True,-0.98
TKT_13FF21C4,CUST_000730,content,phone,2026-02-17 00:23:34,23.4,True,-0.05
TKT_83C0942E,CUST_000078,technical,chat,2026-03-28 01:43:14,16.4,True,0.77
TKT_8D6C1454,CUST_000325,billing,email,2024-08-02 17:48:16,11.0,True,-0.15
TKT_CEED06A0,CUST_000956,technical,chat,2024-11-21 20:38:11,40.3,True,-0.79
TKT_60F46161,CUST_000912,content,chat,2025-12-16 21:24:30,69.3,True,0.97
TKT_5D7CB6C9,CUST_000317,content,phone,2026-02-10 09:32:55,42.7,False,0.51
TKT_B30F058D,CUST_000956,content,chat,2025-07-11 14:10:43,59.9,True,-0.73
TKT_3C3D5549,CUST_000046,technical,phone,2026-03-14 08:14:33,44.5,True,-0.24
TKT_F335F5A8,CUST_000306,technical,phone,2024-11-12 05:37:43,8.8,True,-0.81
TKT_DEB03814,CUST_000365,content,email,2026-01-16 10:55:13,57.6,False,-0.95
TKT_1C241D4D,CUST_000361,technical,email,2025-12-07 11:40:19,1.5,True,0.05
TKT_B765B767,CUST_000030,billing,email,2025-10-09 07:21:43,38.7,True,0.74
TKT_5950ED34,CUST_000443,technical,chat,2025-08-03 08:52:35,8.1,True,0.44
TKT_4E67056F,CUST_000922,billing,email,2026-03-27 18:23:09,20.6,True,0.59
TKT_6CC39681,CUST_000438,content,chat,2025-06-23 18:43:46,5.3,True,0.16
TKT_5E6E8182,CUST_000125,technical,phone,2025-10-22 01:13:28,68.7,True,0.73
TKT_88FF5191,CUST_000246,content,email,2025-04-21 18:54:01,58.1,False,-0.88
TKT_29FAF453,CUST_000778,billing,chat,2024-08-12 22:43:44,57.4,True,0.19
TKT_E2E9D9B4,CUST_000252,account,chat,2025-06-03 22:13:45,68.6,True,-0.22
TKT_DC3F3EDE,CUST_000873,content,phone,2025-06-10 16:47:01,66.4,False,-0.12
TKT_54827CF0,CUST_000174,account,chat,2025-02-02 02:32:17,1.6,True,-0.28
TKT_899F1E93,CUST_000308,technical,email,2025-11-09 03:40:00,47.0,True,0.96
TKT_B9D1B13E,CUST_000543,billing,email,2024-10-29 21:09:02,70.2,False,-0.59
TKT_73E13311,CUST_000538,content,chat,2024-12-02 03:43:35,17.8,True,-0.82
TKT_2E31447A,CUST_000250,account,chat,2025-10-13 10:26:52,70.3,True,-0.7
TKT_808C324E,CUST_000128,account,phone,2025-12-13 00:07:27,41.2,True,-0.54
TKT_181DC0C9,CUST_000786,account,chat,2025-05-16 17:33:25,70.8,True,0.5
TKT_46DEC6F5,CUST_000945,account,chat,2025-09-10 08:05:36,47.9,False,0.4
TKT_C9D19BBD,CUST_000942,account,phone,2025-04-26 10:15:52,59.9,True,0.65
TKT_3BAB7D89,CUST_000757,billing,chat,2026-01-21 05:09:39,30.6,True,0.13
TKT_3EB1EC57,CUST_000272,billing,phone,2026-03-09 13:17:01,55.4,True,-0.21
TKT_6769ECC0,CUST_000317,billing,chat,2026-02-06 19:26:53,66.0,True,-0.96
TKT_57B230D6,CUST_000755,account,chat,2025-04-04 04:13:29,66.5,True,-0.42
TKT_BB41D07F,CUST_000470,technical,phone,2025-03-24 18:24:42,4.1,False,0.04
TKT_D2C9990A,CUST_000344,technical,phone,2025-02-25 02:32:26,30.0,True,0.66
TKT_53DCCAAC,CUST_000176,technical,phone,2025-07-23 21:50:55,8.0,True,0.23
TKT_DF22E2F7,CUST_000413,technical,email,2026-03-17 17:10:44,21.4,False,0.1
TKT_4C612862,CUST_000782,technical,chat,2025-12-13 20:56:58,28.6,True,-0.02
TKT_34890819,CUST_000293,account,chat,2025-12-30 11:48:40,60.2,True,0.91
TKT_3760BDD4,CUST_000708,billing,phone,2025-01-11 07:40:16,37.4,False,-0.96
TKT_EB66A576,CUST_000024,content,chat,2026-01-04 11:56:06,11.3,True,-0.66
TKT_BF8C18B3,CUST_000272,billing,email,2025-07-03 02:58:42,2.4,True,0.86
TKT_4AF698F4,CUST_000687,content,phone,2025-12-12 09:40:14,24.5,True,1.0
TKT_CCEDF718,CUST_000898,content,chat,2025-06-21 04:02:44,42.0,False,-0.6
TKT_B9D21588,CUST_000086,technical,chat,2026-01-03 08:13:17,47.0,True,-0.73
TKT_3255F924,CUST_000996,technical,chat,2025-03-17 07:35:59,0.9,True,-0.01
TKT_738C46A1,CUST_000703,account,chat,2025-10-10 12:39:44,58.1,True,-0.34
TKT_63C8F857,CUST_000836,technical,chat,2026-01-10 19:18:57,65.1,True,0.65
TKT_6A169C35,CUST_000244,billing,email,2025-06-27 16:20:28,53.1,True,-0.31
TKT_8B6111A8,CUST_000776,account,phone,2026-04-07 11:38:32,30.1,True,0.36
TKT_8E1516F6,CUST_000944,billing,email,2026-03-07 11:33:36,6.6,True,0.22
TKT_74B60D37,CUST_000130,content,chat,2025-11-13 20:04:48,1.4,True,0.61
TKT_D0C48F4E,CUST_000186,technical,email,2026-04-10 13:23:22,15.0,False,0.82
TKT_EFCBF72E,CUST_000814,technical,chat,2026-04-01 21:12:21,18.4,True,-0.03
TKT_0C21B81C,CUST_000798,technical,phone,2026-04-11 08:17:33,13.9,True,-0.16
TKT_6471CB26,CUST_000913,technical,email,2025-11-27 06:44:51,30.2,True,0.9
TKT_BDB6B829,CUST_000600,account,phone,2026-02-21 16:49:10,62.0,True,-0.46
TKT_E4327D5A,CUST_000290,technical,chat,2025-04-15 04:52:22,26.9,True,-0.54
TKT_8495A55E,CUST_000934,billing,email,2025-12-20 13:46:29,32.4,True,0.69
TKT_CEC1DC6C,CUST_000720,account,chat,2025-08-20 09:15:33,34.9,True,-0.35
TKT_4FA05147,CUST_000927,billing,phone,2026-02-09 08:56:52,54.9,True,0.14
TKT_F66CCCF9,CUST_000660,technical,chat,2025-12-12 21:46:20,38.0,True,-0.82
TKT_7AAEFF72,CUST_000964,content,phone,2026-04-01 03:44:02,29.9,True,0.72
TKT_0AB0A6F3,CUST_000402,content,phone,2025-10-26 08:42:40,41.2,True,-0.74
TKT_B21EC639,CUST_000453,content,chat,2025-09-10 15:11:59,8.3,True,0.1
TKT_5E936922,CUST_000158,content,chat,2026-02-23 19:01:40,57.1,True,-0.82
TKT_5600D244,CUST_000808,account,email,2025-02-27 16:35:39,61.5,True,0.64
TKT_FC0CD392,CUST_000104,billing,phone,2026-02-26 22:47:49,15.0,True,-0.67
TKT_E218C223,CUST_000307,billing,phone,2025-11-26 08:17:45,5.7,True,0.83
TKT_E7F71BFB,CUST_000176,account,email,2025-11-12 18:59:43,28.5,True,-0.03
TKT_2A4CA36D,CUST_000416,account,chat,2026-04-02 12:26:16,63.0,True,-0.1
TKT_09FA0FBA,CUST_000951,content,chat,2025-05-11 00:41:13,29.4,True,-0.71
TKT_CC0DDCE8,CUST_000962,billing,email,2026-02-18 17:34:48,18.7,True,-0.64
TKT_F5D17A1D,CUST_000428,content,phone,2025-11-29 21:46:40,9.0,False,-0.92
TKT_ECBFD623,CUST_000101,billing,email,2026-01-31 18:33:39,48.1,True,-0.49
TKT_A96000DF,CUST_000923,billing,phone,2024-11-03 06:35:13,38.4,False,0.41
TKT_AE6729F1,CUST_000751,technical,chat,2026-04-02 13:10:27,10.6,True,0.49
TKT_107A6A5C,CUST_000290,content,email,2026-03-04 10:24:29,48.4,True,-0.56
TKT_542EDA64,CUST_000561,account,phone,2026-01-22 20:03:35,6.4,True,0.85
TKT_483186B5,CUST_000999,billing,phone,2025-04-25 13:23:15,43.1,True,0.42
TKT_73923DF0,CUST_000469,technical,phone,2025-09-13 07:31:28,46.6,True,0.1
TKT_90B31EDC,CUST_000384,billing,email,2025-03-17 02:47:53,39.3,True,-0.82
TKT_D707E4E8,CUST_000120,content,email,2025-02-27 01:04:54,48.2,True,-0.57
TKT_278D3A7E,CUST_000200,billing,chat,2025-07-22 22:00:18,36.8,True,0.51
TKT_7DD247A9,CUST_000706,content,phone,2026-03-08 08:54:48,51.5,True,-0.79
TKT_247E11DC,CUST_000674,account,phone,2026-03-01 12:07:20,59.5,True,0.33
TKT_1D24DD93,CUST_000584,technical,email,2026-03-04 08:23:56,33.6,True,-0.27
TKT_C1CF39EA,CUST_000855,account,email,2026-01-10 20:04:23,31.4,True,0.74
TKT_7D11B2B0,CUST_000015,technical,chat,2025-07-17 23:11:02,31.0,False,0.41
TKT_CD18EED9,CUST_000998,account,chat,2025-11-01 17:57:46,25.5,True,-0.21
TKT_298B1DB0,CUST_000616,billing,chat,2024-12-26 12:05:03,42.5,True,-0.86
TKT_03CCD75E,CUST_000257,content,phone,2025-11-13 14:24:40,39.1,True,0.14
TKT_88D91751,CUST_000558,technical,phone,2026-03-12 05:04:33,64.9,False,0.03
TKT_894BC325,CUST_000966,billing,phone,2025-12-23 18:03:05,52.0,True,-0.43
TKT_DD494058,CUST_000239,billing,phone,2025-03-09 07:30:57,50.9,False,-0.07
TKT_D8B19A61,CUST_000057,content,chat,2026-02-22 04:45:11,10.2,False,-0.34
TKT_374C4647,CUST_000216,account,email,2026-03-18 01:56:36,19.7,True,0.72
TKT_424ACC61,CUST_000835,billing,chat,2025-08-20 02:59:59,23.3,True,-0.57
TKT_97FB4132,CUST_000781,account,phone,2024-09-30 10:22:20,37.1,True,0.1
TKT_AAA63720,CUST_000584,account,chat,2026-03-02 21:22:05,57.2,True,0.93
TKT_52B8B559,CUST_000399,content,phone,2026-02-17 00:57:59,1.7,False,0.88
TKT_6635F9BC,CUST_000313,content,email,2025-07-01 07:17:50,4.7,True,1.0
TKT_E05B8698,CUST_000687,technical,phone,2025-04-23 16:28:18,6.2,True,0.16
TKT_1F81053A,CUST_000111,billing,phone,2025-11-08 05:34:08,3.8,True,-0.3
TKT_E5AC5AF7,CUST_000884,billing,chat,2026-03-18 18:28:50,27.4,True,0.59
TKT_14DC318E,CUST_000583,technical,chat,2025-03-15 12:19:00,17.1,True,-0.26
TKT_B671941D,CUST_000860,account,phone,2026-01-27 23:53:46,65.3,True,0.75
TKT_37773AAF,CUST_000304,account,email,2026-02-16 23:57:10,42.3,False,0.67
TKT_AFCE1A21,CUST_000516,content,chat,2025-08-30 01:49:32,15.2,True,0.62
TKT_0C5A2F05,CUST_000875,content,chat,2025-12-20 21:23:55,45.1,True,-0.19
TKT_A8F3ACB8,CUST_000131,content,chat,2026-03-06 06:46:12,15.5,True,0.74
TKT_D677BF06,CUST_000410,technical,phone,2025-06-02 19:46:08,16.7,True,0.74
TKT_0A2915E2,CUST_000763,content,email,2025-06-28 09:45:27,16.5,False,0.25
TKT_8987A03E,CUST_000861,account,chat,2025-12-26 12:22:12,69.3,True,-0.74
TKT_FFDC3B48,CUST_000346,technical,email,2024-06-29 01:34:33,16.3,False,-0.15
TKT_4B377476,CUST_000945,technical,phone,2025-06-25 13:24:52,27.4,True,0.88
TKT_47F6C7F9,CUST_000645,technical,email,2024-09-07 21:47:01,13.6,True,0.37
TKT_37D79DB4,CUST_000386,account,email,2025-11-06 18:50:07,14.1,True,-0.49
TKT_B71BB5BB,CUST_000118,account,phone,2025-03-20 13:39:15,13.5,True,0.99
TKT_C393D884,CUST_000647,content,phone,2025-12-21 11:38:02,22.8,True,-0.32
TKT_91C306C1,CUST_000861,account,chat,2025-07-22 12:02:46,13.1,True,-0.72
TKT_8796890D,CUST_000281,billing,phone,2025-11-25 06:44:00,59.2,True,-0.16
TKT_F8E6D429,CUST_000747,content,chat,2025-08-19 09:01:15,64.2,True,0.54
TKT_9B5BA4EC,CUST_000783,technical,phone,2026-01-08 02:35:21,6.7,True,-0.6
TKT_46ED06CA,CUST_000840,content,email,2026-03-16 15:43:30,14.7,True,0.85
TKT_3C3DFA5C,CUST_000087,content,phone,2025-01-30 18:51:37,47.5,True,0.1
TKT_BC824AA7,CUST_000309,billing,email,2026-01-06 22:42:38,25.3,True,-0.2
TKT_DB934FC5,CUST_000602,billing,chat,2025-10-02 12:28:44,36.7,True,0.3
TKT_716E6AB7,CUST_000973,billing,email,2024-11-03 20:04:36,30.5,True,-0.38
TKT_B0E3EB38,CUST_000443,billing,phone,2026-02-21 09:27:52,13.5,True,-0.13
TKT_06B490F8,CUST_000339,technical,email,2026-01-31 00:50:19,48.4,True,-0.92
TKT_A71CB585,CUST_000664,content,chat,2026-02-28 03:40:59,32.9,False,0.68
TKT_F6A65D54,CUST_000226,technical,chat,2025-10-22 20:36:09,44.7,True,-0.04
TKT_D134F885,CUST_000191,content,email,2025-12-24 14:16:55,46.8,True,0.5
TKT_DADB3452,CUST_000917,account,chat,2025-05-05 02:47:36,17.8,False,-0.67
TKT_F79184B3,CUST_000792,content,email,2026-02-25 19:58:27,71.2,True,0.49
TKT_1CCA208D,CUST_000255,technical,chat,2025-05-27 13:16:23,28.5,False,0.32
TKT_F495EF1B,CUST_000016,account,chat,2026-02-13 16:01:01,4.4,False,-0.43
TKT_060ECFEA,CUST_000670,content,phone,2025-03-14 20:32:44,21.2,True,0.81
TKT_879D82B4,CUST_000149,billing,phone,2025-02-06 10:49:46,9.1,False,0.14
TKT_71506C83,CUST_000002,technical,chat,2025-06-30 10:44:52,52.0,False,-0.36
TKT_DD5229AE,CUST_000448,technical,email,2025-10-20 19:36:04,4.3,True,-0.26
TKT_5EEF4713,CUST_000499,billing,email,2025-10-02 21:38:00,61.2,True,0.86
TKT_4BA87187,CUST_000034,account,email,2025-12-27 22:17:22,68.8,False,-0.57
TKT_09371F0B,CUST_000629,content,chat,2026-02-15 03:34:59,67.0,True,-0.54
TKT_1A2DA0A7,CUST_000503,content,email,2025-12-01 22:17:10,43.4,False,0.66
TKT_61A5D8E8,CUST_000280,content,phone,2026-02-20 07:19:33,2.8,True,-0.82
TKT_369E219E,CUST_000889,billing,chat,2025-12-17 00:21:56,45.3,True,0.05
TKT_DD4B8B2C,CUST_000808,technical,email,2024-11-13 02:22:40,40.3,True,0.01
TKT_FDBB57B2,CUST_000351,billing,chat,2026-03-25 00:16:49,60.0,True,0.07
TKT_69B036A7,CUST_000007,account,chat,2026-01-03 09:30:01,25.0,True,-0.52
TKT_B5E992EC,CUST_000467,technical,email,2026-02-11 15:20:25,21.0,False,-0.62
TKT_7127EBE4,CUST_000626,account,chat,2026-03-20 02:07:32,47.2,False,0.44
TKT_F805B83F,CUST_000666,technical,chat,2025-12-31 20:09:48,15.0,True,0.05
TKT_921B0587,CUST_000817,technical,email,2026-01-20 12:35:57,36.4,False,-0.37
TKT_FC73887E,CUST_000790,technical,phone,2025-05-10 18:44:40,9.0,True,-0.86
TKT_F392446B,CUST_000849,content,phone,2026-01-06 08:15:14,15.3,True,-0.78
TKT_2C2D98F4,CUST_000612,billing,email,2026-03-21 06:25:52,55.7,True,0.88
TKT_82838880,CUST_000563,account,chat,2024-08-09 17:22:43,61.4,True,-0.29
TKT_3F3D3CEF,CUST_000702,content,email,2026-03-20 22:35:49,54.9,True,0.32
TKT_D23D9C66,CUST_000105,account,phone,2025-12-17 00:10:04,5.9,False,-0.87
TKT_D004746F,CUST_000417,account,email,2026-02-20 04:48:48,63.9,True,0.36
TKT_CCA01F0D,CUST_000456,content,email,2025-05-21 03:09:10,21.6,False,0.65
TKT_00194605,CUST_000931,billing,email,2025-06-15 19:10:23,52.1,True,-0.02
TKT_1B48102F,CUST_000633,technical,email,2025-10-05 08:09:46,32.7,True,-0.68
TKT_A8DF4804,CUST_000247,content,phone,2025-06-19 21:48:56,17.3,True,-0.66
TKT_3A9DEB8A,CUST_000481,content,phone,2025-01-16 15:54:01,66.1,True,-0.65
TKT_C966CFAF,CUST_000946,account,chat,2026-03-25 13:32:06,26.2,True,-0.08
TKT_7BE98542,CUST_000968,account,phone,2025-06-15 14:41:09,42.3,True,0.43
TKT_AF5D5A95,CUST_000062,content,chat,2025-07-12 09:29:52,49.7,False,0.74
TKT_BA011BF3,CUST_000163,technical,chat,2026-03-08 22:58:51,66.3,True,0.72
TKT_416B9785,CUST_000621,content,chat,2024-12-22 22:27:15,29.7,False,0.72
TKT_5D6DFBB7,CUST_000131,technical,email,2025-11-30 15:21:01,28.7,False,-0.31
TKT_6A704219,CUST_000773,billing,phone,2024-06-26 00:54:11,26.1,False,-0.93
TKT_11DB94AB,CUST_000394,content,phone,2024-09-24 06:57:09,36.4,True,0.46
TKT_522A1264,CUST_000731,account,chat,2025-12-13 18:45:22,12.4,False,0.64
TKT_B934E615,CUST_000067,content,chat,2026-03-10 00:56:03,10.9,True,-0.44
TKT_73F8C213,CUST_000867,technical,email,2026-03-27 22:33:58,15.2,False,0.74
TKT_2144CAA5,CUST_000793,account,chat,2025-05-28 21:31:53,6.6,False,-0.27
TKT_09755A99,CUST_000475,account,phone,2025-12-19 12:06:40,67.0,True,-0.53
TKT_892385DF,CUST_000778,account,chat,2025-10-17 04:01:15,43.7,False,-0.01
TKT_B69A7A53,CUST_000397,technical,chat,2025-08-19 00:06:40,40.8,True,-0.9
TKT_193B018A,CUST_000803,account,email,2024-11-16 13:38:23,63.8,True,-0.03
TKT_CD4F0E6A,CUST_000579,account,email,2025-09-05 14:13:02,24.4,True,-0.51
TKT_E205A09A,CUST_000031,account,chat,2025-12-12 18:17:03,16.4,True,-0.5
TKT_E906525F,CUST_000268,account,phone,2026-01-04 14:50:37,7.3,True,-0.94
TKT_81A7F08D,CUST_000771,billing,phone,2025-10-31 21:27:31,7.7,False,-0.71
TKT_18E3A9B3,CUST_000548,content,email,2026-03-22 23:43:32,47.7,True,-0.11
TKT_0B194CE9,CUST_000549,billing,email,2026-03-12 17:23:49,53.6,True,0.3
TKT_087D8FE6,CUST_000026,content,chat,2026-03-11 20:00:59,31.6,True,0.02
TKT_E6FDDAD8,CUST_000645,billing,phone,2025-02-08 08:51:56,19.8,True,-0.23
TKT_9C5C3093,CUST_000659,technical,phone,2026-03-12 01:11:19,44.2,True,0.74
TKT_51621D66,CUST_000050,technical,phone,2025-05-04 21:22:05,21.2,True,-0.47
TKT_A27DF121,CUST_000628,account,email,2025-11-22 04:07:03,29.6,True,0.19
TKT_E4752243,CUST_000280,billing,email,2025-05-19 14:27:42,58.1,True,0.98
TKT_C13BA5AB,CUST_000571,account,email,2026-01-31 04:36:11,32.2,True,0.92
TKT_47E79883,CUST_000232,account,chat,2025-04-26 20:31:11,66.7,True,0.0
TKT_3016D04C,CUST_000176,content,email,2025-09-21 10:40:13,18.5,True,-0.86
TKT_3BCA4D4C,CUST_000111,billing,phone,2025-11-13 20:04:07,37.9,True,-0.99
TKT_D35C7350,CUST_000450,billing,phone,2026-02-07 00:37:44,70.4,True,0.86
TKT_8D1F4E76,CUST_000278,content,chat,2026-03-24 01:13:10,32.3,True,-0.55
TKT_22433457,CUST_000900,technical,phone,2025-07-19 03:02:48,26.0,True,-0.26
TKT_926E25A0,CUST_000687,technical,email,2025-03-01 02:58:13,22.3,True,0.06
TKT_6135395E,CUST_000761,account,email,2026-01-28 08:42:53,23.4,True,-0.09
TKT_9E452936,CUST_000644,technical,email,2026-03-17 00:24:22,22.9,True,-0.55
TKT_A8975262,CUST_000746,billing,phone,2025-11-19 17:47:09,47.0,True,0.57
TKT_38241973,CUST_000112,account,chat,2024-12-13 20:34:09,1.6,True,0.76
TKT_247965DF,CUST_000061,billing,chat,2026-03-09 12:06:32,18.8,True,0.49
TKT_FF9D1F60,CUST_000180,technical,phone,2025-12-21 19:18:16,21.0,True,0.63
TKT_286FB9D3,CUST_000530,account,chat,2025-12-22 00:40:20,34.2,True,0.27
TKT_5874D2D1,CUST_000502,billing,chat,2026-02-09 01:48:42,56.8,False,-0.2
TKT_820025C6,CUST_000031,content,phone,2025-02-05 04:51:32,37.1,True,-0.27
TKT_6E3C62BD,CUST_000197,billing,email,2026-03-08 14:46:02,57.8,True,-0.1
TKT_0FA364F8,CUST_000346,technical,phone,2025-11-02 07:34:47,47.9,True,-0.24
TKT_F5453453,CUST_000811,content,phone,2025-11-04 17:49:44,27.3,True,-0.79
TKT_8F367620,CUST_000373,billing,phone,2025-01-01 06:29:22,10.1,True,-0.76
TKT_AA8CC48E,CUST_000696,billing,email,2025-07-03 10:50:33,59.9,True,-0.76
TKT_C0EC0D79,CUST_000434,account,phone,2026-02-19 17:29:50,62.4,True,0.81
TKT_409E0E3D,CUST_000756,account,chat,2025-10-22 18:52:00,36.9,True,-0.43
TKT_AF00223A,CUST_000155,technical,email,2025-11-12 01:13:31,39.1,True,-0.85
TKT_76ABD4C4,CUST_000085,billing,phone,2026-01-28 03:48:06,29.3,False,-0.02
TKT_D5938CD8,CUST_000092,account,chat,2026-02-19 07:19:13,43.5,True,-0.08
TKT_208789E3,CUST_000527,content,chat,2025-11-04 07:39:52,61.4,True,0.84
TKT_AED1665A,CUST_000020,content,email,2026-01-15 09:29:11,40.3,True,0.2
TKT_6321C6A2,CUST_000116,billing,phone,2025-12-13 14:14:54,36.6,True,-0.78
TKT_551AC3E5,CUST_000685,billing,chat,2026-02-19 06:40:55,27.7,True,0.75
TKT_FA3C85D4,CUST_000642,account,email,2025-08-06 06:52:15,35.3,True,-0.55
TKT_A4B0CDF9,CUST_000568,billing,chat,2025-01-24 12:42:04,28.6,True,-0.06
TKT_C5F398EF,CUST_000136,technical,chat,2025-09-20 22:28:29,61.3,True,-0.68
TKT_C2CA3D59,CUST_000550,content,email,2026-01-24 00:19:48,57.0,False,-0.01
TKT_EC4AB53F,CUST_000879,billing,phone,2026-03-17 16:51:58,16.2,True,-0.13
TKT_CF25705A,CUST_000281,account,phone,2024-06-14 11:24:15,11.0,False,-0.02
TKT_C140E8F3,CUST_000329,content,chat,2024-12-16 19:14:16,64.6,True,0.08
TKT_103DD2F6,CUST_000958,content,phone,2025-11-06 21:12:03,49.4,True,-0.13
TKT_D7EF2D90,CUST_000427,content,chat,2026-03-07 03:44:33,48.8,True,0.1
TKT_08FD660E,CUST_000303,technical,chat,2025-02-08 12:56:20,10.4,True,0.06
TKT_31B1A943,CUST_000649,content,chat,2026-04-04 19:10:54,62.4,True,-0.64
TKT_F2521F96,CUST_000801,content,phone,2025-01-01 19:02:55,50.3,True,-0.05
TKT_0AF373BB,CUST_000917,account,phone,2025-07-03 23:15:58,45.4,True,0.64
TKT_FE6E4A03,CUST_000634,billing,chat,2026-04-05 22:43:25,60.8,True,-0.37
TKT_4E9F8ADC,CUST_000864,account,phone,2025-05-21 19:21:07,55.2,False,0.12
TKT_EC2CD0CF,CUST_000389,billing,phone,2026-04-07 07:13:00,3.0,True,-0.85
TKT_DBB5B83E,CUST_000802,technical,phone,2026-01-30 18:17:38,14.3,True,-0.14
TKT_9A148396,CUST_000624,content,phone,2025-11-09 07:54:40,31.0,True,-0.09
TKT_D7B0AE2D,CUST_000783,technical,chat,2025-12-15 12:52:26,18.9,True,0.22
TKT_44CB0792,CUST_000627,account,email,2025-07-16 09:31:04,60.0,True,0.93
TKT_7ABA344C,CUST_000507,content,phone,2026-01-07 15:58:57,55.9,False,-0.62
TKT_B55D3578,CUST_000950,technical,chat,2025-11-30 03:46:58,9.4,True,-0.64
TKT_627EAD88,CUST_000355,content,chat,2025-06-08 05:12:55,21.0,True,0.64
TKT_FEEDB0BB,CUST_000314,content,phone,2026-02-14 06:42:36,65.2,True,-0.03
TKT_F006840E,CUST_000826,content,chat,2025-05-01 07:14:21,40.4,False,-0.87
TKT_DF0BBE24,CUST_000932,content,chat,2025-12-16 09:09:15,41.2,True,-0.75
TKT_95C06A46,CUST_000142,technical,phone,2026-03-18 13:42:32,8.7,True,0.29
TKT_06D2A970,CUST_000516,billing,chat,2025-08-07 20:41:15,57.5,True,-0.56
TKT_0775D346,CUST_000337,account,phone,2026-03-30 12:00:47,28.5,True,0.48
TKT_1893AEFC,CUST_000350,technical,chat,2026-01-12 02:40:04,18.8,True,-0.68
TKT_0F724E42,CUST_000165,billing,chat,2026-03-14 03:37:21,27.6,False,-0.89
TKT_3CD28052,CUST_000282,billing,chat,2026-02-05 12:29:11,59.4,True,-0.07
TKT_53499B11,CUST_000879,account,phone,2025-01-05 20:54:42,64.1,True,-0.59
TKT_06E7A8EC,CUST_000673,account,email,2026-01-24 06:00:33,55.5,True,0.31
TKT_5493CA9E,CUST_000646,content,email,2025-08-22 04:38:35,52.5,True,-0.42
TKT_EE94F3C3,CUST_000499,technical,chat,2025-02-19 21:42:14,3.4,True,0.74
TKT_D218FA59,CUST_000618,account,email,2025-12-04 11:41:52,7.6,True,0.7
TKT_1E926530,CUST_000249,billing,chat,2025-12-25 22:39:56,19.2,True,-0.5
TKT_A2251BEB,CUST_000193,technical,phone,2025-03-03 11:11:01,59.9,True,-0.79
TKT_6EE57758,CUST_000989,billing,email,2025-10-13 23:24:03,63.8,True,0.26
TKT_1C62E618,CUST_000500,content,phone,2026-01-02 01:18:11,19.6,True,0.03
TKT_6FF783B9,CUST_000370,billing,email,2025-11-28 10:29:30,64.5,True,-0.46
TKT_F1D6AD1A,CUST_000358,content,phone,2026-04-05 01:48:07,59.8,False,-0.68
TKT_479160C8,CUST_000690,billing,email,2025-07-08 23:35:54,58.4,False,-0.97
TKT_3F7B340A,CUST_000341,account,phone,2025-06-05 09:42:30,63.9,False,0.02
TKT_CD07DC26,CUST_000990,account,email,2026-01-03 14:31:33,44.6,False,-0.01
TKT_6C8AFE1C,CUST_000138,billing,chat,2025-03-20 09:10:07,48.7,True,0.33
TKT_2DC7525F,CUST_000153,content,chat,2025-11-10 21:19:07,16.5,True,-0.3
TKT_0882B3BC,CUST_000333,content,chat,2026-01-25 06:40:30,17.1,True,-0.59
TKT_EA57F00F,CUST_000221,content,chat,2026-03-25 02:37:47,17.6,True,-0.91
TKT_52115285,CUST_000827,account,phone,2025-10-13 08:00:34,70.0,True,0.32
TKT_EDBE0936,CUST_000754,content,chat,2026-01-01 10:56:37,46.2,True,-0.9
TKT_D5125AF9,CUST_000233,technical,phone,2025-12-20 06:59:18,38.7,True,-0.36
TKT_DFAD085C,CUST_000966,account,chat,2025-01-09 02:33:41,56.8,True,-0.91
TKT_618CCB08,CUST_000242,billing,chat,2025-04-05 07:31:19,8.1,False,0.63
TKT_0317267A,CUST_000549,content,email,2026-04-06 09:24:33,17.2,True,-0.96
TKT_4D007DB1,CUST_000711,account,chat,2025-09-27 09:42:49,53.8,True,-0.64
TKT_FC5C442E,CUST_000143,account,email,2025-12-07 05:15:51,61.7,True,-0.36
TKT_937B3875,CUST_000259,content,email,2025-06-17 10:52:11,53.3,True,0.9
TKT_8FACC5DE,CUST_000149,billing,phone,2025-02-03 15:00:25,3.7,True,0.94
TKT_10902E93,CUST_000174,content,email,2025-01-16 01:46:56,1.4,True,0.89
TKT_BB25D057,CUST_000632,content,email,2025-11-11 21:48:08,58.7,False,0.4
TKT_34E9A0E2,CUST_000996,content,email,2025-04-04 14:16:28,30.9,True,0.76
TKT_819955A2,CUST_000912,content,email,2025-12-05 12:07:22,38.2,True,-0.4
TKT_A5368EC3,CUST_000211,content,chat,2025-04-20 21:12:00,4.8,True,0.88
TKT_7972C900,CUST_000055,technical,chat,2026-04-09 18:24:45,12.0,True,0.53
TKT_F8EBACED,CUST_000589,content,phone,2026-03-09 07:18:45,43.5,True,-0.79
TKT_1DBA3D78,CUST_000416,billing,chat,2026-04-11 17:51:53,62.4,False,0.73
TKT_A45F830A,CUST_000912,content,chat,2025-12-16 23:09:55,20.4,True,-0.01
TKT_824293D6,CUST_000054,account,email,2025-09-26 17:36:56,44.4,True,0.71
TKT_BAECC85F,CUST_000906,billing,phone,2026-04-11 00:05:21,11.5,True,-0.16
TKT_BBD5A72C,CUST_000735,technical,email,2026-02-05 20:01:13,71.8,True,-0.41
TKT_31E522A5,CUST_000874,account,phone,2025-11-03 09:10:53,53.2,True,0.44
TKT_75EE6CA8,CUST_000647,account,email,2026-03-13 21:31:53,56.4,True,-0.05
TKT_DFAF8704,CUST_000016,billing,chat,2025-12-22 08:38:35,64.4,True,-0.96
TKT_63D1BEE7,CUST_000639,account,chat,2026-01-17 20:05:31,61.7,True,0.17
TKT_CB84B599,CUST_000963,technical,chat,2025-08-27 19:51:20,65.3,True,0.21
TKT_82F4ABB1,CUST_000483,account,chat,2025-12-26 21:22:08,9.3,True,-0.82
TKT_F7983520,CUST_000153,content,email,2025-10-24 05:13:47,60.0,True,-0.72
TKT_4C790731,CUST_000879,technical,phone,2025-01-05 21:15:38,55.8,True,-0.04
TKT_AD4986A3,CUST_000589,billing,email,2025-11-29 11:17:27,18.3,True,0.39
TKT_D1B10A2F,CUST_000873,billing,chat,2025-11-29 22:43:09,21.3,False,0.42
TKT_9C1B64F9,CUST_000217,account,chat,2025-04-24 20:48:32,40.8,False,0.14
TKT_AC21FCA9,CUST_000855,content,phone,2025-03-27 05:21:13,5.0,True,0.11
TKT_829BD57B,CUST_000573,technical,email,2025-10-19 00:20:27,46.7,False,-0.44
TKT_E6314CE4,CUST_000924,account,email,2026-02-02 19:41:41,9.4,True,0.41
TKT_EB736970,CUST_000023,content,email,2026-03-13 00:50:33,60.0,True,0.51
TKT_F8D51A61,CUST_000784,technical,chat,2025-06-14 06:06:38,53.0,True,0.3
TKT_6DA911C6,CUST_000678,billing,chat,2025-11-06 08:05:50,34.6,True,0.26
TKT_1670ECE3,CUST_000871,account,phone,2025-10-27 19:31:25,36.2,True,0.05
TKT_55C495FE,CUST_000392,billing,phone,2025-11-15 15:52:22,41.4,True,-0.2
TKT_29405284,CUST_000544,technical,phone,2024-11-03 09:09:58,11.0,True,-0.05
TKT_ADAF4554,CUST_000797,technical,email,2024-10-30 11:18:21,16.7,True,-0.53
TKT_CDAD74FD,CUST_000211,content,phone,2025-01-31 00:53:41,16.4,True,0.43
TKT_026CBD7A,CUST_000132,account,phone,2025-10-27 06:12:17,66.2,False,-0.48
TKT_16227F11,CUST_000757,billing,email,2025-12-31 14:59:49,24.2,True,0.86
TKT_E18DA303,CUST_000688,billing,phone,2025-11-21 01:44:11,1.7,False,-0.46
TKT_FBBD1424,CUST_000211,technical,email,2024-09-29 12:40:13,62.8,True,0.56
TKT_99BF9E81,CUST_000727,account,email,2026-01-20 15:24:22,5.4,True,-0.37
TKT_D52C808C,CUST_000052,content,email,2026-03-29 01:20:16,59.2,True,0.62
TKT_D7F32F61,CUST_000005,technical,phone,2025-11-08 23:19:33,3.9,True,-0.11
TKT_1186D67B,CUST_000370,content,email,2025-09-28 13:00:03,46.3,True,-0.65
TKT_1C18885F,CUST_000447,technical,phone,2025-03-02 17:04:39,9.2,True,0.32
TKT_FB634FA7,CUST_000861,content,chat,2026-03-13 08:43:02,39.3,False,-0.35
TKT_DF349306,CUST_000831,technical,chat,2025-09-22 01:31:27,70.8,True,0.78
TKT_96159A71,CUST_000406,billing,chat,2026-03-01 18:42:12,55.6,True,-0.4
TKT_0EC6B149,CUST_000223,account,email,2025-05-25 19:44:16,3.5,True,0.46
TKT_1270D3CD,CUST_000235,technical,chat,2025-12-04 04:36:04,65.1,True,-0.14
TKT_C4C19614,CUST_000236,technical,email,2025-09-30 00:39:06,62.2,True,-0.79
TKT_F2447EFA,CUST_000952,content,chat,2025-01-30 14:47:29,14.3,True,0.28
TKT_E1C3080E,CUST_000462,content,email,2025-11-17 12:13:15,47.8,True,-0.7
TKT_C0D93F30,CUST_000330,account,phone,2025-06-08 17:49:33,17.3,True,0.97
TKT_8DA0AE5C,CUST_000456,account,phone,2025-08-20 01:38:24,60.1,True,-0.39
TKT_47B8A99A,CUST_000793,billing,email,2025-01-24 01:49:09,58.7,False,-0.84
TKT_07BF17D1,CUST_000636,technical,chat,2025-12-07 13:29:50,53.1,False,0.39
TKT_41014B0F,CUST_000850,billing,phone,2026-03-16 00:34:53,53.6,True,-0.42
TKT_E86E7787,CUST_000763,account,chat,2026-01-22 13:48:42,16.0,True,0.8
TKT_A817062C,CUST_000597,billing,phone,2025-12-10 15:20:24,61.0,True,-0.29
TKT_B9BA2E51,CUST_000359,billing,phone,2026-01-28 13:36:25,69.8,True,0.39
TKT_41889D49,CUST_000655,billing,phone,2024-11-10 11:17:02,29.7,True,0.36
TKT_404D3E98,CUST_000461,billing,email,2026-04-03 05:30:40,69.5,True,-0.68
TKT_089BCA4A,CUST_000521,account,chat,2025-09-15 19:23:56,48.8,True,0.9
TKT_D24DA09B,CUST_000079,content,chat,2025-07-20 17:59:07,6.5,False,0.77
TKT_399EC62C,CUST_000066,account,phone,2026-02-07 04:01:33,55.0,True,-0.77
TKT_E1D47D72,CUST_000040,billing,phone,2025-01-07 14:45:49,61.0,True,0.16
TKT_0FA28ECD,CUST_000912,technical,phone,2026-01-17 11:00:30,38.0,True,-0.94
TKT_27AEB97A,CUST_000148,billing,chat,2025-08-24 10:34:03,5.5,True,0.03
TKT_775BF398,CUST_000651,account,phone,2025-10-23 14:04:12,16.0,True,-0.18
TKT_23D43DEC,CUST_000484,technical,phone,2026-03-05 23:02:50,33.1,True,0.55
TKT_5802440D,CUST_000348,technical,chat,2025-01-23 16:21:17,60.0,True,0.27
TKT_79B6B638,CUST_000609,billing,phone,2025-10-25 17:04:36,57.2,True,0.25
TKT_621437FD,CUST_000105,content,chat,2025-11-13 06:53:45,38.0,False,-0.29
TKT_EB67C340,CUST_000321,account,chat,2025-10-11 20:49:41,56.4,True,0.66
TKT_56B5A502,CUST_000819,technical,chat,2026-04-03 18:15:29,44.0,True,0.84
TKT_4AC5856B,CUST_000799,billing,chat,2025-11-11 17:49:23,20.7,False,0.65
TKT_1E322EEC,CUST_000088,account,email,2025-07-06 01:25:52,8.1,False,-0.36
TKT_4C118318,CUST_000796,content,chat,2024-12-17 18:31:12,45.4,True,0.68
TKT_6AE6D8FC,CUST_000248,content,email,2025-09-07 10:47:52,25.1,True,-0.4
TKT_00D160E9,CUST_000594,content,email,2025-09-24 07:39:49,17.0,True,-0.42
TKT_D2622189,CUST_000353,account,email,2025-08-18 00:12:14,57.3,True,0.68
TKT_B980659B,CUST_000165,content,phone,2026-04-09 10:32:51,7.8,True,-0.73
TKT_9A014026,CUST_000083,content,email,2025-02-13 01:29:00,42.8,True,-1.0
TKT_5C2FB10C,CUST_000983,account,phone,2024-07-01 18:43:30,22.8,True,-0.55
TKT_F11F6EE8,CUST_000778,content,email,2025-04-05 01:44:12,51.7,False,0.32
TKT_8D293AC3,CUST_000230,account,phone,2025-08-29 13:23:17,7.1,True,0.03
TKT_754D8DC3,CUST_000938,billing,phone,2025-07-12 02:50:12,23.9,True,-0.86
TKT_6B89883E,CUST_000063,technical,email,2025-05-03 06:47:51,38.5,True,-0.95
TKT_714A146C,CUST_000066,technical,phone,2026-02-12 13:27:12,28.4,True,0.77
TKT_5835913B,CUST_000551,account,email,2025-05-26 20:50:29,20.2,True,-0.41
TKT_D42126AB,CUST_000147,content,email,2024-10-05 16:44:51,9.9,True,-0.73
TKT_ABD4C8D4,CUST_000580,billing,email,2025-09-08 03:15:17,53.9,True,-0.41
TKT_1CBD064B,CUST_000495,account,chat,2026-01-15 20:42:01,63.7,True,0.65
TKT_39A43420,CUST_000495,account,email,2025-12-13 03:45:47,1.9,True,0.94
TKT_E88AAC86,CUST_000200,technical,email,2025-08-28 06:36:36,23.3,False,-0.93
TKT_ACD22F8A,CUST_000843,content,email,2025-11-18 03:40:19,68.7,True,0.05
TKT_6FAAF948,CUST_000637,billing,phone,2025-08-24 02:57:04,35.1,True,-0.18
TKT_7DC38854,CUST_000426,account,chat,2025-05-18 00:59:13,50.8,True,-0.2
TKT_8501CA5C,CUST_000684,billing,phone,2025-10-21 01:34:52,71.7,True,0.58
TKT_B39C73C3,CUST_000766,billing,phone,2025-09-21 11:34:51,5.2,True,-0.5
TKT_4EDE85EE,CUST_000637,content,phone,2025-08-23 05:39:23,28.6,True,-0.92
TKT_7499E954,CUST_000596,content,chat,2026-03-09 21:42:22,55.3,True,-0.75
TKT_B1F41379,CUST_000688,account,phone,2026-03-15 18:22:24,22.6,True,-0.13
TKT_A3A07AF4,CUST_000970,technical,phone,2025-09-07 17:14:42,56.1,True,-0.61
TKT_B858E91C,CUST_000645,technical,chat,2026-04-05 00:50:40,33.1,True,0.45
TKT_A3EA0C9F,CUST_000328,technical,phone,2026-03-31 22:12:53,66.2,True,-0.23
TKT_3FD4B0EF,CUST_000869,billing,email,2026-01-14 00:27:21,41.2,True,-0.4
TKT_3CB3887D,CUST_000127,billing,email,2026-03-09 22:25:37,67.4,True,0.22
TKT_0F84A97E,CUST_000271,billing,phone,2025-11-18 09:44:26,53.7,True,0.48
TKT_E2DE0E37,CUST_000407,billing,phone,2025-10-01 19:28:32,65.9,True,-0.87
TKT_C6F7A00A,CUST_000708,account,email,2024-06-03 09:28:55,0.8,True,-0.66
TKT_E9A11372,CUST_000335,account,chat,2026-01-28 22:16:15,18.5,True,-0.65
TKT_91CFAA08,CUST_000244,billing,phone,2025-09-28 18:10:22,46.9,True,0.46
TKT_BE6AF435,CUST_000559,account,phone,2025-10-15 09:36:39,6.4,True,0.24
TKT_A7D18B17,CUST_000589,account,chat,2025-09-10 08:56:45,25.8,True,-0.5
TKT_E20F0323,CUST_000122,account,chat,2025-11-29 02:56:56,52.4,True,-0.69
TKT_6038752D,CUST_000946,billing,phone,2026-03-28 16:42:47,54.4,True,0.78
TKT_10415C6A,CUST_000288,technical,chat,2026-02-01 19:30:24,21.6,True,0.59
TKT_DF6E53E6,CUST_000701,billing,phone,2025-11-28 04:51:34,15.4,True,0.19
TKT_CDFF1AB6,CUST_000051,technical,email,2026-04-09 08:55:36,65.9,True,0.14
TKT_8AF7D6C8,CUST_000668,content,chat,2025-03-07 05:09:43,37.4,True,0.93
TKT_891F00A0,CUST_000805,account,phone,2025-07-27 15:42:12,30.6,True,0.93
TKT_B82484CF,CUST_000348,account,email,2025-07-02 16:33:55,40.8,False,0.3
TKT_385C1789,CUST_000903,technical,phone,2025-04-22 02:41:02,6.2,True,-0.52
TKT_AB25C54D,CUST_000931,technical,chat,2025-03-31 18:04:24,70.5,True,-0.58
TKT_F6CE6A3C,CUST_000793,technical,phone,2026-01-21 23:24:35,15.9,False,-0.7
TKT_09FDB207,CUST_000342,account,email,2024-07-06 02:29:54,66.6,True,0.91
TKT_C06C709A,CUST_000321,technical,email,2026-01-24 12:01:22,71.5,True,-0.21
TKT_6FDC02AE,CUST_000845,account,chat,2025-11-05 12:05:46,69.1,True,0.49
TKT_D74FD878,CUST_000297,technical,email,2025-04-06 04:54:43,20.5,True,0.38
TKT_961B46D2,CUST_000943,content,chat,2025-11-17 13:07:40,18.5,True,-0.5
TKT_009288B8,CUST_000802,technical,chat,2026-02-22 06:39:20,55.1,True,0.11
TKT_B5CAD655,CUST_000184,content,chat,2026-01-29 15:21:35,37.9,True,0.72
TKT_929B37C5,CUST_000291,account,chat,2026-03-27 08:26:19,34.8,True,-0.41
TKT_F9A0326F,CUST_000579,content,email,2024-11-28 20:19:44,60.9,True,-0.65
TKT_3F02A7EE,CUST_000885,content,chat,2025-11-30 15:26:07,6.3,True,0.23
TKT_74C5AF38,CUST_000131,technical,chat,2025-07-07 07:22:50,19.5,True,-0.44
TKT_8BF24051,CUST_000701,account,chat,2025-09-07 18:07:38,47.8,False,-0.86
TKT_B6BC696E,CUST_000500,billing,email,2025-06-23 06:31:01,1.1,True,-0.74
TKT_71D09B44,CUST_000314,account,email,2026-02-10 12:21:23,32.1,True,-0.46
TKT_D5AEB3F5,CUST_000500,content,email,2025-11-28 16:58:21,34.6,True,0.59
TKT_89C96170,CUST_000195,technical,email,2025-10-13 03:25:17,29.2,True,-0.23
TKT_E29F4E5D,CUST_000909,content,email,2025-12-31 14:47:28,51.5,True,-0.92
TKT_82FAAA32,CUST_000699,technical,chat,2026-02-16 12:09:15,40.0,True,-0.47
TKT_43601854,CUST_000144,account,phone,2025-06-27 12:03:14,1.7,True,-0.64
TKT_494A11FD,CUST_000311,technical,chat,2025-10-23 02:53:35,36.4,False,-0.48
TKT_95A9A8FB,CUST_000487,content,phone,2025-08-18 19:12:36,66.8,True,-0.52
TKT_6B17CD11,CUST_000846,technical,chat,2025-11-04 15:44:08,23.0,True,-0.93
TKT_781219FD,CUST_000689,content,phone,2025-04-22 19:58:29,58.8,True,0.43
TKT_5D7F5567,CUST_000855,technical,email,2024-11-03 18:50:00,37.2,True,0.03
TKT_B6B46B77,CUST_000127,content,email,2026-03-28 05:51:02,24.8,True,-0.15
TKT_6ABDC992,CUST_000880,account,chat,2025-01-17 00:39:37,57.2,False,0.85
TKT_DE6489D4,CUST_000073,technical,phone,2026-02-14 11:51:42,57.6,True,0.99
TKT_AA826776,CUST_000917,technical,chat,2026-02-21 02:34:11,21.2,True,-0.53
TKT_9B9836FF,CUST_000003,content,phone,2025-07-10 18:37:55,43.6,False,-0.76
TKT_916DAE4F,CUST_000723,content,phone,2026-02-17 07:45:45,33.8,True,-0.91
TKT_DC9F6076,CUST_000880,content,phone,2025-03-01 22:25:53,63.7,False,0.43
TKT_A1B25047,CUST_000172,technical,email,2026-02-16 02:55:15,9.0,True,-0.86
TKT_060D2B2B,CUST_000248,technical,phone,2026-03-26 15:30:23,69.9,True,0.23
TKT_553B205B,CUST_000878,account,email,2026-02-08 23:10:19,60.0,True,-0.81
TKT_7CFFF734,CUST_000744,billing,chat,2025-08-22 19:55:44,16.7,True,0.52
TKT_FFDD119B,CUST_000794,technical,chat,2024-12-23 17:42:08,13.5,True,0.19
TKT_74961B56,CUST_000649,content,email,2026-01-27 05:03:04,43.4,True,-0.48
TKT_A372C247,CUST_000903,billing,email,2025-08-07 21:52:39,69.7,True,0.43
TKT_9D8C8CE6,CUST_000336,account,phone,2025-12-08 09:00:07,17.5,True,0.12
TKT_7DAC15E9,CUST_000271,billing,chat,2025-11-18 20:59:39,6.8,True,0.86
TKT_7F21C0DA,CUST_000664,billing,chat,2025-01-11 15:44:14,17.7,True,-0.97
TKT_BF25E329,CUST_000335,account,phone,2025-06-08 03:41:56,50.6,False,-0.85
TKT_88225A22,CUST_000362,billing,phone,2026-02-06 12:53:03,39.9,True,0.7
TKT_AECCB38C,CUST_000215,technical,email,2026-02-06 20:26:07,18.9,True,0.19
TKT_537A87CE,CUST_000949,account,email,2026-01-02 00:34:07,25.0,True,-0.93
TKT_AC35016E,CUST_000521,billing,chat,2026-03-11 05:52:10,47.8,True,-0.3
TKT_69A73C0B,CUST_000400,billing,chat,2026-04-10 05:08:58,29.1,True,0.68
TKT_6847951C,CUST_000480,account,chat,2025-09-15 17:35:11,13.8,False,0.78
TKT_620769DC,CUST_000763,account,chat,2026-01-19 06:06:38,52.6,True,0.07
TKT_23D3C942,CUST_000535,account,chat,2024-10-14 02:44:11,18.1,True,0.24
TKT_11F93958,CUST_000932,content,chat,2026-02-16 16:49:27,25.5,True,-0.63
TKT_D2DC509B,CUST_000225,content,phone,2025-10-24 04:52:59,14.1,True,-0.76
TKT_E2D8E998,CUST_000793,technical,chat,2025-06-06 16:35:45,34.6,True,0.58
TKT_70E96AD3,CUST_000204,technical,phone,2026-02-02 19:01:39,21.4,True,0.78
TKT_D297FEAD,CUST_000170,account,phone,2025-08-13 11:00:36,41.7,True,-0.89
TKT_DD387758,CUST_000304,technical,chat,2025-07-08 21:40:22,64.9,True,0.01
TKT_11B2AC8E,CUST_000056,billing,email,2025-11-01 04:53:14,35.9,False,-0.22
TKT_F5DA6DF3,CUST_000538,technical,phone,2025-05-13 12:10:10,9.6,True,0.76
TKT_56059F1A,CUST_000655,billing,phone,2026-01-05 16:50:58,37.4,True,0.77
TKT_977E8716,CUST_000909,account,email,2024-11-19 08:54:57,3.5,True,0.94
TKT_87E79685,CUST_000830,technical,email,2026-04-02 16:09:46,31.8,True,0.35
TKT_1A692102,CUST_000761,account,phone,2025-04-01 23:13:32,34.3,False,-0.74
TKT_3BA67C98,CUST_000339,technical,email,2025-09-18 10:11:37,35.5,True,-0.43
TKT_D1FF96F4,CUST_000046,content,chat,2025-11-14 19:26:07,64.3,True,-0.03
TKT_6F8246AE,CUST_000638,account,email,2025-03-15 22:16:25,18.2,True,-0.37
TKT_C52F81B6,CUST_000274,billing,chat,2025-12-13 22:32:53,7.6,True,-0.6
TKT_FAF25B80,CUST_000087,billing,phone,2025-09-15 19:03:01,4.4,True,-0.23
TKT_82DAA281,CUST_000444,billing,phone,2026-04-03 02:34:23,22.4,True,0.25
TKT_824C5722,CUST_000747,billing,chat,2025-07-17 02:21:24,60.0,True,0.89
TKT_B794E8E5,CUST_000791,billing,chat,2024-12-10 17:22:19,11.0,True,-0.17
TKT_D08D4D68,CUST_000140,content,phone,2025-02-06 19:15:04,26.6,True,-0.56
TKT_FB4C7B86,CUST_000652,account,email,2024-12-04 22:19:18,53.0,True,0.11
TKT_529F0AA8,CUST_000904,account,email,2025-08-26 06:32:37,41.4,True,-0.62
TKT_089C9DC6,CUST_000149,content,phone,2026-04-02 14:13:19,51.2,True,0.24
TKT_24062C5C,CUST_000682,technical,email,2026-01-25 09:44:42,7.5,False,-0.98
TKT_4D48C52A,CUST_000462,technical,email,2025-03-20 09:23:37,66.1,False,-0.66
TKT_1C0F009A,CUST_000539,technical,phone,2026-02-10 04:52:12,60.9,True,-0.69
TKT_BBD35466,CUST_000339,billing,email,2025-07-13 17:50:20,17.0,True,-0.57
TKT_16D6FFDF,CUST_000967,billing,phone,2024-12-20 07:31:00,31.0,True,0.25
TKT_AA0D16A0,CUST_000654,technical,email,2026-03-12 16:03:39,53.3,False,0.58
TKT_6134D9D4,CUST_000224,billing,phone,2026-01-02 14:27:47,7.0,True,0.63
TKT_D5C0DF0E,CUST_000958,technical,email,2026-03-30 03:18:01,36.9,True,-0.47
TKT_5C223C1F,CUST_000948,billing,phone,2025-10-16 00:31:16,44.5,False,0.7
TKT_6B158F14,CUST_000116,billing,email,2026-03-06 07:44:30,55.2,True,-0.15
TKT_57FCFDE0,CUST_000912,technical,phone,2026-02-13 11:10:28,15.5,True,-0.8
TKT_44399799,CUST_000426,account,phone,2026-01-12 20:40:57,47.9,True,-0.16
TKT_706783B5,CUST_000518,billing,phone,2024-07-23 07:26:39,18.4,True,0.51
TKT_9FCEB041,CUST_000813,account,chat,2025-07-17 11:12:14,47.9,True,0.58
TKT_992F3DB9,CUST_000191,technical,chat,2025-12-20 05:17:26,16.9,True,0.13
TKT_84E368F5,CUST_000890,account,email,2025-11-03 20:17:54,36.9,True,0.15
TKT_8FA07260,CUST_000843,technical,email,2025-12-02 00:23:09,43.4,True,0.42
TKT_4B508587,CUST_000740,technical,phone,2025-11-20 12:29:06,50.7,True,-0.23
TKT_545B17BF,CUST_000903,technical,phone,2025-12-30 19:54:22,26.0,False,0.13
TKT_EB5582F7,CUST_000089,billing,chat,2025-09-23 19:47:56,5.9,True,-0.23
TKT_31D80287,CUST_000080,billing,phone,2025-05-08 13:50:33,71.5,True,0.48
TKT_C59B2E05,CUST_000989,technical,phone,2025-12-21 02:02:56,12.8,False,-0.4
TKT_97E3458A,CUST_000995,technical,chat,2025-10-22 20:32:26,66.8,True,0.38
TKT_86DE17E4,CUST_000539,billing,email,2026-01-03 01:16:59,20.2,True,-0.7
TKT_79926C40,CUST_000957,account,phone,2025-10-02 12:15:16,70.9,True,0.08
TKT_69DD2EC3,CUST_000168,account,phone,2026-02-18 16:43:54,42.0,True,0.5
TKT_B367C252,CUST_000790,technical,chat,2025-10-06 10:37:11,67.5,False,0.7
TKT_05F97618,CUST_000202,billing,phone,2025-03-14 23:43:27,14.5,True,-1.0
TKT_5436A86F,CUST_000695,technical,phone,2026-02-10 23:53:24,11.1,True,0.23
TKT_85B1B233,CUST_000614,content,chat,2025-10-17 00:08:59,60.3,True,-0.22
TKT_82A41EEA,CUST_000795,account,phone,2026-03-27 09:10:50,11.6,True,-0.63
TKT_C323E328,CUST_000369,technical,chat,2026-03-17 06:51:14,56.8,True,-0.83
TKT_98440212,CUST_000919,billing,chat,2025-09-05 07:12:59,4.5,True,0.95
TKT_EED55371,CUST_000266,technical,chat,2025-05-03 21:30:14,62.1,True,0.33
TKT_F7E54361,CUST_000691,content,email,2025-09-26 13:48:05,15.1,True,0.89
TKT_E95EAFFE,CUST_000187,account,email,2026-01-05 08:12:16,1.7,True,-0.17
TKT_28C4298E,CUST_000322,account,phone,2026-03-08 23:36:35,53.5,True,-0.82
TKT_843CD4F4,CUST_000721,technical,chat,2025-03-27 18:20:35,16.9,True,-0.09
TKT_5AEAFD8C,CUST_000974,content,chat,2025-09-30 17:00:07,22.6,True,-0.31
TKT_67A3DEB3,CUST_000598,content,chat,2026-02-16 02:06:46,28.2,True,0.98
TKT_F384C031,CUST_000078,content,email,2026-03-23 22:11:08,12.4,True,0.06
TKT_028B32AE,CUST_000537,content,chat,2026-03-09 00:14:11,37.8,True,-0.61
TKT_FC9E3EAA,CUST_000335,billing,email,2025-04-16 08:16:08,50.5,True,-0.35
TKT_D291E651,CUST_000937,content,email,2026-03-26 17:55:13,7.9,True,-0.07
TKT_E85C1AC4,CUST_000510,billing,email,2026-02-14 04:41:43,28.8,True,0.06
TKT_630544B3,CUST_000123,account,chat,2026-01-12 22:14:15,28.2,False,0.44
TKT_8AEEB827,CUST_000859,content,phone,2025-12-03 01:35:28,39.0,True,-0.15
TKT_1DAA6780,CUST_000671,content,email,2025-03-13 23:50:06,5.9,True,-0.76
TKT_22B94857,CUST_000872,technical,chat,2025-05-06 10:35:29,71.5,True,-0.21
TKT_287C29CA,CUST_000363,account,phone,2026-03-02 02:54:47,28.8,True,0.8
TKT_FE6FD0D6,CUST_000176,technical,email,2025-03-12 04:01:59,55.0,True,0.19
TKT_673E5070,CUST_000290,content,chat,2025-10-13 05:17:48,61.9,True,0.5
TKT_4EBB9E05,CUST_000044,account,email,2025-05-01 04:56:14,41.4,True,0.4
TKT_392F0182,CUST_000004,account,chat,2025-10-02 18:21:39,60.5,True,0.03
TKT_E2E03BDD,CUST_000073,content,phone,2026-04-07 22:54:46,33.6,True,-0.91
TKT_63AA2C41,CUST_000480,account,email,2024-12-09 15:13:18,1.5,True,0.57
TKT_EF9B6FF5,CUST_000900,content,phone,2026-02-26 12:59:35,48.8,True,0.22
TKT_7B146C14,CUST_000511,technical,chat,2025-10-14 17:46:09,33.9,True,-0.8
TKT_15910A17,CUST_000540,technical,chat,2025-09-25 07:59:21,45.4,True,-0.09
TKT_D1127371,CUST_000481,technical,chat,2024-07-06 05:49:32,19.7,True,-0.91
TKT_75397DAB,CUST_000363,account,phone,2026-01-14 21:35:41,24.2,True,0.27
TKT_342C7A6A,CUST_000108,technical,email,2024-12-29 22:51:18,44.2,False,-0.26
TKT_A686C952,CUST_000540,billing,chat,2026-01-14 23:49:50,11.1,True,-0.27
TKT_A3A66673,CUST_000602,billing,chat,2025-11-16 00:25:48,11.1,True,0.21
TKT_2823A43F,CUST_000980,account,chat,2025-03-17 20:56:45,52.5,False,-0.27
TKT_884AD901,CUST_000700,technical,email,2026-03-10 07:19:37,39.1,False,-1.0
TKT_285B514B,CUST_000104,billing,chat,2026-02-18 17:16:44,34.9,False,-0.79
TKT_02E763B3,CUST_000230,technical,email,2025-03-17 19:15:12,60.4,False,-0.42
TKT_9E6434D8,CUST_000716,content,phone,2025-04-02 15:40:02,3.6,True,-0.27
TKT_AEF0A889,CUST_000383,account,phone,2025-06-04 15:41:39,41.4,True,0.89
TKT_5D3C1271,CUST_000916,billing,phone,2024-10-08 19:56:55,32.7,True,-0.9
TKT_D9DD7582,CUST_000409,billing,phone,2025-07-25 12:54:58,14.5,False,0.51
TKT_4F4926F2,CUST_000804,billing,phone,2025-11-06 18:35:25,59.4,True,0.52
TKT_4F9EB6A8,CUST_000602,billing,phone,2026-02-01 14:46:26,20.3,True,0.02
TKT_0510842B,CUST_000635,technical,chat,2026-02-22 11:28:27,19.2,True,0.16
TKT_218E6A9E,CUST_000025,content,phone,2026-03-25 17:23:06,43.7,True,-0.01
TKT_A802FDE7,CUST_000215,technical,chat,2026-01-31 01:37:18,65.0,False,-0.3
TKT_6CDD5297,CUST_000366,account,chat,2025-08-19 23:37:52,26.5,True,-0.79
TKT_3E939D65,CUST_000048,content,email,2025-05-04 14:33:04,28.0,True,0.36
TKT_F662F775,CUST_000304,technical,phone,2025-03-29 13:08:40,7.7,True,0.56
TKT_F3331F5E,CUST_000821,technical,email,2025-03-06 15:55:14,56.2,True,0.91
TKT_61EF4814,CUST_000443,account,phone,2025-10-05 21:45:11,31.5,True,-0.24
TKT_E2141A25,CUST_000628,content,chat,2025-08-21 05:39:21,18.4,True,0.55
TKT_20DFDBE7,CUST_000625,technical,email,2025-02-25 00:00:34,20.9,False,0.67
TKT_0018B51D,CUST_000361,technical,email,2024-11-12 07:23:38,69.7,True,0.1
TKT_5BB9B23C,CUST_000236,content,phone,2025-09-09 06:21:14,45.7,True,0.21
TKT_BC14A227,CUST_000143,content,phone,2026-02-14 16:30:20,56.3,False,-1.0
TKT_1C4407BA,CUST_000391,billing,chat,2026-01-02 16:46:51,45.1,True,-0.83
TKT_8A1C0D82,CUST_000288,account,phone,2025-12-26 07:05:32,47.0,True,-0.51
TKT_26BB71E3,CUST_000631,content,phone,2024-11-01 17:25:54,44.2,True,0.99
TKT_192416E8,CUST_000139,technical,email,2026-03-30 13:04:31,15.9,False,-0.54
TKT_85CC7EB2,CUST_000155,technical,email,2026-03-13 15:26:31,9.7,True,0.82
TKT_0A2E53D4,CUST_000924,billing,phone,2026-04-03 05:32:57,4.3,True,0.19
TKT_CBBC8F0E,CUST_000393,account,email,2024-09-08 05:28:09,9.0,True,0.45
TKT_46C626CF,CUST_000502,technical,phone,2025-11-27 03:33:27,35.5,True,-0.92
TKT_5ADEC84D,CUST_000667,account,email,2026-01-07 19:56:23,58.4,True,0.35
TKT_44FA8F03,CUST_000566,account,chat,2025-11-21 12:08:39,7.2,True,0.09
TKT_D12AD8E8,CUST_000964,content,email,2026-03-25 10:26:34,20.5,True,-0.75
TKT_F445F634,CUST_000791,account,chat,2026-02-13 04:13:37,68.7,True,0.04
TKT_7DB1F4EF,CUST_000751,account,email,2026-02-12 07:53:18,67.0,True,-0.53
TKT_DF22ED30,CUST_000686,account,email,2025-09-19 16:35:52,44.5,True,0.37
TKT_E4DC9A0B,CUST_000122,technical,phone,2026-01-12 01:55:39,52.5,False,-0.88
TKT_B1FD316D,CUST_000373,account,chat,2025-09-06 20:17:04,50.5,True,-0.01
TKT_13351C71,CUST_000852,account,phone,2026-03-19 01:44:49,61.7,True,-0.46
TKT_3CA86C6C,CUST_000422,account,phone,2025-08-31 02:31:28,2.9,True,-0.99
TKT_969AC95B,CUST_000708,billing,email,2024-05-17 02:11:25,10.5,False,-0.08
TKT_34A12E73,CUST_000915,billing,email,2025-08-10 05:55:15,11.0,True,-0.1
TKT_A4ECDB4E,CUST_000072,billing,chat,2025-12-12 03:55:34,70.8,True,-0.21
TKT_A97CA994,CUST_000143,content,chat,2025-07-26 09:16:40,20.1,True,-0.3
TKT_01A90992,CUST_000941,technical,email,2026-03-10 09:46:10,31.8,True,-0.41
TKT_C87795B5,CUST_000294,technical,email,2025-07-24 06:53:08,20.8,True,-0.79
TKT_33DA89FE,CUST_000181,content,chat,2025-10-02 07:09:57,59.6,True,0.07
TKT_86283465,CUST_000809,account,chat,2024-10-28 00:30:16,45.0,True,0.69
TKT_E2E6AE86,CUST_000729,technical,phone,2026-02-08 15:10:32,34.8,True,-0.73
TKT_6CF03748,CUST_000137,account,email,2026-04-04 14:17:18,2.1,True,0.65
TKT_939C7B4F,CUST_000448,content,chat,2025-10-14 04:19:22,39.6,False,0.44
TKT_49BFED6A,CUST_000365,content,chat,2026-01-24 08:22:47,63.7,False,-0.04
TKT_79E35A96,CUST_000810,content,chat,2025-08-07 07:38:59,50.8,True,-0.73
TKT_CED41D2A,CUST_000985,technical,chat,2024-11-06 12:25:37,42.7,True,-0.16
TKT_E5186F63,CUST_000557,billing,chat,2026-02-11 20:47:05,19.1,False,-0.97
TKT_4BD79F4B,CUST_000140,content,email,2025-03-22 05:38:41,39.5,False,0.13
TKT_DD8D6A65,CUST_000786,billing,phone,2025-07-19 05:24:03,53.1,True,-0.5
TKT_E0E4D658,CUST_000952,account,phone,2025-06-28 19:00:06,40.5,True,0.56
TKT_19A44D44,CUST_000839,account,email,2025-09-26 20:59:05,19.9,True,0.55
TKT_BBBC4BAB,CUST_000383,content,phone,2025-02-05 19:25:33,34.8,True,0.8
TKT_F9ED3343,CUST_000974,content,email,2025-10-14 16:27:47,18.3,True,-0.74
TKT_B8D17962,CUST_000296,technical,email,2026-01-29 15:31:42,9.7,True,-0.99
TKT_A17C6771,CUST_000723,content,email,2026-01-30 23:20:53,35.2,True,0.78
TKT_788EC96E,CUST_000045,content,email,2026-03-26 06:33:28,31.8,True,-0.41
TKT_4396D8B6,CUST_000825,account,chat,2026-02-28 07:48:20,13.8,True,-0.93
TKT_582DB5B5,CUST_000785,technical,phone,2026-03-06 06:13:12,25.6,False,0.75
TKT_CB2B2E7F,CUST_000524,content,email,2026-03-16 17:05:54,23.4,True,-0.54
TKT_3782B57A,CUST_000519,technical,email,2025-11-18 19:24:48,21.2,True,0.81
TKT_D4D636A9,CUST_000346,account,phone,2025-09-28 11:27:58,66.5,True,-0.58
TKT_494CFB01,CUST_000108,billing,phone,2024-11-04 20:32:49,70.9,True,0.59
TKT_35297969,CUST_000487,billing,chat,2026-02-08 01:52:59,30.8,True,0.55
TKT_86233298,CUST_000931,technical,phone,2026-02-12 01:38:24,22.2,True,-0.12
TKT_85D7F74D,CUST_000386,billing,chat,2025-04-08 20:42:29,33.0,True,-0.35
TKT_2F8351AC,CUST_000285,account,chat,2025-02-25 13:40:59,35.5,True,-0.07
TKT_E6029374,CUST_000820,account,phone,2025-09-21 05:34:07,17.1,True,0.57
TKT_9456547C,CUST_000876,billing,phone,2026-02-01 09:26:04,19.8,True,-0.85
TKT_306DD940,CUST_000046,technical,chat,2025-05-22 19:37:36,9.9,True,0.96
TKT_1E3F6EBB,CUST_000498,technical,email,2024-12-16 21:26:04,36.1,True,-0.68
TKT_7F192E09,CUST_000174,technical,chat,2024-11-02 11:05:26,59.9,True,-0.31
TKT_35071625,CUST_000642,account,phone,2026-04-06 17:37:49,7.1,True,0.46
TKT_1B2AD2B9,CUST_000339,account,email,2025-08-26 19:38:21,38.2,True,0.06
TKT_8DF9BCA0,CUST_000842,content,email,2026-03-31 15:46:46,50.2,True,-0.98
TKT_437E6FA5,CUST_000478,content,email,2025-02-26 04:31:16,51.8,True,-0.72
TKT_7CAFA35B,CUST_000259,billing,chat,2026-03-16 11:40:01,47.3,True,-0.14
TKT_89FA98AA,CUST_000289,billing,email,2025-06-23 09:03:17,9.3,True,0.6
TKT_5E3ECD23,CUST_000270,content,email,2026-02-19 11:49:05,34.6,True,-0.16
TKT_333B1E35,CUST_000136,content,email,2025-05-25 04:30:18,69.9,True,0.65
TKT_CA2B7B79,CUST_000349,billing,email,2025-03-05 01:08:34,69.4,True,0.98
TKT_2CE729DA,CUST_000563,content,email,2025-09-18 02:14:01,20.9,True,-0.84
TKT_309BF108,CUST_000714,account,email,2025-09-16 23:31:01,10.7,True,0.19
TKT_52EA718E,CUST_000917,account,chat,2025-10-10 03:47:11,9.1,True,0.65
TKT_9F693131,CUST_000477,content,phone,2025-03-15 03:20:31,9.7,True,0.85
TKT_8CCB3AFC,CUST_000640,technical,phone,2025-03-02 06:46:53,0.6,True,0.16
TKT_2DEB0E70,CUST_000635,account,email,2026-03-08 14:35:13,4.1,True,-0.82
TKT_8F650AE5,CUST_000180,content,phone,2025-10-07 15:52:33,10.7,False,0.96
TKT_6D354ECE,CUST_000209,content,phone,2025-03-23 13:43:09,32.6,True,-0.87
TKT_C338EBCF,CUST_000413,content,chat,2026-03-24 15:00:54,4.3,True,-0.63
TKT_9C21F7D4,CUST_000320,account,email,2025-08-22 12:06:16,59.5,True,0.27
TKT_8CF45C09,CUST_000153,content,email,2025-11-01 11:47:17,45.1,True,-0.78
TKT_2054FF23,CUST_000816,technical,chat,2025-07-06 06:24:43,14.9,True,0.0
TKT_64816E82,CUST_000994,technical,phone,2025-07-28 12:02:40,1.9,False,-0.42
TKT_6A38C394,CUST_000466,billing,chat,2026-03-18 20:56:45,18.5,True,-0.41
TKT_4BE0F8B2,CUST_000520,technical,chat,2025-09-06 20:52:33,69.0,True,0.49
TKT_3017109B,CUST_000351,account,chat,2026-04-03 00:42:24,48.9,True,-0.43
TKT_D47CC6B5,CUST_000686,billing,email,2026-01-02 10:51:44,33.5,True,-0.73
TKT_B10362DE,CUST_000264,content,phone,2025-10-13 05:01:18,70.7,True,0.39
TKT_09148F2D,CUST_000347,billing,email,2025-10-29 13:48:21,67.7,True,0.48
TKT_BDC0E687,CUST_000317,account,chat,2026-01-10 20:51:33,22.8,True,-0.76
TKT_32506212,CUST_000478,billing,chat,2025-09-08 14:44:20,19.0,True,0.5
TKT_F4413904,CUST_000471,content,chat,2025-11-11 02:25:00,20.4,True,-0.25
TKT_7DE736FC,CUST_000819,billing,email,2026-02-26 13:00:25,5.2,True,0.83
TKT_01A05459,CUST_000549,technical,phone,2026-03-31 19:00:11,36.2,True,-0.3
TKT_C7E2BF1E,CUST_000016,billing,email,2025-09-04 17:41:52,40.0,True,-0.52
TKT_1EFE4C0A,CUST_000686,account,email,2025-12-11 15:11:41,65.7,True,0.58
TKT_AFBE7C04,CUST_000311,account,chat,2025-12-01 06:08:20,21.1,True,0.4
TKT_BB0F7924,CUST_000013,technical,chat,2026-04-07 09:14:23,28.1,True,-0.12
TKT_07C37BB2,CUST_000022,billing,chat,2025-09-09 08:03:35,7.6,True,-0.12
TKT_1D84A1E7,CUST_000250,content,chat,2025-05-15 02:52:21,36.8,True,-0.34
TKT_522D5821,CUST_000508,content,phone,2025-12-14 06:22:44,58.0,True,-0.77
TKT_52BEED2B,CUST_000334,content,phone,2025-06-02 03:51:18,57.4,True,-0.39
TKT_45449568,CUST_000258,technical,phone,2025-07-07 06:09:19,46.5,True,-0.65
TKT_81811E1E,CUST_000861,billing,email,2025-10-22 14:12:21,40.3,True,0.76
TKT_FC75F5F5,CUST_000457,billing,phone,2026-02-17 23:34:51,33.7,True,0.54
TKT_8F846D12,CUST_000735,account,phone,2025-12-22 09:30:46,61.4,False,-0.26
TKT_752295AF,CUST_000833,content,chat,2025-09-19 03:08:59,66.1,True,-0.54
TKT_341EE283,CUST_000731,billing,phone,2026-01-11 02:21:31,14.6,True,0.16
TKT_F4D6A795,CUST_000795,content,email,2026-04-02 22:41:46,70.1,True,0.91
TKT_CAC475FD,CUST_000077,billing,chat,2024-11-08 10:06:32,65.9,False,0.23
TKT_D614E74C,CUST_000378,technical,phone,2026-02-19 09:36:29,63.6,True,0.12
TKT_CCDE11D1,CUST_000779,billing,chat,2025-04-30 11:52:54,34.0,False,-0.41
TKT_7E0B6C5E,CUST_000534,technical,chat,2025-09-11 20:28:38,27.4,True,-0.23
TKT_14BE50A8,CUST_000702,account,chat,2025-06-22 16:09:47,4.1,True,0.55
TKT_04F361E8,CUST_000781,technical,email,2025-01-05 12:54:39,4.0,True,0.8
TKT_6335E45C,CUST_000404,content,chat,2025-10-15 23:07:38,20.5,False,-0.82
TKT_780EDE06,CUST_000291,content,email,2026-01-07 05:46:59,44.0,True,0.26
TKT_758C71B1,CUST_000352,billing,email,2025-11-06 18:46:26,40.0,True,-0.77
TKT_25943AD0,CUST_000510,content,phone,2026-02-21 16:29:51,51.1,True,-0.54
TKT_03C946CD,CUST_000010,account,email,2025-12-08 13:19:51,64.9,False,-0.05
TKT_DCB7FF57,CUST_000985,technical,chat,2025-09-22 13:34:28,15.5,True,-0.56
TKT_F82CF160,CUST_000066,billing,phone,2026-02-12 20:04:15,66.1,True,0.64
TKT_C68634E9,CUST_000994,account,phone,2025-11-22 14:06:12,52.7,False,-0.5
TKT_A02EC859,CUST_000100,content,email,2026-04-02 00:29:23,22.8,True,0.22
TKT_DD409C23,CUST_000346,billing,email,2024-11-09 00:47:30,25.4,True,0.46
TKT_F1CC8FC8,CUST_000746,technical,phone,2025-04-14 19:36:33,58.9,True,0.17
TKT_ABCB8018,CUST_000394,content,chat,2025-11-23 12:52:31,68.1,True,-0.81
TKT_7C76F2AF,CUST_000046,technical,email,2025-10-25 10:27:39,51.0,True,-0.57
TKT_6FEFECEB,CUST_000755,content,chat,2025-02-21 01:36:49,19.4,True,-0.39
TKT_8F0084D1,CUST_000737,billing,chat,2026-04-01 18:17:50,26.3,True,-0.74
TKT_14B240C3,CUST_000974,content,chat,2026-03-15 05:28:29,25.9,False,-0.53
TKT_537D2DC8,CUST_000790,billing,email,2026-03-23 04:19:45,58.1,True,0.3
TKT_E2997D9F,CUST_000456,billing,email,2026-04-09 19:17:20,37.6,True,-0.84
TKT_9C919C90,CUST_000318,billing,phone,2025-07-19 21:15:08,55.4,False,-0.29
TKT_0BF20C82,CUST_000595,account,chat,2024-10-02 06:16:53,12.5,True,-0.75
TKT_D3E79068,CUST_000215,billing,chat,2026-03-31 02:49:41,19.6,False,-0.88
TKT_CF1523BA,CUST_000128,technical,phone,2025-11-23 06:53:06,35.8,True,-0.11
TKT_EEF003EA,CUST_000052,content,phone,2025-05-30 02:53:24,31.4,False,0.47
TKT_F9790A82,CUST_000801,billing,email,2025-05-25 12:45:38,48.5,True,0.21
TKT_3AEFC0E1,CUST_000171,account,email,2026-01-21 22:06:46,39.7,True,-0.04
TKT_E384C14F,CUST_000064,billing,phone,2026-02-08 12:05:18,10.0,True,-0.04
TKT_7333F1B7,CUST_000608,account,email,2026-04-08 21:44:04,27.9,True,0.56
TKT_08EA318C,CUST_000220,billing,chat,2025-11-07 22:28:46,37.1,True,0.23
TKT_EF746279,CUST_000814,content,phone,2025-12-27 08:02:07,52.2,True,-0.43
TKT_BA95C711,CUST_000028,billing,email,2025-10-04 22:24:10,31.2,True,0.07
TKT_72E8229F,CUST_000429,billing,phone,2026-01-19 05:00:38,70.5,True,0.25
TKT_7E9F6979,CUST_000363,content,email,2025-04-11 07:48:16,39.8,True,-0.79
TKT_74E538BF,CUST_000086,billing,email,2026-01-23 03:21:42,2.3,False,-0.84
TKT_F89A61CB,CUST_000662,technical,phone,2026-03-09 13:07:39,36.1,True,-0.03
TKT_9CB0A090,CUST_000173,account,email,2025-11-08 22:11:12,37.3,True,0.46
TKT_4789DB0B,CUST_000144,account,phone,2025-11-02 17:46:41,33.1,True,0.67
TKT_05B66F20,CUST_000374,technical,phone,2026-03-29 04:54:08,67.0,True,1.0
TKT_6C905984,CUST_000248,account,email,2025-06-01 07:02:36,69.9,True,-0.92
TKT_CC5D89A2,CUST_000596,account,email,2025-12-29 09:22:48,7.0,True,0.16
TKT_EDB765DA,CUST_000931,billing,email,2025-07-15 14:32:58,26.9,True,0.89
TKT_0CCB8CE8,CUST_000727,content,email,2025-07-18 08:36:18,17.6,True,0.57
TKT_FEC5409C,CUST_000877,account,chat,2026-01-07 12:57:08,3.9,True,0.94
TKT_6924213E,CUST_000453,account,email,2024-08-09 17:36:57,63.1,True,-0.84
TKT_AB6D4DB4,CUST_000729,technical,phone,2025-12-25 21:32:07,38.8,True,0.65
TKT_9B506FF7,CUST_000687,account,email,2025-04-02 20:59:31,64.8,True,-0.51
TKT_53461F9E,CUST_000287,billing,chat,2025-09-06 11:13:15,38.8,True,0.4
TKT_7C146945,CUST_000949,content,email,2026-01-23 01:13:17,4.2,True,0.45
TKT_18CFB7E0,CUST_000341,content,email,2024-08-08 20:04:28,34.5,True,0.23
TKT_7BA85027,CUST_000127,billing,chat,2025-11-28 09:23:11,15.2,True,-0.39
TKT_07F33159,CUST_000277,content,chat,2026-04-10 08:04:27,31.2,True,-0.48
TKT_603E7A83,CUST_000556,account,phone,2026-03-11 01:44:36,54.7,True,-0.17
TKT_3AF2E718,CUST_000938,content,chat,2025-09-07 22:09:21,68.2,True,-0.93
TKT_CE0DC7BF,CUST_000362,account,chat,2026-02-24 23:13:03,34.9,True,-0.47
TKT_AA10077D,CUST_000342,billing,chat,2026-02-24 09:12:57,32.8,True,-0.89
TKT_C6463BE0,CUST_000847,technical,email,2026-03-05 09:03:47,54.4,True,-0.68
TKT_9AA8FCCA,CUST_000746,technical,email,2025-09-22 12:32:59,47.9,True,-0.96
TKT_24B2E788,CUST_000045,technical,email,2026-03-24 20:17:00,69.3,True,-0.95
TKT_1577B9ED,CUST_000076,account,email,2025-11-30 20:36:37,37.1,True,0.48
TKT_DC75D743,CUST_000385,content,email,2026-03-03 18:48:04,21.2,True,0.45
TKT_41DF4731,CUST_000923,billing,chat,2025-07-04 18:27:23,52.4,False,0.77
TKT_88055F42,CUST_000924,account,chat,2026-04-02 09:00:08,50.8,True,-0.28
TKT_0414911F,CUST_000515,content,chat,2026-01-18 09:57:22,71.2,True,0.86
TKT_8334C55A,CUST_000340,account,phone,2025-11-12 04:28:28,40.6,False,-0.9
TKT_967DB273,CUST_000306,content,email,2024-12-12 22:17:44,21.2,True,-0.69
TKT_93A24877,CUST_000230,billing,phone,2025-11-08 04:18:27,5.7,False,-0.24
TKT_E9A4F105,CUST_000819,technical,chat,2026-03-05 17:29:45,40.5,True,-0.34
TKT_68E0318B,CUST_000626,content,chat,2026-04-01 00:13:22,5.8,True,-0.84
TKT_2EC0FF2C,CUST_000373,technical,chat,2025-09-09 08:01:06,12.8,True,0.91
TKT_BD93D248,CUST_000596,technical,chat,2026-01-25 13:27:52,36.4,True,0.76
TKT_D8C88248,CUST_000412,technical,email,2025-06-14 18:54:31,37.1,True,0.69
TKT_1ACA9CDD,CUST_000082,technical,phone,2025-08-08 10:16:58,63.9,True,0.05
TKT_9D0CA779,CUST_000042,billing,chat,2025-11-23 09:09:04,45.7,True,0.04
TKT_9BE69FD7,CUST_000760,account,email,2025-06-17 21:28:54,44.1,True,-0.96
TKT_0620A3E3,CUST_000580,content,phone,2025-10-05 05:43:05,5.5,True,-0.3
TKT_5362CADB,CUST_000534,account,email,2026-04-06 15:18:06,41.3,True,0.44
TKT_703D352E,CUST_000266,content,phone,2025-03-15 11:23:02,9.5,False,-0.65
TKT_BF2E7FBB,CUST_000654,technical,phone,2026-04-01 17:21:43,30.2,True,0.17
TKT_A7D88CA8,CUST_000614,technical,email,2026-01-22 19:24:39,38.1,True,-0.51
TKT_DD6A5540,CUST_000551,technical,email,2025-07-15 16:12:56,42.7,True,0.55
TKT_3C373812,CUST_000692,account,email,2026-03-22 06:33:02,27.3,True,-0.41
TKT_A6317976,CUST_000395,technical,phone,2025-12-05 05:45:02,71.0,True,-0.65
TKT_83605297,CUST_000846,technical,phone,2025-10-31 21:33:29,30.6,True,0.22
TKT_7895E58B,CUST_000889,content,email,2026-01-22 06:39:23,3.8,True,-0.18
TKT_837505C3,CUST_000973,content,chat,2024-08-25 09:06:28,64.8,True,0.81
TKT_2018B5D6,CUST_000254,account,email,2024-12-07 01:15:51,63.9,True,0.12
TKT_4973A0E6,CUST_000607,content,chat,2025-05-27 06:27:57,28.4,False,-0.31
TKT_DCD57B73,CUST_000427,technical,phone,2026-03-15 19:20:47,61.7,True,0.12
TKT_DEC6D0BE,CUST_000367,account,phone,2024-10-03 17:20:10,49.7,True,-0.64
TKT_47FD23B6,CUST_000542,billing,email,2026-03-09 08:50:21,2.2,True,0.17
TKT_9514A06F,CUST_000157,content,email,2026-02-27 21:43:34,32.1,True,-0.96
TKT_2A9B95A2,CUST_000240,technical,chat,2025-04-06 19:51:13,41.0,True,0.85
TKT_8DFB8439,CUST_000081,billing,phone,2026-02-25 14:43:47,4.3,True,-0.59
TKT_5BB6F175,CUST_000594,technical,email,2026-02-10 16:00:09,14.9,True,-0.92
TKT_60A7D89F,CUST_000812,technical,email,2025-07-20 16:13:22,46.0,True,0.81
TKT_71ECD86F,CUST_000572,billing,chat,2025-09-14 03:50:36,26.4,True,0.1
TKT_1A19FA5F,CUST_000917,technical,chat,2025-12-28 02:40:57,16.0,True,-0.34
TKT_22009327,CUST_000116,account,chat,2026-03-07 10:30:25,50.8,True,0.89
TKT_7F95F46F,CUST_000763,billing,chat,2025-05-11 11:17:11,3.5,True,-0.13
TKT_B88EB7B3,CUST_000997,content,email,2025-07-14 10:53:47,66.5,True,-0.91
TKT_7CED906A,CUST_000409,billing,phone,2025-12-26 01:33:40,31.4,True,0.8
TKT_67B968C0,CUST_000044,account,phone,2025-05-07 18:38:30,9.2,True,0.78
TKT_303AE777,CUST_000316,content,email,2026-03-27 06:51:39,58.8,True,0.75
TKT_B5958A9B,CUST_000300,billing,email,2026-01-31 22:10:06,6.9,True,0.12
TKT_C06790D2,CUST_000673,technical,phone,2024-11-25 20:25:35,63.4,True,-0.17
TKT_4D913256,CUST_000617,content,phone,2025-10-24 04:21:13,54.8,True,-0.87
TKT_6B757BEF,CUST_000799,billing,phone,2026-01-13 13:22:17,17.5,True,0.76
TKT_DF6CE1ED,CUST_000679,content,phone,2025-08-26 23:41:52,5.3,True,-0.45
TKT_E9A7E9C3,CUST_000160,technical,phone,2025-02-28 17:11:34,17.8,False,-0.46
TKT_24129F75,CUST_000426,content,phone,2025-06-25 14:22:56,43.6,True,-0.04
TKT_CFF2077B,CUST_000350,account,chat,2025-06-29 23:36:14,52.0,True,0.74
TKT_37FD3F2D,CUST_000329,billing,phone,2025-01-07 22:55:23,50.8,True,0.52
TKT_EA266749,CUST_000810,account,email,2025-11-11 10:18:40,1.7,False,0.76
TKT_9409C467,CUST_000735,account,chat,2025-10-17 11:00:26,63.7,True,0.58
TKT_AA151FD5,CUST_000333,content,chat,2025-07-16 22:18:44,20.0,True,0.69
TKT_81C6CF57,CUST_000152,content,phone,2026-01-27 23:00:46,3.2,False,0.21
TKT_5BA6B8C1,CUST_000998,technical,phone,2025-11-10 12:45:25,24.4,True,-0.81
TKT_010B2144,CUST_000059,content,email,2025-12-14 00:08:15,15.3,True,-0.12
TKT_688ACD51,CUST_000818,account,phone,2025-08-22 16:33:44,67.4,True,-0.76
TKT_7C8B97C9,CUST_000336,content,phone,2025-10-11 17:17:47,38.9,True,0.81
TKT_3FC37A27,CUST_000665,technical,phone,2025-09-14 13:58:52,4.1,True,-0.69
TKT_314CA18C,CUST_000558,content,phone,2026-01-20 21:20:47,47.4,True,0.33
TKT_2F1AE32F,CUST_000874,content,phone,2025-10-18 16:34:47,66.2,True,0.1
TKT_08A322C3,CUST_000536,technical,chat,2026-02-28 10:33:06,55.7,True,0.03
TKT_F97EA158,CUST_000601,content,email,2025-12-03 06:31:58,22.4,True,-0.62
TKT_B5395F4E,CUST_000778,billing,email,2025-11-18 14:13:00,45.2,True,-0.28
TKT_F782A1D0,CUST_000420,billing,phone,2025-03-02 22:59:27,58.6,True,0.66
TKT_8DF95DA3,CUST_000988,technical,phone,2026-03-28 09:30:12,60.3,True,0.31
TKT_97C56C18,CUST_000568,content,phone,2024-09-12 14:42:41,29.3,True,-0.28
TKT_A063D121,CUST_000122,technical,chat,2026-03-10 15:41:50,6.6,True,0.64
TKT_3581679E,CUST_000065,content,chat,2026-04-05 06:32:08,68.0,True,0.43
TKT_7DAE0BE7,CUST_000006,billing,phone,2025-04-10 15:31:30,35.0,True,-0.47
TKT_61CF20F8,CUST_000367,content,chat,2024-09-20 16:15:05,45.2,True,0.67
TKT_1113CAFE,CUST_000139,content,chat,2026-04-10 18:32:12,24.2,True,-0.74
TKT_ADEFF5D3,CUST_000797,account,chat,2025-01-13 08:19:28,59.8,True,-0.72
TKT_DEB37876,CUST_000491,billing,chat,2025-07-24 15:21:14,2.3,True,-0.29
TKT_EA23DB3E,CUST_000976,account,phone,2025-10-11 21:38:47,32.6,True,-0.96
TKT_C29F8CE9,CUST_000644,technical,email,2025-05-18 02:29:19,24.5,False,-0.21
TKT_21610450,CUST_000081,content,chat,2026-03-25 16:15:37,24.8,True,0.85
TKT_0F48FE00,CUST_000931,technical,chat,2026-03-11 23:02:58,16.9,True,-0.6
TKT_FE894CC7,CUST_000451,account,email,2025-07-04 03:09:45,9.7,True,-0.92
TKT_D1B49A0A,CUST_000865,content,email,2025-03-04 05:31:39,8.6,True,-0.27
TKT_044BF22E,CUST_000542,account,email,2026-02-28 07:51:49,34.4,True,0.88
TKT_0083193C,CUST_000902,account,phone,2024-12-20 05:34:22,58.6,True,0.88
TKT_6B2A8DD6,CUST_000793,technical,email,2025-12-28 15:49:01,35.0,True,-0.17
TKT_15900CB5,CUST_000058,account,phone,2026-03-31 06:07:51,7.3,True,0.54
TKT_E72568A2,CUST_000787,account,email,2025-07-29 14:17:14,24.0,True,0.42
TKT_0A553FD8,CUST_000661,billing,phone,2026-03-16 15:35:52,59.6,True,0.82
TKT_4EC76A38,CUST_000699,account,chat,2026-02-13 20:43:31,40.1,True,-0.14
TKT_9C2066FC,CUST_000780,content,phone,2025-09-22 05:17:13,60.2,True,0.83
TKT_4DC09BEB,CUST_000405,technical,chat,2025-11-11 05:18:03,14.5,True,0.11
TKT_39F23C82,CUST_000407,account,email,2025-05-03 11:08:34,28.7,True,0.01
TKT_E09C1381,CUST_000054,content,email,2025-07-25 12:14:37,42.3,True,-0.7
TKT_2129C5D8,CUST_000472,technical,phone,2025-01-29 20:03:06,57.1,True,0.44
TKT_D3D7CDE2,CUST_000308,technical,phone,2025-03-27 01:03:30,14.8,True,0.52
TKT_44960ED3,CUST_000378,technical,chat,2025-12-24 14:30:30,59.7,True,0.47
TKT_A90C0A02,CUST_000232,account,email,2025-04-29 14:21:55,64.8,True,-0.66
TKT_F0AB4259,CUST_000273,billing,chat,2025-07-16 14:12:11,6.5,False,-0.21
TKT_AB983BA4,CUST_000775,account,email,2025-09-20 13:00:20,40.1,False,-0.61
TKT_1C3F551E,CUST_000764,account,email,2025-07-14 01:27:17,2.8,True,0.68
TKT_768A09DB,CUST_000770,technical,email,2025-02-15 17:52:23,35.1,False,0.95
TKT_108F10FA,CUST_000069,billing,phone,2025-04-01 11:55:59,44.5,True,0.62
TKT_800118A2,CUST_000610,technical,email,2026-04-06 03:57:53,61.6,True,-0.02
TKT_E6A87BED,CUST_000980,content,phone,2025-07-05 04:52:20,38.3,True,-0.49
TKT_0950810E,CUST_000602,content,phone,2025-12-21 16:28:35,40.6,False,0.77
TKT_6C050B09,CUST_000890,account,email,2025-09-10 15:36:04,30.9,True,-0.25
TKT_60BF7E7C,CUST_000932,account,phone,2026-04-01 12:18:45,20.2,True,-0.52
