content_id,tmdb_id,title,content_type,genres,primary_genre,release_date,vote_average,vote_count,popularity,original_language,overview,runtime_minutes
MOV_00000,100000,Sharable bifurcated algorithm III,movie,Comedy|Action|Mystery,Comedy,2020-12-13,5.2,4622,369.55,en,Cause bill scientist nation opportunity.,149
MOV_00001,100001,Automated 4thgeneration array Returns,movie,Fantasy,Fantasy,2019-12-29,4.2,3120,113.23,en,Own night respond red information last everything.,83
MOV_00002,100002,Adaptive well-modulated workforce Rising,movie,Thriller|Mystery|Crime,Thriller,2018-12-28,6.1,14769,296.69,fr,Everyone democratic shake bill here grow. Page southern role movie win her.,80
MOV_00003,100003,Reactive explicit product Returns,movie,Mystery,Mystery,2022-06-05,5.7,5144,111.58,es,Relate animal direction eye bag. Term herself law street class.,93
MOV_00004,100004,Multi-channeled demand-driven secured line,movie,Romance,Romance,2020-10-24,5.8,11320,303.84,fr,Play move each left establish understand read detail.,173
MOV_00005,100005,Inverse zero administration time-frame Returns,movie,Animation|Comedy,Animation,2017-03-23,4.4,9656,415.56,en,Source husband at.,126
MOV_00006,100006,Re-contextualized transitional functionalities,movie,Thriller|Mystery|Comedy,Thriller,2019-11-22,7.3,9532,492.68,ko,Those poor central cause seat much. Investment on gun young catch management sense technology.,92
MOV_00007,100007,Distributed responsive complexity III,movie,Sci-Fi|Documentary,Sci-Fi,2023-06-16,4.8,11691,108.71,en,His other life edge. Team activity result race Mr environment political.,167
MOV_00008,100008,Customizable explicit Internet solution II,movie,Comedy|Fantasy|Crime,Comedy,2018-12-18,6.7,8071,85.88,en,West then enjoy. Seven medical blood personal success medical current.,161
MOV_00009,100009,Multi-layered well-modulated complexity III,movie,Animation|Thriller|Crime,Animation,2025-06-13,8.2,1882,118.38,en,Out major born. These story film around there water.,120
MOV_00010,100010,Configurable upward-trending matrix II,movie,Sci-Fi|Comedy,Sci-Fi,2017-06-14,8.6,18635,438.8,en,Campaign little near enter. Institution deep much role cut find yet practice.,163
MOV_00011,100011,Organic multi-state knowledge user Returns,movie,Romance|Crime,Romance,2018-05-01,4.7,4625,127.08,en,Ask again network open according.,113
MOV_00012,100012,Triple-buffered responsive approach Returns,movie,Fantasy|Romance|Music,Fantasy,2020-03-02,5.8,4582,257.22,en,Teacher audience draw.,86
MOV_00013,100013,Synchronized mobile data-warehouse II,movie,Drama,Drama,2025-06-12,8.0,13883,300.22,en,Office drug list imagine behind probably great.,156
MOV_00014,100014,Open-source maximized superstructure Rising,movie,Animation|Sci-Fi,Animation,2017-03-12,8.3,426,341.74,en,I fund technology eat.,148
MOV_00015,100015,Ergonomic national knowledge user III,movie,Adventure|Crime,Adventure,2018-08-29,4.6,14296,83.29,en,Everything economic type kitchen. Better present music address behavior send door.,172
MOV_00016,100016,Open-source mobile matrices II,movie,Sci-Fi|Animation|Adventure,Sci-Fi,2019-11-29,6.5,3536,435.91,en,Clearly able hospital unit. Expect recent room situation product main couple.,161
MOV_00017,100017,Extended analyzing paradigm III,movie,Fantasy|Thriller|Drama,Fantasy,2025-07-01,7.8,17724,476.98,ko,Arm once me system church whether.,80
MOV_00018,100018,Configurable contextually-based architecture,movie,Horror|Documentary|Action,Horror,2017-06-06,8.6,10126,123.53,en,Build three east organization people information.,152
MOV_00019,100019,Reduced non-volatile model Returns,movie,Comedy,Comedy,2021-08-27,8.1,17505,384.09,en,Prove fire enter capital population.,140
MOV_00020,100020,Persevering foreground system engine Rising,movie,Drama|Sci-Fi|Animation,Drama,2017-07-04,6.1,6990,464.81,es,Perform none beyond Mrs media car give.,168
MOV_00021,100021,Cloned dynamic hub III,movie,Mystery,Mystery,2021-02-13,6.0,12286,221.86,en,Street region particularly would pressure account.,95
MOV_00022,100022,Reactive exuding protocol,movie,Thriller,Thriller,2018-01-13,5.7,19327,279.19,en,Break blood network evening painting.,80
MOV_00023,100023,Universal global database,movie,Mystery,Mystery,2020-10-06,5.1,1079,430.52,en,Economy traditional anything plant stop analysis four. Pm energy scientist necessary.,110
MOV_00024,100024,Optimized next generation access II,movie,Crime|Documentary,Crime,2018-03-06,6.7,18761,290.22,en,Nation strong old challenge.,140
MOV_00025,100025,De-engineered 6thgeneration function,movie,Thriller|Comedy,Thriller,2022-06-23,7.3,11659,214.67,en,Decide economic bill sister this image.,173
MOV_00026,100026,Secured value-added collaboration,movie,Crime,Crime,2020-04-20,4.3,11168,401.29,en,Thing agent say forward.,104
MOV_00027,100027,Open-source static support Returns,movie,Animation,Animation,2020-06-30,4.7,6062,142.88,en,Skin blue the teach.,89
MOV_00028,100028,Face-to-face dedicated knowledgebase Rising,movie,Adventure|Family,Adventure,2022-03-22,4.5,17763,418.83,ja,Development process huge everything attorney.,176
MOV_00029,100029,Visionary even-keeled hardware Returns,movie,Drama,Drama,2024-12-09,6.4,7054,433.0,ko,Former agree theory end oil worker although. Its rock finish paper memory history office effort.,101
MOV_00030,100030,Triple-buffered intermediate ability III,movie,Action|Romance,Action,2025-02-12,8.6,14959,146.2,en,Hair attorney professional form finish. Rest feel finally impact.,173
MOV_00031,100031,Open-architected tangible frame II,movie,Crime|Mystery|Documentary,Crime,2025-09-14,4.9,7183,484.51,en,Inside wait quality total past.,149
MOV_00032,100032,Innovative impactful neural-net III,movie,Mystery,Mystery,2016-04-12,4.3,19192,241.01,ko,Decision size parent focus kid.,147
MOV_00033,100033,Synergistic didactic migration Rising,movie,Action,Action,2024-04-28,4.4,6139,38.92,en,Exist professional people behavior.,110
MOV_00034,100034,Versatile disintermediate service-desk II,movie,Comedy|Fantasy,Comedy,2021-07-21,6.9,1352,311.59,en,Challenge animal worker particularly shoulder.,154
MOV_00035,100035,Persevering intangible product II,movie,Animation|Horror|Sci-Fi,Animation,2026-01-25,7.3,10345,123.15,en,Manager during prevent accept seem show.,165
MOV_00036,100036,Customer-focused zero-defect interface,movie,Sci-Fi|Documentary|Horror,Sci-Fi,2019-12-30,4.0,18498,498.07,en,Let newspaper true building card let most.,107
MOV_00037,100037,Realigned radical functionalities,movie,Sci-Fi|Drama|Horror,Sci-Fi,2023-10-21,8.4,12158,146.07,en,Interview trade knowledge city technology late seem. She miss phone ever back.,149
MOV_00038,100038,Horizontal disintermediate flexibility Rising,movie,Sci-Fi|Fantasy|Adventure,Sci-Fi,2021-12-26,4.0,18223,153.19,en,Ball character him check degree increase former. Indeed deal information toward once receive task.,97
MOV_00039,100039,Virtual object-oriented implementation Rising,movie,Comedy|Music,Comedy,2024-05-21,4.8,9282,304.39,es,Fear hope through structure Mrs same.,106
MOV_00040,100040,Robust directional matrix Rising,movie,Crime|Family|Sci-Fi,Crime,2020-01-03,6.4,1714,50.69,en,Magazine home protect something right subject.,115
MOV_00041,100041,De-engineered regional monitoring III,movie,Action,Action,2016-09-24,7.9,8633,84.98,en,North agree poor career left anyone here deep. Front they everything week instead strong.,170
MOV_00042,100042,Phased 3rdgeneration synergy,movie,Animation|Action,Animation,2025-06-13,4.4,4934,275.07,ko,Difference attention whatever American all easy.,154
MOV_00043,100043,Ameliorated regional collaboration,movie,Drama|Romance|Music,Drama,2020-05-01,5.5,1357,449.97,en,Prove nor design record short cold parent.,111
MOV_00044,100044,User-friendly transitional budgetary management Rising,movie,Comedy|Horror|Adventure,Comedy,2019-01-22,8.4,13366,487.05,es,Official up office traditional.,110
MOV_00045,100045,Multi-tiered hybrid structure II,movie,Adventure,Adventure,2019-08-25,8.4,862,93.78,ko,Real physical big significant sure outside building worker.,180
MOV_00046,100046,Balanced grid-enabled monitoring II,movie,Adventure|Crime,Adventure,2023-07-24,5.3,3592,194.36,en,Media game support state. Item gun through least.,140
MOV_00047,100047,Distributed intermediate conglomeration Returns,movie,Thriller,Thriller,2025-02-24,5.7,7507,115.35,en,Space Mrs low itself room environmental system store.,131
MOV_00048,100048,Cross-group even-keeled knowledge user,movie,Sci-Fi|Family,Sci-Fi,2020-06-03,8.8,9196,178.82,en,Particular her agreement surface consider deep something. Evidence other they new might course.,166
MOV_00049,100049,Front-line uniform installation III,movie,Horror|Action|Comedy,Horror,2024-08-01,4.9,8748,23.94,en,Real position make society behavior. Identify during professional hard network.,124
MOV_00050,100050,Monitored interactive synergy Rising,movie,Adventure|Horror|Romance,Adventure,2025-08-20,8.9,3839,195.67,en,Reflect even edge building court build. Week real course school everybody operation set.,112
MOV_00051,100051,Right-sized executive attitude Returns,movie,Mystery,Mystery,2019-07-30,4.0,17693,344.99,ja,Guess few remain call animal.,174
MOV_00052,100052,Business-focused neutral frame,movie,Thriller|Horror|Romance,Thriller,2018-06-03,8.7,10869,313.46,en,Their off light key. Whole education technology box.,95
MOV_00053,100053,Cloned impactful matrix III,movie,Music|Sci-Fi|Animation,Music,2017-07-14,7.3,10738,204.19,en,Rather charge specific we be easy newspaper indicate. So difficult mission late kind team wrong figure.,96
MOV_00054,100054,Secured analyzing pricing structure Returns,movie,Romance,Romance,2017-12-17,7.4,5752,309.68,en,Decision produce church community avoid able late order.,150
MOV_00055,100055,Implemented 5thgeneration emulation III,movie,Sci-Fi,Sci-Fi,2021-03-05,5.1,19054,305.3,en,Author do enough social operation sound cup.,136
MOV_00056,100056,Customizable needs-based definition Rising,movie,Crime|Thriller,Crime,2018-10-22,6.4,5610,331.13,en,Author coach film see.,164
MOV_00057,100057,Re-contextualized executive intranet II,movie,Fantasy|Horror|Comedy,Fantasy,2018-05-22,7.4,7411,404.25,en,Record wall matter management ball. Threat same page.,85
MOV_00058,100058,Assimilated background emulation Rising,movie,Documentary,Documentary,2026-01-22,8.2,2436,230.43,ko,Yourself public especially. Several compare million.,153
MOV_00059,100059,Organic even-keeled contingency Returns,movie,Mystery,Mystery,2026-03-26,6.5,8044,78.05,en,Why like impact fly bit claim in. Explain war spend nearly lawyer fire follow.,176
MOV_00060,100060,Visionary impactful migration Returns,movie,Adventure,Adventure,2016-04-17,5.1,17022,234.95,en,Including could gun series personal service data. Capital explain thing machine ahead picture son.,95
MOV_00061,100061,Triple-buffered cohesive function Returns,movie,Drama|Adventure,Drama,2025-08-23,7.3,18364,299.75,ja,Impact different success box water positive child.,136
MOV_00062,100062,Universal explicit migration Returns,movie,Family|Mystery|Animation,Family,2020-12-04,8.2,18002,225.73,en,Woman during necessary himself two meet these. Everybody so increase various.,140
MOV_00063,100063,Profit-focused encompassing ability II,movie,Sci-Fi|Adventure,Sci-Fi,2021-01-31,8.2,9136,384.08,en,Oil process tend land machine forward several help.,160
MOV_00064,100064,Inverse content-based standardization Returns,movie,Sci-Fi,Sci-Fi,2020-05-02,4.4,9412,121.07,en,Do simply analysis seat relate specific. Write society present charge who call.,149
MOV_00065,100065,Reverse-engineered full-range attitude II,movie,Drama,Drama,2023-10-06,5.2,5057,354.68,en,Treat address century that wide avoid sit.,132
MOV_00066,100066,Fundamental global process improvement Returns,movie,Animation|Documentary,Animation,2023-01-13,4.3,13817,197.79,es,System teacher here first responsibility service.,169
MOV_00067,100067,Quality-focused 5thgeneration process improvement Rising,movie,Family,Family,2017-06-09,5.9,243,471.66,en,Range explain dinner bed within set region beyond.,129
MOV_00068,100068,Down-sized system-worthy framework Rising,movie,Animation|Mystery,Animation,2016-10-06,8.0,7276,246.67,en,Someone fall hear certainly most not.,142
MOV_00069,100069,Enterprise-wide composite conglomeration III,movie,Romance,Romance,2017-08-13,7.3,13298,363.47,ko,People drive tree central leave effect. Project together let explain national.,96
MOV_00070,100070,Compatible leadingedge hardware Rising,movie,Animation|Action|Romance,Animation,2026-04-09,6.8,938,46.55,en,Real lead few yourself table blood.,139
MOV_00071,100071,Multi-tiered object-oriented help-desk III,movie,Action,Action,2026-01-19,5.9,6985,230.08,en,Against stop how account ten.,128
MOV_00072,100072,Vision-oriented value-added application Returns,movie,Adventure|Family,Adventure,2024-09-21,5.3,2733,237.8,es,Parent good PM per question.,86
MOV_00073,100073,Up-sized zero administration protocol,movie,Thriller|Crime,Thriller,2018-08-07,7.9,1369,378.35,ja,Tough position final kid. Half capital travel force indeed customer skill theory.,105
MOV_00074,100074,Multi-lateral multi-tasking middleware II,movie,Fantasy,Fantasy,2020-11-28,5.2,15567,336.38,en,Trial want whose far that.,107
MOV_00075,100075,Customizable maximized archive III,movie,Mystery|Sci-Fi,Mystery,2018-09-01,4.8,19948,482.05,es,Whose source hand so add Mr.,179
MOV_00076,100076,Persevering holistic service-desk,movie,Sci-Fi,Sci-Fi,2020-09-25,6.9,10272,290.02,ko,State wait board doctor agent this. Foreign particular positive play less red power.,128
MOV_00077,100077,Customizable client-driven analyzer,movie,Mystery|Thriller,Mystery,2016-11-27,7.0,8007,55.44,es,Break doctor Mr home he we recent.,167
MOV_00078,100078,Quality-focused intangible parallelism Rising,movie,Adventure|Comedy|Music,Adventure,2018-11-26,7.9,11427,268.71,en,Street past voice evidence. Describe know door guy wonder happen.,88
MOV_00079,100079,Stand-alone heuristic approach Returns,movie,Crime|Horror|Action,Crime,2023-01-17,8.1,3508,219.59,en,Why we station begin deep.,138
MOV_00080,100080,Sharable radical adapter Rising,movie,Drama|Romance|Music,Drama,2017-02-18,8.8,8900,309.88,ko,Writer skin day stop never. Democratic thank forget challenge too able teach certain.,179
MOV_00081,100081,De-engineered needs-based extranet Rising,movie,Documentary|Romance,Documentary,2019-03-30,5.3,8094,416.21,en,Capital group small.,137
MOV_00082,100082,Reverse-engineered fresh-thinking adapter Returns,movie,Adventure,Adventure,2019-03-28,6.8,12468,171.52,en,Camera inside box.,121
MOV_00083,100083,Cloned methodical knowledge user II,movie,Documentary,Documentary,2022-06-07,5.8,8515,173.47,ko,Board mean war analysis situation term miss leader. Article look husband.,169
MOV_00084,100084,Synergized bi-directional matrix Rising,movie,Animation|Action,Animation,2023-10-27,8.7,2855,124.47,en,Focus chance call person.,151
MOV_00085,100085,Reduced neutral structure Returns,movie,Mystery,Mystery,2021-10-21,7.2,16133,226.85,en,Most law painting between reduce table prepare shoulder. Involve thousand including still human.,117
MOV_00086,100086,Upgradable bandwidth-monitored functionalities II,movie,Romance,Romance,2023-07-14,5.5,19106,187.67,en,Hear check type attack story. It season head candidate.,124
MOV_00087,100087,Centralized optimizing open architecture III,movie,Mystery|Animation,Mystery,2025-10-30,5.8,14918,139.1,en,Improve them wait institution. Why outside goal.,95
MOV_00088,100088,Re-engineered motivating data-warehouse Rising,movie,Thriller|Horror|Comedy,Thriller,2018-11-27,8.8,6116,99.81,es,Suggest glass news boy everything. Southern suddenly window stand party.,115
MOV_00089,100089,Stand-alone next generation algorithm Rising,movie,Fantasy|Adventure|Animation,Fantasy,2020-10-27,5.4,3344,417.15,en,Event several TV go.,126
MOV_00090,100090,Enterprise-wide client-server open system,movie,Sci-Fi,Sci-Fi,2023-02-03,7.5,4197,140.78,ja,Scientist will begin most.,150
MOV_00091,100091,Multi-tiered intangible knowledgebase Returns,movie,Mystery|Drama,Mystery,2022-01-27,4.5,451,289.16,en,Find food walk other third choose.,136
MOV_00092,100092,Versatile regional application III,movie,Drama|Action,Drama,2017-08-29,8.7,15704,61.47,en,Product magazine kind event sense box.,142
MOV_00093,100093,Optional bifurcated forecast,movie,Fantasy,Fantasy,2024-07-20,4.8,18493,474.82,en,Animal house out account feeling. Should share face build market.,111
MOV_00094,100094,Optional context-sensitive capacity Returns,movie,Animation,Animation,2022-09-28,7.0,7445,388.97,en,Matter street south author technology. Job least back.,136
MOV_00095,100095,Intuitive object-oriented interface Returns,movie,Family|Fantasy,Family,2026-01-10,5.5,2023,306.77,es,Face if whom commercial way least. Because such during open model how.,177
MOV_00096,100096,Integrated value-added Graphical User Interface II,movie,Crime,Crime,2020-01-16,5.3,2710,82.74,en,Baby plan most create. Go when population challenge bill eight.,89
MOV_00097,100097,Enhanced real-time collaboration Returns,movie,Action,Action,2017-07-22,6.3,19508,237.61,en,Management senior service large under north play person.,116
MOV_00098,100098,Self-enabling foreground collaboration,movie,Sci-Fi|Mystery|Documentary,Sci-Fi,2023-10-03,7.4,8718,394.97,en,Kind field ever argue medical financial later.,164
MOV_00099,100099,Centralized holistic forecast,movie,Romance,Romance,2017-07-30,6.7,4932,454.66,fr,Order his oil west school American training occur.,89
MOV_00100,100100,Ergonomic fresh-thinking portal III,movie,Drama,Drama,2024-05-13,7.0,18701,460.99,en,Whatever late specific study. Mean common easy just.,139
MOV_00101,100101,Organic multi-tasking model III,movie,Sci-Fi|Mystery|Romance,Sci-Fi,2018-12-22,6.5,16230,221.69,en,Truth hold simple quickly appear piece. At behind question exist rich prevent.,135
MOV_00102,100102,Robust coherent groupware,movie,Horror|Fantasy|Sci-Fi,Horror,2017-08-29,4.5,18898,295.63,en,True financial prevent product. Organization visit finally heavy.,177
MOV_00103,100103,Managed clear-thinking secured line,movie,Family|Sci-Fi|Fantasy,Family,2025-03-24,7.8,5790,237.9,en,Meet adult final week game she.,115
MOV_00104,100104,Ergonomic directional challenge Returns,movie,Fantasy,Fantasy,2018-11-28,7.2,16162,484.68,en,Such big side strong this.,132
MOV_00105,100105,Automated stable Graphical User Interface,movie,Horror|Crime,Horror,2018-07-03,8.3,10857,208.76,en,Child Congress realize person total return. Improve put down.,164
MOV_00106,100106,Organic reciprocal forecast Rising,movie,Family|Adventure,Family,2023-11-29,4.2,2935,160.69,en,Dream whole six tough create question now.,178
MOV_00107,100107,Organic maximized throughput,movie,Family|Animation,Family,2021-01-24,7.3,17829,233.68,en,Month whom stage soon catch economic political. Never bill suffer surface expect several.,146
MOV_00108,100108,Future-proofed local migration Returns,movie,Fantasy|Adventure,Fantasy,2018-10-12,7.1,1741,105.76,en,Watch develop later glass. Increase how hear.,116
MOV_00109,100109,Networked attitude-oriented hub Returns,movie,Music|Mystery,Music,2020-02-04,4.6,7891,356.34,en,Us stuff practice social case expert.,81
MOV_00110,100110,Phased tangible challenge,movie,Romance|Comedy|Thriller,Romance,2024-04-02,6.3,3899,325.62,en,Accept bad eight strong nature road month book. Down business draw police performance.,171
MOV_00111,100111,Cloned bifurcated methodology III,movie,Animation|Mystery,Animation,2025-05-23,6.1,15860,490.22,en,Middle drop century investment pass drive indicate professor.,150
MOV_00112,100112,Configurable multi-tasking hierarchy II,movie,Romance,Romance,2017-06-04,8.6,16704,374.41,en,Medical write never hospital like player wonder. Section ground attack drop price.,88
MOV_00113,100113,Customer-focused zero administration paradigm Returns,movie,Adventure|Music,Adventure,2021-12-06,5.7,16687,137.25,en,Good full poor.,172
MOV_00114,100114,Vision-oriented systemic Local Area Network Rising,movie,Family|Fantasy,Family,2024-05-31,9.0,16094,433.3,en,Specific as simply leader. Cut social though firm financial.,141
MOV_00115,100115,Object-based needs-based leverage Rising,movie,Horror|Animation,Horror,2020-08-01,5.9,10594,435.45,ja,Experience television answer pretty event.,110
MOV_00116,100116,Multi-layered intermediate initiative Returns,movie,Romance|Thriller|Adventure,Romance,2023-10-03,4.2,15548,354.09,fr,Wind many marriage under mind song. Bad own state nation fly bag.,129
MOV_00117,100117,Switchable explicit function II,movie,Adventure|Family|Crime,Adventure,2023-11-10,6.5,1263,67.49,ja,Coach know language risk treatment past. Ever woman way avoid point guy.,122
MOV_00118,100118,User-friendly systematic complexity Returns,movie,Family,Family,2016-10-20,4.5,15022,12.6,en,Question just call door population gun we allow.,163
MOV_00119,100119,Distributed systematic knowledge user Returns,movie,Comedy,Comedy,2022-08-02,7.9,8734,172.59,en,Several off morning huge power economic. Ago control military trial.,163
MOV_00120,100120,Decentralized empowering time-frame III,movie,Family,Family,2020-09-13,8.3,17535,193.1,en,You experience trouble make but. Later together knowledge because.,171
MOV_00121,100121,Synergized foreground secured line,movie,Family|Animation,Family,2022-03-08,7.1,7742,317.42,ko,My through surface Republican until point soldier.,109
MOV_00122,100122,Profound directional capability,movie,Comedy|Romance|Music,Comedy,2019-09-10,6.2,9862,452.19,en,So ago network hard sound.,87
MOV_00123,100123,Reactive clear-thinking pricing structure Returns,movie,Horror|Music,Horror,2017-09-27,4.7,17455,208.97,en,Huge response long improve important.,103
MOV_00124,100124,Re-engineered asynchronous capacity,movie,Drama,Drama,2021-08-31,7.0,12585,311.76,en,Letter military campaign stop necessary onto should.,154
MOV_00125,100125,De-engineered intermediate middleware Returns,movie,Thriller,Thriller,2017-03-20,7.2,15109,131.39,en,Check clearly follow remember generation wait thus.,139
MOV_00126,100126,Configurable eco-centric customer loyalty II,movie,Crime|Animation,Crime,2025-08-23,4.4,11373,493.89,en,Person pass behavior political.,134
MOV_00127,100127,Reverse-engineered optimal collaboration II,movie,Sci-Fi|Documentary|Music,Sci-Fi,2019-03-09,9.0,15883,57.79,en,Front under American tell ball we side enough. Short indicate police marriage phone.,125
MOV_00128,100128,Implemented secondary framework,movie,Sci-Fi|Mystery|Music,Sci-Fi,2024-06-27,8.9,13019,140.87,en,Father authority art keep machine daughter.,167
MOV_00129,100129,Robust client-server functionalities Returns,movie,Action|Fantasy|Mystery,Action,2021-09-15,8.2,9428,388.99,en,Candidate have no five letter environment. Cell anything war ten industry.,125
MOV_00130,100130,Diverse fresh-thinking orchestration II,movie,Crime,Crime,2021-08-05,7.1,4531,315.98,ko,Marriage method material final.,162
MOV_00131,100131,Ameliorated background infrastructure Returns,movie,Sci-Fi,Sci-Fi,2024-11-14,4.2,12005,367.52,en,Democrat good anything manager think. Experience account blue care enough hand idea.,117
MOV_00132,100132,Balanced impactful application II,movie,Mystery|Romance,Mystery,2025-12-22,5.0,17725,438.85,en,Guy eye hit late near. Quite budget window hour some fund voice sense.,144
MOV_00133,100133,Exclusive real-time migration III,movie,Family|Drama,Family,2023-02-07,8.6,15839,483.86,en,And case four. Mind chance throw cause use five hotel.,123
MOV_00134,100134,Seamless user-facing framework,movie,Documentary,Documentary,2021-12-30,4.7,7442,430.77,es,Mother remember feel staff happy purpose woman. Film together the picture others enter pretty will.,130
MOV_00135,100135,Reduced object-oriented emulation Returns,movie,Horror|Comedy|Adventure,Horror,2017-02-23,4.1,17632,66.18,en,Color pick people subject challenge quite all. Course kid industry include.,175
MOV_00136,100136,Expanded incremental middleware III,movie,Sci-Fi|Fantasy|Romance,Sci-Fi,2024-04-18,4.5,7711,238.38,en,Million night your long.,151
MOV_00137,100137,Multi-tiered foreground conglomeration II,movie,Music|Fantasy,Music,2024-02-04,7.2,15263,455.15,en,National put test race sound enough. Court east newspaper different win father eye.,132
MOV_00138,100138,Expanded system-worthy strategy,movie,Drama,Drama,2024-08-04,8.7,10023,497.98,en,Give value somebody event business quality here. Stand west source fact explain research.,110
MOV_00139,100139,Monitored leadingedge projection III,movie,Drama|Romance|Documentary,Drama,2020-08-20,7.4,17751,212.47,es,Dark Mrs usually receive case. Scientist dream anything toward difficult do beyond form.,99
MOV_00140,100140,Phased bandwidth-monitored software Returns,movie,Crime|Comedy,Crime,2018-08-12,7.1,9216,21.19,en,Within citizen present thing little practice sense.,136
MOV_00141,100141,Horizontal fresh-thinking forecast III,movie,Thriller|Family,Thriller,2017-04-12,4.5,12086,274.51,ja,Discussion school sure also TV individual study.,125
MOV_00142,100142,Automated hybrid toolset III,movie,Romance,Romance,2024-09-13,4.9,4052,474.76,fr,Theory across nothing blue work.,91
MOV_00143,100143,Horizontal logistical project Rising,movie,Thriller|Crime|Family,Thriller,2025-07-07,8.9,1707,394.46,en,Threat care mean evening speak former room. Responsibility add front far purpose.,96
MOV_00144,100144,Ergonomic context-sensitive pricing structure Rising,movie,Thriller|Comedy|Adventure,Thriller,2023-03-04,5.0,7126,407.46,en,Foreign husband believe word local very according. Dog send west few reveal activity.,179
MOV_00145,100145,Streamlined high-level solution Rising,movie,Adventure,Adventure,2020-04-17,4.0,4791,493.83,en,Let civil rather type.,102
MOV_00146,100146,Triple-buffered zero administration function,movie,Crime,Crime,2018-04-09,4.7,11788,396.04,en,Pass despite card check security paper.,121
MOV_00147,100147,Operative tangible neural-net III,movie,Drama,Drama,2024-04-13,4.3,13844,265.41,es,Seven quite other skin moment. Region back nor article natural measure of.,140
MOV_00148,100148,Distributed composite Graphic Interface Rising,movie,Adventure|Horror,Adventure,2025-02-15,7.0,14861,254.4,ja,Quite response major together. Speak law message lead around left southern.,85
MOV_00149,100149,Up-sized 3rdgeneration infrastructure Rising,movie,Adventure|Family|Crime,Adventure,2020-08-08,5.5,1070,35.11,en,Official and general as yes.,131
MOV_00150,100150,Cloned methodical alliance Returns,movie,Crime|Comedy,Crime,2021-02-26,7.6,14584,41.38,en,Shoulder she within position. Hear through large true help bag.,157
MOV_00151,100151,Switchable needs-based challenge II,movie,Comedy,Comedy,2022-03-10,5.4,19231,276.44,en,Year hotel camera without.,156
MOV_00152,100152,Adaptive web-enabled adapter Rising,movie,Sci-Fi|Documentary|Animation,Sci-Fi,2021-05-07,6.2,3799,427.13,en,Interest here discover leave choice country themselves. Allow produce past view.,178
MOV_00153,100153,Ameliorated disintermediate database Returns,movie,Mystery|Family|Thriller,Mystery,2017-06-02,6.3,7537,209.84,fr,Almost our reflect any scientist I doctor describe.,131
MOV_00154,100154,Vision-oriented analyzing challenge III,movie,Mystery|Comedy,Mystery,2024-11-05,6.1,8402,190.28,en,Staff rule five our pull.,140
MOV_00155,100155,Inverse disintermediate framework,movie,Comedy,Comedy,2018-09-17,4.5,3214,373.57,en,Including every news option same. Personal interview many win.,96
MOV_00156,100156,Stand-alone static implementation Rising,movie,Action|Fantasy|Animation,Action,2025-03-12,5.6,4055,208.35,ko,Impact feel contain Mrs drive different. South trip none whose.,176
MOV_00157,100157,Realigned multi-tasking challenge,movie,Family|Mystery,Family,2022-11-18,8.8,19724,159.66,en,Data position two suggest begin.,144
MOV_00158,100158,Up-sized content-based application Returns,movie,Drama,Drama,2020-11-03,5.1,3596,178.31,en,Owner them could seven right next look thank. Field training deep couple scientist section.,94
MOV_00159,100159,Versatile mission-critical encryption Returns,movie,Fantasy|Thriller,Fantasy,2019-10-02,8.2,18293,18.0,ko,Need simply herself move grow. Growth third letter sort reveal.,168
MOV_00160,100160,Virtual foreground database III,movie,Action|Drama,Action,2022-07-31,7.5,10174,461.16,en,Animal ten scientist administration network once. Far cultural discover now early nearly.,103
MOV_00161,100161,Synergized global extranet Returns,movie,Fantasy,Fantasy,2024-08-02,4.3,1054,50.42,en,Collection some college result major true my. Model stuff avoid stand.,128
MOV_00162,100162,Business-focused well-modulated ability II,movie,Documentary|Horror,Documentary,2023-04-16,5.9,10679,389.53,en,Discuss religious across media health pay project pattern.,90
MOV_00163,100163,Polarized stable matrix II,movie,Drama,Drama,2016-07-16,7.8,1680,338.61,en,Necessary activity morning ever within admit spend.,164
MOV_00164,100164,Synergistic intermediate workforce Returns,movie,Documentary|Fantasy,Documentary,2019-04-28,6.1,7113,378.7,en,Modern drive people education.,135
MOV_00165,100165,Multi-channeled encompassing utilization Rising,movie,Sci-Fi,Sci-Fi,2023-01-10,6.4,10156,27.48,en,Where learn during recently feel stock.,156
MOV_00166,100166,Configurable solution-oriented projection II,movie,Action,Action,2016-10-23,5.5,6971,384.84,es,Here need argue act commercial matter.,117
MOV_00167,100167,Optional secondary toolset Returns,movie,Comedy|Action,Comedy,2021-11-28,7.7,5807,68.95,en,Thus try discover top. Little another avoid understand tonight nor allow.,109
MOV_00168,100168,Intuitive 3rdgeneration database III,movie,Animation|Family|Crime,Animation,2026-04-05,4.4,1436,220.93,en,Up federal nor note support quality.,89
MOV_00169,100169,Quality-focused full-range info-mediaries Rising,movie,Fantasy|Romance,Fantasy,2018-08-27,6.0,13736,148.31,en,Seat generation best discussion away painting pass.,121
MOV_00170,100170,Right-sized hybrid time-frame Rising,movie,Adventure,Adventure,2021-10-29,6.3,11907,48.62,ko,Situation late direction need heart.,111
MOV_00171,100171,Enterprise-wide systemic paradigm Rising,movie,Fantasy|Romance,Fantasy,2022-09-27,4.4,10217,374.17,en,Far east available environmental here six child hope.,179
MOV_00172,100172,Multi-lateral bi-directional array Rising,movie,Comedy,Comedy,2016-05-12,7.2,17436,257.43,ko,Growth especially car cost large never.,124
MOV_00173,100173,Open-source bi-directional algorithm II,movie,Mystery|Family,Mystery,2017-10-18,5.2,4848,131.7,en,Behavior our foot history factor hold be. Toward within occur college herself catch feeling.,99
MOV_00174,100174,Proactive client-server architecture Returns,movie,Comedy|Drama|Adventure,Comedy,2019-02-12,6.3,18522,381.14,en,Inside machine baby edge east. Many pattern leader career according how success here.,152
MOV_00175,100175,Managed leadingedge groupware III,movie,Crime|Fantasy|Horror,Crime,2023-08-07,4.8,2287,237.12,en,Feel owner receive look. Who why fact reason.,115
MOV_00176,100176,Pre-emptive object-oriented toolset,movie,Action|Horror|Animation,Action,2020-05-25,5.6,14858,23.62,en,Exactly skill half usually customer young. Race nearly well left.,116
MOV_00177,100177,Triple-buffered demand-driven intranet,movie,Crime,Crime,2021-03-25,7.1,16665,195.32,en,Pull cause field education child institution.,174
MOV_00178,100178,Multi-tiered asynchronous knowledge user Rising,movie,Documentary,Documentary,2024-06-04,7.3,10585,304.48,en,Move type thank industry already why. Order trial body eat professor coach partner.,87
MOV_00179,100179,Re-contextualized secondary service-desk III,movie,Comedy|Adventure,Comedy,2023-01-27,8.9,2813,254.75,en,Black better develop section newspaper reach. Knowledge hospital sign open matter.,111
MOV_00180,100180,Monitored 4thgeneration matrices Rising,movie,Documentary|Music|Animation,Documentary,2018-01-19,7.0,11974,189.56,en,Turn beat story role give gas.,132
MOV_00181,100181,Expanded multi-state matrices,movie,Crime|Fantasy,Crime,2022-03-14,7.9,11015,37.63,en,Just recent five feel. Against gas body son.,166
MOV_00182,100182,User-centric dynamic model Rising,movie,Sci-Fi|Music,Sci-Fi,2019-03-30,8.4,10973,45.34,en,Former interview left something. Continue policy it ahead pass culture or home.,124
MOV_00183,100183,Triple-buffered didactic database Returns,movie,Crime|Mystery,Crime,2021-01-03,4.6,2826,158.24,en,Big the cost for leader energy television.,122
MOV_00184,100184,Progressive scalable functionalities Rising,movie,Crime,Crime,2022-11-19,4.5,13924,256.7,en,Only girl suddenly pay sport relationship. Try opportunity public finish draw.,119
MOV_00185,100185,Customizable contextually-based hub III,movie,Thriller,Thriller,2018-09-05,8.7,15984,100.04,ja,Industry case himself control player really. Never majority cell fire.,99
MOV_00186,100186,Organized regional application,movie,Sci-Fi,Sci-Fi,2022-05-19,6.5,17737,418.38,ko,Carry spring white measure manager range indeed.,84
MOV_00187,100187,Organic mobile concept II,movie,Horror|Adventure|Fantasy,Horror,2017-09-05,7.0,5104,85.31,ko,Somebody determine allow. Mrs collection leader score she.,178
MOV_00188,100188,Reactive multimedia budgetary management Returns,movie,Adventure|Drama|Mystery,Adventure,2026-01-06,4.2,11987,339.8,en,Simple statement happen state among.,136
MOV_00189,100189,Up-sized leadingedge moratorium Returns,movie,Sci-Fi|Adventure|Mystery,Sci-Fi,2019-12-28,5.2,7887,158.19,fr,Save president easy themselves. Last give stage.,140
MOV_00190,100190,Organic bottom-line time-frame Rising,movie,Horror,Horror,2020-04-21,8.9,15178,385.87,es,Ready technology particular into pattern size spend south.,144
MOV_00191,100191,Re-contextualized grid-enabled monitoring Rising,movie,Romance|Drama|Thriller,Romance,2021-01-20,4.7,8242,30.83,en,Collection without fall of weight method too. Career seek in arrive.,127
MOV_00192,100192,Grass-roots solution-oriented capacity Rising,movie,Music|Comedy|Mystery,Music,2018-07-13,8.3,9390,46.52,en,Represent stock seven put.,137
MOV_00193,100193,Pre-emptive client-server orchestration,movie,Drama|Family|Romance,Drama,2020-11-04,8.7,7325,409.27,ko,Heart away some shoulder idea seek. Lawyer maintain old than suggest behavior.,83
MOV_00194,100194,Persevering scalable secured line Rising,movie,Action|Romance,Action,2022-05-14,5.9,12703,497.29,en,Huge why station manager follow exist natural.,83
MOV_00195,100195,De-engineered non-volatile matrix III,movie,Music|Comedy,Music,2022-02-13,8.0,4558,23.96,ko,Between six least.,140
MOV_00196,100196,Decentralized cohesive intranet Returns,movie,Family|Drama|Adventure,Family,2024-01-15,6.2,222,453.4,en,Dark read car practice city usually.,107
MOV_00197,100197,Grass-roots background projection Rising,movie,Animation,Animation,2022-05-28,6.6,3693,389.21,en,Head tough close how.,95
MOV_00198,100198,Integrated uniform standardization Returns,movie,Thriller,Thriller,2020-04-03,7.2,15028,36.09,ko,Region ability live car. Mind knowledge account gas building.,143
MOV_00199,100199,Optimized system-worthy capacity Rising,movie,Animation|Action|Crime,Animation,2024-05-26,6.9,4754,149.18,en,Him room bill finish thing.,125
MOV_00200,100200,Devolved homogeneous time-frame Returns,movie,Fantasy,Fantasy,2018-07-16,4.9,2855,264.12,en,Most across practice key.,147
MOV_00201,100201,Up-sized didactic product Rising,movie,Animation|Adventure|Music,Animation,2018-11-06,4.1,15455,26.55,en,Rather team beautiful beyond sell operation himself white. Social easy popular easy over return.,127
MOV_00202,100202,Horizontal zero-defect solution III,movie,Mystery|Action,Mystery,2016-09-23,7.9,11348,124.36,en,Military meeting security far approach.,93
MOV_00203,100203,Front-line modular info-mediaries II,movie,Mystery|Adventure|Horror,Mystery,2018-03-11,4.2,17941,172.58,en,Point audience thousand activity guess first hit.,179
MOV_00204,100204,Re-contextualized intangible hierarchy II,movie,Documentary|Mystery|Music,Documentary,2025-07-26,8.1,2117,359.44,ja,West side admit attack energy always art.,84
MOV_00205,100205,Object-based motivating forecast II,movie,Thriller|Action,Thriller,2024-10-18,8.4,10391,467.02,en,Reduce bar Mr pattern everyone finally. Tv window choice force only shake power.,149
MOV_00206,100206,Stand-alone asymmetric function II,movie,Sci-Fi|Action,Sci-Fi,2023-09-19,5.4,1616,433.57,en,Each under break partner.,95
MOV_00207,100207,Centralized fault-tolerant secured line Returns,movie,Romance|Music,Romance,2019-04-06,8.5,12719,172.82,en,Remain reduce clearly.,168
MOV_00208,100208,Monitored multi-state model Rising,movie,Horror|Adventure,Horror,2020-09-06,5.3,2757,364.91,en,Camera sit environmental though sign ahead.,157
MOV_00209,100209,Optimized encompassing moderator III,movie,Animation,Animation,2017-05-11,5.6,2673,167.32,en,Physical many member area teacher cold church.,137
MOV_00210,100210,Visionary bi-directional orchestration Returns,movie,Mystery|Romance|Drama,Mystery,2018-03-27,5.8,1437,364.77,ko,Able teach activity animal hair turn condition.,158
MOV_00211,100211,Automated neutral website,movie,Sci-Fi|Crime,Sci-Fi,2023-05-29,4.4,13360,184.84,fr,Eat trouble floor step number budget.,166
MOV_00212,100212,Synergistic actuating conglomeration II,movie,Action,Action,2020-01-26,8.2,14408,22.23,en,West attention let. Similar financial beat lead hard.,179
MOV_00213,100213,Implemented non-volatile toolset Rising,movie,Horror|Music|Romance,Horror,2021-06-11,4.2,5077,341.14,ja,Less option management significant crime. Set early according improve do get style.,127
MOV_00214,100214,Advanced full-range ability Rising,movie,Adventure|Comedy,Adventure,2022-09-04,4.7,12074,202.03,en,Day work information which.,111
MOV_00215,100215,Digitized transitional focus group II,movie,Action,Action,2017-11-09,6.5,12730,457.2,en,Today mind red head window.,179
MOV_00216,100216,Configurable optimal attitude II,movie,Mystery|Documentary,Mystery,2024-11-14,9.0,9407,348.52,ja,Avoid nothing itself who door end.,105
MOV_00217,100217,Intuitive hybrid standardization,movie,Drama,Drama,2021-10-28,6.3,14635,498.64,fr,Evening avoid dark sister once choice clearly. Finish building group show later leg system.,120
MOV_00218,100218,Cross-group cohesive workforce Rising,movie,Horror|Mystery|Comedy,Horror,2021-06-13,6.7,9878,426.42,es,Democrat task chance. Why how any federal star.,169
MOV_00219,100219,Enhanced 4thgeneration initiative Rising,movie,Drama|Adventure|Horror,Drama,2023-12-19,5.1,6635,397.07,en,Economic left sound cause activity store work. Cup hundred rather visit.,143
MOV_00220,100220,Configurable optimal parallelism Rising,movie,Horror,Horror,2020-09-04,6.9,15365,402.81,en,Young cup position.,158
MOV_00221,100221,De-engineered background workforce III,movie,Comedy,Comedy,2021-11-30,6.0,15734,265.22,es,Walk anything under.,153
MOV_00222,100222,Optional uniform infrastructure III,movie,Drama,Drama,2024-09-17,7.2,14794,235.59,en,Raise common Democrat cost evidence third.,96
MOV_00223,100223,Automated reciprocal process improvement II,movie,Crime|Fantasy|Drama,Crime,2020-06-15,6.2,1865,416.54,en,Include nearly article evidence case current this.,118
MOV_00224,100224,Progressive dynamic product III,movie,Drama,Drama,2025-07-10,8.7,7438,176.28,ja,Site grow name machine tree maybe.,116
MOV_00225,100225,Networked encompassing contingency II,movie,Sci-Fi,Sci-Fi,2016-09-18,7.2,18099,140.85,en,Despite time sing around yard morning short yourself. Beyond prevent entire staff.,158
MOV_00226,100226,User-centric analyzing task-force II,movie,Comedy|Animation|Crime,Comedy,2020-01-03,7.0,19076,81.33,en,Great stuff suddenly compare or south. Trial agreement red way nor none.,172
MOV_00227,100227,Ergonomic modular moratorium,movie,Horror|Family|Fantasy,Horror,2021-07-13,8.1,979,45.21,ja,Also argue own after long forward pass.,178
MOV_00228,100228,De-engineered global structure Rising,movie,Sci-Fi|Crime|Thriller,Sci-Fi,2019-04-17,6.1,1042,251.53,en,Against only true similar. Team whether health walk how big few.,117
MOV_00229,100229,Devolved cohesive superstructure Returns,movie,Sci-Fi|Documentary|Thriller,Sci-Fi,2023-09-15,5.5,2441,345.86,en,Company why really up skin development. Sport her safe family concern ability reduce of.,133
MOV_00230,100230,Visionary non-volatile alliance III,movie,Documentary|Thriller,Documentary,2019-05-16,7.0,10292,431.44,en,Tv whose determine not view cell. Draw word collection those.,124
MOV_00231,100231,Cross-group tertiary secured line III,movie,Drama|Adventure,Drama,2021-12-26,6.6,3529,162.96,en,Enter economic attack. Skin result answer just information.,114
MOV_00232,100232,Down-sized incremental methodology,movie,Thriller|Drama,Thriller,2022-09-19,4.3,12637,432.76,en,Heart stock small official serve difficult later. Far five weight.,100
MOV_00233,100233,Compatible global concept III,movie,Music|Fantasy,Music,2022-08-30,4.9,5271,251.64,en,Natural together behavior order.,143
MOV_00234,100234,Seamless mission-critical strategy,movie,Documentary|Action,Documentary,2016-10-19,8.7,16612,231.33,en,Parent its approach former. Important never understand music produce.,154
MOV_00235,100235,Innovative disintermediate attitude III,movie,Action|Music,Action,2017-02-12,6.5,15470,146.45,en,Near make approach about because station person. Current agent color factor bank such final.,93
MOV_00236,100236,Object-based methodical matrix III,movie,Drama|Sci-Fi,Drama,2020-10-12,7.8,12041,27.39,en,Hold he high cost and keep enjoy.,151
MOV_00237,100237,Future-proofed non-volatile approach Rising,movie,Horror,Horror,2018-11-05,5.4,12709,254.61,es,Property space including series.,115
MOV_00238,100238,Focused neutral approach II,movie,Crime|Fantasy|Comedy,Crime,2022-11-10,8.9,12957,189.73,ja,Whole reach view of dog federal. Total research maybe too song quality.,151
MOV_00239,100239,Secured client-server capability II,movie,Adventure|Drama,Adventure,2023-11-30,7.0,13202,252.54,en,Will speak call interest.,97
MOV_00240,100240,Synergized intermediate customer loyalty Rising,movie,Horror|Adventure|Documentary,Horror,2018-10-15,6.3,19915,447.1,en,Floor road southern beautiful news. For everybody leader them skill performance mission.,158
MOV_00241,100241,Operative bifurcated instruction set Rising,movie,Drama|Romance,Drama,2018-10-26,7.7,9855,298.89,en,Onto serve vote understand none big experience.,145
MOV_00242,100242,Public-key grid-enabled installation III,movie,Documentary|Mystery|Fantasy,Documentary,2020-10-07,6.4,595,187.34,en,Occur list common idea peace race I. Threat former down second TV today.,133
MOV_00243,100243,Ameliorated global utilization,movie,Sci-Fi|Adventure|Mystery,Sci-Fi,2021-06-06,7.0,8750,483.7,fr,Successful teach range win direction.,179
MOV_00244,100244,Innovative value-added intranet,movie,Fantasy|Thriller|Mystery,Fantasy,2021-09-24,6.9,5637,264.5,es,Painting become kid tree imagine machine.,179
MOV_00245,100245,Programmable holistic approach II,movie,Drama|Family,Drama,2025-01-14,4.2,3651,99.44,en,Find medical career surface.,133
MOV_00246,100246,Re-contextualized 4thgeneration conglomeration II,movie,Romance,Romance,2019-07-21,6.1,15503,437.04,es,Economic lead truth relate.,87
MOV_00247,100247,Grass-roots holistic Local Area Network Rising,movie,Drama|Animation|Thriller,Drama,2024-11-12,5.6,15725,265.11,en,Race drop major land. Only glass clear thus see read expect.,102
MOV_00248,100248,Networked actuating complexity III,movie,Music|Animation,Music,2026-01-03,6.7,8712,306.99,en,Positive question especially important after.,111
MOV_00249,100249,Vision-oriented zero administration software II,movie,Animation|Sci-Fi,Animation,2016-06-04,8.7,9802,386.73,es,Positive over across education. Require remember every time surface.,168
MOV_00250,100250,Persevering eco-centric data-warehouse III,movie,Documentary|Horror|Music,Documentary,2024-03-18,6.8,9010,147.46,en,Station however bill memory production successful hear.,149
MOV_00251,100251,Stand-alone radical portal III,movie,Music|Romance,Music,2021-01-30,8.8,4849,148.77,en,Loss from everybody foot.,171
MOV_00252,100252,Grass-roots empowering projection Returns,movie,Horror,Horror,2021-05-10,7.3,15748,110.92,fr,Military drive arm tax.,114
MOV_00253,100253,Right-sized impactful protocol,movie,Mystery|Sci-Fi|Drama,Mystery,2021-09-16,7.1,19279,123.44,en,Pretty young else.,147
MOV_00254,100254,Operative impactful info-mediaries II,movie,Crime,Crime,2016-11-15,4.3,13593,168.5,en,Staff gas require rather point little wait. Medical suddenly subject theory Congress best.,167
MOV_00255,100255,De-engineered user-facing firmware Rising,movie,Action,Action,2025-10-13,8.9,5225,206.42,ja,Pressure develop development the inside thought.,140
MOV_00256,100256,Multi-layered empowering paradigm III,movie,Crime|Thriller,Crime,2021-04-11,5.6,1988,454.43,en,Like term on want. Line create build quite.,153
MOV_00257,100257,Progressive exuding installation,movie,Animation,Animation,2017-03-11,8.6,5786,211.85,ko,Yeah garden would throughout.,84
MOV_00258,100258,Persevering client-server functionalities II,movie,Adventure|Documentary,Adventure,2019-05-05,8.7,9535,438.99,en,Forward would finish around later decide similar.,152
MOV_00259,100259,Re-engineered well-modulated complexity Returns,movie,Comedy|Horror|Sci-Fi,Comedy,2024-08-08,8.9,17852,264.54,ko,Pass plant idea whole.,97
MOV_00260,100260,Networked 24hour alliance,movie,Documentary|Sci-Fi|Thriller,Documentary,2025-05-09,5.7,15087,325.9,es,Wear throughout series most adult above.,81
MOV_00261,100261,Upgradable dynamic definition Rising,movie,Horror|Adventure|Sci-Fi,Horror,2022-02-17,7.4,6379,91.87,ko,Bill me fill assume.,131
MOV_00262,100262,Balanced exuding frame,movie,Animation|Horror,Animation,2024-01-12,6.0,3175,96.47,en,Model its rather card you majority seek close. Affect difference world deep against mean.,121
MOV_00263,100263,Decentralized high-level structure III,movie,Action,Action,2016-11-28,5.9,14688,378.11,ja,Side perhaps order answer blue. Answer break know.,118
MOV_00264,100264,Decentralized neutral extranet III,movie,Mystery|Fantasy|Action,Mystery,2024-05-05,7.3,7793,35.75,en,Receive piece feeling product production.,119
MOV_00265,100265,Future-proofed regional portal Rising,movie,Romance,Romance,2018-08-10,8.6,10240,346.69,en,Memory pay executive size. Cup current enjoy mission cut region far.,117
MOV_00266,100266,Balanced neutral methodology II,movie,Fantasy|Thriller,Fantasy,2019-10-22,8.8,15719,80.83,es,Doctor actually become book off management. Single avoid rich toward.,157
MOV_00267,100267,Stand-alone discrete knowledgebase Rising,movie,Romance|Mystery,Romance,2021-04-23,8.6,17663,401.99,fr,Anyone spend them system growth quality international.,177
MOV_00268,100268,Customizable bandwidth-monitored task-force Rising,movie,Crime,Crime,2017-01-20,8.4,2732,265.13,en,Professional color group just.,126
MOV_00269,100269,Secured encompassing superstructure Rising,movie,Music,Music,2017-11-08,4.6,17995,451.93,en,Consumer husband while even history surface. Power someone both receive around wall.,148
MOV_00270,100270,Diverse bi-directional instruction set III,movie,Drama,Drama,2024-06-26,8.3,14528,62.54,en,Consider here grow agreement range stuff. Low maintain thought key.,154
MOV_00271,100271,Cloned empowering projection Returns,movie,Comedy|Animation,Comedy,2021-08-14,8.0,14908,70.31,en,Should office north within prove full mission.,152
MOV_00272,100272,Total regional attitude Returns,movie,Animation,Animation,2023-08-21,7.4,10148,363.02,en,Generation put his stuff next write approach.,80
MOV_00273,100273,Stand-alone cohesive middleware,movie,Thriller|Fantasy|Comedy,Thriller,2024-04-04,6.1,2139,272.88,en,Avoid man drive wife. Medical nearly her.,88
MOV_00274,100274,Front-line attitude-oriented knowledgebase Returns,movie,Action|Sci-Fi,Action,2023-10-31,4.9,4487,384.08,ja,Because material firm wonder seat adult idea. News a before.,162
MOV_00275,100275,Robust regional productivity Returns,movie,Horror|Romance,Horror,2021-06-15,8.3,12419,190.94,en,Deal public wear guy approach development lawyer. Should outside respond guy laugh best probably.,164
MOV_00276,100276,Adaptive global help-desk,movie,Drama|Crime|Horror,Drama,2021-03-29,4.9,17654,199.56,en,Hear blood to manage state score important. Particularly could us hotel lead.,108
MOV_00277,100277,Ergonomic transitional Graphical User Interface,movie,Adventure,Adventure,2018-02-08,8.9,15221,338.38,en,Unit study open. Leader operation mean white above save network.,148
MOV_00278,100278,Optional optimal matrices II,movie,Family|Thriller,Family,2024-12-02,6.3,5133,141.45,ja,Community spring billion price paper focus thing industry.,172
MOV_00279,100279,Robust system-worthy task-force Returns,movie,Action,Action,2020-06-30,7.1,562,124.13,en,White wife laugh card include record.,156
MOV_00280,100280,User-friendly multimedia framework Rising,movie,Documentary,Documentary,2025-08-04,7.4,1645,126.14,en,Plan cut person fact generation public wonder. Mean reason follow break.,136
MOV_00281,100281,Multi-channeled next generation matrices II,movie,Animation,Animation,2026-03-10,7.8,1899,74.37,ja,Purpose throw move there institution actually. Agent certainly prove customer.,109
MOV_00282,100282,Versatile zero tolerance complexity Rising,movie,Fantasy|Horror|Music,Fantasy,2021-02-23,7.9,10557,122.27,ko,Style real far send.,164
MOV_00283,100283,Automated heuristic knowledge user III,movie,Thriller|Romance|Sci-Fi,Thriller,2018-01-06,4.3,19437,440.46,ko,Ten score night down six sometimes explain. Unit hold what.,160
MOV_00284,100284,Synergized foreground neural-net,movie,Romance|Animation|Documentary,Romance,2017-03-10,8.9,12539,393.97,en,Data than team kitchen difficult.,133
MOV_00285,100285,Sharable tertiary strategy Returns,movie,Drama|Sci-Fi,Drama,2022-07-13,4.9,17676,239.39,ko,School cultural right cover large work avoid. Same budget American evidence.,118
MOV_00286,100286,Fundamental clear-thinking complexity,movie,Drama|Adventure|Documentary,Drama,2026-03-17,6.8,13698,280.86,en,Form report choice.,111
MOV_00287,100287,Distributed fresh-thinking policy,movie,Thriller|Horror,Thriller,2017-02-20,8.6,12209,50.77,es,Successful feeling so nearly authority remain moment whatever. Attention measure indeed Mr begin determine degree.,104
MOV_00288,100288,Managed full-range hierarchy Returns,movie,Sci-Fi,Sci-Fi,2021-04-08,7.4,19806,24.58,en,Most you statement wonder across protect knowledge toward.,177
MOV_00289,100289,Seamless regional encryption II,movie,Mystery|Crime|Animation,Mystery,2016-12-13,6.4,10960,155.08,ko,Trouble war history music executive treat. Method meet main fast prepare fly.,107
MOV_00290,100290,Configurable bandwidth-monitored concept,movie,Mystery,Mystery,2025-06-04,7.7,15743,457.65,en,Phone decision picture. Ten interest billion Mrs reflect.,170
MOV_00291,100291,User-centric zero-defect Internet solution II,movie,Romance,Romance,2017-07-02,6.8,9325,193.43,en,Learn forward beautiful.,125
MOV_00292,100292,Business-focused context-sensitive utilization Rising,movie,Sci-Fi|Horror,Sci-Fi,2020-07-23,8.4,15320,53.81,ja,Offer direction else hold. Identify first hope brother accept result as second.,140
MOV_00293,100293,Balanced tangible archive III,movie,Music|Thriller,Music,2022-05-11,5.6,1548,283.45,en,Face rate paper example. High state air choose detail section.,98
MOV_00294,100294,Quality-focused explicit productivity Rising,movie,Sci-Fi,Sci-Fi,2018-09-22,8.7,19027,361.41,en,Whatever action themselves center among of.,105
MOV_00295,100295,Object-based national neural-net Rising,movie,Thriller|Romance,Thriller,2017-09-20,8.2,16411,277.57,ja,Security tough gas include position.,123
MOV_00296,100296,Profound client-server complexity Returns,movie,Adventure|Family,Adventure,2019-05-28,8.8,16125,233.11,es,Strong create consider son system surface usually yes.,125
MOV_00297,100297,Persistent secondary neural-net Rising,movie,Drama,Drama,2017-07-08,6.4,17814,495.21,ja,Economy culture oil week.,147
MOV_00298,100298,Multi-channeled clear-thinking secured line,movie,Family,Family,2020-04-06,8.7,1639,383.35,en,People too fish late pattern.,160
MOV_00299,100299,Integrated system-worthy paradigm II,movie,Comedy,Comedy,2018-11-12,4.0,16621,230.72,en,Hair first into above east develop science. Everybody growth quickly former lose knowledge.,161
MOV_00300,100300,Vision-oriented fault-tolerant matrix Returns,movie,Music|Fantasy|Documentary,Music,2025-08-28,4.1,17489,278.06,en,Population bank exactly step.,147
MOV_00301,100301,Public-key dedicated firmware,movie,Sci-Fi|Animation|Music,Sci-Fi,2017-07-29,6.5,14159,404.05,ko,Support place spend.,93
MOV_00302,100302,Reduced impactful throughput II,movie,Animation,Animation,2019-11-23,5.2,17300,129.95,en,End thus music president chance hotel through.,130
MOV_00303,100303,Reverse-engineered upward-trending frame Returns,movie,Horror,Horror,2018-07-20,6.3,8019,495.17,en,Member however maybe production summer southern pass. Serious cell city not.,167
MOV_00304,100304,Re-contextualized stable circuit,movie,Crime,Crime,2024-07-01,4.5,12477,191.7,en,Despite maintain as. Doctor protect military social hold truth.,161
MOV_00305,100305,Balanced 6thgeneration projection II,movie,Mystery,Mystery,2021-10-14,4.4,14268,324.23,en,Plant event score official now heavy her.,92
MOV_00306,100306,Reverse-engineered solution-oriented archive II,movie,Music|Action|Thriller,Music,2025-01-23,8.5,18622,240.37,en,Win development image stage generation society.,89
MOV_00307,100307,Robust 24hour middleware Rising,movie,Music|Sci-Fi|Animation,Music,2018-08-21,7.3,5927,464.74,en,Discover method exactly change. Gun response brother discover.,106
MOV_00308,100308,Managed uniform budgetary management Returns,movie,Drama|Adventure|Mystery,Drama,2024-06-19,8.6,9856,85.41,en,Decision claim street against amount of claim. Mention three chair coach two might if wide.,129
MOV_00309,100309,Sharable 3rdgeneration success Returns,movie,Music|Animation|Horror,Music,2021-02-04,7.8,4635,396.3,en,Last yeah test color store.,90
MOV_00310,100310,Right-sized client-server utilization,movie,Mystery|Horror|Action,Mystery,2026-03-09,6.2,2540,173.59,es,Process enough right garden law opportunity discover history.,156
MOV_00311,100311,Customer-focused 3rdgeneration customer loyalty,movie,Adventure|Horror,Adventure,2025-03-02,7.2,14813,247.85,en,Step painting concern top outside there. Me brother lot candidate owner still to.,128
MOV_00312,100312,Vision-oriented systematic projection Rising,movie,Drama|Crime,Drama,2023-08-13,7.3,2858,387.22,en,Have analysis morning director sort smile. Go source traditional student office international.,111
MOV_00313,100313,Function-based mission-critical throughput II,movie,Comedy|Music|Sci-Fi,Comedy,2020-03-24,5.9,5105,371.13,en,Our myself election accept season.,93
MOV_00314,100314,Adaptive object-oriented model III,movie,Action,Action,2018-04-12,6.2,8889,55.6,en,Heart day sound. Gun choice prepare effect talk interest.,135
MOV_00315,100315,Multi-lateral reciprocal focus group Rising,movie,Animation|Music,Animation,2023-01-13,6.0,910,49.36,en,Need newspaper condition next low write.,156
MOV_00316,100316,Re-engineered grid-enabled time-frame,movie,Adventure|Horror|Romance,Adventure,2023-01-17,5.5,12757,390.69,es,Security land record class.,151
MOV_00317,100317,Extended multimedia initiative Rising,movie,Fantasy,Fantasy,2022-01-11,4.8,12525,88.9,en,Recent religious claim who accept before certainly unit. Because enjoy he participant right us.,114
MOV_00318,100318,Open-architected reciprocal projection II,movie,Drama|Comedy,Drama,2025-02-19,6.2,13848,153.38,fr,Arm similar compare manager action sure us million.,126
MOV_00319,100319,Ergonomic 5thgeneration toolset Returns,movie,Thriller|Mystery,Thriller,2024-12-16,7.0,6457,231.64,en,Past purpose growth pretty wish. You sister good house.,80
MOV_00320,100320,Reverse-engineered dedicated model Rising,movie,Horror|Family,Horror,2016-07-14,5.9,10848,222.91,en,Near risk next on.,163
MOV_00321,100321,Monitored even-keeled definition Rising,movie,Drama|Sci-Fi|Horror,Drama,2019-08-01,8.7,6631,242.11,en,Offer end imagine blood authority family. Sort what then spend.,130
MOV_00322,100322,Re-engineered eco-centric solution Returns,movie,Sci-Fi|Mystery,Sci-Fi,2023-10-22,8.8,7993,166.31,en,Low during fund simply race to television. Break attack plant yes quality discover firm.,180
MOV_00323,100323,Multi-channeled multi-state monitoring Rising,movie,Horror|Comedy,Horror,2016-06-09,5.0,17929,94.06,es,Expert human see garden never.,83
MOV_00324,100324,Enhanced methodical functionalities Returns,movie,Documentary|Mystery|Thriller,Documentary,2022-04-15,8.0,2316,410.39,fr,Especially water raise travel material current save.,132
MOV_00325,100325,Fundamental demand-driven emulation III,movie,Documentary|Drama|Crime,Documentary,2019-09-21,5.2,5100,359.04,fr,Green single build bad what manage according tax.,89
MOV_00326,100326,Balanced mission-critical hub Rising,movie,Fantasy|Documentary,Fantasy,2021-08-21,6.0,16650,462.13,ko,Than make worker trouble exactly develop office. Moment institution vote.,133
MOV_00327,100327,Automated motivating hardware Rising,movie,Action|Adventure|Horror,Action,2022-12-21,7.0,2834,59.14,en,With recently least ready activity decision ok.,165
MOV_00328,100328,Inverse high-level pricing structure Rising,movie,Drama|Crime,Drama,2020-09-09,4.2,13144,483.57,en,Enjoy especially when gas contain interest industry.,135
MOV_00329,100329,Versatile holistic hierarchy,movie,Action,Action,2023-02-02,5.3,16783,374.69,en,Conference capital office direction between establish dog.,168
MOV_00330,100330,Optional homogeneous customer loyalty Returns,movie,Thriller|Documentary|Horror,Thriller,2018-10-03,6.3,19336,346.77,en,South computer matter yet support military result.,83
MOV_00331,100331,Pre-emptive exuding extranet Returns,movie,Comedy|Sci-Fi,Comedy,2025-11-02,8.6,2863,62.45,ja,Huge real art. Live picture last free guess.,98
MOV_00332,100332,Realigned next generation workforce Returns,movie,Sci-Fi|Horror,Sci-Fi,2020-08-28,7.9,17125,244.05,en,In go quickly. Current office power company sister great pull maintain.,136
MOV_00333,100333,User-centric local artificial intelligence,movie,Mystery|Documentary|Horror,Mystery,2022-10-03,5.5,3821,16.18,en,Less what than political up. Piece occur support author class direction.,93
MOV_00334,100334,Intuitive solution-oriented frame II,movie,Adventure|Drama|Mystery,Adventure,2020-10-28,6.6,18134,84.27,en,Even know television guy only whole. Cold take by doctor edge season.,139
MOV_00335,100335,User-friendly attitude-oriented database Returns,movie,Adventure,Adventure,2019-02-11,7.1,6157,322.04,en,Believe view list approach. Model you billion peace base use.,83
MOV_00336,100336,Networked fault-tolerant emulation Rising,movie,Fantasy|Thriller|Documentary,Fantasy,2020-06-25,6.1,195,353.84,en,Phone capital stuff agreement professional team.,176
MOV_00337,100337,Inverse methodical Local Area Network Rising,movie,Adventure|Music|Comedy,Adventure,2025-06-21,4.5,17642,97.55,en,Know wide recently computer our piece player.,138
MOV_00338,100338,Re-contextualized intermediate moderator Returns,movie,Sci-Fi,Sci-Fi,2025-05-09,6.6,10319,300.5,en,Loss dinner become film include choose.,155
MOV_00339,100339,Advanced 24hour model III,movie,Horror,Horror,2018-08-04,8.2,5703,407.8,es,Light across two water local. She something others.,118
MOV_00340,100340,Adaptive neutral hub II,movie,Fantasy|Comedy|Crime,Fantasy,2019-06-25,5.6,7867,156.16,en,Join economic resource position stock determine bad. Dream share travel space range expect sea speak.,168
MOV_00341,100341,Open-source content-based architecture Returns,movie,Animation,Animation,2019-05-18,6.1,4567,289.53,en,Book lay laugh red man.,142
MOV_00342,100342,Inverse 3rdgeneration collaboration II,movie,Animation|Mystery|Crime,Animation,2017-02-12,6.8,16094,147.97,en,Control bill especially. Road do character management game find.,137
MOV_00343,100343,Proactive holistic Local Area Network,movie,Action|Family|Horror,Action,2016-10-24,6.4,6443,408.53,ja,Such weight argue simply. Myself consider time economic.,144
MOV_00344,100344,Multi-tiered 24/7 capability Returns,movie,Documentary|Romance|Crime,Documentary,2020-07-04,6.1,14594,246.91,en,East yes current same behind program. List race fine follow pick.,83
MOV_00345,100345,Balanced value-added neural-net,movie,Sci-Fi,Sci-Fi,2025-02-18,5.4,17666,147.89,fr,Loss federal growth appear project.,152
MOV_00346,100346,Customizable disintermediate productivity Rising,movie,Adventure|Music|Documentary,Adventure,2023-08-29,6.6,18816,61.53,es,Cold everybody build. Across among situation little other.,126
MOV_00347,100347,Multi-layered zero administration array Returns,movie,Family|Adventure|Action,Family,2020-07-03,6.7,13981,55.7,ko,Before peace us young personal art popular.,176
MOV_00348,100348,Total national utilization,movie,Sci-Fi,Sci-Fi,2018-02-06,6.2,11472,431.79,en,Discussion word small series south just cover.,95
MOV_00349,100349,Team-oriented homogeneous help-desk Rising,movie,Thriller,Thriller,2018-07-26,7.4,14080,87.16,en,Magazine join far.,106
MOV_00350,100350,Total mobile core,movie,Adventure,Adventure,2025-11-30,6.9,17491,144.14,en,Girl run every story trial never attention.,121
MOV_00351,100351,Distributed local frame III,movie,Sci-Fi|Music|Fantasy,Sci-Fi,2020-10-02,8.8,16906,492.82,en,Law simply media safe third people. Simply draw return probably much hold.,92
MOV_00352,100352,Progressive systemic methodology Returns,movie,Adventure,Adventure,2025-08-27,8.6,9137,434.19,en,Executive important focus benefit probably analysis visit condition.,96
MOV_00353,100353,Automated dedicated benchmark III,movie,Drama,Drama,2024-07-12,8.1,12918,247.28,en,All politics home majority.,114
MOV_00354,100354,Secured tangible parallelism,movie,Romance|Music|Documentary,Romance,2020-08-17,7.2,3100,204.41,es,Determine responsibility actually TV pretty up.,168
MOV_00355,100355,Configurable maximized website III,movie,Documentary|Music,Documentary,2017-04-22,6.9,3102,366.81,en,Sea three state some around pay more. Strong back democratic mind.,165
MOV_00356,100356,Cross-platform uniform emulation Rising,movie,Horror|Family|Comedy,Horror,2025-04-26,6.0,14128,413.3,en,Cover prevent now way next. Indeed black police group learn professor third.,121
MOV_00357,100357,Down-sized contextually-based neural-net Rising,movie,Horror|Animation,Horror,2023-02-08,4.7,15953,395.21,ko,Price move outside value total nearly. Suddenly include plan step food drive.,177
MOV_00358,100358,Quality-focused didactic implementation,movie,Action,Action,2025-08-20,7.1,15109,13.06,ko,Which language however risk work other.,100
MOV_00359,100359,Programmable client-driven framework Returns,movie,Documentary|Action,Documentary,2016-05-20,5.0,4372,441.66,en,Democrat fire sign wall state.,115
MOV_00360,100360,Reactive multimedia open architecture III,movie,Crime,Crime,2025-12-25,5.3,12234,333.93,en,Behind leave choose enter. Economic eight feel now notice design baby foot.,86
MOV_00361,100361,Polarized context-sensitive matrix II,movie,Crime|Sci-Fi,Crime,2026-01-28,6.1,3038,353.33,en,Politics also space high sister two free they.,141
MOV_00362,100362,Optional intangible capability Rising,movie,Drama,Drama,2020-02-17,5.1,14633,9.6,en,Plant place approach. American music change maybe determine anything rule.,95
MOV_00363,100363,Object-based local system engine Returns,movie,Mystery|Drama,Mystery,2026-01-22,4.4,12602,49.22,fr,Develop face hour car. Live seat nature energy.,93
MOV_00364,100364,Open-architected motivating Internet solution II,movie,Horror|Sci-Fi,Horror,2018-06-29,5.9,4412,322.58,en,Nice maintain present cultural pattern save east.,88
MOV_00365,100365,Compatible encompassing time-frame II,movie,Fantasy|Action|Music,Fantasy,2023-08-04,6.2,7031,315.9,en,Become public interest give fly order agency. College glass start sort perhaps.,132
MOV_00366,100366,Organic 6thgeneration emulation,movie,Crime|Documentary|Thriller,Crime,2019-09-02,8.5,4637,377.46,en,Serious table both approach. Unit than star add really born late age.,129
MOV_00367,100367,Expanded user-facing monitoring II,movie,Romance|Horror,Romance,2019-11-17,5.2,2810,127.84,en,Model else low role center recognize adult.,172
MOV_00368,100368,Reduced stable moderator,movie,Sci-Fi|Adventure|Mystery,Sci-Fi,2017-01-05,8.2,9934,106.7,en,Art customer recent even.,104
MOV_00369,100369,Persistent solution-oriented access,movie,Romance|Sci-Fi|Crime,Romance,2017-05-28,7.9,7892,249.97,en,Production tree growth blue fall. Discuss herself with between firm term.,143
MOV_00370,100370,Public-key background contingency,movie,Fantasy|Comedy|Animation,Fantasy,2019-08-28,8.9,10420,70.33,ko,Night Republican always two figure majority season. Get goal personal.,152
MOV_00371,100371,Front-line motivating focus group II,movie,Horror|Animation,Horror,2017-04-30,7.8,2441,13.26,en,These three spring ahead never. Difficult game hotel case role.,113
MOV_00372,100372,Programmable systematic pricing structure,movie,Action,Action,2020-02-22,8.7,13090,255.77,en,Of interview fine painting last. Deal catch must son.,144
MOV_00373,100373,Devolved fault-tolerant solution Returns,movie,Romance|Mystery,Romance,2025-03-08,4.4,17632,271.14,en,Yet wish certain usually true fish.,90
MOV_00374,100374,Realigned national success II,movie,Comedy|Animation,Comedy,2018-04-15,8.9,5141,270.51,en,Style certainly ahead five win which.,161
MOV_00375,100375,Innovative leadingedge synergy III,movie,Crime|Music|Comedy,Crime,2020-12-06,7.5,7869,33.66,en,Blood continue several partner environment.,135
MOV_00376,100376,Re-contextualized reciprocal emulation Rising,movie,Documentary,Documentary,2020-03-22,7.0,10184,334.71,en,Grow read live.,102
MOV_00377,100377,Profit-focused real-time leverage II,movie,Action,Action,2022-08-20,7.5,5418,250.72,en,Man case cover allow share address.,146
MOV_00378,100378,Future-proofed incremental definition II,movie,Sci-Fi|Drama|Horror,Sci-Fi,2019-09-22,7.7,8856,367.8,en,Computer western keep pay.,83
MOV_00379,100379,Team-oriented fresh-thinking knowledgebase III,movie,Adventure|Romance,Adventure,2020-06-21,6.6,8666,357.6,en,Simply part station result hour voice. Order modern then skin minute later still.,89
MOV_00380,100380,Balanced dynamic model III,movie,Documentary|Animation,Documentary,2025-06-04,4.3,18625,87.61,en,Newspaper might piece. Couple keep this.,178
MOV_00381,100381,Vision-oriented executive Local Area Network Rising,movie,Music,Music,2019-02-08,7.4,3829,118.06,en,Party approach might central stop. Bed may conference one thus national hotel.,85
MOV_00382,100382,Inverse local algorithm,movie,Thriller,Thriller,2019-04-26,6.4,12599,460.51,en,To time think bed food possible represent clearly. Before relationship plant be.,84
MOV_00383,100383,Triple-buffered human-resource superstructure Returns,movie,Adventure|Mystery|Family,Adventure,2024-12-23,5.1,8185,211.05,es,Her herself should treatment. The television class certain shoulder anything final.,114
MOV_00384,100384,Upgradable zero administration knowledge user III,movie,Fantasy,Fantasy,2021-03-09,4.6,1775,93.78,fr,Brother capital dark performance. Activity marriage material space part.,85
MOV_00385,100385,Proactive disintermediate data-warehouse III,movie,Comedy|Documentary,Comedy,2024-05-13,7.9,10230,167.01,en,Kind over according think everything pick. Any challenge president already take.,81
MOV_00386,100386,Synchronized object-oriented portal Rising,movie,Thriller|Sci-Fi,Thriller,2021-05-08,7.9,7998,234.64,en,Any indicate condition public. Produce record occur no whom see growth along.,143
MOV_00387,100387,Visionary exuding Graphic Interface Rising,movie,Mystery,Mystery,2022-07-18,7.8,8082,79.53,ja,Serve successful assume likely. Reason ever money modern.,83
MOV_00388,100388,Total demand-driven pricing structure III,movie,Animation,Animation,2017-04-06,7.2,364,475.74,en,Role pick would low read value worry.,164
MOV_00389,100389,Horizontal interactive portal III,movie,Family|Mystery,Family,2021-08-28,4.5,17410,491.64,en,Offer perhaps until pass market role marriage.,87
MOV_00390,100390,Enterprise-wide reciprocal emulation III,movie,Mystery,Mystery,2021-03-20,4.5,7634,449.16,en,Brother let someone.,169
MOV_00391,100391,User-centric demand-driven website,movie,Documentary|Mystery,Documentary,2023-04-30,6.9,16611,71.09,fr,Free night point. Political real effort.,89
MOV_00392,100392,Cloned fault-tolerant framework II,movie,Fantasy|Action|Romance,Fantasy,2024-11-22,5.2,8602,426.2,ko,Short box four how notice whether. Create street two look.,130
MOV_00393,100393,Phased 5thgeneration project III,movie,Family|Mystery|Horror,Family,2018-08-01,6.3,7704,41.97,en,Physical throughout Mr friend. Until argue minute north question new.,179
MOV_00394,100394,Ameliorated demand-driven orchestration II,movie,Comedy|Drama|Music,Comedy,2021-12-01,6.2,10340,206.22,en,Wide exactly all worker. Move coach paper cost bring site final tax.,178
MOV_00395,100395,Triple-buffered 5thgeneration flexibility III,movie,Documentary,Documentary,2023-04-25,6.3,3979,49.76,fr,Theory he stop few modern company hear.,118
MOV_00396,100396,Automated zero-defect customer loyalty II,movie,Mystery|Fantasy|Action,Mystery,2017-11-06,8.2,10791,78.42,es,Agent lot matter couple type run model. Century the state visit quality car.,125
MOV_00397,100397,Up-sized 5thgeneration knowledgebase III,movie,Animation|Action,Animation,2022-11-13,5.3,5747,20.39,en,About usually reach organization. Four threat billion she.,137
MOV_00398,100398,User-friendly fault-tolerant adapter,movie,Mystery|Animation|Thriller,Mystery,2026-02-05,6.3,4630,65.12,en,Fly court everybody five kid.,179
MOV_00399,100399,Decentralized encompassing collaboration II,movie,Drama,Drama,2018-12-14,8.1,12247,344.71,ja,Address performance method deal.,90
MOV_00400,100400,Monitored neutral functionalities,movie,Fantasy|Sci-Fi|Comedy,Fantasy,2020-11-19,9.0,6529,451.74,en,Off commercial find throughout music.,96
MOV_00401,100401,Business-focused clear-thinking algorithm III,movie,Music,Music,2024-04-13,4.6,15155,30.07,ko,Himself beat hot relate.,135
MOV_00402,100402,Reverse-engineered responsive solution Returns,movie,Romance|Documentary|Action,Romance,2023-11-10,7.4,5712,180.2,ko,Fine stage require provide move wind. Nothing behavior sort recognize best financial popular.,115
MOV_00403,100403,Visionary maximized leverage,movie,Documentary|Drama,Documentary,2020-03-19,7.1,8103,325.4,en,Technology pay tree hot.,150
MOV_00404,100404,Total static groupware III,movie,Action|Comedy,Action,2021-10-18,5.9,13787,103.73,ko,Air little goal leave color should page. Meet if research blood.,147
MOV_00405,100405,Realigned solution-oriented archive Rising,movie,Crime,Crime,2021-05-31,8.0,12583,392.05,en,Husband including per nature wind himself future. Issue woman note garden reason community prove school.,149
MOV_00406,100406,Universal object-oriented matrix Rising,movie,Horror|Fantasy,Horror,2018-03-21,5.6,8911,94.01,en,Leg never state computer what attorney board sport. Force population article design catch oil.,108
MOV_00407,100407,Versatile scalable workforce III,movie,Music,Music,2016-04-11,4.3,15506,267.07,es,Laugh factor past language.,109
MOV_00408,100408,Expanded systemic functionalities II,movie,Comedy,Comedy,2021-05-16,7.3,8783,269.18,fr,Truth view response trip wrong. Account worry identify camera family hard nature apply.,174
MOV_00409,100409,Triple-buffered next generation help-desk II,movie,Adventure,Adventure,2018-02-20,6.9,12777,180.63,ko,Dog reduce hour.,102
MOV_00410,100410,Intuitive transitional implementation Rising,movie,Thriller,Thriller,2023-03-07,5.6,11806,457.42,en,Nation production little could his under. Child young prove care author administration.,169
MOV_00411,100411,Up-sized mobile protocol II,movie,Fantasy|Music,Fantasy,2023-09-14,6.8,6218,419.16,fr,Case south team throw.,143
MOV_00412,100412,Total real-time interface,movie,Sci-Fi|Drama|Documentary,Sci-Fi,2019-05-02,4.5,7672,302.82,en,Interest star his difficult interesting account marriage. Republican especially unit office almost.,141
MOV_00413,100413,Automated non-volatile matrices Rising,movie,Horror,Horror,2022-07-18,5.0,4325,173.68,en,Loss real center rule worker worker single let.,121
MOV_00414,100414,Configurable multi-state pricing structure II,movie,Action,Action,2017-10-11,6.9,4691,388.31,ko,Piece professional protect range much often party.,126
MOV_00415,100415,Mandatory national time-frame Returns,movie,Horror,Horror,2016-06-16,6.9,11078,154.37,en,Mention light safe inside whether sometimes eye. Reason our fight.,100
MOV_00416,100416,Re-contextualized empowering approach Returns,movie,Romance|Adventure|Crime,Romance,2024-04-28,7.2,5758,355.06,en,Of prevent factor say. Expert bar measure.,158
MOV_00417,100417,Grass-roots eco-centric capacity Rising,movie,Thriller|Crime,Thriller,2021-01-19,8.1,12448,156.88,en,Add born company option character.,96
MOV_00418,100418,Organized holistic workforce,movie,Mystery,Mystery,2019-04-04,8.7,18820,198.84,ja,Machine son television garden base.,152
MOV_00419,100419,Digitized radical collaboration Rising,movie,Drama,Drama,2024-09-16,5.6,7288,321.63,en,Draw key point decision same generation. Sense break cold human feeling.,143
MOV_00420,100420,User-friendly web-enabled monitoring,movie,Horror,Horror,2020-03-31,5.2,10519,88.1,ko,Listen certain that activity until large. Which raise American truth PM what.,91
MOV_00421,100421,Optional reciprocal projection III,movie,Crime|Music|Mystery,Crime,2020-11-28,6.2,8740,108.79,en,Environment better pressure hospital significant. Same open crime front real.,124
MOV_00422,100422,Enterprise-wide foreground neural-net,movie,Adventure|Comedy,Adventure,2016-06-14,4.2,14409,367.63,ja,Activity best billion land.,132
MOV_00423,100423,Face-to-face uniform forecast III,movie,Music|Romance,Music,2020-07-23,6.7,3373,415.26,fr,Agency begin voice.,153
MOV_00424,100424,Switchable didactic policy II,movie,Adventure|Crime|Thriller,Adventure,2018-05-06,6.3,1144,150.98,en,Task candidate prevent tonight.,93
MOV_00425,100425,Re-contextualized contextually-based budgetary management II,movie,Horror,Horror,2019-05-29,8.4,5322,367.33,en,Level view police two everybody.,91
MOV_00426,100426,Optimized system-worthy secured line Returns,movie,Fantasy|Music,Fantasy,2021-10-10,7.5,14183,471.51,en,Sit everyone artist home.,135
MOV_00427,100427,Centralized empowering firmware,movie,Action,Action,2019-04-20,5.7,6275,207.59,en,Man up particular condition. Board music issue pass blood kid else.,173
MOV_00428,100428,Automated asynchronous archive III,movie,Sci-Fi|Crime|Music,Sci-Fi,2025-12-29,5.2,1676,199.49,en,Affect marriage present a also hospital charge.,142
MOV_00429,100429,Managed hybrid orchestration III,movie,Action,Action,2016-05-03,4.0,2921,150.8,en,Long identify road speech audience difficult his. Building movement yard four field area young.,156
MOV_00430,100430,Stand-alone background hierarchy,movie,Thriller|Comedy,Thriller,2025-05-15,5.0,9612,488.64,en,Subject set face data. Always his course receive to piece grow.,94
MOV_00431,100431,Configurable responsive intranet Returns,movie,Adventure|Romance,Adventure,2019-07-01,6.4,8733,50.11,en,Cover rest or.,103
MOV_00432,100432,Pre-emptive human-resource architecture III,movie,Music|Romance,Music,2025-06-20,4.9,1512,135.33,en,Move strong last yet already argue skin.,108
MOV_00433,100433,Balanced impactful capability II,movie,Fantasy|Action,Fantasy,2019-11-16,7.8,3218,47.43,en,Vote thank Mr scientist do author save. President likely truth animal red candidate common.,149
MOV_00434,100434,Business-focused fault-tolerant utilization II,movie,Adventure|Fantasy,Adventure,2017-12-05,6.8,12734,410.11,en,Color opportunity stand blood market sometimes determine source. Front structure scene I building range.,148
MOV_00435,100435,Quality-focused client-driven Graphic Interface II,movie,Family|Documentary|Fantasy,Family,2019-11-25,6.4,2637,200.43,ko,Community as event serious collection have close during.,84
MOV_00436,100436,Reduced 6thgeneration challenge Rising,movie,Fantasy|Animation|Adventure,Fantasy,2017-12-22,7.4,4881,64.54,es,Heavy citizen they ball account unit religious order. Indicate southern significant realize deal.,102
MOV_00437,100437,Sharable encompassing model II,movie,Thriller,Thriller,2023-12-08,4.6,13923,43.79,en,Visit particular also conference matter. Physical site girl above.,105
MOV_00438,100438,Front-line content-based capability III,movie,Drama|Family|Fantasy,Drama,2025-04-17,5.6,2245,48.08,en,Gun seven music despite show process everybody create.,150
MOV_00439,100439,Distributed systemic leverage Rising,movie,Family|Sci-Fi,Family,2024-09-26,6.3,455,394.34,en,Prove amount population expect.,146
MOV_00440,100440,Optional eco-centric groupware II,movie,Comedy|Romance,Comedy,2023-12-25,4.7,19315,293.43,ja,Science understand compare size.,92
MOV_00441,100441,Pre-emptive multimedia budgetary management,movie,Fantasy,Fantasy,2017-06-24,7.9,17601,440.67,ko,Or for cup quality for single.,113
MOV_00442,100442,Inverse discrete attitude Rising,movie,Crime|Documentary,Crime,2020-04-22,7.0,1277,90.24,en,Heart determine likely machine three. Democratic participant concern health.,159
MOV_00443,100443,Persevering uniform core,movie,Crime|Mystery|Romance,Crime,2022-05-17,6.0,10912,346.8,en,From allow notice exactly book.,140
MOV_00444,100444,Persistent logistical instruction set,movie,Music|Horror,Music,2019-03-09,5.7,9980,158.92,ko,Though page smile point particularly. Official need discover in.,169
MOV_00445,100445,Programmable mobile data-warehouse II,movie,Comedy|Family|Thriller,Comedy,2024-04-30,5.5,14569,388.15,en,Address into their easy its. Through option chance off above.,173
MOV_00446,100446,Balanced 6thgeneration leverage,movie,Fantasy|Crime,Fantasy,2024-11-07,4.9,6976,457.15,en,Most look something start laugh drive.,142
MOV_00447,100447,Realigned web-enabled access Rising,movie,Family|Horror|Action,Family,2023-03-11,8.0,2200,159.01,en,Grow dream your administration.,97
MOV_00448,100448,Synchronized fault-tolerant complexity II,movie,Music|Fantasy|Action,Music,2024-02-01,5.0,6627,419.3,en,Agency lawyer sign them if smile have less. Team audience throw.,138
MOV_00449,100449,Managed multi-tasking alliance III,movie,Music,Music,2021-04-26,7.5,9027,187.33,en,Recently partner offer debate range. Thing save area war push thousand book half.,130
MOV_00450,100450,Secured 6thgeneration hierarchy,movie,Music|Comedy|Crime,Music,2022-07-04,5.2,16066,299.05,en,Relate night similar catch friend much power.,140
MOV_00451,100451,User-centric web-enabled paradigm II,movie,Animation|Horror|Family,Animation,2019-11-04,8.2,8525,375.74,en,Good environment quite everyone as generation.,116
MOV_00452,100452,Pre-emptive motivating moderator,movie,Romance,Romance,2018-05-12,4.8,18801,391.02,en,Question mouth factor per son war speak. Could this beautiful hospital.,108
MOV_00453,100453,Enhanced executive archive III,movie,Thriller|Crime|Music,Thriller,2018-02-18,7.3,16869,14.93,fr,Born challenge character daughter weight.,178
MOV_00454,100454,Ameliorated explicit instruction set II,movie,Action|Documentary|Drama,Action,2025-06-26,7.0,327,115.77,en,Get kitchen popular factor as the discussion.,119
MOV_00455,100455,Programmable secondary groupware Returns,movie,Mystery|Crime|Sci-Fi,Mystery,2023-04-12,8.5,11476,232.2,en,Pretty skin main program morning nature. Fight car smile commercial employee machine wife.,118
MOV_00456,100456,Visionary actuating circuit Returns,movie,Animation|Family|Fantasy,Animation,2022-04-13,6.9,290,258.2,en,What peace claim movement consider compare remain.,127
MOV_00457,100457,Synchronized coherent complexity III,movie,Crime|Fantasy|Family,Crime,2020-04-27,5.5,3592,243.46,en,Year off kid.,115
MOV_00458,100458,Multi-layered contextually-based database III,movie,Horror|Family|Sci-Fi,Horror,2025-11-04,7.3,9840,98.24,en,Within challenge large wish move building.,110
MOV_00459,100459,Assimilated impactful methodology Rising,movie,Adventure,Adventure,2018-09-30,6.0,10522,341.97,es,Choose wife national medical positive far. Wide senior yes project son.,163
MOV_00460,100460,Upgradable leadingedge Graphical User Interface Returns,movie,Sci-Fi|Music,Sci-Fi,2018-03-08,6.0,1207,293.6,ja,Cause nearly final. Pay detail group for part crime.,104
MOV_00461,100461,Progressive directional toolset II,movie,Mystery|Music,Mystery,2020-12-31,7.4,15638,453.73,en,Base support quality.,144
MOV_00462,100462,Cross-group multimedia infrastructure Rising,movie,Family|Drama,Family,2019-08-01,4.9,3248,238.04,es,Owner memory argue project huge respond. Hard health expect goal within them.,172
MOV_00463,100463,Cross-group didactic superstructure III,movie,Adventure|Drama|Crime,Adventure,2023-10-31,7.3,7332,180.87,es,Eye south wife interest to cause. Our century field write moment friend value opportunity.,119
MOV_00464,100464,Multi-tiered background ability III,movie,Adventure|Horror,Adventure,2023-03-29,5.3,9685,234.56,en,Company left nothing trip current strategy.,86
MOV_00465,100465,Implemented neutral matrix,movie,Fantasy|Music|Family,Fantasy,2016-12-28,6.4,6424,252.74,ko,Fight nice less agree able enjoy what strong.,128
MOV_00466,100466,Phased bottom-line projection II,movie,Sci-Fi|Romance|Action,Sci-Fi,2021-03-02,4.7,6613,174.62,ja,Man reach each budget. Manage wife out gun lose.,138
MOV_00467,100467,Optional empowering product II,movie,Horror,Horror,2024-05-16,7.9,16027,169.65,ja,Mention offer suddenly clear around floor.,120
MOV_00468,100468,Team-oriented client-driven help-desk III,movie,Action|Music|Documentary,Action,2019-01-19,5.0,5574,290.26,en,Guess player western any factor.,180
MOV_00469,100469,Sharable asynchronous migration Rising,movie,Drama,Drama,2019-07-28,6.2,14120,204.68,ja,Share out cold follow. Step rate feeling rate read benefit.,129
MOV_00470,100470,Reduced heuristic circuit Rising,movie,Action,Action,2016-06-29,5.0,12275,475.28,ko,Example single include TV clear design me.,176
MOV_00471,100471,Ergonomic next generation pricing structure,movie,Thriller|Action|Crime,Thriller,2025-03-20,7.1,8203,117.0,ko,Reduce sort individual trouble bring capital admit. Find guy stage threat our shake.,119
MOV_00472,100472,Mandatory context-sensitive strategy Returns,movie,Comedy,Comedy,2021-06-16,6.5,10080,87.67,fr,Develop task central dinner.,118
MOV_00473,100473,De-engineered demand-driven capacity Rising,movie,Documentary|Mystery,Documentary,2017-08-11,7.0,11120,219.66,en,Back simple serious amount. Allow process or light.,97
MOV_00474,100474,Function-based 6thgeneration architecture III,movie,Music|Documentary,Music,2021-05-28,7.8,5452,474.3,ko,Site turn day top.,131
MOV_00475,100475,Enterprise-wide static hardware II,movie,Thriller,Thriller,2016-10-08,7.6,4349,109.54,en,Suffer walk we girl.,144
MOV_00476,100476,Diverse motivating time-frame III,movie,Comedy,Comedy,2020-05-21,7.6,1274,190.72,en,Attention standard shake more respond who commercial. Above rise under turn surface listen recently.,178
MOV_00477,100477,Enterprise-wide leadingedge service-desk,movie,Fantasy|Action|Music,Fantasy,2018-02-05,7.3,696,28.88,en,Wonder interest method imagine seven fire.,136
MOV_00478,100478,Persistent bifurcated model III,movie,Comedy|Animation,Comedy,2018-08-02,6.4,5067,106.72,en,Relate news American foreign break exist. Save reach subject difficult imagine world into task.,81
MOV_00479,100479,Phased systematic hub,movie,Romance|Crime,Romance,2019-04-29,7.3,8896,313.28,es,Public how mission put budget house reason.,133
MOV_00480,100480,Customer-focused user-facing concept Rising,movie,Animation,Animation,2017-05-17,4.6,3785,393.46,en,Full organization wrong but study. Everything require old event smile popular hundred.,157
MOV_00481,100481,Phased static portal III,movie,Adventure,Adventure,2023-02-26,8.2,6658,182.17,en,Everything should blue economy market pick care. Scene store marriage ago.,100
MOV_00482,100482,Enhanced homogeneous portal Returns,movie,Animation,Animation,2021-11-01,8.6,15800,168.65,en,Perform benefit baby seem should.,165
MOV_00483,100483,Persistent dedicated frame,movie,Music,Music,2024-09-28,8.2,16240,78.83,en,Energy gas teacher national weight all involve. Himself fire heavy least.,145
MOV_00484,100484,Automated context-sensitive open architecture,movie,Mystery,Mystery,2021-06-06,8.5,7624,231.09,ja,Issue fine home shake notice make network.,113
MOV_00485,100485,Quality-focused object-oriented leverage II,movie,Action|Comedy,Action,2024-05-15,8.4,9571,183.31,en,Media hot manager wife. Put short expect article opportunity campaign hand special.,134
MOV_00486,100486,Reduced 4thgeneration task-force,movie,Comedy|Music|Adventure,Comedy,2022-01-29,4.0,4584,333.36,en,Into yeah in argue. Easy possible or travel assume.,125
MOV_00487,100487,Integrated bifurcated Graphical User Interface,movie,Fantasy|Sci-Fi,Fantasy,2019-02-28,5.9,11280,95.52,en,For leave tell nothing top entire receive.,138
MOV_00488,100488,Reverse-engineered 3rdgeneration functionalities Returns,movie,Family|Romance,Family,2022-09-13,8.0,5515,60.96,en,Follow best major real day market. Coach federal wide cut player wind.,87
MOV_00489,100489,Compatible national data-warehouse Returns,movie,Comedy,Comedy,2021-02-28,8.6,15866,402.12,en,Father of source.,103
MOV_00490,100490,Secured value-added array Rising,movie,Romance|Adventure|Horror,Romance,2026-02-09,4.1,4331,244.12,en,Front attack song little decide somebody prepare few.,132
MOV_00491,100491,Innovative intermediate protocol III,movie,Action|Comedy,Action,2025-06-17,7.3,455,353.76,en,Increase economy middle public natural. Physical might cost.,178
MOV_00492,100492,Proactive didactic protocol II,movie,Fantasy|Mystery|Music,Fantasy,2024-03-22,8.9,11135,261.95,en,Speak table trade various risk art customer.,159
MOV_00493,100493,Persistent client-server encoding II,movie,Romance,Romance,2018-11-01,6.4,12661,78.58,fr,Improve team treat plant suffer environment.,158
MOV_00494,100494,Horizontal secondary complexity II,movie,Action,Action,2020-08-20,6.5,15427,426.68,ko,Image box court early still. Magazine yard instead town dark evening ahead.,89
MOV_00495,100495,Grass-roots stable neural-net III,movie,Horror|Thriller,Horror,2019-04-08,8.9,1699,255.93,en,Site area to finish fear as western.,128
MOV_00496,100496,Multi-lateral static protocol,movie,Family|Thriller,Family,2017-10-23,6.3,18827,226.81,ko,Door number matter building. Wear use edge this draw business southern forget.,137
MOV_00497,100497,Reduced user-facing info-mediaries,movie,Comedy|Documentary,Comedy,2020-04-15,4.5,13561,22.74,en,Certain compare wide keep effect. Argue mouth record both nation little east everyone.,91
MOV_00498,100498,Digitized high-level leverage Rising,movie,Fantasy|Crime|Sci-Fi,Fantasy,2022-07-13,6.8,14999,475.43,en,Population toward alone.,86
MOV_00499,100499,User-centric stable website Returns,movie,Family,Family,2017-03-15,5.7,19709,239.2,en,Need finally when guy speech.,171
TVS_00000,200000,The Campaign Show,tv_show,Comedy|Music,Comedy,2022-10-28,5.9,5692,219.53,en,Home travel hotel within eight bed.,43
TVS_00001,200001,The Test Chronicles,tv_show,Animation|Horror|Mystery,Animation,2024-09-16,5.2,2789,300.53,ko,Decision three trouble place these.,51
TVS_00002,200002,The Speak Legacy,tv_show,Sci-Fi,Sci-Fi,2023-10-04,5.8,2078,558.83,en,Ever bag single. Likely include subject response theory star station.,54
TVS_00003,200003,The Say Diaries,tv_show,Mystery,Mystery,2020-06-29,5.5,6890,37.44,en,Goal own spend scene. Receive seven political contain kitchen political able.,32
TVS_00004,200004,The Decision Legacy,tv_show,Documentary|Crime,Documentary,2023-08-15,9.0,2305,578.67,en,Office book economic require should power.,28
TVS_00005,200005,The Case Effect,tv_show,Music|Romance|Fantasy,Music,2025-06-24,8.9,12897,553.49,en,Society floor long same end reach. Son cup increase consider then war.,36
TVS_00006,200006,The Usually Effect,tv_show,Family|Drama|Comedy,Family,2023-02-16,7.8,10031,530.79,en,Way type positive.,49
TVS_00007,200007,The Produce Files,tv_show,Fantasy|Mystery,Fantasy,2020-03-21,6.1,5717,582.59,en,Cup red collection husband investment employee become.,33
TVS_00008,200008,The Hold Legacy,tv_show,Romance,Romance,2019-09-21,7.9,12362,312.25,ko,Add moment significant up. Budget require course technology site explain management.,60
TVS_00009,200009,The Case Legacy,tv_show,Mystery|Music,Mystery,2021-12-11,7.7,3391,133.73,es,Democratic station risk country Congress society agreement wish.,47
TVS_00010,200010,The Eat Files,tv_show,Drama|Mystery|Crime,Drama,2023-07-13,7.1,11475,385.76,es,Hard range leader action card. Window huge defense himself interest others.,47
TVS_00011,200011,The Baby Show,tv_show,Documentary|Fantasy|Family,Documentary,2019-02-01,8.0,11146,451.24,ko,Appear use likely great. Vote whose our security animal effect people few.,43
TVS_00012,200012,The Indicate Legacy,tv_show,Adventure|Action,Adventure,2023-12-26,5.4,6340,95.74,es,Whose nice oil employee. Manage fund life bed report item employee.,37
TVS_00013,200013,The Form Files,tv_show,Adventure|Music,Adventure,2018-08-26,9.1,11296,157.83,ko,The strong security unit executive theory party.,43
TVS_00014,200014,The Sort Legacy,tv_show,Adventure,Adventure,2026-02-27,5.1,13437,277.03,en,Fine throughout firm yes shake character table.,60
TVS_00015,200015,The Really Show,tv_show,Mystery,Mystery,2023-09-10,7.4,3992,311.44,ko,Country approach consumer. Employee relationship job yet until American ground.,43
TVS_00016,200016,The Security Effect,tv_show,Crime|Action|Romance,Crime,2023-01-17,6.7,13012,585.74,en,Manage suffer term buy behavior test Congress. Seek state none production.,60
TVS_00017,200017,The Difference Show,tv_show,Action,Action,2023-03-29,6.1,10267,522.62,ko,Short Congress turn east marriage behind forget.,53
TVS_00018,200018,The Feel Show,tv_show,Music,Music,2024-01-26,8.0,10710,226.97,en,Health upon black food ahead least.,37
TVS_00019,200019,The Second Files,tv_show,Thriller|Sci-Fi|Documentary,Thriller,2023-11-20,9.1,1320,120.32,en,Pick especially price forget analysis performance laugh. Can tell soon executive sometimes season natural.,57
TVS_00020,200020,The Play Chronicles,tv_show,Romance,Romance,2021-07-08,6.8,9219,165.9,en,Effort drive side human after decade.,41
TVS_00021,200021,The Important Effect,tv_show,Horror,Horror,2024-11-26,8.0,2636,33.56,ja,Positive west child fear song. Tough page grow benefit happen.,28
TVS_00022,200022,The Decision Diaries,tv_show,Fantasy|Family|Crime,Fantasy,2022-06-10,7.1,9482,334.59,en,Live none institution series specific pass. Piece behavior message wind put positive.,45
TVS_00023,200023,The Sell Chronicles,tv_show,Thriller|Drama|Animation,Thriller,2019-08-05,8.3,2711,255.4,en,Picture modern fact join trade local chance. Range feel eat into.,30
TVS_00024,200024,The Outside Show,tv_show,Thriller|Music,Thriller,2018-09-06,6.4,6011,183.21,de,True message member including. Produce nothing effect effort bank me box.,58
TVS_00025,200025,The Recently Show,tv_show,Animation|Family,Animation,2022-03-19,5.0,11059,214.14,en,Successful and indicate region.,40
TVS_00026,200026,The Former Diaries,tv_show,Crime,Crime,2023-04-09,6.6,13145,567.54,en,Perhaps enter whom the cost continue section. Else pull its adult house actually pretty least.,59
TVS_00027,200027,The Interview Diaries,tv_show,Sci-Fi|Action|Animation,Sci-Fi,2025-08-31,7.2,8435,272.88,en,Field spend pattern real white push source. By add born administration.,37
TVS_00028,200028,The Cup Chronicles,tv_show,Animation|Comedy,Animation,2025-07-31,5.7,12770,327.41,en,Loss certain drop success teach.,29
TVS_00029,200029,The Nothing Show,tv_show,Crime,Crime,2019-11-25,8.2,14271,414.39,ko,Show challenge instead bring total.,38
TVS_00030,200030,The Single Effect,tv_show,Family|Mystery|Music,Family,2024-04-01,7.7,1281,450.67,en,Likely teacher one cut notice street anything. Bill summer it.,54
TVS_00031,200031,The Just Chronicles,tv_show,Horror|Action|Comedy,Horror,2025-06-29,5.2,13112,158.63,en,Other never fact maintain main opportunity particularly question. Discussion art affect office network environmental possible.,39
TVS_00032,200032,The Visit Effect,tv_show,Romance|Music,Romance,2022-04-20,7.6,7194,196.68,en,Performance position large job claim risk light.,32
TVS_00033,200033,The Left Legacy,tv_show,Action|Crime|Mystery,Action,2020-04-01,5.3,12321,355.51,es,Onto rate two table resource. Capital fall represent where strategy pull same.,29
TVS_00034,200034,The Style Chronicles,tv_show,Music|Animation,Music,2022-04-17,6.2,11337,187.8,en,Debate real beat lot community choose man soldier.,53
TVS_00035,200035,The Yes Show,tv_show,Romance|Family,Romance,2022-06-22,5.1,2661,324.75,en,Decide another adult thing ground.,50
TVS_00036,200036,The Cold Diaries,tv_show,Sci-Fi|Crime|Drama,Sci-Fi,2019-10-05,7.8,13125,521.61,en,Southern front box. Building difference election future great.,25
TVS_00037,200037,The Any Chronicles,tv_show,Family|Animation|Drama,Family,2024-10-28,5.2,9483,362.03,en,To table them page bit. Unit just lead.,30
TVS_00038,200038,The Thought Show,tv_show,Thriller|Mystery,Thriller,2024-09-14,8.8,5733,134.92,ja,Sit participant teach big.,57
TVS_00039,200039,The Or Files,tv_show,Drama,Drama,2018-08-19,5.9,13776,159.12,en,Cold brother day gun. Remain seven marriage that child.,28
TVS_00040,200040,The Himself Chronicles,tv_show,Documentary|Crime|Animation,Documentary,2021-02-13,6.2,1203,157.91,en,Summer keep indeed shoulder.,56
TVS_00041,200041,The Else Show,tv_show,Horror|Drama,Horror,2025-05-17,7.8,1739,178.23,en,Expert commercial entire resource increase picture. Charge send instead direction soon.,37
TVS_00042,200042,The Job Diaries,tv_show,Documentary|Music,Documentary,2026-01-31,7.6,5108,419.14,en,Weight might radio want kind show response. Want be fire word clearly article service.,48
TVS_00043,200043,The Recent Chronicles,tv_show,Romance|Drama,Romance,2026-02-14,6.3,12972,140.7,es,Around place require produce mind fast I.,52
TVS_00044,200044,The Responsibility Files,tv_show,Family|Horror,Family,2024-03-27,7.9,5532,527.95,en,Return finish general still too. Turn record land day name small present recently.,47
TVS_00045,200045,The Very Chronicles,tv_show,Documentary|Animation,Documentary,2025-03-07,5.7,10038,58.36,en,Thing base Mr hope rest. Minute must degree memory.,33
TVS_00046,200046,The Forget Show,tv_show,Thriller|Sci-Fi|Mystery,Thriller,2022-09-16,5.3,1335,536.34,ko,Age three music else. Risk would book art health.,26
TVS_00047,200047,The Product Legacy,tv_show,Fantasy|Romance|Adventure,Fantasy,2022-08-04,5.9,700,335.44,en,Answer prepare by fear. Law work south.,59
TVS_00048,200048,The Party Files,tv_show,Crime|Adventure,Crime,2023-02-01,6.5,3758,535.95,en,Suddenly doctor federal project spring of cause. Mind easy foreign old state guess.,43
TVS_00049,200049,The Billion Legacy,tv_show,Documentary,Documentary,2019-07-10,7.1,6600,224.68,en,Bank artist thousand live land hard. Idea next single the once PM you.,40
TVS_00050,200050,The Risk Legacy,tv_show,Crime|Drama|Adventure,Crime,2026-03-12,5.6,2708,115.7,ja,Statement certain camera represent can relate. Brother defense list second want hard weight.,34
TVS_00051,200051,The Play Chronicles,tv_show,Mystery|Documentary|Horror,Mystery,2025-07-11,5.9,8089,146.73,en,Building occur American check. Figure hear family agreement central six.,39
TVS_00052,200052,The Know Files,tv_show,Crime,Crime,2018-09-09,7.2,13067,223.14,en,Democratic standard major business give.,54
TVS_00053,200053,The Truth Show,tv_show,Action,Action,2018-08-27,6.4,11630,581.38,en,Of not too sit little result paper. Measure leave last last.,42
TVS_00054,200054,The Trial Legacy,tv_show,Sci-Fi|Fantasy|Animation,Sci-Fi,2024-06-19,5.7,10809,233.33,en,Son professor important do. Fund animal provide kitchen everyone because.,29
TVS_00055,200055,The Company Legacy,tv_show,Sci-Fi|Romance|Thriller,Sci-Fi,2024-04-16,6.7,13489,521.95,en,Picture sign final population popular be western.,55
TVS_00056,200056,The Number Effect,tv_show,Action|Animation|Drama,Action,2023-03-08,5.7,1363,313.58,en,Miss seek me affect probably mother while.,34
TVS_00057,200057,The Face Diaries,tv_show,Drama,Drama,2024-12-19,7.5,13484,79.81,en,Stop stuff often be move.,46
TVS_00058,200058,The Full Effect,tv_show,Comedy|Documentary|Crime,Comedy,2021-09-10,7.0,9779,105.14,ko,Man value future. Increase teacher fish either.,26
TVS_00059,200059,The Building Files,tv_show,Action,Action,2019-02-13,7.4,2739,89.49,en,Experience consumer shoulder child. Question arrive which consider require fear.,34
TVS_00060,200060,The Bit Diaries,tv_show,Drama,Drama,2020-12-30,8.9,8564,575.36,en,Throw election walk tonight appear dream.,26
TVS_00061,200061,The Picture Chronicles,tv_show,Mystery|Crime|Sci-Fi,Mystery,2023-04-05,5.9,10037,595.74,ko,Meet mean we especially five network assume.,35
TVS_00062,200062,The Air Effect,tv_show,Family,Family,2021-09-28,7.5,13118,353.76,ko,Especially white push.,57
TVS_00063,200063,The Employee Show,tv_show,Drama|Mystery,Drama,2024-10-06,6.4,7529,361.95,en,Fight image base player. Situation central music collection early.,49
TVS_00064,200064,The Land Chronicles,tv_show,Drama|Comedy,Drama,2026-01-10,5.8,14183,546.51,es,Among spend which per president cold art. Event economy quite yourself successful defense subject.,34
TVS_00065,200065,The Father Legacy,tv_show,Comedy|Drama|Documentary,Comedy,2018-08-30,7.5,14481,472.48,en,None feel house but cause news evidence.,32
TVS_00066,200066,The Lay Show,tv_show,Documentary,Documentary,2020-01-26,5.5,9987,328.18,en,Whatever five radio garden end sell laugh. Production focus decision where foreign.,52
TVS_00067,200067,The White Show,tv_show,Romance|Horror|Action,Romance,2024-02-28,7.2,3859,563.67,en,Participant above act.,49
TVS_00068,200068,The Consumer Show,tv_show,Fantasy|Adventure,Fantasy,2021-10-15,8.8,13816,421.06,en,Several Mrs skin power back all story. Public good spend still group concern.,33
TVS_00069,200069,The Special Files,tv_show,Documentary|Adventure,Documentary,2025-03-07,8.8,1473,177.13,ja,Leg view know develop.,51
TVS_00070,200070,The Again Show,tv_show,Thriller|Action,Thriller,2024-09-22,8.1,216,351.01,en,Course staff personal space determine woman.,25
TVS_00071,200071,The Him Show,tv_show,Crime|Thriller,Crime,2018-08-03,8.4,6798,223.74,en,Toward religious decide cultural start how thank.,41
TVS_00072,200072,The Outside Effect,tv_show,Family|Animation,Family,2022-07-13,7.4,10125,172.58,es,Necessary process not radio. Compare open second camera value talk thing.,38
TVS_00073,200073,The Shoulder Legacy,tv_show,Animation|Adventure,Animation,2024-12-05,7.0,6165,339.87,en,Summer age wide question pass.,44
TVS_00074,200074,The Responsibility Effect,tv_show,Horror|Adventure|Mystery,Horror,2023-01-15,8.1,14108,519.66,en,Visit political wall. Take follow such.,39
TVS_00075,200075,The Investment Files,tv_show,Adventure|Mystery,Adventure,2020-08-09,5.4,8428,246.33,en,Level guess service this different everyone information.,60
TVS_00076,200076,The List Chronicles,tv_show,Mystery|Crime|Music,Mystery,2020-12-18,5.7,10518,13.12,en,Create bank occur agent scene within.,34
TVS_00077,200077,The Land Effect,tv_show,Music|Fantasy,Music,2018-11-28,5.4,4410,140.84,en,Clearly financial personal benefit lose.,27
TVS_00078,200078,The System Show,tv_show,Romance|Music|Fantasy,Romance,2018-06-24,7.2,11758,578.48,en,Various subject east list when strategy start mind. Want simply people shake personal.,36
TVS_00079,200079,The Particular Files,tv_show,Documentary|Music|Action,Documentary,2019-05-03,8.6,13271,315.71,en,True help three really.,57
TVS_00080,200080,The Stay Files,tv_show,Mystery|Thriller|Fantasy,Mystery,2019-05-12,7.8,5993,151.16,en,Area particularly it big argue appear.,35
TVS_00081,200081,The To Effect,tv_show,Sci-Fi,Sci-Fi,2021-07-09,6.5,6574,249.22,en,Pay in ten skin. Action himself somebody they people fund visit situation.,25
TVS_00082,200082,The Long Legacy,tv_show,Mystery|Comedy|Family,Mystery,2022-09-03,6.2,13694,339.88,en,Court bill organization attack smile cover of PM. Green loss per control case.,47
TVS_00083,200083,The Another Files,tv_show,Thriller|Fantasy,Thriller,2018-10-15,6.9,6718,349.19,en,Once message prepare group on.,51
TVS_00084,200084,The Number Legacy,tv_show,Comedy|Animation|Music,Comedy,2024-11-14,6.2,2017,483.74,de,Light owner fact wife.,59
TVS_00085,200085,The National Effect,tv_show,Sci-Fi|Mystery|Documentary,Sci-Fi,2023-04-07,7.4,12715,153.53,en,Down standard nice area.,54
TVS_00086,200086,The Guy Effect,tv_show,Documentary|Fantasy|Action,Documentary,2019-12-09,5.5,1206,235.78,ko,Size game property reason word.,39
TVS_00087,200087,The Plan Diaries,tv_show,Mystery|Thriller|Adventure,Mystery,2024-03-01,6.7,5885,314.74,en,Not friend federal forget bit then treat many. Police really level.,41
TVS_00088,200088,The Different Chronicles,tv_show,Sci-Fi,Sci-Fi,2020-04-22,6.7,12368,494.43,en,Southern heavy hundred step according act. Air boy fact create one she.,36
TVS_00089,200089,The Animal Files,tv_show,Horror|Music,Horror,2018-07-12,8.8,4508,117.84,es,Exist despite energy company suggest.,37
TVS_00090,200090,The Else Files,tv_show,Mystery|Thriller,Mystery,2019-10-17,8.1,14399,166.59,en,Compare energy big.,40
TVS_00091,200091,The Theory Chronicles,tv_show,Horror|Drama|Adventure,Horror,2024-01-14,5.5,1385,408.73,es,Pressure those full decision lay hard.,25
TVS_00092,200092,The Hotel Diaries,tv_show,Action|Family|Documentary,Action,2023-11-24,7.6,8166,539.89,ja,With young think there assume certain under.,42
TVS_00093,200093,The Study Legacy,tv_show,Drama|Adventure,Drama,2019-11-21,6.2,3738,452.6,en,Her hear outside with each animal pattern.,58
TVS_00094,200094,The Current Chronicles,tv_show,Documentary|Animation,Documentary,2025-07-17,7.1,6550,517.64,ko,Smile foreign apply somebody their. Why though decide bank likely professional ask.,54
TVS_00095,200095,The Movie Legacy,tv_show,Mystery,Mystery,2021-07-29,6.9,11392,14.97,es,Material less focus hear reason resource. Listen ok point so power debate thus.,49
TVS_00096,200096,The Live Legacy,tv_show,Comedy|Horror|Family,Comedy,2025-08-13,8.6,3166,333.65,en,Despite interesting help church successful effort.,55
TVS_00097,200097,The Become Effect,tv_show,Horror|Music|Drama,Horror,2019-06-02,6.8,6966,423.42,en,Know goal once let perform.,50
TVS_00098,200098,The Last Legacy,tv_show,Documentary|Drama,Documentary,2022-02-10,5.6,9535,414.75,ko,Important source first him conference doctor. Grow bar successful mention.,42
TVS_00099,200099,The Quickly Effect,tv_show,Animation,Animation,2018-12-09,8.6,3312,96.05,de,Better author although customer cultural.,34
TVS_00100,200100,The Girl Files,tv_show,Adventure|Action,Adventure,2020-05-26,6.8,2303,597.38,ko,Course page case talk respond.,58
TVS_00101,200101,The Of Effect,tv_show,Mystery|Horror|Adventure,Mystery,2026-01-13,6.3,9310,516.52,en,Show example get.,31
TVS_00102,200102,The International Diaries,tv_show,Drama|Action|Thriller,Drama,2021-09-22,7.0,10419,66.82,es,Line mention seven. Tend dinner rich decide.,41
TVS_00103,200103,The East Legacy,tv_show,Horror|Animation,Horror,2022-08-30,8.9,4322,213.04,en,Serious reveal left social fine could show. Decide last next hear officer campaign.,47
TVS_00104,200104,The Yes Legacy,tv_show,Fantasy|Thriller|Music,Fantasy,2024-07-20,7.7,8921,112.98,ko,Special strong fund industry rate idea single.,47
TVS_00105,200105,The Note Effect,tv_show,Crime|Animation,Crime,2020-10-27,8.3,7422,534.88,en,Age size two child well form picture owner. Off hospital high we as hit little forget.,43
TVS_00106,200106,The Live Files,tv_show,Crime|Drama,Crime,2023-09-17,7.7,5627,258.87,en,Commercial push concern step.,50
TVS_00107,200107,The Player Files,tv_show,Comedy,Comedy,2022-06-07,6.4,5236,196.96,en,Current treat history day.,42
TVS_00108,200108,The Film Effect,tv_show,Crime|Romance|Sci-Fi,Crime,2023-11-20,8.3,6050,451.26,en,Lawyer happy action force. Hospital writer can industry sea home.,53
TVS_00109,200109,The Well Chronicles,tv_show,Drama|Music,Drama,2025-08-21,5.5,3944,400.59,ja,That finally stand professor.,30
TVS_00110,200110,The Cold Effect,tv_show,Drama,Drama,2023-05-30,5.4,1145,562.71,en,Onto maybe range every account. Knowledge station painting east.,28
TVS_00111,200111,The Get Effect,tv_show,Adventure,Adventure,2026-01-07,7.2,1463,71.32,en,Least office say explain thing lead red. Hospital statement sure indeed conference.,30
TVS_00112,200112,The Prepare Files,tv_show,Music|Romance|Sci-Fi,Music,2024-07-06,6.0,4755,271.46,en,His probably recognize believe recognize analysis those. Event physical factor trouble.,58
TVS_00113,200113,The Save Chronicles,tv_show,Action,Action,2024-06-15,7.8,14196,550.01,ko,In seven building hard sense mean single.,54
TVS_00114,200114,The It Effect,tv_show,Music|Sci-Fi|Animation,Music,2022-02-10,5.6,11529,328.18,en,Debate and ago police put.,54
TVS_00115,200115,The Main Effect,tv_show,Mystery|Crime|Fantasy,Mystery,2021-07-08,7.2,10578,324.93,ja,Talk however action boy true force. Machine attention nature drug wear cell star.,55
TVS_00116,200116,The Thought Effect,tv_show,Thriller|Adventure|Comedy,Thriller,2019-08-25,6.3,6853,163.29,en,Parent concern buy.,25
TVS_00117,200117,The Site Diaries,tv_show,Family|Adventure|Drama,Family,2021-08-07,6.2,8867,14.91,ja,Provide action event key.,55
TVS_00118,200118,The Could Effect,tv_show,Action|Adventure,Action,2020-02-13,8.4,9881,146.42,en,Democratic recent student specific political respond to.,48
TVS_00119,200119,The In Legacy,tv_show,Romance,Romance,2024-02-23,6.8,4194,106.33,es,Appear above significant short up hear.,49
TVS_00120,200120,The Edge Chronicles,tv_show,Thriller|Sci-Fi,Thriller,2019-12-23,6.8,4024,314.8,ko,Instead writer front.,42
TVS_00121,200121,The Dark Legacy,tv_show,Crime|Mystery,Crime,2024-01-22,8.4,6865,120.92,en,When benefit structure professional right.,33
TVS_00122,200122,The Another Effect,tv_show,Comedy|Crime,Comedy,2021-10-23,7.6,4558,423.28,en,Spring follow phone person. House into discussion black follow address pressure.,45
TVS_00123,200123,The Actually Chronicles,tv_show,Drama,Drama,2021-08-02,9.1,462,119.7,en,Detail price everything perhaps analysis those in.,42
TVS_00124,200124,The Speak Effect,tv_show,Mystery,Mystery,2023-05-15,8.1,3914,63.22,en,Republican social two notice. Where outside wonder recent question.,38
TVS_00125,200125,The Spend Effect,tv_show,Romance|Sci-Fi,Romance,2024-03-05,9.2,7697,421.19,en,Compare seven reach within project attack.,30
TVS_00126,200126,The Affect Diaries,tv_show,Action,Action,2023-06-14,8.3,1269,330.48,en,Him political discussion onto write discussion pattern. Final scene serious people.,41
TVS_00127,200127,The As Chronicles,tv_show,Family|Action,Family,2019-06-12,9.1,11809,156.89,ko,Father charge daughter also type our watch. Care fish skin always social increase.,53
TVS_00128,200128,The Tax Chronicles,tv_show,Mystery,Mystery,2020-09-23,5.8,12147,464.89,en,Suggest former drug much trade.,38
TVS_00129,200129,The Red Diaries,tv_show,Romance|Crime,Romance,2020-05-21,8.9,2698,381.21,en,Their miss contain picture ask man west appear.,60
TVS_00130,200130,The Chance Show,tv_show,Comedy|Sci-Fi|Documentary,Comedy,2026-04-04,6.3,6005,533.64,ko,Begin or story use.,38
TVS_00131,200131,The Eat Show,tv_show,Thriller,Thriller,2022-08-04,6.8,346,108.74,en,Right find return each computer eat.,32
TVS_00132,200132,The Feeling Chronicles,tv_show,Adventure|Thriller,Adventure,2023-03-06,9.1,9620,472.25,en,Even sit bag win huge. Likely institution participant item.,34
TVS_00133,200133,The Clearly Files,tv_show,Adventure|Comedy,Adventure,2025-03-31,5.7,1597,414.71,en,Seven into bar. Organization check risk either less.,28
TVS_00134,200134,The Long Show,tv_show,Horror,Horror,2020-09-06,5.6,8887,476.97,en,Paper author carry light choice couple actually. Room hear identify indeed house score himself.,39
TVS_00135,200135,The Foot Show,tv_show,Animation|Adventure,Animation,2023-09-23,8.2,13297,536.16,es,Impact although TV his. Class several whatever side seem give remember.,26
TVS_00136,200136,The Prove Files,tv_show,Romance|Horror|Mystery,Romance,2024-02-18,6.1,746,296.33,en,Prepare unit save drug. Tv guess religious.,43
TVS_00137,200137,The Ahead Legacy,tv_show,Mystery|Documentary|Thriller,Mystery,2024-03-16,5.8,5796,200.97,en,Painting want challenge easy official.,60
TVS_00138,200138,The Recognize Legacy,tv_show,Comedy,Comedy,2025-06-07,5.7,4944,493.46,en,Bring begin represent.,54
TVS_00139,200139,The If Show,tv_show,Adventure,Adventure,2021-08-28,7.1,12120,119.47,en,Million country institution stop. Reality may mouth though only.,48
TVS_00140,200140,The Similar Chronicles,tv_show,Thriller|Horror|Mystery,Thriller,2021-10-10,7.8,8930,493.24,en,Player since general central.,56
TVS_00141,200141,The Smile Diaries,tv_show,Drama|Fantasy|Sci-Fi,Drama,2020-01-21,6.7,5376,75.17,en,According collection man best similar. Modern pressure run color hear region.,29
TVS_00142,200142,The Decade Files,tv_show,Family,Family,2022-05-31,5.8,612,129.23,en,Way late sport control arrive consumer service.,31
TVS_00143,200143,The Event Show,tv_show,Fantasy,Fantasy,2025-12-13,8.5,10879,299.05,en,Phone person than coach fall help. Ask ahead doctor magazine set.,41
TVS_00144,200144,The Act Files,tv_show,Horror,Horror,2018-10-17,7.5,1261,17.72,ja,Program smile among.,56
TVS_00145,200145,The Development Show,tv_show,Documentary,Documentary,2022-09-19,5.3,9242,448.65,ja,Owner would seven usually list front.,48
TVS_00146,200146,The Laugh Diaries,tv_show,Action|Family|Fantasy,Action,2021-02-19,7.2,12130,51.53,en,Yourself stage wait professor her arm. Their south able that I structure.,38
TVS_00147,200147,The Wish Files,tv_show,Comedy|Music|Mystery,Comedy,2019-06-16,7.2,3204,123.94,es,But most week seem eat later rather thank.,36
TVS_00148,200148,The Myself Show,tv_show,Mystery|Animation|Romance,Mystery,2021-10-15,5.4,10563,350.17,es,Worry whatever spend.,52
TVS_00149,200149,The Adult Files,tv_show,Drama,Drama,2023-09-01,7.3,8368,209.13,en,Wide save question. Parent hundred partner bank into.,53
TVS_00150,200150,The Word Legacy,tv_show,Music|Horror,Music,2026-03-12,9.2,5419,508.46,en,Safe family crime century. Then size respond all marriage beautiful strategy.,52
TVS_00151,200151,The Official Legacy,tv_show,Horror|Fantasy|Thriller,Horror,2025-09-18,7.3,6245,461.77,ja,To western lot music. Deep send process become itself.,41
TVS_00152,200152,The Senior Effect,tv_show,Documentary|Music,Documentary,2018-07-10,5.0,667,589.94,en,Total short detail election live today.,58
TVS_00153,200153,The Candidate Diaries,tv_show,Music,Music,2023-12-08,5.0,3735,136.75,en,Plant man somebody four difference office under.,42
TVS_00154,200154,The Attention Legacy,tv_show,Animation|Music|Fantasy,Animation,2023-10-02,5.6,718,281.62,en,Travel sea rise president size whom. Speak difference break because become scientist.,41
TVS_00155,200155,The Write Files,tv_show,Music|Fantasy,Music,2019-11-16,6.0,13388,187.18,en,Happy table west officer ability artist movie.,38
TVS_00156,200156,The Throw Effect,tv_show,Comedy|Mystery|Horror,Comedy,2021-07-29,5.7,13628,540.42,es,Side something value call professional opportunity. House Mrs leave certain.,31
TVS_00157,200157,The Yes Show,tv_show,Crime|Sci-Fi|Action,Crime,2020-10-19,8.4,6351,56.3,en,Quite challenge exist section support still alone.,46
TVS_00158,200158,The Front Effect,tv_show,Music|Family,Music,2020-11-25,6.7,14318,81.12,ko,Event summer off piece. Manager region heavy wonder four.,25
TVS_00159,200159,The Their Chronicles,tv_show,Adventure|Crime|Romance,Adventure,2024-05-15,6.3,774,198.4,en,Red apply tend condition maintain.,45
TVS_00160,200160,The Including Chronicles,tv_show,Mystery|Thriller|Drama,Mystery,2020-10-26,7.8,6536,582.91,ko,Nature front question.,57
TVS_00161,200161,The Happen Effect,tv_show,Thriller,Thriller,2024-09-20,6.2,6560,97.33,en,Author risk executive type red nature. Capital sell oil source.,55
TVS_00162,200162,The To Effect,tv_show,Mystery|Action|Animation,Mystery,2026-03-23,6.1,6629,306.08,ko,Pressure officer kind lot today decide source.,33
TVS_00163,200163,The Deal Legacy,tv_show,Documentary,Documentary,2024-07-12,5.8,6576,394.83,en,Rise offer question write challenge wear.,58
TVS_00164,200164,The Late Chronicles,tv_show,Thriller,Thriller,2024-01-20,6.1,7146,200.81,ja,Benefit wind conference appear.,30
TVS_00165,200165,The Myself Effect,tv_show,Crime,Crime,2023-10-21,6.8,5806,122.39,en,Its chance reveal each budget however few other. Present heart reality somebody.,26
TVS_00166,200166,The Reason Legacy,tv_show,Drama|Horror,Drama,2019-01-14,8.5,13253,270.9,en,Every president happen build bar majority. Different only would look really behind or.,27
TVS_00167,200167,The If Show,tv_show,Thriller,Thriller,2022-05-24,6.6,12514,439.81,en,Number between as training somebody. If red hour stage.,28
TVS_00168,200168,The Step Files,tv_show,Fantasy,Fantasy,2025-03-08,8.6,13537,179.73,en,Ask student much standard prepare send debate. Congress out conference never.,32
TVS_00169,200169,The Such Chronicles,tv_show,Documentary|Music,Documentary,2020-12-12,6.4,12224,327.42,en,Can deal claim.,58
TVS_00170,200170,The Or Legacy,tv_show,Animation|Documentary,Animation,2020-06-16,8.1,2415,420.09,es,Woman media hair name.,49
TVS_00171,200171,The Land Chronicles,tv_show,Music|Crime|Animation,Music,2023-11-15,6.1,1084,177.57,ko,Feel watch mind situation process.,42
TVS_00172,200172,The Light Show,tv_show,Documentary,Documentary,2019-06-19,9.0,1191,239.3,en,Reason mission worry goal Mrs decide between. Down could feel.,48
TVS_00173,200173,The There Diaries,tv_show,Action,Action,2020-02-08,8.6,10739,238.05,de,Need option everyone rock instead near end power.,57
TVS_00174,200174,The Common Legacy,tv_show,Comedy|Horror|Documentary,Comedy,2021-09-04,7.2,3154,127.34,de,War put vote century. Audience run yet recent cover.,60
TVS_00175,200175,The Hotel Legacy,tv_show,Action|Music|Thriller,Action,2023-01-26,6.3,8127,242.11,en,Clearly start first skin her who easy establish. Body nature at policy guy four event.,47
TVS_00176,200176,The Trouble Diaries,tv_show,Horror|Music|Crime,Horror,2025-01-23,6.0,8312,172.77,en,Act help why her bit.,41
TVS_00177,200177,The Wish Chronicles,tv_show,Music|Family,Music,2019-04-29,9.0,4690,143.09,en,Rock fill start majority more red tend.,50
TVS_00178,200178,The Ok Effect,tv_show,Drama|Comedy|Mystery,Drama,2020-07-31,7.2,11208,371.34,en,To color water hope. South question small necessary think I.,39
TVS_00179,200179,The Person Files,tv_show,Thriller|Fantasy,Thriller,2019-05-12,6.8,5218,546.74,en,Rather require price.,59
TVS_00180,200180,The Character Show,tv_show,Thriller,Thriller,2021-06-30,5.6,8969,413.59,en,Apply rise window religious eat. Industry leader keep government light expert weight minute.,33
TVS_00181,200181,The Serious Legacy,tv_show,Mystery|Music,Mystery,2025-10-09,8.8,7146,597.45,de,Player beautiful figure side suddenly.,34
TVS_00182,200182,The Protect Diaries,tv_show,Music|Fantasy|Drama,Music,2018-12-13,5.3,8832,569.67,en,War close arm sea never.,45
TVS_00183,200183,The Mind Chronicles,tv_show,Mystery,Mystery,2025-02-24,8.2,14520,584.01,de,Quality usually carry marriage rate quality.,44
TVS_00184,200184,The No Show,tv_show,Mystery|Family,Mystery,2024-03-18,8.9,4585,99.65,en,Add couple story account interesting move.,33
TVS_00185,200185,The Hair Legacy,tv_show,Action,Action,2020-05-08,7.6,10022,344.56,en,Amount large collection us shake tough company happen. Message weight institution here.,39
TVS_00186,200186,The Hour Chronicles,tv_show,Crime,Crime,2019-03-28,6.5,11374,470.1,en,Story surface tax face low. Defense scene notice design fight.,55
TVS_00187,200187,The Worker Effect,tv_show,Crime|Horror|Drama,Crime,2023-09-29,7.1,2353,106.63,en,Very throughout summer. Green past forget government.,51
TVS_00188,200188,The Accept Diaries,tv_show,Music,Music,2021-04-01,9.0,3746,448.0,de,Great big man be method child.,38
TVS_00189,200189,The Candidate Effect,tv_show,Drama,Drama,2026-01-15,8.6,8127,415.84,ko,Choose prevent difficult. Hear hair throughout movie especially writer.,40
TVS_00190,200190,The Realize Chronicles,tv_show,Romance|Adventure,Romance,2025-05-31,7.6,13605,234.42,en,Cause section accept third. Book expect card inside former.,59
TVS_00191,200191,The Almost Chronicles,tv_show,Crime|Mystery|Adventure,Crime,2019-08-22,7.2,7499,279.57,ja,Where work budget major many race camera.,40
TVS_00192,200192,The Society Chronicles,tv_show,Animation|Romance|Mystery,Animation,2024-10-10,7.3,8556,461.44,de,Rise score stay capital whatever society call. Matter should door question garden with.,37
TVS_00193,200193,The Sing Diaries,tv_show,Documentary|Romance,Documentary,2018-05-05,8.2,4784,282.19,en,Face magazine set easy check memory economic. Ten yes easy star.,28
TVS_00194,200194,The Decide Show,tv_show,Animation|Drama|Documentary,Animation,2022-04-22,6.9,11939,305.39,en,Particularly country talk pick chance build husband.,59
TVS_00195,200195,The Eye Effect,tv_show,Romance,Romance,2019-11-29,6.4,508,115.54,en,Adult current ten herself modern record.,37
TVS_00196,200196,The During Diaries,tv_show,Comedy|Sci-Fi,Comedy,2020-02-29,7.9,14962,429.77,en,Look member popular fight especially exactly. Represent east time consider a produce.,32
TVS_00197,200197,The Fund Show,tv_show,Comedy,Comedy,2020-01-29,6.9,6046,60.33,es,Exactly paper issue edge man free born.,57
TVS_00198,200198,The Relationship Effect,tv_show,Drama|Romance|Animation,Drama,2018-05-23,5.2,2899,548.23,en,Former scientist guess single. Painting draw every once beautiful blood picture.,34
TVS_00199,200199,The Play Files,tv_show,Family,Family,2019-04-19,5.8,11766,40.27,en,Why this stage cover knowledge better walk people.,53
