customer_id,email,country,age,signup_date,plan_type,monthly_revenue,is_churned,churn_date,acquisition_channel,device_type,preferred_genres,activity_level
CUST_000000,mmayo@example.net,WS,18,2024-11-30,standard,15.49,False,,tv_ad,tablet,Animation|Music,high
CUST_000001,andersonrobert@example.net,ID,49,2024-08-07,basic,9.99,False,,paid_search,mobile,Comedy|Family|Mystery,high
CUST_000002,patricia71@example.com,BJ,18,2026-03-03,premium,22.99,False,,paid_search,gaming_console,Action|Sci-Fi|Adventure,high
CUST_000003,gmills@example.org,DM,21,2025-04-20,standard,15.49,False,,social,smart_tv,Fantasy|Animation|Horror|Mystery,low
CUST_000004,heather24@example.org,TM,23,2025-07-19,basic,9.99,False,,organic,smart_tv,Drama|Fantasy|Animation|Romance,medium
CUST_000005,joysanders@example.net,SN,62,2024-05-27,standard,15.49,False,,tv_ad,gaming_console,Thriller|Romance,high
CUST_000006,martinkaren@example.com,TJ,23,2026-02-14,premium,22.99,False,,social,tablet,Documentary|Drama|Crime,high
CUST_000007,rmorales@example.org,ER,22,2025-12-06,standard,15.49,False,,social,desktop,Family|Action,high
CUST_000008,ashleyvargas@example.org,SG,62,2024-04-12,basic,9.99,True,2024-08-27,tv_ad,smart_tv,Crime|Comedy|Action,medium
CUST_000009,kevin34@example.net,IQ,68,2025-03-29,basic,9.99,False,,social,desktop,Comedy|Adventure|Sci-Fi|Documentary,high
CUST_000010,jacksonbrandon@example.org,JP,26,2025-06-12,premium,22.99,False,,tv_ad,gaming_console,Comedy|Drama|Fantasy,medium
CUST_000011,sheriramirez@example.org,IR,32,2024-05-10,standard,15.49,False,,social,mobile,Sci-Fi|Animation|Family|Music,high
CUST_000012,dayjohn@example.org,SN,31,2026-02-17,basic,9.99,True,2027-01-28,referral,desktop,Thriller|Family|Adventure,medium
CUST_000013,wongcynthia@example.com,LR,62,2024-07-09,basic,9.99,False,,social,tablet,Family|Thriller|Horror|Mystery,high
CUST_000014,jennifer69@example.com,LR,39,2024-06-13,basic,9.99,False,,social,desktop,Comedy|Crime|Family|Mystery,low
CUST_000015,hollowayjeffrey@example.com,EE,39,2024-05-24,premium,22.99,False,,referral,desktop,Fantasy|Music,low
CUST_000016,medinatiffany@example.net,CD,52,2024-10-25,basic,9.99,False,,social,desktop,Music|Thriller|Sci-Fi,high
CUST_000017,qbautista@example.net,ZW,64,2025-10-23,standard,15.49,False,,social,gaming_console,Fantasy|Comedy,medium
CUST_000018,lisawalker@example.com,GA,27,2025-07-23,premium,22.99,True,2026-01-12,organic,tablet,Thriller|Crime|Family|Fantasy,low
CUST_000019,omoore@example.net,RS,56,2025-07-05,standard,15.49,False,,organic,tablet,Drama|Animation,medium
CUST_000020,eddie71@example.com,EG,33,2025-03-13,premium,22.99,False,,social,desktop,Mystery|Romance|Action|Adventure,medium
CUST_000021,lisathompson@example.net,RW,67,2025-04-01,standard,15.49,False,,paid_search,smart_tv,Music|Adventure|Crime,high
CUST_000022,deborahsmith@example.org,EE,48,2025-10-28,standard,15.49,False,,tv_ad,tablet,Animation|Comedy|Music,low
CUST_000023,mmcdaniel@example.org,CV,26,2026-01-04,standard,15.49,True,2026-05-19,organic,desktop,Fantasy|Comedy,medium
CUST_000024,psanchez@example.com,BZ,56,2024-06-04,standard,15.49,False,,organic,tablet,Adventure|Mystery|Romance|Fantasy,high
CUST_000025,jessicamorton@example.net,BZ,37,2025-10-24,standard,15.49,False,,organic,gaming_console,Comedy|Family,high
CUST_000026,asmith@example.net,BD,35,2025-01-28,standard,15.49,False,,tv_ad,tablet,Crime|Horror,low
CUST_000027,kaylaadams@example.net,US,57,2024-07-21,standard,15.49,False,,tv_ad,gaming_console,Music|Animation|Romance,low
CUST_000028,rosariodaniel@example.net,LU,63,2024-04-20,basic,9.99,False,,social,gaming_console,Comedy|Crime|Romance,low
CUST_000029,harristimothy@example.net,PA,26,2026-02-01,basic,9.99,False,,organic,desktop,Drama|Crime|Comedy,medium
CUST_000030,kylemendoza@example.org,BG,63,2026-01-03,premium,22.99,True,2026-12-04,tv_ad,desktop,Mystery|Adventure|Action,low
CUST_000031,courtney10@example.org,CA,69,2025-06-06,premium,22.99,False,,tv_ad,smart_tv,Fantasy|Horror|Documentary,high
CUST_000032,curtis62@example.org,GR,47,2025-06-07,standard,15.49,False,,organic,desktop,Fantasy|Family,high
CUST_000033,ronaldhernandez@example.net,JO,27,2024-04-28,standard,15.49,False,,tv_ad,tablet,Family|Sci-Fi|Fantasy|Horror,high
CUST_000034,tmcdaniel@example.org,RW,19,2024-10-02,standard,15.49,False,,organic,desktop,Animation|Thriller|Crime|Family,medium
CUST_000035,walkerstephanie@example.com,MK,56,2024-08-19,basic,9.99,False,,tv_ad,mobile,Fantasy|Music|Romance,high
CUST_000036,david10@example.net,CZ,68,2024-06-08,premium,22.99,True,2024-12-09,tv_ad,desktop,Family|Adventure|Crime|Comedy,medium
CUST_000037,mmoreno@example.org,GD,48,2024-08-26,standard,15.49,False,,referral,smart_tv,Drama|Horror,medium
CUST_000038,patriciamcdaniel@example.net,JO,39,2025-03-06,standard,15.49,False,,tv_ad,mobile,Drama|Action|Family|Fantasy,medium
CUST_000039,nelsonvictor@example.com,IN,49,2025-01-05,basic,9.99,False,,organic,gaming_console,Documentary|Animation,medium
CUST_000040,mccormickmichelle@example.org,TD,43,2025-12-30,premium,22.99,False,,organic,gaming_console,Adventure|Fantasy|Sci-Fi|Music,medium
CUST_000041,dylan77@example.org,CG,60,2024-08-01,basic,9.99,False,,organic,smart_tv,Family|Fantasy|Action|Crime,medium
CUST_000042,rmoyer@example.org,BW,60,2025-07-02,basic,9.99,False,,paid_search,desktop,Animation|Family|Thriller|Mystery,high
CUST_000043,huntercruz@example.com,SA,38,2024-12-16,premium,22.99,False,,social,gaming_console,Drama|Sci-Fi|Horror|Family,high
CUST_000044,asteele@example.net,ZW,57,2025-03-05,premium,22.99,False,,tv_ad,desktop,Documentary|Crime|Adventure,medium
CUST_000045,leahvaldez@example.org,MV,18,2024-12-25,basic,9.99,False,,tv_ad,tablet,Crime|Comedy,high
CUST_000046,fryan@example.net,SO,43,2025-03-01,basic,9.99,False,,social,desktop,Horror|Action,high
CUST_000047,patrickcarpenter@example.com,SL,53,2026-01-08,standard,15.49,False,,referral,tablet,Horror|Thriller|Music|Sci-Fi,low
CUST_000048,jacquelineyoung@example.org,GA,27,2025-07-02,standard,15.49,False,,referral,desktop,Music|Animation|Mystery|Adventure,high
CUST_000049,coxthomas@example.org,CG,45,2026-01-30,basic,9.99,True,2027-01-14,paid_search,desktop,Family|Action|Sci-Fi|Documentary,medium
CUST_000050,michael24@example.com,CV,56,2024-05-26,premium,22.99,False,,organic,gaming_console,Action|Crime|Horror,low
CUST_000051,osanchez@example.org,AE,52,2026-01-18,standard,15.49,False,,tv_ad,tablet,Documentary|Comedy,medium
CUST_000052,haydenjane@example.com,ES,62,2024-07-26,basic,9.99,False,,organic,mobile,Sci-Fi|Documentary|Crime|Adventure,medium
CUST_000053,swatson@example.org,HR,57,2024-04-30,premium,22.99,False,,organic,mobile,Sci-Fi|Comedy|Adventure,medium
CUST_000054,woodsbrittney@example.org,AT,55,2025-07-05,standard,15.49,False,,social,gaming_console,Thriller|Adventure|Animation|Family,medium
CUST_000055,donald31@example.org,TN,48,2024-08-02,basic,9.99,False,,tv_ad,tablet,Family|Mystery|Sci-Fi|Animation,medium
CUST_000056,lhernandez@example.com,CH,56,2026-01-15,standard,15.49,False,,social,gaming_console,Romance|Music|Mystery,high
CUST_000057,theodore57@example.net,MD,36,2024-07-27,standard,15.49,True,2025-07-11,organic,tablet,Drama|Music|Animation,low
CUST_000058,daniel00@example.net,GB,57,2024-04-20,standard,15.49,True,2024-10-10,social,tablet,Adventure|Fantasy|Family|Romance,low
CUST_000059,alexwall@example.net,PH,41,2024-08-22,basic,9.99,False,,paid_search,tablet,Music|Drama|Documentary|Animation,high
CUST_000060,samantha84@example.net,GT,39,2025-06-14,premium,22.99,False,,organic,mobile,Family|Comedy,high
CUST_000061,josephdavis@example.com,CN,44,2025-03-05,premium,22.99,False,,referral,mobile,Fantasy|Sci-Fi,high
CUST_000062,richardbrown@example.com,ER,21,2025-11-08,premium,22.99,False,,social,smart_tv,Music|Horror|Drama|Documentary,high
CUST_000063,velasqueztaylor@example.com,TD,66,2026-01-08,basic,9.99,False,,tv_ad,mobile,Sci-Fi|Romance|Animation,high
CUST_000064,kwilcox@example.org,MR,45,2025-08-21,standard,15.49,False,,organic,tablet,Sci-Fi|Romance|Music,medium
CUST_000065,glee@example.org,BO,52,2025-08-25,standard,15.49,False,,social,desktop,Comedy|Thriller|Mystery,low
CUST_000066,anthony42@example.net,CD,34,2025-01-16,premium,22.99,False,,tv_ad,desktop,Crime|Romance|Fantasy,high
CUST_000067,carlaavila@example.com,ET,51,2024-05-30,standard,15.49,False,,social,mobile,Horror|Documentary|Thriller|Drama,high
CUST_000068,daniellejohnson@example.com,BS,51,2025-06-12,standard,15.49,False,,organic,desktop,Mystery|Fantasy|Adventure|Animation,medium
CUST_000069,elliottkristy@example.org,BE,23,2025-06-26,standard,15.49,False,,organic,gaming_console,Romance|Horror|Mystery,low
CUST_000070,hardingalan@example.com,GB,25,2024-12-10,premium,22.99,False,,organic,gaming_console,Drama|Thriller,low
CUST_000071,uporter@example.com,RS,34,2024-11-15,basic,9.99,False,,social,desktop,Drama|Family|Music|Adventure,high
CUST_000072,jacquelinedavis@example.com,SZ,60,2025-01-11,premium,22.99,False,,social,tablet,Sci-Fi|Romance|Family|Action,high
CUST_000073,shawkimberly@example.org,TZ,21,2025-05-06,basic,9.99,False,,social,tablet,Family|Mystery|Action,medium
CUST_000074,cwoods@example.com,DK,59,2025-12-19,basic,9.99,False,,referral,smart_tv,Animation|Horror|Drama,medium
CUST_000075,omiller@example.org,VC,46,2024-08-05,basic,9.99,False,,social,smart_tv,Horror|Drama|Thriller,low
CUST_000076,lindseypena@example.net,DK,49,2024-10-06,basic,9.99,True,2025-01-20,organic,smart_tv,Documentary|Romance|Family|Sci-Fi,low
CUST_000077,seth25@example.com,ML,54,2025-05-04,premium,22.99,False,,organic,gaming_console,Documentary|Crime,high
CUST_000078,twilliams@example.net,MW,67,2025-08-07,premium,22.99,False,,organic,gaming_console,Sci-Fi|Action|Fantasy,high
CUST_000079,wendylawson@example.org,TN,40,2024-10-12,basic,9.99,True,2025-04-30,social,desktop,Fantasy|Family|Sci-Fi|Adventure,medium
CUST_000080,adavis@example.org,KR,47,2025-08-10,basic,9.99,False,,social,mobile,Adventure|Crime|Comedy|Fantasy,low
CUST_000081,portershawn@example.org,KE,24,2025-06-08,basic,9.99,False,,social,desktop,Thriller|Horror|Romance,high
CUST_000082,ramirezmichael@example.org,BN,19,2024-08-13,basic,9.99,False,,tv_ad,mobile,Documentary|Horror|Music,low
CUST_000083,escott@example.com,PA,69,2024-08-27,standard,15.49,False,,referral,smart_tv,Thriller|Romance|Sci-Fi|Comedy,high
CUST_000084,shelbybonilla@example.com,BB,31,2025-08-28,basic,9.99,False,,tv_ad,desktop,Family|Documentary|Mystery,medium
CUST_000085,richard92@example.com,MM,20,2025-01-17,premium,22.99,False,,paid_search,desktop,Music|Documentary|Drama|Horror,high
CUST_000086,nathaniel68@example.com,IN,29,2025-05-13,premium,22.99,True,2026-05-01,organic,tablet,Mystery|Horror|Documentary|Thriller,low
CUST_000087,oliverdawn@example.net,HN,70,2026-02-20,basic,9.99,False,,organic,smart_tv,Fantasy|Drama,low
CUST_000088,mooredaniel@example.com,DJ,69,2025-10-05,standard,15.49,False,,referral,tablet,Horror|Adventure|Family|Animation,medium
CUST_000089,onash@example.com,PL,55,2025-06-26,basic,9.99,False,,paid_search,tablet,Comedy|Music|Crime|Horror,high
CUST_000090,baileytaylor@example.net,PT,41,2025-09-11,basic,9.99,True,2026-07-21,paid_search,desktop,Family|Action,low
CUST_000091,whitedaniel@example.com,NR,58,2024-07-03,basic,9.99,False,,tv_ad,desktop,Music|Adventure,high
CUST_000092,umurphy@example.com,UY,23,2024-09-11,basic,9.99,True,2025-09-09,tv_ad,tablet,Adventure|Mystery|Fantasy,low
CUST_000093,jacquelinealvarez@example.com,PH,35,2025-04-22,standard,15.49,False,,tv_ad,desktop,Documentary|Music|Horror,low
CUST_000094,stacythomas@example.org,LB,29,2024-05-09,standard,15.49,False,,referral,gaming_console,Drama|Documentary,low
CUST_000095,huertakim@example.org,ML,30,2025-06-25,basic,9.99,False,,organic,gaming_console,Crime|Action|Mystery,medium
CUST_000096,nirwin@example.org,GH,35,2025-12-14,basic,9.99,False,,organic,mobile,Comedy|Horror|Sci-Fi|Thriller,high
CUST_000097,cisnerosgabriela@example.com,ID,20,2026-02-13,basic,9.99,False,,organic,tablet,Fantasy|Sci-Fi|Animation|Music,low
CUST_000098,christopherjones@example.com,BR,47,2025-08-16,standard,15.49,False,,organic,smart_tv,Crime|Drama|Family,high
CUST_000099,hsavage@example.org,SV,25,2024-11-27,premium,22.99,True,2025-02-01,paid_search,desktop,Music|Animation|Family|Mystery,low
CUST_000100,jack01@example.com,LV,32,2026-03-04,premium,22.99,False,,organic,tablet,Horror|Documentary|Thriller,high
CUST_000101,franklin56@example.com,PY,22,2025-11-16,basic,9.99,True,2026-08-14,tv_ad,desktop,Action|Fantasy|Horror|Animation,high
CUST_000102,tammykim@example.net,TO,42,2025-05-30,basic,9.99,False,,social,mobile,Horror|Drama,medium
CUST_000103,hoffmanpatricia@example.org,BO,62,2025-02-06,standard,15.49,False,,tv_ad,smart_tv,Crime|Romance|Horror|Animation,low
CUST_000104,mariodowns@example.net,CH,32,2025-10-23,standard,15.49,True,2026-04-22,tv_ad,mobile,Sci-Fi|Action|Music,medium
CUST_000105,alexis72@example.com,LB,23,2026-01-10,premium,22.99,False,,referral,gaming_console,Drama|Comedy,high
CUST_000106,ubaker@example.org,PG,35,2024-07-07,standard,15.49,False,,organic,desktop,Drama|Sci-Fi,high
CUST_000107,cynthiafowler@example.net,BY,55,2026-01-16,premium,22.99,False,,paid_search,gaming_console,Crime|Action,medium
CUST_000108,julielopez@example.net,ST,50,2024-05-08,basic,9.99,False,,organic,desktop,Mystery|Sci-Fi,high
CUST_000109,carolynrobinson@example.org,ET,53,2025-12-02,premium,22.99,False,,organic,desktop,Fantasy|Adventure|Sci-Fi|Family,medium
CUST_000110,woodmichael@example.com,KP,60,2025-09-19,basic,9.99,True,2026-03-24,paid_search,desktop,Horror|Thriller|Adventure,low
CUST_000111,lyonsdeborah@example.com,NG,63,2025-05-04,premium,22.99,False,,referral,mobile,Sci-Fi|Animation,high
CUST_000112,michael86@example.net,LT,62,2025-02-22,standard,15.49,False,,social,gaming_console,Thriller|Mystery|Animation|Adventure,medium
CUST_000113,stephenbrooks@example.net,UG,31,2024-07-07,basic,9.99,False,,organic,gaming_console,Documentary|Drama|Comedy,medium
CUST_000114,qjames@example.net,KZ,21,2024-08-14,standard,15.49,False,,organic,desktop,Comedy|Thriller,medium
CUST_000115,jacqueline11@example.org,BT,53,2025-03-15,standard,15.49,False,,organic,gaming_console,Crime|Animation,low
CUST_000116,jensenrobert@example.com,AE,59,2025-08-27,premium,22.99,False,,referral,gaming_console,Crime|Horror,medium
CUST_000117,schultzwesley@example.org,TL,50,2025-11-14,premium,22.99,False,,referral,tablet,Family|Horror|Crime|Animation,high
CUST_000118,xlewis@example.com,TG,25,2024-11-21,basic,9.99,True,2025-08-18,tv_ad,gaming_console,Sci-Fi|Animation|Comedy,medium
CUST_000119,gonzalezterrence@example.org,MG,22,2025-01-30,standard,15.49,False,,paid_search,desktop,Family|Thriller|Documentary,high
CUST_000120,pgutierrez@example.net,SZ,35,2025-12-17,basic,9.99,True,2026-03-14,paid_search,desktop,Romance|Adventure,low
CUST_000121,ayerskimberly@example.net,JM,52,2025-02-11,basic,9.99,False,,paid_search,desktop,Thriller|Mystery|Romance|Action,high
CUST_000122,kyle63@example.org,NI,69,2024-11-03,standard,15.49,False,,paid_search,gaming_console,Thriller|Mystery|Romance|Horror,low
CUST_000123,johnsonkrystal@example.net,SZ,60,2024-05-05,premium,22.99,False,,tv_ad,gaming_console,Crime|Thriller|Fantasy|Animation,medium
CUST_000124,matthew96@example.org,TH,32,2025-07-19,standard,15.49,False,,referral,tablet,Music|Family|Romance|Animation,high
CUST_000125,christinalong@example.org,TR,28,2025-02-07,standard,15.49,False,,tv_ad,mobile,Music|Crime,medium
CUST_000126,sheilamyers@example.net,EC,60,2025-03-09,premium,22.99,False,,paid_search,mobile,Music|Fantasy,high
CUST_000127,zachary63@example.org,KN,29,2025-02-17,basic,9.99,True,2025-07-02,tv_ad,smart_tv,Drama|Music|Sci-Fi,low
CUST_000128,williamwelch@example.com,YE,28,2025-12-23,premium,22.99,False,,tv_ad,tablet,Music|Crime|Sci-Fi,medium
CUST_000129,mary25@example.org,BW,47,2026-03-22,basic,9.99,False,,social,mobile,Animation|Sci-Fi|Family,low
CUST_000130,kimcristina@example.net,DE,36,2024-06-21,basic,9.99,False,,tv_ad,mobile,Comedy|Crime|Thriller|Documentary,medium
CUST_000131,armstronganthony@example.net,CO,20,2024-05-01,premium,22.99,False,,paid_search,gaming_console,Crime|Documentary|Adventure,high
CUST_000132,jacob34@example.org,SO,23,2025-03-28,basic,9.99,False,,social,smart_tv,Drama|Fantasy|Horror,medium
CUST_000133,jessicaroman@example.com,IL,23,2026-01-22,premium,22.99,False,,tv_ad,desktop,Comedy|Horror|Family|Romance,low
CUST_000134,hillsavannah@example.net,AO,38,2025-09-04,premium,22.99,False,,tv_ad,gaming_console,Comedy|Action,low
CUST_000135,rodriguezsara@example.org,CD,41,2025-08-18,premium,22.99,False,,referral,tablet,Crime|Action|Music|Documentary,high
CUST_000136,jose21@example.org,SA,64,2024-07-29,basic,9.99,False,,referral,desktop,Romance|Sci-Fi|Comedy,low
CUST_000137,roberta36@example.org,RW,55,2026-01-26,standard,15.49,False,,tv_ad,smart_tv,Animation|Action|Documentary|Fantasy,low
CUST_000138,gutierreztommy@example.net,BO,55,2025-12-18,basic,9.99,False,,referral,smart_tv,Fantasy|Comedy|Crime,low
CUST_000139,ubrooks@example.net,PG,54,2024-09-20,basic,9.99,False,,paid_search,mobile,Action|Music|Comedy,medium
CUST_000140,hectorsmith@example.org,KM,37,2025-12-29,basic,9.99,False,,tv_ad,tablet,Comedy|Sci-Fi|Mystery,high
CUST_000141,wilsonmatthew@example.com,RO,34,2025-06-24,standard,15.49,False,,social,desktop,Horror|Mystery|Family,low
CUST_000142,moorejudy@example.org,FI,59,2025-07-30,basic,9.99,False,,paid_search,smart_tv,Action|Music|Sci-Fi,high
CUST_000143,herreraapril@example.org,GM,48,2025-07-24,basic,9.99,False,,tv_ad,desktop,Adventure|Drama|Documentary,medium
CUST_000144,danny30@example.com,CU,64,2026-02-12,standard,15.49,False,,tv_ad,smart_tv,Documentary|Fantasy|Adventure,medium
CUST_000145,lunashelby@example.com,IS,62,2024-09-27,standard,15.49,False,,paid_search,tablet,Music|Crime,medium
CUST_000146,stephaniebailey@example.net,CF,36,2025-04-19,basic,9.99,True,2026-02-14,organic,gaming_console,Action|Thriller|Crime,low
CUST_000147,fmcgee@example.com,SG,28,2024-11-24,basic,9.99,False,,tv_ad,tablet,Family|Adventure,medium
CUST_000148,johngonzalez@example.net,IT,41,2025-02-14,standard,15.49,False,,organic,gaming_console,Family|Romance|Fantasy|Thriller,high
CUST_000149,silvakatie@example.com,DM,41,2025-02-09,premium,22.99,False,,referral,desktop,Mystery|Music,medium
CUST_000150,stephaniefreeman@example.com,NO,32,2025-12-17,standard,15.49,False,,paid_search,gaming_console,Adventure|Horror,low
CUST_000151,lisa91@example.net,MV,69,2025-07-17,premium,22.99,False,,organic,desktop,Fantasy|Comedy|Documentary|Animation,high
CUST_000152,ashleybrooks@example.net,BI,48,2025-03-09,standard,15.49,False,,social,tablet,Fantasy|Music,high
CUST_000153,pamelarubio@example.com,TZ,39,2025-03-25,premium,22.99,False,,paid_search,tablet,Animation|Drama|Comedy,high
CUST_000154,cassandra85@example.com,AT,27,2025-02-22,basic,9.99,False,,paid_search,tablet,Horror|Music,high
CUST_000155,lisajordan@example.org,MK,25,2024-07-08,basic,9.99,False,,organic,smart_tv,Action|Documentary,high
CUST_000156,lewisnathan@example.org,KW,60,2024-10-17,standard,15.49,False,,tv_ad,gaming_console,Horror|Adventure,low
CUST_000157,floresalex@example.com,GH,66,2024-07-13,basic,9.99,False,,organic,smart_tv,Mystery|Adventure|Romance,high
CUST_000158,rachel81@example.com,JM,23,2025-04-06,premium,22.99,False,,paid_search,tablet,Music|Thriller,medium
CUST_000159,alisongarcia@example.com,VC,57,2025-07-21,premium,22.99,False,,paid_search,gaming_console,Fantasy|Comedy,high
CUST_000160,berrydebbie@example.net,TW,36,2025-07-26,premium,22.99,True,2025-11-20,tv_ad,smart_tv,Family|Mystery|Comedy|Horror,medium
CUST_000161,lisa33@example.org,SA,48,2025-03-14,premium,22.99,True,2025-10-17,tv_ad,mobile,Animation|Comedy,high
CUST_000162,mooneyrobert@example.org,PG,42,2025-05-02,standard,15.49,False,,referral,mobile,Music|Fantasy,medium
CUST_000163,brittany39@example.org,JM,25,2024-08-20,premium,22.99,False,,tv_ad,mobile,Family|Crime,low
CUST_000164,buckjustin@example.com,AZ,49,2024-04-23,standard,15.49,False,,organic,desktop,Romance|Comedy|Documentary|Mystery,low
CUST_000165,rogersallen@example.com,BY,36,2026-03-06,standard,15.49,False,,referral,mobile,Romance|Thriller|Sci-Fi|Horror,medium
CUST_000166,rcummings@example.com,GB,61,2026-01-14,basic,9.99,False,,referral,smart_tv,Thriller|Crime|Music,low
CUST_000167,xmiller@example.com,SA,62,2025-01-03,standard,15.49,False,,tv_ad,smart_tv,Thriller|Adventure|Fantasy|Music,medium
CUST_000168,longheather@example.com,SA,39,2025-07-29,premium,22.99,False,,paid_search,gaming_console,Adventure|Crime,high
CUST_000169,cameronsharon@example.org,AT,67,2026-01-29,standard,15.49,True,2026-12-22,tv_ad,tablet,Documentary|Sci-Fi|Romance,medium
CUST_000170,petersendominic@example.com,FM,49,2024-09-30,premium,22.99,False,,tv_ad,tablet,Sci-Fi|Thriller|Drama,high
CUST_000171,fperez@example.org,RS,32,2025-10-24,basic,9.99,False,,paid_search,smart_tv,Adventure|Romance,medium
CUST_000172,lisa80@example.net,BF,29,2026-03-11,basic,9.99,False,,referral,gaming_console,Sci-Fi|Thriller,low
CUST_000173,rodriguezstacey@example.org,IN,60,2024-10-28,premium,22.99,False,,tv_ad,desktop,Drama|Animation|Adventure,high
CUST_000174,knelson@example.org,TV,69,2024-12-21,standard,15.49,False,,tv_ad,gaming_console,Sci-Fi|Animation|Comedy|Romance,medium
CUST_000175,martinezmichelle@example.net,NG,38,2025-04-02,basic,9.99,False,,referral,desktop,Action|Adventure,medium
CUST_000176,hbarnett@example.net,GY,37,2025-08-17,standard,15.49,True,2025-12-09,referral,desktop,Comedy|Thriller,high
CUST_000177,rstanley@example.com,ES,49,2025-07-02,basic,9.99,False,,tv_ad,gaming_console,Sci-Fi|Family|Adventure,medium
CUST_000178,christophermiranda@example.net,BS,49,2025-04-19,premium,22.99,False,,tv_ad,desktop,Fantasy|Music|Comedy|Mystery,medium
CUST_000179,donnamoss@example.org,MD,26,2025-01-09,premium,22.99,False,,social,tablet,Crime|Mystery|Fantasy,medium
CUST_000180,bonillabrian@example.org,SV,40,2024-06-09,premium,22.99,False,,referral,tablet,Crime|Action|Adventure|Fantasy,medium
CUST_000181,mcardenas@example.com,CA,23,2024-09-24,basic,9.99,False,,organic,tablet,Horror|Thriller,medium
CUST_000182,lisagill@example.net,KW,60,2024-12-30,basic,9.99,False,,referral,gaming_console,Comedy|Crime,low
CUST_000183,jeanette28@example.org,CO,38,2025-11-21,premium,22.99,False,,referral,gaming_console,Mystery|Documentary|Sci-Fi,medium
CUST_000184,paul79@example.net,FR,61,2024-09-26,standard,15.49,False,,paid_search,tablet,Family|Sci-Fi,low
CUST_000185,rlopez@example.com,DM,45,2025-12-06,standard,15.49,False,,paid_search,desktop,Crime|Music|Drama|Romance,medium
CUST_000186,stephanie91@example.org,PL,36,2025-09-25,premium,22.99,False,,social,smart_tv,Fantasy|Animation,medium
CUST_000187,mcgeejohn@example.com,ER,23,2026-02-19,standard,15.49,False,,tv_ad,smart_tv,Family|Horror|Drama,high
CUST_000188,alvarezalyssa@example.com,IN,45,2024-11-03,premium,22.99,False,,paid_search,tablet,Drama|Family,medium
CUST_000189,gomezjason@example.com,SC,52,2024-07-10,basic,9.99,False,,social,mobile,Comedy|Family|Romance,medium
CUST_000190,brian45@example.org,BE,19,2025-03-10,standard,15.49,False,,tv_ad,mobile,Comedy|Sci-Fi|Thriller|Animation,low
CUST_000191,bdennis@example.org,KE,52,2025-08-26,premium,22.99,False,,tv_ad,desktop,Fantasy|Documentary|Sci-Fi|Romance,high
CUST_000192,rthompson@example.net,UZ,27,2024-09-04,premium,22.99,False,,paid_search,mobile,Comedy|Horror,medium
CUST_000193,drodriguez@example.net,HU,22,2025-04-28,premium,22.99,False,,paid_search,desktop,Fantasy|Action|Animation,medium
CUST_000194,dariusjacobson@example.net,IQ,33,2024-07-05,standard,15.49,False,,organic,mobile,Music|Romance|Thriller|Drama,medium
CUST_000195,pateljoshua@example.net,ME,45,2024-10-12,basic,9.99,True,2025-10-08,organic,mobile,Sci-Fi|Animation|Comedy,high
CUST_000196,gmyers@example.org,ES,60,2025-10-17,basic,9.99,False,,tv_ad,mobile,Romance|Family,high
CUST_000197,tyler23@example.com,DZ,23,2026-01-10,premium,22.99,False,,social,gaming_console,Sci-Fi|Family|Mystery|Fantasy,high
CUST_000198,jessica12@example.net,ME,23,2024-11-19,standard,15.49,False,,referral,mobile,Animation|Crime|Thriller,high
CUST_000199,sstevenson@example.org,DO,67,2025-08-06,basic,9.99,True,2026-05-31,social,desktop,Comedy|Adventure|Animation|Thriller,medium
CUST_000200,jacksonmartin@example.com,CV,55,2024-12-10,basic,9.99,False,,referral,mobile,Family|Animation,medium
CUST_000201,bpatterson@example.org,IN,46,2024-04-19,standard,15.49,False,,referral,tablet,Music|Horror,high
CUST_000202,jacksonkathleen@example.org,UG,48,2026-02-23,premium,22.99,True,2026-07-29,social,mobile,Crime|Documentary|Adventure|Animation,medium
CUST_000203,faguilar@example.org,PW,56,2025-01-08,standard,15.49,False,,organic,smart_tv,Fantasy|Romance|Mystery,high
CUST_000204,fuentesashley@example.com,GT,62,2024-07-03,premium,22.99,False,,social,smart_tv,Horror|Romance|Comedy|Action,medium
CUST_000205,karirowe@example.org,KI,34,2025-05-22,premium,22.99,False,,social,smart_tv,Action|Mystery|Animation,high
CUST_000206,shaun58@example.com,HR,69,2025-12-25,basic,9.99,False,,referral,smart_tv,Animation|Sci-Fi,high
CUST_000207,michael05@example.com,KN,39,2025-04-22,standard,15.49,False,,referral,smart_tv,Sci-Fi|Documentary|Action,high
CUST_000208,rrodriguez@example.net,ZA,53,2024-12-25,basic,9.99,False,,social,desktop,Adventure|Crime|Action|Drama,high
CUST_000209,hernandezrobert@example.org,KM,46,2025-08-19,premium,22.99,True,2026-08-12,paid_search,smart_tv,Thriller|Animation,low
CUST_000210,tyler39@example.net,MC,33,2024-07-29,standard,15.49,False,,tv_ad,mobile,Crime|Drama|Adventure,low
CUST_000211,jamie13@example.com,DZ,29,2025-03-10,premium,22.99,False,,tv_ad,tablet,Sci-Fi|Animation|Documentary,low
CUST_000212,natalie87@example.net,EC,54,2024-07-02,standard,15.49,False,,paid_search,smart_tv,Crime|Music|Action,high
CUST_000213,pamela69@example.com,IS,30,2024-11-02,basic,9.99,False,,social,mobile,Drama|Thriller|Horror|Adventure,high
CUST_000214,blakemeyer@example.com,VA,41,2024-12-06,basic,9.99,False,,paid_search,gaming_console,Drama|Romance|Music,low
CUST_000215,kpope@example.com,JO,32,2024-07-14,basic,9.99,True,2024-11-25,paid_search,tablet,Action|Family|Sci-Fi|Thriller,low
CUST_000216,portergina@example.com,KZ,70,2024-07-04,standard,15.49,False,,social,mobile,Music|Action|Horror,high
CUST_000217,cindy24@example.com,JO,33,2024-08-04,standard,15.49,False,,tv_ad,desktop,Mystery|Romance,high
CUST_000218,alexis03@example.com,UA,38,2024-05-30,basic,9.99,False,,referral,mobile,Thriller|Sci-Fi|Adventure|Mystery,medium
CUST_000219,freemanadam@example.com,HR,53,2024-07-14,premium,22.99,False,,organic,smart_tv,Documentary|Drama|Romance,low
CUST_000220,williamsdevin@example.com,SC,69,2026-01-17,standard,15.49,False,,tv_ad,smart_tv,Animation|Crime|Drama,high
CUST_000221,stephaniereeves@example.org,ES,53,2025-09-08,basic,9.99,False,,organic,gaming_console,Action|Romance|Animation|Thriller,medium
CUST_000222,frichards@example.com,GN,63,2024-09-09,basic,9.99,False,,tv_ad,desktop,Sci-Fi|Crime|Animation|Music,low
CUST_000223,pfitzpatrick@example.net,DZ,35,2024-05-04,basic,9.99,False,,social,desktop,Mystery|Music|Sci-Fi,high
CUST_000224,gross@example.com,KI,51,2025-02-04,standard,15.49,False,,social,desktop,Drama|Fantasy|Family,high
CUST_000225,glen65@example.net,CU,60,2025-07-17,basic,9.99,False,,referral,smart_tv,Family|Music|Comedy,high
CUST_000226,johnbutler@example.org,KI,28,2025-09-22,basic,9.99,True,2026-06-18,referral,smart_tv,Music|Mystery,low
CUST_000227,evanssara@example.com,ST,25,2024-12-02,standard,15.49,True,2025-03-17,organic,tablet,Documentary|Comedy|Sci-Fi,low
CUST_000228,bpatton@example.org,CU,70,2024-08-30,basic,9.99,False,,social,gaming_console,Music|Fantasy|Animation,high
CUST_000229,gbenson@example.net,LC,22,2025-05-24,premium,22.99,False,,paid_search,desktop,Mystery|Comedy|Family|Drama,low
CUST_000230,dgomez@example.com,NG,25,2025-01-12,premium,22.99,True,2025-08-31,social,gaming_console,Mystery|Romance|Thriller,high
CUST_000231,gainesanthony@example.com,BT,63,2025-04-03,basic,9.99,False,,referral,desktop,Mystery|Adventure,medium
CUST_000232,christinaturner@example.org,TT,46,2025-11-18,premium,22.99,False,,social,gaming_console,Thriller|Mystery|Crime|Fantasy,high
CUST_000233,david89@example.com,BF,69,2025-05-12,basic,9.99,False,,organic,smart_tv,Family|Thriller,medium
CUST_000234,qmartinez@example.org,PL,67,2025-11-17,premium,22.99,False,,referral,smart_tv,Adventure|Action|Romance,low
CUST_000235,fcombs@example.org,IR,59,2025-12-28,basic,9.99,False,,paid_search,smart_tv,Action|Family,medium
CUST_000236,cookconnor@example.com,TM,56,2026-01-14,standard,15.49,False,,paid_search,tablet,Documentary|Family|Romance,high
CUST_000237,michelle19@example.net,SE,42,2025-04-18,premium,22.99,True,2026-01-16,social,gaming_console,Comedy|Horror|Sci-Fi,low
CUST_000238,mileszachary@example.net,SZ,58,2025-11-05,premium,22.99,False,,referral,smart_tv,Family|Crime|Drama,low
CUST_000239,jeffreylowe@example.org,KI,27,2025-04-29,basic,9.99,False,,referral,gaming_console,Thriller|Horror|Animation,high
CUST_000240,jennifer07@example.net,FM,69,2025-08-10,premium,22.99,False,,referral,tablet,Romance|Sci-Fi,medium
CUST_000241,joneseric@example.org,SK,54,2024-09-12,basic,9.99,False,,organic,gaming_console,Animation|Romance|Horror|Comedy,medium
CUST_000242,jameswells@example.net,PA,60,2024-06-24,basic,9.99,False,,tv_ad,tablet,Adventure|Comedy|Action|Family,low
CUST_000243,howekevin@example.com,ER,65,2025-02-07,standard,15.49,False,,referral,mobile,Family|Comedy,low
CUST_000244,meaganpayne@example.net,KZ,37,2026-01-07,basic,9.99,False,,social,gaming_console,Adventure|Action,high
CUST_000245,reynoldsdaisy@example.org,CV,69,2025-03-17,premium,22.99,False,,paid_search,mobile,Sci-Fi|Drama|Family|Romance,medium
CUST_000246,georgeharmon@example.net,FR,19,2026-01-05,basic,9.99,True,2026-02-06,referral,smart_tv,Romance|Fantasy|Thriller|Adventure,low
CUST_000247,qroberts@example.org,TZ,65,2025-04-14,basic,9.99,False,,tv_ad,desktop,Sci-Fi|Documentary|Action,high
CUST_000248,elizabeth66@example.net,CD,69,2025-04-27,standard,15.49,False,,social,smart_tv,Crime|Documentary|Thriller|Fantasy,high
CUST_000249,jli@example.org,JM,30,2025-04-05,basic,9.99,True,2025-05-18,paid_search,desktop,Adventure|Fantasy,low
CUST_000250,elliottalex@example.com,AU,68,2025-03-31,premium,22.99,True,2026-01-30,paid_search,smart_tv,Action|Fantasy,medium
CUST_000251,wwilliams@example.org,PT,28,2025-08-24,standard,15.49,False,,paid_search,desktop,Sci-Fi|Action,low
CUST_000252,khill@example.com,SC,43,2026-02-24,standard,15.49,False,,organic,tablet,Drama|Horror|Fantasy,medium
CUST_000253,michaelmccarthy@example.com,SG,64,2026-02-03,basic,9.99,True,2026-12-13,social,smart_tv,Action|Animation|Sci-Fi|Documentary,medium
CUST_000254,dianabell@example.net,TM,49,2024-05-28,standard,15.49,False,,paid_search,smart_tv,Drama|Documentary|Animation|Thriller,high
CUST_000255,yespinoza@example.org,IT,44,2024-12-29,premium,22.99,True,2025-09-27,organic,desktop,Crime|Comedy|Adventure|Romance,high
CUST_000256,sandra17@example.com,PW,36,2025-12-10,premium,22.99,False,,paid_search,desktop,Sci-Fi|Documentary|Action,low
CUST_000257,barbarapennington@example.net,SL,63,2025-07-24,standard,15.49,False,,referral,mobile,Horror|Drama|Thriller|Crime,high
CUST_000258,heidichapman@example.net,MG,41,2024-10-28,standard,15.49,False,,referral,mobile,Action|Fantasy|Thriller,high
CUST_000259,bjones@example.net,DJ,30,2025-07-07,premium,22.99,False,,paid_search,gaming_console,Documentary|Adventure|Thriller|Sci-Fi,low
CUST_000260,ortegavictor@example.net,PY,21,2024-10-06,standard,15.49,True,2024-11-14,social,tablet,Sci-Fi|Romance|Horror,low
CUST_000261,tinastokes@example.net,GW,20,2024-12-17,standard,15.49,False,,organic,tablet,Fantasy|Animation,high
CUST_000262,jessicacruz@example.com,BI,34,2024-06-30,standard,15.49,True,2025-01-20,social,smart_tv,Adventure|Comedy,low
CUST_000263,danny17@example.com,UZ,56,2024-05-28,premium,22.99,False,,organic,smart_tv,Fantasy|Documentary,high
CUST_000264,mcleanmanuel@example.net,PG,68,2025-08-13,standard,15.49,False,,organic,gaming_console,Adventure|Family,high
CUST_000265,vanessaberry@example.org,FJ,41,2025-01-28,basic,9.99,False,,paid_search,tablet,Thriller|Adventure,high
CUST_000266,skim@example.org,FR,39,2024-10-23,premium,22.99,False,,paid_search,smart_tv,Sci-Fi|Documentary|Adventure|Music,high
CUST_000267,ryanrice@example.org,BT,69,2025-11-07,basic,9.99,False,,referral,tablet,Family|Animation|Mystery,medium
CUST_000268,sotoelizabeth@example.org,AU,44,2025-07-06,standard,15.49,False,,social,mobile,Romance|Crime,high
CUST_000269,patriciaward@example.com,TN,44,2025-12-30,basic,9.99,False,,referral,desktop,Action|Family|Horror|Music,high
CUST_000270,petersonfaith@example.net,BA,63,2025-06-08,premium,22.99,False,,tv_ad,smart_tv,Mystery|Sci-Fi|Music,high
CUST_000271,nlee@example.net,PY,66,2025-05-25,basic,9.99,False,,organic,mobile,Family|Music|Action,low
CUST_000272,michael82@example.org,OM,44,2025-05-04,premium,22.99,True,2025-12-25,tv_ad,tablet,Documentary|Family|Thriller|Comedy,high
CUST_000273,ksawyer@example.org,CN,57,2025-03-08,premium,22.99,False,,paid_search,desktop,Mystery|Fantasy|Romance,high
CUST_000274,craig73@example.org,US,40,2025-12-08,standard,15.49,False,,referral,mobile,Drama|Family|Animation|Thriller,medium
CUST_000275,andrew44@example.com,MA,26,2025-06-03,standard,15.49,True,2026-03-26,tv_ad,tablet,Crime|Action|Documentary|Family,medium
CUST_000276,brennaneric@example.com,BO,19,2025-01-12,basic,9.99,True,2025-11-14,tv_ad,tablet,Romance|Comedy|Crime|Thriller,low
CUST_000277,melissafrederick@example.net,KR,21,2025-05-30,basic,9.99,False,,social,tablet,Documentary|Action|Comedy,low
CUST_000278,gardnerpatricia@example.net,PW,25,2025-02-14,premium,22.99,False,,referral,tablet,Mystery|Family,high
CUST_000279,denise05@example.com,IL,55,2026-04-07,premium,22.99,False,,tv_ad,gaming_console,Crime|Horror|Family,high
CUST_000280,pamela02@example.org,SY,54,2024-09-12,premium,22.99,False,,paid_search,desktop,Romance|Thriller|Family,high
CUST_000281,sandra03@example.com,BN,70,2026-01-04,premium,22.99,False,,social,desktop,Crime|Comedy,medium
CUST_000282,reedchad@example.com,US,45,2025-12-26,basic,9.99,True,2026-04-01,referral,mobile,Fantasy|Action|Adventure,low
CUST_000283,claytimothy@example.org,IR,43,2025-11-05,standard,15.49,True,2026-04-19,tv_ad,desktop,Comedy|Action|Drama|Animation,medium
CUST_000284,garciatyler@example.org,CF,70,2025-10-23,premium,22.99,False,,paid_search,mobile,Documentary|Sci-Fi|Animation,high
CUST_000285,ywoods@example.org,AO,25,2025-01-07,premium,22.99,True,2025-05-25,referral,desktop,Sci-Fi|Music|Documentary|Comedy,high
CUST_000286,johnsonkimberly@example.org,SN,41,2026-04-03,basic,9.99,False,,tv_ad,tablet,Crime|Adventure|Drama|Action,low
CUST_000287,vfleming@example.org,TG,37,2025-07-26,basic,9.99,False,,social,desktop,Crime|Romance,high
CUST_000288,hughesnicholas@example.org,NR,37,2025-04-19,basic,9.99,False,,social,mobile,Family|Drama,medium
CUST_000289,hdunn@example.com,CL,20,2025-10-06,basic,9.99,False,,referral,desktop,Mystery|Adventure|Comedy,medium
CUST_000290,michael56@example.org,GW,64,2026-03-07,premium,22.99,False,,tv_ad,mobile,Animation|Crime|Family,medium
CUST_000291,chapmanjeremy@example.net,GB,64,2024-10-07,basic,9.99,False,,social,smart_tv,Family|Sci-Fi|Thriller,medium
CUST_000292,ritteralexis@example.net,HU,20,2026-02-28,premium,22.99,False,,referral,tablet,Action|Horror|Animation,medium
CUST_000293,jonesdavid@example.org,JM,68,2026-01-01,premium,22.99,True,2026-07-08,tv_ad,smart_tv,Documentary|Mystery,medium
CUST_000294,michael34@example.org,UZ,21,2024-05-13,premium,22.99,False,,tv_ad,gaming_console,Drama|Comedy,medium
CUST_000295,qsandoval@example.org,BO,29,2025-02-12,basic,9.99,False,,organic,tablet,Animation|Mystery|Adventure|Thriller,high
CUST_000296,troymoss@example.com,GN,56,2024-10-21,basic,9.99,False,,social,desktop,Fantasy|Drama|Sci-Fi|Adventure,high
CUST_000297,shelly84@example.net,HN,19,2025-03-20,premium,22.99,True,2026-01-14,social,desktop,Crime|Action,low
CUST_000298,luis88@example.org,BF,29,2025-05-24,standard,15.49,True,2025-10-31,organic,mobile,Comedy|Music,low
CUST_000299,nthornton@example.com,IT,63,2025-01-04,standard,15.49,False,,organic,tablet,Music|Mystery|Drama|Crime,low
CUST_000300,rhondaskinner@example.net,HT,70,2024-06-09,standard,15.49,True,2024-09-08,organic,mobile,Action|Crime,low
CUST_000301,davidhardy@example.org,AZ,25,2024-12-02,basic,9.99,False,,social,smart_tv,Horror|Sci-Fi|Comedy|Family,medium
CUST_000302,dsantos@example.org,AO,32,2024-10-09,standard,15.49,False,,organic,tablet,Adventure|Sci-Fi|Mystery,medium
CUST_000303,nelsonbrianna@example.com,BS,26,2025-05-02,premium,22.99,False,,social,gaming_console,Adventure|Horror|Family|Comedy,high
CUST_000304,melissa67@example.org,MU,28,2024-05-26,standard,15.49,False,,paid_search,gaming_console,Comedy|Horror|Family|Music,medium
CUST_000305,nwilliams@example.com,ER,57,2025-02-02,standard,15.49,False,,social,mobile,Sci-Fi|Mystery|Fantasy|Animation,high
CUST_000306,qpatel@example.com,AU,42,2025-09-04,basic,9.99,True,2026-04-01,paid_search,gaming_console,Romance|Drama|Animation,medium
CUST_000307,sharon95@example.com,GB,37,2025-06-04,premium,22.99,False,,organic,desktop,Documentary|Comedy,medium
CUST_000308,katherinepeterson@example.net,NZ,45,2025-07-13,premium,22.99,True,2025-11-27,tv_ad,gaming_console,Documentary|Comedy,high
CUST_000309,vpatton@example.org,CD,35,2026-02-11,standard,15.49,False,,paid_search,tablet,Thriller|Romance|Family,high
CUST_000310,rfarley@example.com,SN,18,2025-06-13,standard,15.49,False,,tv_ad,desktop,Crime|Mystery|Documentary|Music,high
CUST_000311,karmstrong@example.net,IL,66,2025-04-05,basic,9.99,False,,referral,gaming_console,Music|Action|Comedy|Documentary,high
CUST_000312,pmcdonald@example.org,AL,70,2024-08-14,basic,9.99,False,,referral,smart_tv,Thriller|Adventure|Comedy|Mystery,high
CUST_000313,christopher38@example.com,LU,67,2024-11-14,standard,15.49,False,,organic,smart_tv,Fantasy|Drama|Crime,medium
CUST_000314,rjohnson@example.com,IQ,19,2025-06-27,standard,15.49,False,,social,tablet,Sci-Fi|Mystery,medium
CUST_000315,kimberly90@example.org,KP,49,2025-09-04,basic,9.99,True,2026-04-07,organic,tablet,Thriller|Romance|Family|Documentary,low
CUST_000316,mary27@example.com,AM,58,2025-06-25,standard,15.49,False,,referral,smart_tv,Drama|Horror|Mystery|Fantasy,high
CUST_000317,owenstammy@example.com,DZ,54,2025-03-17,standard,15.49,False,,tv_ad,gaming_console,Music|Comedy|Horror,high
CUST_000318,rickyriley@example.org,IS,54,2026-01-25,basic,9.99,True,2026-06-20,tv_ad,tablet,Documentary|Adventure,low
CUST_000319,stephanie72@example.com,IS,34,2026-03-07,basic,9.99,False,,tv_ad,desktop,Documentary|Thriller,medium
CUST_000320,omartinez@example.org,CY,44,2024-10-28,basic,9.99,False,,social,smart_tv,Thriller|Animation|Mystery|Crime,medium
CUST_000321,halldiamond@example.org,LA,64,2026-02-15,premium,22.99,False,,paid_search,smart_tv,Crime|Comedy|Family,low
CUST_000322,criley@example.net,VC,23,2025-05-08,standard,15.49,False,,tv_ad,smart_tv,Sci-Fi|Crime|Mystery|Action,low
CUST_000323,lynnvictoria@example.com,AM,37,2024-10-04,premium,22.99,False,,organic,smart_tv,Action|Adventure|Horror|Family,low
CUST_000324,amber09@example.org,MG,39,2025-09-18,basic,9.99,False,,social,mobile,Drama|Family,high
CUST_000325,hunterdaniel@example.org,GW,33,2024-07-03,basic,9.99,False,,organic,gaming_console,Fantasy|Mystery|Crime,medium
CUST_000326,ashley61@example.net,NP,23,2024-09-15,premium,22.99,False,,organic,smart_tv,Thriller|Sci-Fi,medium
CUST_000327,douglas59@example.com,LT,46,2026-02-19,standard,15.49,False,,organic,tablet,Adventure|Family|Music|Mystery,high
CUST_000328,thomas49@example.org,DK,21,2025-02-21,premium,22.99,False,,social,desktop,Adventure|Thriller,low
CUST_000329,carteredward@example.net,AR,57,2025-01-21,standard,15.49,True,2025-02-25,referral,desktop,Horror|Fantasy|Drama,medium
CUST_000330,lindseydixon@example.net,SE,68,2024-07-01,standard,15.49,False,,organic,desktop,Drama|Adventure|Crime|Thriller,high
CUST_000331,shelby69@example.org,KM,63,2025-12-09,premium,22.99,False,,organic,gaming_console,Adventure|Animation,low
CUST_000332,patrickcuevas@example.org,BO,44,2025-10-26,basic,9.99,False,,referral,gaming_console,Thriller|Comedy,medium
CUST_000333,arianacuevas@example.net,SY,37,2026-04-06,standard,15.49,False,,tv_ad,desktop,Family|Mystery,low
CUST_000334,hryan@example.net,BF,27,2025-11-01,premium,22.99,False,,referral,tablet,Romance|Drama|Comedy,high
CUST_000335,hhopkins@example.com,LB,27,2025-07-25,premium,22.99,False,,organic,mobile,Mystery|Comedy|Drama,high
CUST_000336,marycarter@example.org,LS,30,2024-11-05,premium,22.99,False,,paid_search,smart_tv,Fantasy|Mystery|Action|Crime,low
CUST_000337,jerry51@example.net,GY,39,2024-10-15,standard,15.49,False,,tv_ad,gaming_console,Documentary|Animation|Sci-Fi,medium
CUST_000338,wcox@example.net,SD,68,2025-03-21,standard,15.49,False,,organic,desktop,Crime|Music|Adventure,medium
CUST_000339,denise93@example.com,NL,33,2024-06-08,basic,9.99,False,,referral,tablet,Horror|Documentary|Animation|Sci-Fi,high
CUST_000340,sarasanchez@example.com,GQ,22,2024-10-05,premium,22.99,False,,social,smart_tv,Music|Fantasy|Mystery,medium
CUST_000341,catherineflynn@example.com,KW,66,2025-07-08,premium,22.99,True,2026-02-07,organic,smart_tv,Sci-Fi|Horror|Thriller,medium
CUST_000342,ortizwilliam@example.org,TR,39,2024-07-10,basic,9.99,False,,tv_ad,mobile,Horror|Romance,high
CUST_000343,rachelwalter@example.org,DM,19,2025-04-28,basic,9.99,False,,paid_search,desktop,Fantasy|Romance,high
CUST_000344,jbaker@example.net,PW,33,2024-07-12,premium,22.99,False,,social,tablet,Crime|Horror,medium
CUST_000345,martinezaustin@example.com,AR,27,2025-11-07,premium,22.99,False,,paid_search,mobile,Family|Drama|Action|Documentary,low
CUST_000346,veronicaanderson@example.net,MW,33,2025-09-27,basic,9.99,False,,organic,gaming_console,Crime|Animation|Drama|Action,high
CUST_000347,zgomez@example.net,TH,58,2026-03-13,premium,22.99,False,,social,mobile,Romance|Family|Music|Crime,medium
CUST_000348,david59@example.net,VE,68,2024-10-14,premium,22.99,False,,tv_ad,smart_tv,Horror|Documentary|Adventure,high
CUST_000349,jonessamantha@example.com,NE,29,2024-07-02,basic,9.99,False,,social,tablet,Family|Comedy|Crime|Sci-Fi,medium
CUST_000350,byang@example.com,TW,68,2025-08-12,premium,22.99,False,,tv_ad,smart_tv,Sci-Fi|Animation|Romance|Drama,medium
CUST_000351,jessicacummings@example.net,SE,31,2025-04-15,basic,9.99,False,,social,desktop,Sci-Fi|Fantasy,medium
CUST_000352,paulawatkins@example.com,GQ,23,2024-06-14,standard,15.49,False,,social,desktop,Romance|Comedy|Adventure,low
CUST_000353,cgray@example.org,SE,46,2025-08-27,premium,22.99,False,,referral,desktop,Mystery|Sci-Fi|Comedy|Drama,medium
CUST_000354,shirley13@example.com,SA,46,2025-10-23,standard,15.49,False,,paid_search,tablet,Crime|Romance|Action,low
CUST_000355,elliottphyllis@example.net,SE,52,2024-12-30,premium,22.99,True,2025-12-24,organic,tablet,Romance|Fantasy,medium
CUST_000356,ymitchell@example.com,TW,39,2026-01-25,basic,9.99,True,2026-06-04,social,tablet,Crime|Mystery,medium
CUST_000357,bobbylandry@example.net,GE,26,2024-08-26,standard,15.49,False,,tv_ad,tablet,Fantasy|Romance|Horror|Documentary,high
CUST_000358,barbara95@example.org,LY,43,2025-03-10,basic,9.99,False,,tv_ad,smart_tv,Fantasy|Crime|Family,high
CUST_000359,davidhill@example.com,GR,64,2024-11-17,standard,15.49,False,,paid_search,desktop,Fantasy|Action,medium
CUST_000360,keithhardin@example.net,GB,23,2026-02-26,basic,9.99,False,,social,mobile,Family|Sci-Fi|Documentary|Fantasy,medium
CUST_000361,elizabeththomas@example.org,TG,19,2024-07-01,standard,15.49,False,,social,mobile,Action|Horror|Sci-Fi|Family,high
CUST_000362,anthonyorr@example.net,SO,40,2026-01-21,premium,22.99,False,,social,mobile,Documentary|Mystery|Sci-Fi,high
CUST_000363,adamwall@example.org,MN,38,2025-12-21,standard,15.49,False,,tv_ad,smart_tv,Family|Animation|Documentary,medium
CUST_000364,shelly96@example.net,PA,69,2024-09-14,premium,22.99,False,,tv_ad,gaming_console,Music|Crime,medium
CUST_000365,mariahphillips@example.org,VC,30,2025-05-19,premium,22.99,False,,referral,smart_tv,Horror|Action|Adventure,medium
CUST_000366,wallaceryan@example.com,BT,61,2025-10-10,standard,15.49,False,,tv_ad,mobile,Thriller|Romance|Adventure,low
CUST_000367,victoriadennis@example.org,MH,42,2026-02-10,basic,9.99,False,,social,mobile,Sci-Fi|Mystery|Music|Horror,low
CUST_000368,garnerjeffrey@example.org,LR,28,2025-12-25,basic,9.99,False,,social,desktop,Adventure|Sci-Fi|Mystery|Crime,medium
CUST_000369,joshua81@example.net,FM,65,2024-08-09,standard,15.49,False,,organic,desktop,Music|Comedy,medium
CUST_000370,hamiltonsarah@example.net,LB,60,2024-12-10,basic,9.99,True,2025-09-09,paid_search,gaming_console,Romance|Action,medium
CUST_000371,averycourtney@example.org,CU,30,2024-09-04,premium,22.99,False,,organic,mobile,Horror|Comedy|Documentary|Thriller,medium
CUST_000372,owiggins@example.net,FJ,54,2025-07-09,standard,15.49,True,2026-04-16,referral,desktop,Drama|Family|Horror,medium
CUST_000373,lhernandez@example.net,SB,47,2024-11-02,premium,22.99,True,2025-05-28,social,desktop,Romance|Thriller,high
CUST_000374,jamesliu@example.net,RS,57,2024-11-15,premium,22.99,False,,referral,desktop,Action|Horror,low
CUST_000375,aaronjones@example.net,VA,62,2025-11-13,standard,15.49,False,,organic,mobile,Documentary|Drama,low
CUST_000376,benjaminwatts@example.net,MU,64,2024-09-18,basic,9.99,False,,paid_search,desktop,Comedy|Romance|Thriller|Adventure,high
CUST_000377,danawashington@example.net,EG,67,2025-08-13,standard,15.49,False,,social,desktop,Adventure|Crime|Animation|Family,medium
CUST_000378,mary47@example.com,ZM,22,2026-02-20,standard,15.49,False,,referral,desktop,Comedy|Mystery,medium
CUST_000379,amy41@example.org,CG,25,2025-02-08,standard,15.49,False,,paid_search,tablet,Action|Mystery,low
CUST_000380,robert75@example.org,HR,33,2026-02-23,premium,22.99,False,,referral,mobile,Sci-Fi|Adventure|Fantasy,medium
CUST_000381,thompsonstephanie@example.net,CI,24,2025-03-06,standard,15.49,False,,paid_search,tablet,Music|Fantasy,low
CUST_000382,xbush@example.com,RW,61,2025-01-04,basic,9.99,False,,social,mobile,Music|Adventure|Thriller,high
CUST_000383,bmcdaniel@example.com,IQ,52,2025-07-20,standard,15.49,False,,paid_search,desktop,Documentary|Mystery,high
CUST_000384,pamelapatton@example.org,TJ,24,2025-05-09,premium,22.99,True,2025-12-24,social,desktop,Family|Comedy|Thriller|Animation,medium
CUST_000385,jose56@example.com,PA,33,2025-11-30,basic,9.99,False,,social,mobile,Family|Action,high
CUST_000386,dgreen@example.com,RU,61,2025-03-06,basic,9.99,True,2025-05-07,paid_search,smart_tv,Mystery|Animation|Crime,medium
CUST_000387,matthewcardenas@example.com,PE,70,2025-10-27,premium,22.99,False,,social,tablet,Mystery|Action,medium
CUST_000388,ashleyjackson@example.org,YE,31,2025-02-22,premium,22.99,False,,organic,tablet,Horror|Comedy|Action|Family,low
CUST_000389,david80@example.net,AO,47,2024-07-04,standard,15.49,False,,paid_search,smart_tv,Thriller|Crime|Mystery,medium
CUST_000390,tdavis@example.com,MH,44,2025-12-24,premium,22.99,False,,social,gaming_console,Drama|Crime|Mystery|Adventure,high
CUST_000391,penaapril@example.com,SO,54,2025-11-26,standard,15.49,False,,paid_search,tablet,Documentary|Comedy,high
CUST_000392,maryfoster@example.net,GT,29,2024-09-11,basic,9.99,False,,social,desktop,Documentary|Action|Thriller|Animation,low
CUST_000393,reneerivera@example.org,TG,65,2024-11-21,basic,9.99,False,,paid_search,gaming_console,Animation|Drama|Sci-Fi|Action,medium
CUST_000394,shelbyjohnson@example.org,TW,25,2025-10-31,premium,22.99,False,,social,mobile,Horror|Mystery,high
CUST_000395,masonlacey@example.org,DJ,41,2026-04-10,premium,22.99,False,,referral,tablet,Drama|Adventure,low
CUST_000396,andrew30@example.com,AE,64,2024-11-15,basic,9.99,False,,tv_ad,desktop,Thriller|Mystery,medium
CUST_000397,irios@example.net,IR,66,2024-07-15,premium,22.99,False,,organic,gaming_console,Romance|Crime,high
CUST_000398,joneswilliam@example.net,ES,39,2026-02-08,standard,15.49,False,,social,mobile,Family|Mystery|Horror,high
CUST_000399,smithmaria@example.net,CZ,56,2025-02-26,basic,9.99,False,,referral,gaming_console,Horror|Family|Thriller|Documentary,high
CUST_000400,mlee@example.com,LI,21,2024-06-23,standard,15.49,False,,paid_search,mobile,Mystery|Adventure|Sci-Fi|Fantasy,high
CUST_000401,turnerstephen@example.org,IN,23,2025-03-06,basic,9.99,True,2025-11-09,referral,tablet,Comedy|Fantasy|Family|Horror,low
CUST_000402,bbennett@example.org,GN,37,2025-09-01,basic,9.99,False,,social,gaming_console,Action|Music,high
CUST_000403,timothy88@example.org,MU,23,2025-02-19,standard,15.49,False,,social,desktop,Romance|Fantasy,high
CUST_000404,xluna@example.net,LC,66,2024-04-23,standard,15.49,False,,paid_search,desktop,Action|Comedy|Drama,high
CUST_000405,bwalker@example.com,HT,37,2024-07-03,basic,9.99,False,,tv_ad,gaming_console,Fantasy|Adventure|Family,high
CUST_000406,thomas14@example.com,CV,47,2025-03-23,basic,9.99,False,,social,desktop,Romance|Action,medium
CUST_000407,davisgary@example.com,UA,30,2025-12-29,premium,22.99,False,,paid_search,mobile,Crime|Music,high
CUST_000408,thomaschristina@example.com,SK,44,2024-10-21,basic,9.99,True,2025-06-10,social,desktop,Documentary|Animation|Crime|Sci-Fi,low
CUST_000409,briansnyder@example.com,KR,54,2025-10-23,standard,15.49,False,,paid_search,mobile,Adventure|Action|Mystery|Animation,medium
CUST_000410,mary05@example.net,TM,41,2025-11-06,standard,15.49,False,,organic,desktop,Crime|Comedy|Documentary|Sci-Fi,high
CUST_000411,rsavage@example.net,GE,41,2025-07-19,standard,15.49,False,,organic,mobile,Sci-Fi|Mystery,high
CUST_000412,ugardner@example.net,GW,60,2025-11-17,standard,15.49,False,,paid_search,smart_tv,Music|Romance|Horror|Drama,medium
CUST_000413,gfletcher@example.net,SZ,23,2024-12-15,basic,9.99,False,,tv_ad,mobile,Documentary|Action|Fantasy|Animation,medium
CUST_000414,morseronald@example.org,MT,52,2025-10-31,standard,15.49,False,,referral,gaming_console,Romance|Documentary|Animation,medium
CUST_000415,martinkaitlin@example.org,FJ,69,2024-07-17,standard,15.49,False,,social,mobile,Fantasy|Adventure|Animation|Thriller,medium
CUST_000416,williamsroger@example.org,YE,70,2025-03-15,standard,15.49,False,,referral,smart_tv,Action|Documentary|Romance|Mystery,high
CUST_000417,jtaylor@example.com,MZ,45,2025-12-24,basic,9.99,True,2026-04-20,paid_search,tablet,Action|Comedy|Animation|Thriller,low
CUST_000418,david44@example.net,LI,25,2024-04-17,basic,9.99,False,,referral,gaming_console,Sci-Fi|Music,medium
CUST_000419,anne22@example.com,SK,30,2025-07-31,basic,9.99,False,,social,desktop,Documentary|Music,high
CUST_000420,leahcrane@example.com,SI,23,2025-09-24,standard,15.49,False,,referral,smart_tv,Adventure|Fantasy|Thriller|Music,low
CUST_000421,thomas35@example.net,WS,61,2025-07-23,standard,15.49,True,2025-10-12,organic,smart_tv,Drama|Horror,low
CUST_000422,frankespinoza@example.com,AG,20,2026-02-01,standard,15.49,False,,organic,mobile,Thriller|Drama,high
CUST_000423,ewhite@example.org,AF,49,2024-12-12,premium,22.99,False,,referral,tablet,Drama|Comedy|Family,medium
CUST_000424,jamesdavis@example.com,LS,41,2024-12-08,premium,22.99,False,,referral,desktop,Thriller|Crime|Fantasy,high
CUST_000425,weberbrooke@example.org,MG,47,2024-06-22,premium,22.99,True,2025-02-12,paid_search,smart_tv,Fantasy|Crime|Family,low
CUST_000426,michaelsmith@example.org,IS,57,2025-08-17,premium,22.99,True,2026-05-17,tv_ad,desktop,Romance|Documentary|Family|Horror,low
CUST_000427,tsilva@example.com,VU,20,2024-11-16,premium,22.99,False,,social,desktop,Fantasy|Crime|Mystery|Thriller,medium
CUST_000428,jvilla@example.net,BA,45,2025-11-26,basic,9.99,False,,referral,smart_tv,Documentary|Drama|Family,low
CUST_000429,chrishernandez@example.net,GM,68,2025-09-04,premium,22.99,False,,tv_ad,smart_tv,Horror|Documentary|Music|Comedy,high
CUST_000430,josegarcia@example.net,TZ,53,2024-11-13,basic,9.99,False,,referral,mobile,Romance|Fantasy,high
CUST_000431,xrivera@example.net,UY,28,2025-08-23,standard,15.49,False,,organic,smart_tv,Thriller|Comedy|Horror,medium
CUST_000432,aclark@example.org,GM,67,2024-11-11,standard,15.49,False,,social,mobile,Music|Crime,high
CUST_000433,douglasalvarez@example.org,LI,52,2024-06-19,premium,22.99,False,,referral,smart_tv,Animation|Thriller|Adventure,high
CUST_000434,taylorlindsay@example.com,TL,56,2024-06-09,premium,22.99,False,,organic,tablet,Animation|Drama,high
CUST_000435,kevin13@example.net,MX,53,2025-04-11,standard,15.49,False,,referral,mobile,Documentary|Animation|Action|Thriller,high
CUST_000436,wmccarthy@example.com,SK,55,2025-01-28,basic,9.99,False,,paid_search,smart_tv,Adventure|Animation|Fantasy,medium
CUST_000437,waremegan@example.org,ZW,21,2024-12-12,premium,22.99,False,,tv_ad,gaming_console,Action|Drama|Documentary,low
CUST_000438,jennifer68@example.com,RW,68,2026-01-17,basic,9.99,False,,paid_search,gaming_console,Crime|Family|Animation,high
CUST_000439,gina86@example.net,MG,47,2025-10-01,premium,22.99,False,,social,mobile,Adventure|Action,low
CUST_000440,clinemelissa@example.net,LY,27,2024-08-26,standard,15.49,False,,organic,gaming_console,Thriller|Sci-Fi|Music,high
CUST_000441,jlewis@example.org,MU,31,2025-10-27,standard,15.49,False,,referral,tablet,Adventure|Romance|Documentary|Drama,medium
CUST_000442,sarahcowan@example.org,PA,63,2025-01-25,premium,22.99,False,,paid_search,mobile,Family|Crime,low
CUST_000443,adamcollins@example.org,MN,37,2025-01-15,premium,22.99,False,,paid_search,smart_tv,Fantasy|Sci-Fi,high
CUST_000444,wesley09@example.com,AU,43,2026-03-22,premium,22.99,False,,organic,gaming_console,Thriller|Sci-Fi|Crime,high
CUST_000445,darlene60@example.net,MA,26,2025-08-25,premium,22.99,False,,social,gaming_console,Animation|Horror|Documentary|Comedy,medium
CUST_000446,colleen90@example.net,PW,46,2024-10-23,basic,9.99,False,,referral,tablet,Romance|Sci-Fi|Thriller|Music,medium
CUST_000447,ehenry@example.net,KH,54,2025-07-25,basic,9.99,False,,organic,mobile,Horror|Documentary|Thriller|Mystery,medium
CUST_000448,johnsonanthony@example.net,DE,24,2025-11-13,standard,15.49,False,,social,desktop,Thriller|Fantasy|Music,high
CUST_000449,monicaanderson@example.com,CL,45,2025-10-10,basic,9.99,False,,paid_search,desktop,Comedy|Thriller,medium
CUST_000450,dwalsh@example.com,BY,56,2024-05-23,basic,9.99,True,2024-09-18,referral,smart_tv,Action|Sci-Fi,low
CUST_000451,tonya39@example.net,AM,18,2026-02-05,standard,15.49,False,,organic,smart_tv,Action|Romance|Thriller|Family,medium
CUST_000452,rachael29@example.net,MM,54,2024-12-24,basic,9.99,True,2025-09-25,social,smart_tv,Thriller|Comedy|Horror|Mystery,medium
CUST_000453,shepardrichard@example.net,SV,26,2025-05-16,premium,22.99,False,,organic,tablet,Thriller|Documentary|Action,medium
CUST_000454,leekathleen@example.org,ZA,70,2024-05-27,basic,9.99,False,,tv_ad,gaming_console,Music|Action|Documentary|Mystery,medium
CUST_000455,thompsonbradley@example.net,FJ,66,2024-11-03,standard,15.49,True,2025-03-19,organic,mobile,Comedy|Documentary|Family|Thriller,low
CUST_000456,vthompson@example.org,KR,25,2025-09-26,premium,22.99,False,,organic,mobile,Comedy|Sci-Fi,high
CUST_000457,david79@example.net,BT,66,2024-11-08,premium,22.99,False,,organic,smart_tv,Adventure|Comedy,medium
CUST_000458,fdavis@example.org,ZA,60,2025-06-23,basic,9.99,False,,organic,mobile,Comedy|Music|Action,high
CUST_000459,lonniesims@example.org,DO,26,2024-06-16,standard,15.49,True,2025-05-07,referral,tablet,Animation|Family|Romance|Thriller,medium
CUST_000460,robinsonnicholas@example.org,RS,24,2025-12-13,premium,22.99,False,,organic,mobile,Drama|Comedy|Fantasy,medium
CUST_000461,mary32@example.com,BF,56,2024-10-18,basic,9.99,False,,tv_ad,mobile,Fantasy|Animation|Horror,high
CUST_000462,gregory29@example.com,NG,53,2025-01-29,premium,22.99,False,,social,tablet,Documentary|Drama,medium
CUST_000463,joshuagonzalez@example.com,IL,34,2024-10-02,standard,15.49,False,,referral,mobile,Action|Sci-Fi,low
CUST_000464,fbaker@example.com,TT,63,2025-10-03,premium,22.99,False,,social,gaming_console,Documentary|Romance|Thriller|Animation,high
CUST_000465,kelsey87@example.net,LA,68,2025-01-17,premium,22.99,False,,referral,desktop,Drama|Music|Action|Fantasy,medium
CUST_000466,benjamindavenport@example.com,DE,25,2026-01-16,basic,9.99,False,,tv_ad,desktop,Adventure|Romance,low
CUST_000467,victoriahamilton@example.net,KZ,27,2025-06-01,basic,9.99,False,,paid_search,tablet,Crime|Animation,high
CUST_000468,jared88@example.net,IQ,25,2025-12-19,basic,9.99,True,2026-04-17,tv_ad,tablet,Action|Adventure,medium
CUST_000469,jonathanmcdonald@example.org,CI,36,2024-06-19,premium,22.99,False,,tv_ad,tablet,Adventure|Comedy|Crime,high
CUST_000470,thomasmcdonald@example.com,MR,42,2025-05-16,premium,22.99,True,2025-09-15,social,gaming_console,Music|Crime,high
CUST_000471,cbarrett@example.com,ME,61,2025-06-21,premium,22.99,False,,tv_ad,mobile,Sci-Fi|Drama|Music,medium
CUST_000472,misty02@example.com,PY,64,2024-06-30,premium,22.99,True,2025-06-22,social,mobile,Drama|Documentary|Romance,low
CUST_000473,deborah12@example.com,KP,50,2024-12-25,premium,22.99,False,,social,tablet,Sci-Fi|Music|Animation|Crime,high
CUST_000474,wpayne@example.org,OM,23,2024-08-14,standard,15.49,False,,social,desktop,Animation|Fantasy|Horror|Romance,high
CUST_000475,swatkins@example.com,ES,28,2025-12-29,standard,15.49,False,,tv_ad,smart_tv,Adventure|Animation|Documentary|Horror,high
CUST_000476,qflowers@example.net,MR,45,2025-02-14,basic,9.99,False,,tv_ad,mobile,Animation|Sci-Fi|Family|Mystery,high
CUST_000477,timothy64@example.org,HT,57,2025-07-20,standard,15.49,False,,paid_search,smart_tv,Thriller|Comedy|Documentary|Adventure,medium
CUST_000478,fisherkim@example.net,MZ,70,2025-11-23,premium,22.99,False,,tv_ad,gaming_console,Documentary|Crime|Horror|Animation,high
CUST_000479,martingarrett@example.com,UG,32,2025-07-14,basic,9.99,False,,paid_search,smart_tv,Thriller|Family,medium
CUST_000480,stephaniebradley@example.org,CO,41,2025-10-03,standard,15.49,False,,organic,tablet,Crime|Mystery|Action|Sci-Fi,medium
CUST_000481,kristina01@example.com,CV,36,2025-09-07,premium,22.99,False,,social,mobile,Fantasy|Family|Adventure|Romance,medium
CUST_000482,stephen27@example.org,KM,20,2025-12-23,basic,9.99,False,,referral,gaming_console,Action|Horror|Romance|Thriller,medium
CUST_000483,nicoleturner@example.org,ER,40,2024-08-02,standard,15.49,True,2024-10-25,organic,tablet,Drama|Sci-Fi,low
CUST_000484,samuelramsey@example.org,LA,23,2024-10-10,premium,22.99,False,,tv_ad,gaming_console,Mystery|Adventure|Action,medium
CUST_000485,adam25@example.org,PW,32,2025-06-15,basic,9.99,False,,referral,desktop,Mystery|Music|Family,high
CUST_000486,ehale@example.net,MT,24,2025-06-11,standard,15.49,False,,referral,desktop,Animation|Music|Comedy,high
CUST_000487,wmccarthy@example.org,MW,30,2026-01-15,basic,9.99,True,2026-07-09,organic,mobile,Action|Mystery|Crime|Documentary,low
CUST_000488,kathryn26@example.com,JM,48,2024-07-18,standard,15.49,False,,social,smart_tv,Animation|Mystery|Music,high
CUST_000489,icarlson@example.org,LY,66,2026-01-06,standard,15.49,False,,referral,gaming_console,Family|Thriller|Documentary,low
CUST_000490,walkercharlotte@example.org,MN,26,2025-04-24,premium,22.99,False,,paid_search,tablet,Music|Adventure|Fantasy,high
CUST_000491,walter09@example.net,GB,56,2025-01-16,premium,22.99,True,2025-02-19,referral,desktop,Horror|Mystery|Thriller|Crime,low
CUST_000492,brewerdevin@example.org,BD,27,2025-02-13,standard,15.49,False,,tv_ad,mobile,Family|Action,medium
CUST_000493,ryan56@example.net,EG,33,2024-09-21,basic,9.99,False,,referral,mobile,Fantasy|Romance,high
CUST_000494,justinhughes@example.com,AU,29,2025-03-06,standard,15.49,False,,paid_search,gaming_console,Documentary|Animation,medium
CUST_000495,zwhite@example.net,SI,35,2024-10-29,premium,22.99,False,,paid_search,mobile,Adventure|Music,medium
CUST_000496,marshallchristopher@example.net,ES,44,2026-01-17,standard,15.49,True,2026-11-11,social,mobile,Adventure|Fantasy,low
CUST_000497,alara@example.org,LB,37,2024-06-27,basic,9.99,False,,organic,tablet,Mystery|Comedy|Action,high
CUST_000498,aparks@example.com,TD,21,2024-07-18,standard,15.49,False,,paid_search,smart_tv,Documentary|Action|Horror,medium
CUST_000499,dhenderson@example.com,NO,56,2025-09-12,basic,9.99,True,2025-12-02,referral,mobile,Crime|Horror|Romance|Sci-Fi,low
CUST_000500,munozleah@example.com,SC,18,2024-10-27,standard,15.49,False,,tv_ad,mobile,Crime|Romance|Adventure,low
CUST_000501,ijoseph@example.com,CG,41,2025-01-24,standard,15.49,False,,paid_search,tablet,Documentary|Family|Drama,medium
CUST_000502,tinaschmidt@example.com,GQ,65,2025-12-11,basic,9.99,False,,tv_ad,smart_tv,Animation|Adventure,low
CUST_000503,adamvaughan@example.net,UA,24,2024-06-11,basic,9.99,False,,organic,gaming_console,Fantasy|Horror|Animation|Documentary,medium
CUST_000504,zacharymendez@example.com,NZ,20,2024-10-27,premium,22.99,False,,paid_search,mobile,Sci-Fi|Family|Horror|Comedy,high
CUST_000505,hcampbell@example.com,PK,41,2024-05-17,standard,15.49,False,,referral,smart_tv,Animation|Family|Comedy,high
CUST_000506,smallgina@example.com,NO,56,2025-01-20,standard,15.49,True,2025-07-09,paid_search,tablet,Comedy|Animation|Family,low
CUST_000507,katie08@example.com,EE,70,2024-12-28,basic,9.99,False,,referral,desktop,Family|Documentary,low
CUST_000508,robert75@example.com,ZW,67,2024-11-23,premium,22.99,False,,referral,desktop,Adventure|Music|Sci-Fi|Comedy,medium
CUST_000509,howardbenjamin@example.net,MY,55,2024-05-07,premium,22.99,False,,organic,gaming_console,Mystery|Music,medium
CUST_000510,christopherdavis@example.net,CY,35,2024-10-20,standard,15.49,False,,tv_ad,smart_tv,Comedy|Romance|Fantasy|Horror,medium
CUST_000511,rjordan@example.com,PK,35,2025-08-14,basic,9.99,False,,paid_search,tablet,Horror|Romance|Mystery|Thriller,low
CUST_000512,samanthaberger@example.net,SL,18,2025-09-27,basic,9.99,False,,social,gaming_console,Fantasy|Horror,medium
CUST_000513,uwilliams@example.com,AZ,57,2025-06-26,standard,15.49,False,,social,tablet,Animation|Comedy|Romance|Documentary,low
CUST_000514,reyestina@example.org,LU,35,2024-08-01,basic,9.99,False,,paid_search,tablet,Fantasy|Crime,medium
CUST_000515,roberto02@example.net,IE,59,2026-03-31,basic,9.99,False,,social,gaming_console,Adventure|Documentary|Fantasy|Family,medium
CUST_000516,copelandryan@example.org,FI,58,2025-10-22,premium,22.99,False,,referral,mobile,Horror|Crime|Romance,medium
CUST_000517,wanda98@example.net,HN,29,2025-06-27,standard,15.49,False,,referral,mobile,Action|Crime|Music|Sci-Fi,low
CUST_000518,brooksthomas@example.com,IS,37,2025-10-01,basic,9.99,False,,paid_search,mobile,Documentary|Music|Thriller,medium
CUST_000519,joshuapowers@example.net,MZ,33,2025-11-11,standard,15.49,False,,referral,desktop,Adventure|Music,low
CUST_000520,erikanelson@example.com,GE,56,2026-03-17,basic,9.99,False,,organic,desktop,Documentary|Family,high
CUST_000521,rsandoval@example.com,PL,20,2024-04-24,standard,15.49,True,2024-07-30,paid_search,smart_tv,Family|Fantasy,medium
CUST_000522,colton30@example.net,LR,24,2025-07-19,standard,15.49,True,2026-05-22,social,smart_tv,Drama|Mystery|Family|Fantasy,high
CUST_000523,carrjessica@example.net,PK,27,2024-09-28,basic,9.99,True,2025-03-01,organic,gaming_console,Animation|Sci-Fi|Music|Romance,low
CUST_000524,vwalters@example.net,MW,24,2025-07-10,premium,22.99,False,,tv_ad,desktop,Adventure|Mystery|Fantasy|Animation,medium
CUST_000525,cooperluis@example.com,CZ,27,2025-04-14,basic,9.99,True,2025-11-10,social,mobile,Mystery|Horror,low
CUST_000526,sclark@example.org,GQ,32,2025-04-03,premium,22.99,False,,organic,tablet,Fantasy|Adventure|Sci-Fi|Music,high
CUST_000527,richard91@example.net,RU,56,2025-02-06,standard,15.49,True,2025-05-24,paid_search,desktop,Adventure|Crime|Animation,high
CUST_000528,christopher85@example.com,JP,60,2025-06-19,premium,22.99,False,,social,gaming_console,Thriller|Action,low
CUST_000529,shannon70@example.org,VU,34,2025-11-14,standard,15.49,False,,organic,smart_tv,Romance|Sci-Fi,high
CUST_000530,claudiacunningham@example.com,AO,64,2025-07-08,basic,9.99,False,,referral,smart_tv,Crime|Music,medium
CUST_000531,angela73@example.com,SO,29,2025-11-14,basic,9.99,False,,referral,tablet,Romance|Music|Adventure|Crime,high
CUST_000532,hlawson@example.org,MY,39,2024-07-21,standard,15.49,False,,paid_search,mobile,Documentary|Action|Drama,high
CUST_000533,victoriaduncan@example.org,DJ,70,2024-09-26,standard,15.49,False,,paid_search,desktop,Comedy|Animation|Sci-Fi,medium
CUST_000534,wpierce@example.org,NL,65,2025-11-26,basic,9.99,False,,paid_search,smart_tv,Comedy|Drama|Family,high
CUST_000535,luis51@example.net,LA,48,2026-03-10,basic,9.99,False,,paid_search,smart_tv,Fantasy|Mystery,medium
CUST_000536,wayne86@example.org,NA,36,2025-08-14,basic,9.99,False,,referral,mobile,Fantasy|Animation|Family,high
CUST_000537,cmitchell@example.org,EE,26,2025-04-29,premium,22.99,False,,organic,mobile,Horror|Animation|Fantasy,low
CUST_000538,aaron57@example.net,EC,55,2025-02-14,standard,15.49,False,,organic,desktop,Action|Crime|Mystery|Documentary,low
CUST_000539,reyesdenise@example.com,NG,33,2025-09-22,premium,22.99,False,,organic,smart_tv,Music|Crime,low
CUST_000540,montgomerydillon@example.net,SC,26,2024-09-03,premium,22.99,False,,tv_ad,tablet,Music|Family|Animation,medium
CUST_000541,udougherty@example.net,HU,36,2024-06-11,standard,15.49,False,,organic,mobile,Sci-Fi|Family|Thriller,high
CUST_000542,xcohen@example.org,CH,28,2024-08-17,basic,9.99,False,,organic,desktop,Drama|Family,low
CUST_000543,marnold@example.org,PK,50,2025-07-21,standard,15.49,False,,social,mobile,Comedy|Documentary|Romance,high
CUST_000544,gregorygiles@example.org,LI,26,2025-01-21,standard,15.49,False,,paid_search,desktop,Adventure|Comedy|Action,high
CUST_000545,calvin03@example.net,PL,56,2024-07-22,premium,22.99,True,2024-09-29,referral,desktop,Music|Fantasy|Documentary,high
CUST_000546,gabrielawallace@example.org,EE,41,2025-04-01,standard,15.49,False,,referral,mobile,Fantasy|Action|Music,low
CUST_000547,laramary@example.org,HN,39,2025-04-03,standard,15.49,True,2025-05-17,paid_search,tablet,Crime|Drama,medium
CUST_000548,smithantonio@example.net,NE,37,2025-04-04,basic,9.99,False,,paid_search,gaming_console,Horror|Drama,low
CUST_000549,eatkins@example.com,IL,54,2026-02-12,basic,9.99,False,,tv_ad,smart_tv,Horror|Romance,low
CUST_000550,baldwincatherine@example.net,LC,37,2026-02-25,premium,22.99,False,,organic,tablet,Mystery|Animation|Crime,low
CUST_000551,ucastillo@example.org,JP,26,2024-04-28,standard,15.49,False,,organic,tablet,Horror|Crime|Family|Action,high
CUST_000552,uclayton@example.org,MM,68,2025-12-31,standard,15.49,False,,referral,desktop,Adventure|Comedy|Family|Music,low
CUST_000553,hpatterson@example.org,CY,47,2025-02-14,premium,22.99,False,,organic,smart_tv,Romance|Music,low
CUST_000554,katherine91@example.net,DO,67,2026-01-27,premium,22.99,False,,paid_search,gaming_console,Family|Thriller,high
CUST_000555,jdouglas@example.org,RO,26,2025-01-19,premium,22.99,False,,social,tablet,Thriller|Comedy|Family|Crime,medium
CUST_000556,colton17@example.net,RW,33,2024-09-20,standard,15.49,False,,paid_search,gaming_console,Mystery|Documentary|Family,high
CUST_000557,katherinepeterson@example.net,PA,24,2025-11-15,premium,22.99,True,2025-12-22,paid_search,tablet,Drama|Thriller,high
CUST_000558,klyons@example.com,UG,28,2024-12-22,premium,22.99,False,,social,mobile,Sci-Fi|Adventure,medium
CUST_000559,earlroberts@example.org,MN,67,2024-05-07,basic,9.99,False,,referral,tablet,Crime|Adventure|Fantasy,low
CUST_000560,jennifer42@example.net,ZW,49,2025-06-21,standard,15.49,False,,organic,tablet,Thriller|Music|Adventure,high
CUST_000561,rmarquez@example.com,DE,57,2024-12-02,standard,15.49,False,,social,tablet,Animation|Thriller|Music|Sci-Fi,medium
CUST_000562,dwaynecarter@example.com,IE,59,2025-11-08,basic,9.99,False,,organic,mobile,Sci-Fi|Romance|Thriller|Mystery,high
CUST_000563,anthonylewis@example.com,CY,42,2025-08-17,premium,22.99,False,,paid_search,gaming_console,Music|Fantasy,low
CUST_000564,greenjennifer@example.net,SI,23,2025-07-07,standard,15.49,False,,social,desktop,Action|Fantasy,medium
CUST_000565,kmontgomery@example.com,BA,43,2025-02-19,standard,15.49,False,,referral,mobile,Adventure|Animation|Music,high
CUST_000566,alexandra67@example.net,DO,65,2024-08-09,standard,15.49,False,,referral,smart_tv,Crime|Drama|Sci-Fi,medium
CUST_000567,ythompson@example.org,SV,54,2026-02-15,standard,15.49,False,,organic,gaming_console,Music|Sci-Fi|Animation|Thriller,medium
CUST_000568,jeffrey33@example.org,IT,31,2024-05-30,standard,15.49,True,2024-07-10,referral,tablet,Family|Action|Sci-Fi,low
CUST_000569,santosmichael@example.com,TN,23,2025-07-26,standard,15.49,False,,social,desktop,Music|Adventure,medium
CUST_000570,larsenmegan@example.net,GT,45,2026-03-19,standard,15.49,False,,social,tablet,Animation|Romance|Music|Mystery,low
CUST_000571,michaeljohnson@example.net,BZ,28,2025-11-06,basic,9.99,False,,referral,tablet,Sci-Fi|Animation|Comedy,high
CUST_000572,nelsonsuzanne@example.net,SO,30,2024-12-21,premium,22.99,False,,organic,gaming_console,Comedy|Family,high
CUST_000573,wallerbrian@example.net,SK,18,2026-02-16,premium,22.99,True,2026-06-03,referral,mobile,Fantasy|Documentary|Animation|Family,medium
CUST_000574,jonathanstevenson@example.net,CF,51,2024-10-19,standard,15.49,False,,organic,desktop,Family|Thriller,medium
CUST_000575,jeremylove@example.org,BB,30,2026-02-05,basic,9.99,False,,referral,gaming_console,Drama|Adventure|Mystery|Horror,high
CUST_000576,andrea13@example.net,BI,61,2025-07-27,basic,9.99,False,,tv_ad,smart_tv,Crime|Horror,high
CUST_000577,alexandrabrown@example.org,HN,25,2026-03-14,standard,15.49,False,,referral,desktop,Romance|Animation,medium
CUST_000578,imarshall@example.org,LB,66,2025-07-08,standard,15.49,False,,social,smart_tv,Fantasy|Comedy|Action,medium
CUST_000579,gonzalezdarren@example.org,PY,45,2025-12-14,basic,9.99,False,,referral,tablet,Music|Comedy|Drama,low
CUST_000580,danielsjason@example.com,KG,24,2024-09-10,premium,22.99,False,,organic,smart_tv,Thriller|Romance|Documentary,high
CUST_000581,perkinsmichelle@example.org,WS,57,2025-06-26,basic,9.99,False,,tv_ad,smart_tv,Animation|Action|Adventure|Sci-Fi,high
CUST_000582,mwaters@example.net,ZW,31,2026-02-27,premium,22.99,False,,paid_search,desktop,Family|Mystery|Thriller|Romance,high
CUST_000583,qgay@example.com,US,40,2025-07-31,premium,22.99,False,,referral,desktop,Fantasy|Sci-Fi,high
CUST_000584,vwelch@example.net,RO,35,2024-11-06,premium,22.99,False,,social,tablet,Action|Mystery|Crime|Horror,medium
CUST_000585,stephanie44@example.net,HU,19,2025-05-14,standard,15.49,False,,paid_search,tablet,Animation|Action,low
CUST_000586,erica84@example.net,OM,33,2024-12-30,premium,22.99,False,,tv_ad,desktop,Crime|Animation|Music|Drama,high
CUST_000587,tonyflores@example.net,PW,45,2024-07-05,basic,9.99,False,,paid_search,desktop,Fantasy|Mystery|Family,high
CUST_000588,haroldhodges@example.net,KI,63,2025-04-30,premium,22.99,False,,paid_search,gaming_console,Comedy|Music|Action,medium
CUST_000589,rpeterson@example.net,EG,53,2024-06-22,basic,9.99,False,,paid_search,tablet,Fantasy|Family|Thriller,high
CUST_000590,hinesjason@example.net,KP,55,2024-09-07,basic,9.99,True,2024-12-24,organic,gaming_console,Action|Mystery,medium
CUST_000591,tgarcia@example.net,GE,64,2024-12-14,premium,22.99,False,,paid_search,desktop,Drama|Action,low
CUST_000592,mariolee@example.com,DO,37,2025-06-27,premium,22.99,False,,paid_search,gaming_console,Music|Horror|Thriller,high
CUST_000593,chelseamoore@example.net,PY,23,2026-02-01,basic,9.99,False,,paid_search,smart_tv,Family|Romance|Thriller,low
CUST_000594,rchan@example.org,IN,25,2025-08-30,premium,22.99,False,,organic,mobile,Adventure|Sci-Fi,high
CUST_000595,nathan45@example.net,MH,41,2025-04-11,standard,15.49,False,,paid_search,desktop,Adventure|Animation,medium
CUST_000596,shannon69@example.com,NI,58,2026-01-14,basic,9.99,False,,organic,mobile,Action|Adventure,medium
CUST_000597,abrown@example.com,KH,37,2024-04-14,premium,22.99,False,,organic,mobile,Thriller|Sci-Fi|Family,low
CUST_000598,theresawang@example.org,MA,48,2025-12-26,premium,22.99,False,,tv_ad,gaming_console,Fantasy|Mystery|Adventure|Crime,high
CUST_000599,ebonyscott@example.com,AR,52,2024-09-14,premium,22.99,True,2024-10-25,tv_ad,gaming_console,Documentary|Romance|Adventure|Horror,medium
CUST_000600,ugibbs@example.net,TJ,32,2024-12-15,basic,9.99,False,,organic,mobile,Adventure|Horror|Mystery,medium
CUST_000601,laurenwilliamson@example.com,IS,59,2025-11-05,standard,15.49,False,,social,desktop,Adventure|Crime,high
CUST_000602,sanchezmark@example.com,WS,30,2024-07-01,premium,22.99,False,,social,desktop,Comedy|Action|Horror,medium
CUST_000603,ccrane@example.net,MW,49,2025-07-14,basic,9.99,False,,referral,desktop,Romance|Music|Family|Horror,high
CUST_000604,mwright@example.net,MT,42,2025-09-26,standard,15.49,False,,referral,mobile,Fantasy|Crime|Drama,low
CUST_000605,brownmatthew@example.net,MN,50,2024-05-26,premium,22.99,False,,social,gaming_console,Fantasy|Adventure|Sci-Fi|Music,high
CUST_000606,daniel21@example.com,ES,69,2025-03-16,standard,15.49,False,,social,desktop,Comedy|Crime|Action|Mystery,low
CUST_000607,morganlawrence@example.net,FR,27,2025-02-25,basic,9.99,False,,social,smart_tv,Horror|Thriller,medium
CUST_000608,gonzalesmark@example.net,HR,54,2025-06-20,basic,9.99,False,,social,mobile,Documentary|Crime,medium
CUST_000609,hannah21@example.net,LC,53,2024-10-29,premium,22.99,True,2025-04-19,tv_ad,smart_tv,Drama|Horror|Comedy,low
CUST_000610,susan57@example.net,GH,38,2025-11-05,premium,22.99,False,,paid_search,mobile,Thriller|Family|Action,medium
CUST_000611,taylor75@example.com,FJ,46,2024-08-31,basic,9.99,False,,paid_search,gaming_console,Mystery|Romance|Action,low
CUST_000612,jonathan02@example.org,BA,59,2025-09-18,standard,15.49,False,,tv_ad,smart_tv,Drama|Mystery,medium
CUST_000613,ffoster@example.org,SM,59,2025-02-23,standard,15.49,False,,organic,smart_tv,Mystery|Comedy|Fantasy,low
CUST_000614,allen60@example.net,LR,40,2024-05-26,standard,15.49,True,2025-01-15,organic,gaming_console,Documentary|Romance|Fantasy,low
CUST_000615,vcampbell@example.net,BJ,47,2025-12-14,standard,15.49,False,,referral,smart_tv,Action|Romance,high
CUST_000616,cunninghamterri@example.org,SN,18,2025-11-01,standard,15.49,False,,paid_search,smart_tv,Mystery|Horror,low
CUST_000617,berrytaylor@example.net,ET,69,2024-08-10,standard,15.49,False,,social,gaming_console,Action|Horror|Music|Adventure,low
CUST_000618,wangryan@example.com,PT,21,2025-11-15,basic,9.99,False,,social,smart_tv,Romance|Family,low
CUST_000619,debrajones@example.net,TR,26,2025-03-26,standard,15.49,False,,tv_ad,desktop,Family|Animation|Action|Romance,high
CUST_000620,srose@example.net,NR,44,2024-12-29,basic,9.99,True,2025-12-20,referral,smart_tv,Family|Drama,high
CUST_000621,moraleskelly@example.net,MW,64,2026-03-01,premium,22.99,False,,referral,mobile,Sci-Fi|Thriller|Animation|Romance,medium
CUST_000622,perezronald@example.com,GR,33,2024-04-24,basic,9.99,False,,paid_search,smart_tv,Documentary|Adventure|Crime,medium
CUST_000623,amanda39@example.com,VC,47,2025-07-07,basic,9.99,False,,referral,mobile,Horror|Mystery,high
CUST_000624,jacobhernandez@example.com,EG,50,2026-02-12,standard,15.49,True,2026-08-21,social,desktop,Fantasy|Drama,medium
CUST_000625,fergusonshirley@example.org,CN,46,2024-06-27,premium,22.99,False,,tv_ad,gaming_console,Adventure|Music|Horror|Crime,medium
CUST_000626,stephanie55@example.org,KM,61,2025-06-03,basic,9.99,False,,social,gaming_console,Adventure|Romance,medium
CUST_000627,kevincoleman@example.com,HT,19,2024-09-19,premium,22.99,True,2025-06-11,paid_search,tablet,Animation|Adventure|Documentary,low
CUST_000628,kelseyjohnson@example.com,CM,23,2026-04-07,basic,9.99,False,,social,desktop,Sci-Fi|Crime|Romance|Adventure,high
CUST_000629,vjohnson@example.net,GE,41,2026-01-17,basic,9.99,False,,organic,smart_tv,Action|Comedy|Crime|Mystery,medium
CUST_000630,griffinraymond@example.org,MU,56,2025-01-30,premium,22.99,False,,social,gaming_console,Horror|Romance|Animation,medium
CUST_000631,davisgregory@example.net,RS,25,2025-07-12,premium,22.99,False,,paid_search,smart_tv,Adventure|Thriller|Mystery,high
CUST_000632,martinjason@example.com,SZ,32,2025-05-16,basic,9.99,False,,tv_ad,desktop,Romance|Horror|Adventure|Comedy,low
CUST_000633,kara56@example.org,GE,35,2025-07-23,standard,15.49,False,,referral,mobile,Documentary|Fantasy,high
CUST_000634,timothy81@example.com,AM,64,2024-06-19,basic,9.99,False,,organic,smart_tv,Thriller|Romance|Documentary,medium
CUST_000635,zlara@example.org,MH,62,2024-04-15,basic,9.99,False,,paid_search,mobile,Drama|Sci-Fi|Documentary|Romance,high
CUST_000636,mary64@example.org,ME,27,2025-01-14,standard,15.49,False,,organic,desktop,Music|Crime,high
CUST_000637,bliu@example.com,ZA,66,2024-06-14,standard,15.49,False,,organic,gaming_console,Romance|Adventure,low
CUST_000638,brandon32@example.net,AG,70,2025-08-25,standard,15.49,False,,organic,gaming_console,Mystery|Sci-Fi|Horror|Fantasy,low
CUST_000639,donaldharrison@example.org,BH,27,2024-07-18,premium,22.99,False,,organic,smart_tv,Comedy|Animation,low
CUST_000640,michelleguerrero@example.com,VN,52,2025-07-17,standard,15.49,False,,social,desktop,Sci-Fi|Animation|Documentary,medium
CUST_000641,robertthompson@example.net,CZ,39,2025-02-26,standard,15.49,False,,tv_ad,gaming_console,Fantasy|Crime,medium
CUST_000642,michaelbuckley@example.org,AT,44,2025-11-07,standard,15.49,True,2026-03-29,paid_search,tablet,Comedy|Documentary|Thriller|Mystery,low
CUST_000643,kevingarrett@example.com,VU,23,2025-05-01,standard,15.49,True,2025-09-07,referral,smart_tv,Documentary|Animation|Action|Crime,low
CUST_000644,loganmartin@example.com,AU,61,2024-12-15,standard,15.49,False,,social,tablet,Comedy|Sci-Fi|Animation|Music,medium
CUST_000645,robinwilliams@example.com,US,62,2025-11-01,standard,15.49,False,,social,gaming_console,Romance|Horror|Mystery,medium
CUST_000646,ericsmith@example.org,BW,25,2025-10-23,basic,9.99,False,,organic,desktop,Drama|Family|Fantasy,medium
CUST_000647,rodriguezthomas@example.com,SO,28,2025-03-02,premium,22.99,True,2025-09-03,referral,tablet,Music|Comedy|Romance|Drama,medium
CUST_000648,melodypacheco@example.org,KR,70,2025-03-18,basic,9.99,False,,tv_ad,smart_tv,Sci-Fi|Mystery,medium
CUST_000649,qlam@example.org,LI,18,2025-04-14,basic,9.99,False,,organic,tablet,Action|Crime,high
CUST_000650,summer17@example.com,AE,67,2025-09-01,basic,9.99,False,,tv_ad,mobile,Family|Fantasy|Comedy,high
CUST_000651,davidrobertson@example.org,GR,23,2026-01-15,basic,9.99,False,,social,mobile,Documentary|Horror,medium
CUST_000652,pauljennifer@example.com,VE,45,2025-09-04,basic,9.99,False,,referral,smart_tv,Horror|Family|Thriller,high
CUST_000653,jeremylopez@example.net,KI,38,2024-06-30,standard,15.49,False,,tv_ad,mobile,Romance|Music|Drama|Action,high
CUST_000654,hbarnett@example.net,TR,37,2024-12-21,premium,22.99,False,,organic,tablet,Music|Action|Comedy,low
CUST_000655,kathleen25@example.com,MR,45,2026-02-25,premium,22.99,False,,organic,mobile,Comedy|Music|Action,high
CUST_000656,bethmichael@example.org,AE,40,2025-09-05,premium,22.99,False,,referral,desktop,Comedy|Thriller|Documentary,medium
CUST_000657,ywelch@example.org,EG,44,2026-03-14,standard,15.49,False,,organic,mobile,Mystery|Comedy|Animation,high
CUST_000658,cynthiaconley@example.org,DK,57,2024-04-21,premium,22.99,False,,tv_ad,gaming_console,Drama|Comedy,medium
CUST_000659,alexander77@example.com,ET,69,2025-02-12,standard,15.49,True,2025-12-04,referral,smart_tv,Music|Action|Thriller,low
CUST_000660,nhayes@example.com,VU,54,2025-08-11,basic,9.99,True,2026-05-14,social,smart_tv,Adventure|Crime|Drama|Animation,medium
CUST_000661,rwilson@example.net,SG,51,2024-10-31,basic,9.99,False,,paid_search,gaming_console,Comedy|Documentary|Fantasy|Mystery,high
CUST_000662,matthew24@example.com,RU,27,2026-03-28,premium,22.99,False,,social,tablet,Horror|Thriller,high
CUST_000663,qalvarado@example.com,SI,30,2025-11-30,premium,22.99,False,,organic,smart_tv,Family|Sci-Fi,high
CUST_000664,caseyronald@example.org,ST,24,2024-10-31,basic,9.99,False,,referral,smart_tv,Comedy|Adventure,medium
CUST_000665,perezstephen@example.org,CL,48,2024-07-17,premium,22.99,False,,paid_search,mobile,Animation|Adventure,medium
CUST_000666,david54@example.com,NZ,27,2025-06-11,premium,22.99,False,,organic,mobile,Thriller|Sci-Fi|Animation|Drama,low
CUST_000667,burchteresa@example.org,MY,30,2025-06-13,basic,9.99,False,,referral,desktop,Horror|Music|Comedy|Documentary,high
CUST_000668,donaldbecker@example.org,FJ,35,2026-01-06,standard,15.49,False,,referral,desktop,Drama|Sci-Fi,medium
CUST_000669,alicia29@example.net,SL,36,2025-10-31,premium,22.99,False,,referral,smart_tv,Action|Fantasy|Animation,low
CUST_000670,amber82@example.com,DJ,57,2024-05-16,premium,22.99,False,,referral,smart_tv,Romance|Mystery|Thriller|Family,high
CUST_000671,cynthiatrevino@example.org,GB,28,2024-06-26,standard,15.49,False,,social,gaming_console,Animation|Documentary|Sci-Fi,medium
CUST_000672,amberfriedman@example.com,FR,27,2025-10-18,premium,22.99,False,,social,gaming_console,Comedy|Action|Animation|Adventure,low
CUST_000673,haleystacy@example.com,MW,37,2024-11-12,standard,15.49,False,,referral,smart_tv,Romance|Family,high
CUST_000674,denglish@example.com,CR,50,2026-03-10,premium,22.99,False,,tv_ad,tablet,Drama|Thriller|Music,medium
CUST_000675,aaron48@example.net,KR,22,2025-10-22,basic,9.99,False,,organic,smart_tv,Drama|Crime|Animation|Family,high
CUST_000676,brownrobert@example.org,RO,61,2024-09-19,premium,22.99,False,,referral,tablet,Thriller|Adventure,medium
CUST_000677,kathyroman@example.org,MX,42,2026-01-08,basic,9.99,False,,referral,smart_tv,Family|Horror|Adventure|Music,high
CUST_000678,debbiemyers@example.org,HU,46,2025-12-11,basic,9.99,False,,social,gaming_console,Mystery|Fantasy,high
CUST_000679,chad42@example.com,CM,42,2026-01-18,premium,22.99,False,,paid_search,gaming_console,Crime|Adventure,high
CUST_000680,jamiethomas@example.com,PS,30,2025-10-25,premium,22.99,False,,paid_search,desktop,Sci-Fi|Animation|Thriller,medium
CUST_000681,walshabigail@example.net,CA,60,2024-12-20,premium,22.99,False,,organic,mobile,Adventure|Drama,low
CUST_000682,chall@example.com,CM,52,2025-11-30,basic,9.99,False,,organic,tablet,Crime|Family,medium
CUST_000683,whernandez@example.net,LV,54,2025-06-04,basic,9.99,False,,referral,gaming_console,Thriller|Comedy|Sci-Fi|Horror,high
CUST_000684,stefanie06@example.com,CG,58,2026-02-18,standard,15.49,False,,referral,smart_tv,Fantasy|Music|Family|Adventure,medium
CUST_000685,ksimmons@example.net,MD,56,2025-08-09,premium,22.99,True,2026-06-11,social,smart_tv,Romance|Adventure|Fantasy|Sci-Fi,low
CUST_000686,oblake@example.net,CA,40,2026-02-11,basic,9.99,False,,organic,mobile,Animation|Fantasy|Romance,medium
CUST_000687,john76@example.com,BG,43,2024-06-17,standard,15.49,True,2025-05-29,organic,gaming_console,Horror|Fantasy|Comedy|Drama,medium
CUST_000688,grimesjoshua@example.net,ES,44,2025-08-18,premium,22.99,False,,social,mobile,Sci-Fi|Romance|Thriller|Mystery,low
CUST_000689,danielle56@example.net,ID,64,2024-11-10,standard,15.49,False,,social,smart_tv,Music|Horror,medium
CUST_000690,smithjennifer@example.com,HN,22,2025-01-12,basic,9.99,False,,referral,gaming_console,Animation|Drama|Documentary|Mystery,medium
CUST_000691,bwalker@example.net,IQ,26,2025-07-08,premium,22.99,False,,social,smart_tv,Animation|Comedy,medium
CUST_000692,kcastro@example.com,UZ,68,2024-06-29,basic,9.99,True,2024-11-22,organic,smart_tv,Horror|Thriller|Crime|Action,low
CUST_000693,gwilliams@example.net,BA,61,2025-05-18,basic,9.99,False,,organic,gaming_console,Comedy|Drama,high
CUST_000694,wilsonkathryn@example.com,TT,53,2024-06-25,standard,15.49,True,2024-10-03,organic,desktop,Documentary|Music|Action,medium
CUST_000695,tochoa@example.net,BB,21,2025-09-14,basic,9.99,False,,paid_search,mobile,Crime|Horror|Animation,medium
CUST_000696,kphelps@example.net,AZ,69,2025-01-04,basic,9.99,False,,tv_ad,gaming_console,Action|Documentary,high
CUST_000697,oli@example.net,NR,21,2026-04-10,basic,9.99,False,,organic,smart_tv,Fantasy|Documentary,medium
CUST_000698,robinsonhenry@example.net,LS,33,2025-09-11,basic,9.99,False,,social,mobile,Mystery|Crime|Fantasy,high
CUST_000699,samantha07@example.com,MK,52,2024-06-25,premium,22.99,False,,paid_search,desktop,Adventure|Thriller|Animation|Family,medium
CUST_000700,michael34@example.com,BE,37,2026-01-05,premium,22.99,False,,social,gaming_console,Animation|Fantasy|Horror,medium
CUST_000701,olyons@example.com,DK,52,2024-12-18,standard,15.49,False,,tv_ad,smart_tv,Comedy|Romance,medium
CUST_000702,joy52@example.com,BT,31,2024-09-19,basic,9.99,False,,paid_search,gaming_console,Documentary|Drama|Sci-Fi,medium
CUST_000703,christina35@example.com,BZ,27,2024-12-25,basic,9.99,False,,organic,mobile,Horror|Adventure|Crime|Documentary,high
CUST_000704,fowlerlawrence@example.com,DZ,35,2026-03-21,premium,22.99,False,,social,gaming_console,Adventure|Mystery|Sci-Fi,high
CUST_000705,tharris@example.com,MG,42,2024-09-01,standard,15.49,False,,referral,smart_tv,Mystery|Romance,high
CUST_000706,whuang@example.org,DO,60,2024-12-27,standard,15.49,False,,referral,gaming_console,Horror|Animation,medium
CUST_000707,rodriguezbonnie@example.net,ME,19,2024-12-16,basic,9.99,False,,tv_ad,tablet,Comedy|Family,medium
CUST_000708,katherine82@example.com,VN,57,2025-08-21,standard,15.49,False,,referral,desktop,Horror|Family|Mystery|Crime,high
CUST_000709,gonzalezchristopher@example.net,HR,64,2025-10-02,premium,22.99,False,,social,gaming_console,Family|Adventure,medium
CUST_000710,dustin58@example.com,MY,42,2025-02-18,standard,15.49,False,,referral,mobile,Drama|Family|Comedy|Romance,low
CUST_000711,vgarcia@example.com,VE,33,2024-07-22,basic,9.99,False,,tv_ad,tablet,Family|Thriller|Romance,low
CUST_000712,nguyenjeffrey@example.org,HN,60,2025-06-26,standard,15.49,False,,social,gaming_console,Drama|Romance,medium
CUST_000713,elizabethhill@example.com,GR,19,2025-06-09,basic,9.99,True,2026-02-19,organic,desktop,Thriller|Crime|Romance|Music,low
CUST_000714,johnperez@example.net,GM,21,2026-01-17,basic,9.99,False,,tv_ad,smart_tv,Thriller|Fantasy|Comedy,medium
CUST_000715,phillipstamara@example.net,RO,68,2024-07-31,standard,15.49,False,,social,tablet,Crime|Adventure|Sci-Fi|Music,medium
CUST_000716,jperry@example.net,FI,25,2026-01-20,standard,15.49,True,2027-01-20,organic,mobile,Music|Animation|Drama|Thriller,low
CUST_000717,melaniecarpenter@example.net,TR,32,2025-02-24,premium,22.99,False,,organic,tablet,Drama|Crime|Mystery,medium
CUST_000718,tfrancis@example.com,IN,40,2026-03-01,standard,15.49,True,2026-05-25,organic,gaming_console,Comedy|Documentary|Mystery,medium
CUST_000719,michael35@example.net,MK,41,2025-03-11,standard,15.49,True,2025-11-08,organic,desktop,Horror|Animation,low
CUST_000720,marccarey@example.net,HU,44,2024-06-08,standard,15.49,True,2025-06-06,social,desktop,Drama|Family|Crime,low
CUST_000721,colinlowery@example.net,KN,27,2025-12-18,standard,15.49,False,,tv_ad,smart_tv,Crime|Mystery,medium
CUST_000722,daniel93@example.net,MG,68,2025-04-14,basic,9.99,False,,tv_ad,tablet,Comedy|Documentary|Family,high
CUST_000723,stevenandrews@example.org,PK,59,2025-10-19,basic,9.99,False,,organic,smart_tv,Mystery|Thriller|Documentary|Music,medium
CUST_000724,bcrawford@example.org,DO,25,2025-08-03,basic,9.99,False,,tv_ad,smart_tv,Thriller|Comedy|Documentary|Action,medium
CUST_000725,dhansen@example.com,QA,54,2024-04-27,premium,22.99,False,,social,mobile,Comedy|Sci-Fi|Crime|Romance,low
CUST_000726,brycegomez@example.net,IS,25,2026-02-12,standard,15.49,False,,paid_search,desktop,Horror|Sci-Fi|Crime,high
CUST_000727,stacey09@example.com,NR,22,2025-06-26,premium,22.99,False,,social,desktop,Crime|Adventure|Animation,medium
CUST_000728,valerielewis@example.com,KR,33,2025-10-08,premium,22.99,False,,referral,gaming_console,Horror|Drama|Music,high
CUST_000729,mark98@example.com,CV,23,2025-06-02,premium,22.99,True,2026-01-27,referral,gaming_console,Family|Romance|Crime,low
CUST_000730,michelle90@example.net,TW,18,2025-11-26,basic,9.99,False,,paid_search,smart_tv,Animation|Family|Horror|Music,high
CUST_000731,hamptonchad@example.org,SM,20,2025-01-13,standard,15.49,False,,referral,smart_tv,Documentary|Sci-Fi|Animation|Adventure,low
CUST_000732,jessicawright@example.net,PS,42,2025-02-25,premium,22.99,False,,referral,tablet,Music|Comedy,high
CUST_000733,anthonymcfarland@example.net,CL,70,2024-08-27,basic,9.99,False,,social,gaming_console,Horror|Documentary|Romance|Adventure,medium
CUST_000734,davisrichard@example.net,LA,44,2024-12-23,premium,22.99,False,,referral,desktop,Mystery|Adventure|Documentary|Crime,high
CUST_000735,ejames@example.org,LV,70,2025-02-04,standard,15.49,False,,tv_ad,smart_tv,Music|Documentary|Animation|Fantasy,high
CUST_000736,collinsgregory@example.com,ID,38,2024-08-30,basic,9.99,False,,referral,mobile,Drama|Crime|Thriller|Family,medium
CUST_000737,lopezrichard@example.org,MG,39,2025-05-03,premium,22.99,False,,organic,gaming_console,Family|Adventure|Horror,medium
CUST_000738,morgankaren@example.net,IE,38,2025-08-25,premium,22.99,False,,paid_search,mobile,Comedy|Fantasy|Action|Romance,medium
CUST_000739,hendrixbrian@example.com,BY,54,2024-04-25,basic,9.99,False,,tv_ad,tablet,Animation|Documentary|Horror|Action,medium
CUST_000740,stuartallison@example.org,LR,46,2024-08-18,basic,9.99,False,,paid_search,mobile,Adventure|Romance,medium
CUST_000741,anthony99@example.com,BJ,60,2025-02-02,standard,15.49,False,,social,mobile,Drama|Family|Adventure,high
CUST_000742,danajimenez@example.net,GM,52,2024-08-21,basic,9.99,False,,tv_ad,mobile,Family|Music|Mystery|Drama,high
CUST_000743,wigginsrita@example.net,MR,54,2025-01-03,basic,9.99,False,,referral,desktop,Crime|Horror,medium
CUST_000744,patriciamccarthy@example.org,SD,25,2025-06-29,premium,22.99,True,2026-03-13,referral,desktop,Romance|Adventure|Documentary,medium
CUST_000745,cjohnson@example.net,CL,40,2024-08-03,standard,15.49,True,2024-10-12,paid_search,smart_tv,Romance|Documentary,medium
CUST_000746,savannah15@example.net,EG,61,2025-12-27,standard,15.49,False,,organic,tablet,Romance|Sci-Fi|Thriller,high
CUST_000747,racheljimenez@example.net,DE,60,2025-07-12,basic,9.99,False,,organic,smart_tv,Family|Comedy|Crime|Horror,high
CUST_000748,sharon86@example.com,CI,48,2025-07-30,basic,9.99,True,2025-11-14,referral,mobile,Fantasy|Horror|Thriller,low
CUST_000749,morganmichael@example.org,RW,51,2025-09-11,premium,22.99,False,,paid_search,smart_tv,Horror|Thriller,high
CUST_000750,dwilliams@example.com,KM,62,2024-09-03,standard,15.49,True,2025-02-14,tv_ad,desktop,Drama|Horror|Documentary|Music,low
CUST_000751,abbottchristopher@example.net,LI,37,2025-10-11,premium,22.99,False,,paid_search,tablet,Crime|Sci-Fi|Comedy|Thriller,high
CUST_000752,psherman@example.org,JM,24,2026-03-19,premium,22.99,False,,paid_search,smart_tv,Action|Drama|Crime|Comedy,medium
CUST_000753,sethgonzalez@example.net,NP,29,2024-12-14,standard,15.49,False,,referral,tablet,Crime|Horror|Thriller,medium
CUST_000754,fbennett@example.org,RW,49,2025-02-17,premium,22.99,True,2026-01-20,referral,mobile,Action|Documentary|Music|Sci-Fi,medium
CUST_000755,anna96@example.com,SB,67,2024-06-30,basic,9.99,False,,social,tablet,Horror|Fantasy|Family|Action,low
CUST_000756,kelli08@example.org,ET,21,2025-12-11,premium,22.99,False,,social,desktop,Family|Sci-Fi|Action,medium
CUST_000757,patricia98@example.org,BA,54,2024-06-18,premium,22.99,False,,paid_search,gaming_console,Fantasy|Mystery|Romance|Sci-Fi,medium
CUST_000758,fergusonbrandon@example.com,MV,56,2024-12-09,basic,9.99,False,,tv_ad,smart_tv,Drama|Animation,medium
CUST_000759,tamara06@example.net,SE,40,2024-09-03,premium,22.99,True,2025-07-13,organic,smart_tv,Adventure|Family|Documentary,low
CUST_000760,williammaldonado@example.org,GH,32,2025-05-21,premium,22.99,False,,social,mobile,Horror|Music|Comedy|Action,high
CUST_000761,ododson@example.net,LB,18,2024-06-25,standard,15.49,False,,organic,smart_tv,Comedy|Documentary,medium
CUST_000762,tylerduncan@example.net,AL,37,2024-06-05,premium,22.99,True,2024-07-17,paid_search,mobile,Family|Sci-Fi|Mystery,low
CUST_000763,sharris@example.org,JP,43,2024-05-15,basic,9.99,False,,paid_search,tablet,Fantasy|Family,medium
CUST_000764,donnaherman@example.com,EE,18,2024-04-13,basic,9.99,True,2025-02-14,tv_ad,mobile,Documentary|Animation|Family|Fantasy,low
CUST_000765,nathanmonroe@example.org,DE,68,2025-02-06,basic,9.99,False,,social,desktop,Horror|Fantasy|Drama,high
CUST_000766,christyscott@example.com,KZ,59,2024-07-29,premium,22.99,False,,tv_ad,desktop,Romance|Sci-Fi|Horror,low
CUST_000767,jamie46@example.net,AG,48,2025-06-27,standard,15.49,False,,social,gaming_console,Horror|Action,medium
CUST_000768,mbennett@example.com,ID,41,2025-02-27,premium,22.99,False,,tv_ad,smart_tv,Sci-Fi|Documentary,medium
CUST_000769,simsrandall@example.net,PE,41,2025-07-20,standard,15.49,False,,referral,gaming_console,Action|Family,medium
CUST_000770,chadwilson@example.org,RW,24,2024-07-19,basic,9.99,False,,tv_ad,mobile,Music|Family|Thriller,high
CUST_000771,amandajackson@example.net,IE,57,2024-05-31,basic,9.99,False,,referral,gaming_console,Drama|Horror|Adventure,low
CUST_000772,smitchell@example.com,TN,44,2025-09-20,premium,22.99,False,,social,tablet,Mystery|Family,medium
CUST_000773,juarezralph@example.org,BT,31,2024-10-30,basic,9.99,True,2025-09-12,referral,gaming_console,Drama|Animation|Action|Mystery,low
CUST_000774,hgonzalez@example.org,PW,53,2025-06-14,standard,15.49,False,,organic,smart_tv,Horror|Crime|Sci-Fi|Documentary,medium
CUST_000775,rodriguezbenjamin@example.com,ER,65,2025-04-16,standard,15.49,False,,organic,mobile,Music|Family|Mystery,low
CUST_000776,allenchristina@example.com,SZ,58,2024-06-13,basic,9.99,False,,tv_ad,desktop,Mystery|Action,medium
CUST_000777,charper@example.net,SC,36,2024-07-29,basic,9.99,False,,social,gaming_console,Action|Animation|Mystery|Romance,low
CUST_000778,kaylahardy@example.org,TN,51,2025-11-26,standard,15.49,False,,paid_search,gaming_console,Drama|Thriller|Music,low
CUST_000779,matthewclements@example.org,MG,65,2024-04-21,premium,22.99,False,,paid_search,mobile,Romance|Sci-Fi|Fantasy|Horror,high
CUST_000780,rachelbrown@example.com,DE,48,2025-04-03,premium,22.99,False,,organic,smart_tv,Mystery|Crime|Action,low
CUST_000781,perezcourtney@example.com,KM,39,2024-11-22,standard,15.49,False,,organic,smart_tv,Documentary|Adventure,medium
CUST_000782,cjohnson@example.org,HN,32,2025-10-22,premium,22.99,False,,social,smart_tv,Adventure|Crime,high
CUST_000783,angela28@example.com,BG,67,2025-07-21,basic,9.99,False,,referral,tablet,Drama|Documentary|Romance,medium
CUST_000784,ortizamanda@example.net,WS,31,2024-07-05,premium,22.99,False,,social,mobile,Horror|Adventure|Drama|Music,low
CUST_000785,mitchell21@example.net,HT,67,2024-08-19,standard,15.49,False,,referral,tablet,Family|Comedy,medium
CUST_000786,dsmith@example.com,TN,60,2024-04-14,premium,22.99,False,,referral,mobile,Drama|Romance|Family|Documentary,high
CUST_000787,kathleenjohnson@example.net,BN,57,2024-07-11,basic,9.99,True,2024-10-24,paid_search,mobile,Horror|Adventure,high
CUST_000788,ppineda@example.com,JM,46,2024-04-25,standard,15.49,False,,referral,desktop,Adventure|Mystery|Music,medium
CUST_000789,vcole@example.org,KZ,67,2025-09-24,standard,15.49,False,,referral,desktop,Horror|Comedy,medium
CUST_000790,michael77@example.org,PH,28,2025-04-26,standard,15.49,False,,social,mobile,Crime|Comedy|Adventure|Drama,high
CUST_000791,jeffrey42@example.com,IE,53,2025-05-31,standard,15.49,False,,referral,tablet,Documentary|Family|Romance,high
CUST_000792,michealsmith@example.com,CV,64,2026-02-24,basic,9.99,True,2026-10-29,paid_search,gaming_console,Fantasy|Sci-Fi|Family,medium
CUST_000793,ijenkins@example.org,MZ,65,2024-05-13,premium,22.99,False,,organic,mobile,Action|Crime,low
CUST_000794,jared66@example.com,PK,24,2024-07-16,standard,15.49,False,,social,tablet,Mystery|Drama,medium
CUST_000795,ywallace@example.com,MM,43,2025-10-31,premium,22.99,False,,organic,tablet,Romance|Mystery|Thriller|Animation,high
CUST_000796,elizabeth28@example.org,HN,58,2024-12-28,standard,15.49,False,,referral,desktop,Fantasy|Mystery|Documentary|Sci-Fi,high
CUST_000797,ashleygould@example.net,KM,19,2024-09-25,basic,9.99,False,,tv_ad,mobile,Family|Comedy|Animation|Adventure,low
CUST_000798,rachel86@example.com,BA,25,2025-12-10,premium,22.99,False,,organic,desktop,Adventure|Action,high
CUST_000799,philipharrison@example.net,CF,30,2024-12-04,premium,22.99,False,,tv_ad,smart_tv,Adventure|Fantasy|Comedy,medium
CUST_000800,rebecca96@example.org,FR,55,2025-03-27,standard,15.49,False,,social,gaming_console,Animation|Documentary|Music,high
CUST_000801,andrea26@example.net,NR,22,2024-09-25,basic,9.99,False,,paid_search,gaming_console,Action|Fantasy|Thriller,high
CUST_000802,njohnson@example.com,TN,56,2024-08-28,basic,9.99,False,,paid_search,gaming_console,Music|Sci-Fi,low
CUST_000803,joshuareese@example.net,DE,40,2025-09-10,standard,15.49,False,,organic,tablet,Fantasy|Animation|Mystery|Romance,medium
CUST_000804,zandrews@example.org,CZ,23,2025-08-21,standard,15.49,False,,paid_search,smart_tv,Adventure|Drama|Sci-Fi|Animation,low
CUST_000805,taylor27@example.com,VA,41,2025-02-23,basic,9.99,False,,referral,smart_tv,Mystery|Family|Music|Animation,medium
CUST_000806,lowekristin@example.org,AO,30,2026-04-04,premium,22.99,False,,paid_search,tablet,Fantasy|Thriller|Animation,high
CUST_000807,riverachristopher@example.com,FR,44,2024-04-16,basic,9.99,False,,paid_search,mobile,Music|Romance|Animation,medium
CUST_000808,susanparker@example.org,ML,34,2025-11-08,standard,15.49,False,,organic,desktop,Romance|Animation,high
CUST_000809,brandy77@example.com,MA,58,2025-08-07,standard,15.49,False,,paid_search,smart_tv,Family|Thriller|Comedy,medium
CUST_000810,kevin82@example.org,DK,69,2024-08-24,premium,22.99,False,,social,mobile,Drama|Horror|Documentary|Action,medium
CUST_000811,patelchristine@example.org,TJ,67,2025-02-26,standard,15.49,False,,paid_search,tablet,Comedy|Fantasy|Documentary|Romance,low
CUST_000812,rgraves@example.net,HU,58,2025-06-13,basic,9.99,False,,paid_search,desktop,Animation|Adventure,medium
CUST_000813,reginadavis@example.org,CR,20,2024-07-07,basic,9.99,False,,social,smart_tv,Crime|Drama|Action,high
CUST_000814,ekennedy@example.org,AO,39,2026-02-22,premium,22.99,False,,organic,mobile,Music|Action,medium
CUST_000815,sarah99@example.org,PE,69,2025-07-09,standard,15.49,False,,tv_ad,desktop,Comedy|Music|Family,low
CUST_000816,wallerstacey@example.net,LY,34,2026-03-05,premium,22.99,False,,social,gaming_console,Documentary|Action|Sci-Fi,high
CUST_000817,vanessa51@example.org,CR,50,2026-02-26,standard,15.49,False,,organic,desktop,Romance|Mystery|Horror,high
CUST_000818,erica21@example.net,FJ,37,2025-08-07,standard,15.49,False,,tv_ad,gaming_console,Action|Drama|Mystery|Music,medium
CUST_000819,kelly15@example.net,SA,21,2025-08-15,basic,9.99,False,,organic,tablet,Family|Music|Fantasy|Thriller,medium
CUST_000820,xfrey@example.com,FI,27,2024-04-22,basic,9.99,False,,paid_search,mobile,Action|Music|Sci-Fi,low
CUST_000821,tina07@example.com,DM,23,2025-05-13,standard,15.49,False,,paid_search,mobile,Horror|Fantasy,medium
CUST_000822,jackiebaker@example.com,LU,48,2024-05-20,premium,22.99,False,,tv_ad,desktop,Mystery|Sci-Fi|Music,medium
CUST_000823,karen71@example.com,TG,66,2024-05-11,premium,22.99,False,,organic,desktop,Thriller|Action|Sci-Fi,high
CUST_000824,monicahouse@example.org,LK,36,2024-05-04,basic,9.99,False,,referral,gaming_console,Action|Family,medium
CUST_000825,turnerjames@example.com,MU,19,2025-06-29,standard,15.49,False,,paid_search,gaming_console,Sci-Fi|Thriller|Documentary,high
CUST_000826,dominguezjoseph@example.com,LT,57,2025-02-05,basic,9.99,False,,tv_ad,desktop,Crime|Animation|Comedy,high
CUST_000827,vrussell@example.org,LY,37,2025-01-19,basic,9.99,False,,referral,smart_tv,Sci-Fi|Horror,low
CUST_000828,andrea74@example.com,BS,42,2025-10-20,standard,15.49,False,,referral,smart_tv,Action|Music,medium
CUST_000829,fsellers@example.net,LB,24,2026-03-20,standard,15.49,False,,referral,smart_tv,Music|Animation|Action,high
CUST_000830,johnsondavid@example.org,HN,69,2026-02-08,standard,15.49,False,,organic,mobile,Thriller|Fantasy,medium
CUST_000831,nathanielmoore@example.org,BT,60,2024-06-06,standard,15.49,True,2025-01-27,referral,smart_tv,Action|Thriller|Sci-Fi|Mystery,low
CUST_000832,smithalexander@example.com,VN,67,2026-02-09,standard,15.49,False,,referral,tablet,Thriller|Adventure|Drama|Sci-Fi,medium
CUST_000833,brandisheppard@example.com,ZM,52,2024-06-03,premium,22.99,False,,referral,smart_tv,Family|Music,high
CUST_000834,kristi19@example.org,BG,64,2026-02-17,basic,9.99,True,2026-11-06,referral,smart_tv,Drama|Romance|Horror|Comedy,medium
CUST_000835,jamesreese@example.org,ER,21,2025-10-08,standard,15.49,False,,tv_ad,tablet,Fantasy|Sci-Fi,medium
CUST_000836,smithlatasha@example.org,GE,36,2024-06-20,standard,15.49,False,,social,desktop,Romance|Family|Mystery|Comedy,medium
CUST_000837,hughescolleen@example.org,PY,64,2024-05-18,basic,9.99,False,,organic,gaming_console,Thriller|Mystery|Drama,low
CUST_000838,jeanettesimpson@example.net,ER,64,2026-01-05,premium,22.99,False,,paid_search,desktop,Adventure|Comedy,low
CUST_000839,jessica90@example.com,ER,70,2025-04-09,standard,15.49,False,,tv_ad,gaming_console,Sci-Fi|Documentary|Drama,medium
CUST_000840,millerterri@example.com,CV,64,2025-05-09,standard,15.49,True,2026-04-30,organic,desktop,Crime|Mystery|Music,medium
CUST_000841,hollywarner@example.org,ET,45,2026-02-21,premium,22.99,False,,referral,smart_tv,Crime|Thriller,high
CUST_000842,katelyn32@example.com,ZW,45,2024-09-02,basic,9.99,False,,organic,mobile,Documentary|Thriller|Animation,high
CUST_000843,carolyn84@example.org,NP,33,2026-01-19,premium,22.99,False,,organic,tablet,Drama|Comedy|Fantasy,high
CUST_000844,jill80@example.net,KZ,35,2024-10-21,premium,22.99,False,,tv_ad,smart_tv,Romance|Documentary|Fantasy,high
CUST_000845,karen10@example.org,SA,44,2024-10-22,premium,22.99,False,,paid_search,smart_tv,Thriller|Romance,medium
CUST_000846,harveylisa@example.org,GQ,58,2025-01-02,standard,15.49,False,,social,smart_tv,Romance|Sci-Fi|Drama,high
CUST_000847,vsmith@example.net,BT,63,2025-11-24,basic,9.99,False,,tv_ad,desktop,Crime|Horror|Adventure|Drama,medium
CUST_000848,helen91@example.net,IN,18,2024-12-13,premium,22.99,False,,social,tablet,Crime|Comedy|Action|Sci-Fi,high
CUST_000849,shannon75@example.com,KG,52,2025-10-26,standard,15.49,False,,paid_search,desktop,Music|Sci-Fi|Documentary,medium
CUST_000850,vedwards@example.org,GT,40,2025-11-23,standard,15.49,False,,organic,mobile,Fantasy|Drama|Adventure|Thriller,medium
CUST_000851,bradgomez@example.com,PL,61,2025-07-10,premium,22.99,False,,referral,smart_tv,Romance|Animation|Family,medium
CUST_000852,dford@example.com,DE,44,2024-12-17,basic,9.99,False,,organic,tablet,Drama|Crime,medium
CUST_000853,bbarnes@example.org,LB,56,2024-07-29,premium,22.99,False,,organic,smart_tv,Action|Comedy,low
CUST_000854,reginaldsmith@example.net,EC,28,2025-01-31,standard,15.49,False,,referral,gaming_console,Drama|Romance,low
CUST_000855,jaysmith@example.com,CZ,67,2024-08-05,standard,15.49,False,,social,smart_tv,Action|Drama,medium
CUST_000856,james76@example.org,KI,43,2024-11-06,premium,22.99,False,,paid_search,desktop,Family|Thriller|Crime|Comedy,medium
CUST_000857,jeremy79@example.net,SB,29,2026-01-14,standard,15.49,False,,referral,tablet,Fantasy|Sci-Fi|Music,high
CUST_000858,kvalentine@example.com,TL,24,2025-03-12,basic,9.99,False,,referral,gaming_console,Family|Sci-Fi|Thriller,low
CUST_000859,suzanne15@example.net,QA,32,2024-05-26,premium,22.99,False,,paid_search,gaming_console,Action|Horror|Thriller,low
CUST_000860,donald87@example.org,NI,19,2025-07-26,premium,22.99,False,,social,gaming_console,Drama|Animation,high
CUST_000861,fryecrystal@example.com,ZM,56,2025-04-25,basic,9.99,False,,referral,gaming_console,Sci-Fi|Thriller|Adventure|Crime,low
CUST_000862,mcarr@example.org,SM,33,2024-12-07,premium,22.99,False,,paid_search,desktop,Sci-Fi|Crime,high
CUST_000863,jenny25@example.net,PY,31,2024-11-14,premium,22.99,False,,tv_ad,desktop,Music|Romance|Adventure,high
CUST_000864,westrobert@example.org,LR,50,2024-05-29,standard,15.49,False,,organic,gaming_console,Sci-Fi|Horror|Family|Music,high
CUST_000865,reneeorr@example.net,PY,22,2025-09-26,standard,15.49,False,,organic,smart_tv,Horror|Sci-Fi,high
CUST_000866,angela95@example.net,FI,34,2025-12-12,premium,22.99,False,,tv_ad,smart_tv,Sci-Fi|Fantasy|Action|Adventure,high
CUST_000867,tammyharrington@example.net,GT,64,2026-03-11,premium,22.99,False,,organic,tablet,Comedy|Documentary|Mystery|Sci-Fi,medium
CUST_000868,lisawright@example.net,PW,50,2025-10-12,standard,15.49,False,,referral,desktop,Family|Mystery|Crime|Action,high
CUST_000869,edwardsnicole@example.com,GB,25,2026-03-02,basic,9.99,True,2026-06-26,social,desktop,Family|Fantasy|Drama,medium
CUST_000870,christopher77@example.net,ZA,24,2024-08-03,premium,22.99,False,,social,smart_tv,Family|Sci-Fi,medium
CUST_000871,colekimberly@example.com,LC,36,2024-11-02,standard,15.49,False,,referral,tablet,Family|Horror|Animation,medium
CUST_000872,melanie07@example.org,GR,36,2024-07-30,standard,15.49,False,,organic,mobile,Romance|Drama|Mystery|Music,low
CUST_000873,murphymallory@example.com,TJ,37,2025-08-14,standard,15.49,False,,referral,desktop,Romance|Animation|Documentary|Music,medium
CUST_000874,sue75@example.net,SO,42,2024-08-01,premium,22.99,False,,social,mobile,Family|Documentary|Music|Animation,high
CUST_000875,susanharper@example.org,KE,64,2024-09-12,basic,9.99,False,,tv_ad,gaming_console,Romance|Music|Drama|Mystery,medium
CUST_000876,mossjames@example.net,JM,50,2025-10-31,standard,15.49,False,,social,gaming_console,Crime|Thriller,low
CUST_000877,ahenderson@example.com,IL,48,2024-10-19,standard,15.49,False,,referral,smart_tv,Thriller|Music|Comedy,medium
CUST_000878,kennethjohnson@example.net,NL,35,2024-09-15,premium,22.99,False,,tv_ad,smart_tv,Horror|Romance|Animation,medium
CUST_000879,steven27@example.net,MU,65,2024-06-10,premium,22.99,False,,tv_ad,mobile,Sci-Fi|Drama|Thriller,high
CUST_000880,brittneyblake@example.org,IS,50,2025-06-15,premium,22.99,False,,organic,tablet,Mystery|Action|Thriller|Adventure,high
CUST_000881,james97@example.com,DK,51,2025-03-30,premium,22.99,False,,paid_search,mobile,Comedy|Fantasy|Adventure|Mystery,medium
CUST_000882,marcussmith@example.org,LR,32,2025-07-09,standard,15.49,False,,referral,mobile,Documentary|Thriller,high
CUST_000883,uwood@example.net,MT,64,2025-06-13,basic,9.99,False,,organic,mobile,Comedy|Romance|Adventure,high
CUST_000884,fullerdebbie@example.com,EE,55,2025-06-11,premium,22.99,False,,referral,desktop,Horror|Animation,medium
CUST_000885,schneidermario@example.net,BB,30,2024-12-19,basic,9.99,False,,referral,smart_tv,Crime|Family,high
CUST_000886,sharpjennifer@example.com,BI,56,2026-02-25,standard,15.49,True,2026-12-01,social,gaming_console,Adventure|Comedy,medium
CUST_000887,taylorcurtis@example.org,LC,30,2026-03-30,basic,9.99,False,,tv_ad,gaming_console,Documentary|Sci-Fi,high
CUST_000888,fischerteresa@example.com,BR,58,2024-10-09,standard,15.49,False,,paid_search,tablet,Family|Action|Drama,medium
CUST_000889,karen76@example.net,BH,33,2025-02-24,premium,22.99,False,,social,tablet,Thriller|Romance|Fantasy,high
CUST_000890,zmay@example.net,DE,29,2025-05-22,premium,22.99,False,,referral,smart_tv,Thriller|Sci-Fi|Adventure,high
CUST_000891,olsenshane@example.org,IL,45,2025-06-09,standard,15.49,False,,social,smart_tv,Sci-Fi|Animation|Music|Family,low
CUST_000892,brianvega@example.org,BF,66,2024-10-03,standard,15.49,False,,paid_search,mobile,Comedy|Fantasy|Music|Horror,high
CUST_000893,timothywilliams@example.org,DE,37,2025-08-22,standard,15.49,False,,tv_ad,mobile,Family|Comedy|Sci-Fi,low
CUST_000894,vincentmorris@example.net,SV,28,2026-02-15,premium,22.99,False,,paid_search,gaming_console,Music|Horror|Family,medium
CUST_000895,dixonkeith@example.org,SV,35,2025-02-11,premium,22.99,False,,paid_search,tablet,Sci-Fi|Thriller|Drama|Action,high
CUST_000896,cpierce@example.org,TZ,40,2025-10-17,standard,15.49,False,,social,desktop,Crime|Music|Romance,medium
CUST_000897,jeromehenry@example.com,ME,43,2024-05-07,standard,15.49,False,,organic,desktop,Family|Action|Mystery,high
CUST_000898,william26@example.org,CZ,70,2024-06-11,standard,15.49,False,,paid_search,mobile,Sci-Fi|Family,medium
CUST_000899,hermanjulie@example.com,IQ,68,2025-05-31,premium,22.99,False,,referral,tablet,Fantasy|Crime|Mystery,medium
CUST_000900,william23@example.net,IE,46,2025-06-16,premium,22.99,False,,social,smart_tv,Family|Horror,high
CUST_000901,markgreen@example.org,CF,20,2024-12-25,basic,9.99,False,,referral,desktop,Documentary|Sci-Fi|Animation,medium
CUST_000902,mjohnson@example.net,SV,39,2024-11-17,basic,9.99,False,,social,gaming_console,Drama|Action|Mystery|Adventure,low
CUST_000903,hharris@example.org,MW,22,2025-05-12,standard,15.49,False,,social,desktop,Adventure|Sci-Fi|Music,high
CUST_000904,newtonmorgan@example.org,PS,33,2025-12-25,basic,9.99,False,,social,gaming_console,Romance|Drama|Horror|Comedy,low
CUST_000905,marissa39@example.com,ML,26,2025-06-26,premium,22.99,False,,organic,tablet,Comedy|Animation|Romance,high
CUST_000906,hollandjerry@example.com,GM,32,2025-04-05,standard,15.49,False,,referral,tablet,Documentary|Horror|Music,medium
CUST_000907,collinsjavier@example.org,LT,26,2025-05-11,standard,15.49,False,,organic,desktop,Romance|Animation|Drama|Documentary,high
CUST_000908,yarroyo@example.net,LR,50,2024-09-17,standard,15.49,False,,social,smart_tv,Family|Mystery|Comedy,low
CUST_000909,kguzman@example.com,QA,68,2025-03-31,premium,22.99,False,,tv_ad,desktop,Comedy|Fantasy,high
CUST_000910,laura31@example.net,CD,53,2025-06-19,standard,15.49,False,,organic,gaming_console,Adventure|Documentary|Animation|Drama,low
CUST_000911,farrellchristine@example.org,IS,30,2026-02-25,basic,9.99,False,,organic,desktop,Drama|Sci-Fi,high
CUST_000912,turnerpatrick@example.net,DJ,54,2026-04-02,standard,15.49,False,,social,desktop,Music|Thriller|Crime|Adventure,low
CUST_000913,richardsondebbie@example.com,SZ,18,2024-06-24,premium,22.99,False,,tv_ad,desktop,Fantasy|Action|Mystery|Animation,medium
CUST_000914,charles60@example.com,AU,55,2026-02-19,basic,9.99,True,2026-09-04,tv_ad,desktop,Action|Music|Romance,high
CUST_000915,turnerjose@example.org,CL,67,2026-03-08,premium,22.99,False,,paid_search,mobile,Animation|Crime|Documentary|Drama,low
CUST_000916,beardsarah@example.org,AL,20,2026-03-25,standard,15.49,False,,paid_search,gaming_console,Comedy|Drama,high
CUST_000917,hardyspencer@example.net,MD,30,2024-07-06,standard,15.49,False,,social,mobile,Fantasy|Crime|Horror,high
CUST_000918,joseph97@example.org,ES,19,2025-06-16,standard,15.49,False,,paid_search,desktop,Animation|Horror,high
CUST_000919,jasonsanders@example.com,AT,31,2025-09-29,basic,9.99,False,,referral,smart_tv,Mystery|Sci-Fi|Documentary,high
CUST_000920,dreynolds@example.com,EC,70,2024-05-08,standard,15.49,False,,organic,smart_tv,Horror|Family,medium
CUST_000921,douglassusan@example.com,KN,25,2024-04-20,basic,9.99,False,,referral,gaming_console,Documentary|Comedy|Adventure|Music,high
CUST_000922,rharris@example.org,SV,69,2024-11-14,standard,15.49,False,,tv_ad,tablet,Action|Horror|Fantasy,high
CUST_000923,jimmywest@example.org,CF,69,2024-11-07,standard,15.49,False,,referral,desktop,Sci-Fi|Mystery,low
CUST_000924,shansen@example.com,HT,59,2024-05-14,basic,9.99,False,,social,mobile,Fantasy|Adventure|Action,high
CUST_000925,mitchellchristopher@example.com,PH,35,2025-10-17,premium,22.99,True,2026-10-13,social,smart_tv,Family|Action|Sci-Fi|Mystery,high
CUST_000926,xstephens@example.net,MR,27,2026-01-07,basic,9.99,False,,paid_search,desktop,Drama|Mystery,low
CUST_000927,malikfowler@example.com,EC,41,2025-10-26,basic,9.99,True,2026-10-07,referral,mobile,Fantasy|Documentary,medium
CUST_000928,wwatson@example.com,CY,25,2025-07-04,standard,15.49,False,,paid_search,smart_tv,Music|Documentary|Family|Thriller,low
CUST_000929,alowe@example.com,NR,19,2026-01-02,standard,15.49,False,,organic,tablet,Thriller|Crime|Romance,high
CUST_000930,nicole55@example.net,PT,44,2024-06-16,basic,9.99,False,,organic,gaming_console,Documentary|Fantasy,low
CUST_000931,pamelacooper@example.net,CY,32,2025-03-26,standard,15.49,False,,organic,desktop,Comedy|Music|Fantasy|Adventure,low
CUST_000932,amber29@example.org,GA,56,2025-07-19,basic,9.99,True,2026-07-10,organic,tablet,Sci-Fi|Action|Comedy,low
CUST_000933,amiller@example.org,SC,57,2026-01-10,standard,15.49,False,,organic,desktop,Music|Crime|Thriller,medium
CUST_000934,stonebarbara@example.com,SY,27,2025-06-06,standard,15.49,False,,paid_search,smart_tv,Horror|Music|Animation|Comedy,low
CUST_000935,jodisutton@example.com,RW,34,2025-09-08,premium,22.99,True,2026-01-10,social,tablet,Romance|Drama|Adventure,low
CUST_000936,jessica58@example.com,SK,35,2024-07-09,premium,22.99,False,,paid_search,tablet,Drama|Comedy|Fantasy|Animation,high
CUST_000937,wrobinson@example.net,NE,20,2025-09-02,standard,15.49,False,,referral,smart_tv,Drama|Documentary,high
CUST_000938,perezdawn@example.org,MD,68,2025-09-26,basic,9.99,False,,paid_search,mobile,Music|Thriller,low
CUST_000939,jenniferbarry@example.net,CD,70,2026-03-06,standard,15.49,False,,tv_ad,desktop,Sci-Fi|Animation|Crime|Horror,high
CUST_000940,ruthneal@example.com,GY,65,2025-04-29,standard,15.49,False,,social,gaming_console,Drama|Romance|Comedy,medium
CUST_000941,nturner@example.net,DZ,49,2025-11-18,standard,15.49,False,,tv_ad,desktop,Romance|Crime,high
CUST_000942,andrewjohnson@example.org,GE,41,2024-06-24,premium,22.99,True,2025-02-27,organic,gaming_console,Family|Comedy|Romance,low
CUST_000943,jonesshaun@example.org,NO,36,2024-09-01,basic,9.99,True,2024-12-04,social,tablet,Fantasy|Adventure|Animation,medium
CUST_000944,msmith@example.com,LV,70,2025-01-12,standard,15.49,False,,tv_ad,mobile,Fantasy|Comedy,low
CUST_000945,jared69@example.net,QA,65,2025-02-05,basic,9.99,False,,social,gaming_console,Family|Mystery,low
CUST_000946,sheltontiffany@example.com,LB,41,2025-08-16,premium,22.99,False,,tv_ad,mobile,Fantasy|Comedy|Animation|Mystery,high
CUST_000947,scottthomas@example.com,GB,58,2025-01-08,premium,22.99,False,,tv_ad,mobile,Music|Crime|Animation|Adventure,high
CUST_000948,hendersonbrenda@example.com,LA,43,2025-06-02,premium,22.99,False,,social,desktop,Action|Fantasy|Horror|Romance,low
CUST_000949,jamessydney@example.org,PY,37,2025-04-25,premium,22.99,False,,organic,smart_tv,Sci-Fi|Crime|Music,high
CUST_000950,millerjennifer@example.net,ZM,22,2024-10-22,standard,15.49,False,,organic,desktop,Romance|Horror|Documentary|Drama,medium
CUST_000951,gibsonkaitlyn@example.org,UY,33,2026-03-27,basic,9.99,True,2026-11-12,paid_search,desktop,Family|Animation,high
CUST_000952,morrisangela@example.net,PG,35,2025-04-09,standard,15.49,False,,paid_search,desktop,Fantasy|Crime,low
CUST_000953,rdavis@example.org,UA,35,2024-09-25,basic,9.99,False,,social,smart_tv,Thriller|Music|Horror|Sci-Fi,low
CUST_000954,wallssean@example.net,EG,48,2026-02-09,premium,22.99,True,2026-07-07,referral,tablet,Comedy|Adventure|Family,medium
CUST_000955,heidi68@example.net,RS,35,2025-04-04,basic,9.99,False,,organic,desktop,Sci-Fi|Music|Adventure|Documentary,medium
CUST_000956,brenda87@example.org,PG,62,2024-05-17,standard,15.49,True,2025-02-20,social,mobile,Action|Drama|Music,high
CUST_000957,billburke@example.com,CG,60,2024-11-23,premium,22.99,True,2025-09-02,referral,desktop,Drama|Animation|Crime|Horror,high
CUST_000958,tanyajones@example.com,RU,34,2025-09-25,basic,9.99,False,,tv_ad,tablet,Fantasy|Documentary|Animation,medium
CUST_000959,hughesjulie@example.net,EE,69,2024-10-20,standard,15.49,False,,referral,mobile,Crime|Adventure|Mystery,low
CUST_000960,lwilliams@example.org,LV,70,2025-11-30,premium,22.99,False,,referral,gaming_console,Action|Thriller|Romance|Adventure,high
CUST_000961,cperez@example.net,CI,56,2026-02-11,premium,22.99,False,,organic,gaming_console,Drama|Comedy|Thriller,medium
CUST_000962,donaldyang@example.net,TM,61,2024-06-27,premium,22.99,False,,tv_ad,desktop,Adventure|Animation|Family|Horror,medium
CUST_000963,ycrawford@example.net,NR,47,2024-04-28,standard,15.49,False,,tv_ad,gaming_console,Crime|Thriller,high
CUST_000964,cynthia16@example.com,AU,31,2024-04-25,basic,9.99,False,,tv_ad,mobile,Documentary|Family|Action|Thriller,high
CUST_000965,bgrant@example.org,BI,64,2024-11-12,basic,9.99,False,,referral,tablet,Adventure|Romance|Action,high
CUST_000966,natalie57@example.com,SD,21,2024-06-16,standard,15.49,False,,social,desktop,Crime|Horror|Romance,medium
CUST_000967,rebeccahutchinson@example.org,AR,67,2026-03-25,premium,22.99,False,,tv_ad,tablet,Family|Animation|Music,medium
CUST_000968,hudsonelizabeth@example.com,KM,23,2024-08-13,premium,22.99,False,,social,tablet,Family|Fantasy|Music,high
CUST_000969,angela71@example.net,ER,64,2025-06-08,premium,22.99,False,,organic,desktop,Crime|Fantasy,medium
CUST_000970,cwilson@example.org,FR,63,2025-07-06,standard,15.49,False,,referral,tablet,Music|Family|Action|Horror,medium
CUST_000971,dean60@example.com,BH,25,2024-08-02,standard,15.49,False,,paid_search,gaming_console,Family|Music|Fantasy,medium
CUST_000972,rodriguezelizabeth@example.net,SM,43,2025-05-11,standard,15.49,False,,tv_ad,smart_tv,Thriller|Comedy|Romance|Fantasy,medium
CUST_000973,nicole25@example.org,QA,39,2024-04-16,basic,9.99,True,2025-02-12,social,desktop,Drama|Thriller|Action|Romance,low
CUST_000974,jacobwells@example.com,GH,69,2025-12-23,basic,9.99,False,,social,gaming_console,Fantasy|Documentary,high
CUST_000975,paulschultz@example.net,BN,27,2024-06-25,premium,22.99,False,,social,smart_tv,Horror|Sci-Fi|Mystery,medium
CUST_000976,michaelathomas@example.org,QA,31,2024-08-01,standard,15.49,False,,paid_search,smart_tv,Horror|Animation|Fantasy|Sci-Fi,high
CUST_000977,knightjohn@example.com,YE,46,2025-05-13,standard,15.49,False,,referral,gaming_console,Fantasy|Drama,medium
CUST_000978,mariarussell@example.com,BB,55,2025-01-15,premium,22.99,False,,referral,gaming_console,Action|Music,high
CUST_000979,kimberly03@example.net,RS,41,2026-02-15,standard,15.49,False,,paid_search,tablet,Family|Crime|Animation|Romance,medium
CUST_000980,peter93@example.net,CN,55,2026-04-02,premium,22.99,False,,paid_search,smart_tv,Music|Crime|Documentary|Horror,high
CUST_000981,wlucas@example.net,DJ,40,2025-04-17,premium,22.99,False,,tv_ad,mobile,Crime|Adventure|Family|Drama,medium
CUST_000982,tyler16@example.net,AT,55,2024-10-14,standard,15.49,False,,referral,smart_tv,Sci-Fi|Drama,medium
CUST_000983,hoffmanjanet@example.org,BA,48,2025-02-28,basic,9.99,True,2025-06-13,organic,tablet,Comedy|Thriller|Mystery,high
CUST_000984,joshua47@example.net,LV,56,2024-05-11,basic,9.99,False,,referral,desktop,Drama|Romance|Documentary,low
CUST_000985,samantha78@example.com,MV,37,2024-12-01,premium,22.99,False,,tv_ad,tablet,Action|Horror,high
CUST_000986,taylordavis@example.com,LV,55,2025-11-19,standard,15.49,False,,social,smart_tv,Action|Music|Family|Comedy,high
CUST_000987,kingjoseph@example.com,JO,57,2025-05-28,premium,22.99,True,2025-07-29,tv_ad,desktop,Drama|Adventure|Family,high
CUST_000988,lawrencebullock@example.org,TM,29,2025-07-15,premium,22.99,False,,paid_search,smart_tv,Horror|Drama,high
CUST_000989,teresa35@example.net,GD,54,2024-09-05,premium,22.99,False,,referral,desktop,Adventure|Crime|Animation|Family,high
CUST_000990,joseph63@example.net,CU,37,2025-02-23,standard,15.49,False,,social,mobile,Fantasy|Crime,low
CUST_000991,james58@example.net,LI,30,2025-12-24,premium,22.99,False,,paid_search,tablet,Sci-Fi|Adventure|Music,medium
CUST_000992,lperkins@example.org,RS,19,2024-09-15,premium,22.99,False,,tv_ad,smart_tv,Sci-Fi|Family|Adventure,medium
CUST_000993,danielle39@example.net,LU,51,2025-10-23,premium,22.99,True,2025-11-28,organic,tablet,Adventure|Music|Mystery,high
CUST_000994,zbrooks@example.com,VC,57,2024-08-30,standard,15.49,False,,referral,mobile,Drama|Crime|Adventure|Music,low
CUST_000995,jmedina@example.com,UZ,56,2024-11-06,premium,22.99,False,,social,gaming_console,Adventure|Fantasy|Thriller,high
CUST_000996,david68@example.com,AD,70,2024-06-04,basic,9.99,False,,referral,smart_tv,Fantasy|Family|Music|Comedy,low
CUST_000997,lisascott@example.com,PH,24,2024-05-31,premium,22.99,True,2024-12-25,paid_search,gaming_console,Animation|Family|Adventure|Romance,high
CUST_000998,william63@example.com,BF,57,2026-04-06,premium,22.99,False,,social,desktop,Sci-Fi|Horror,high
CUST_000999,elarson@example.com,MW,22,2025-03-08,premium,22.99,False,,social,mobile,Family|Sci-Fi|Adventure,high
