rating_id,customer_id,content_id,rating,rated_at
RAT_0000001,CUST_000000,TMDB_M_1015606,5,2026-03-12
RAT_0000002,CUST_000000,TMDB_M_1087891,1,2026-03-10
RAT_0000003,CUST_000000,TMDB_M_1368166,3,2026-02-26
RAT_0000004,CUST_000000,TMDB_M_1403735,2,2025-09-20
RAT_0000005,CUST_000000,TMDB_M_1646787,2,2026-03-23
RAT_0000006,CUST_000000,TMDB_M_228150,4,2026-02-24
RAT_0000007,CUST_000000,TMDB_M_28322,4,2026-02-07
RAT_0000008,CUST_000000,TMDB_M_324857,4,2026-03-05
RAT_0000009,CUST_000000,TMDB_M_350,3,2026-04-10
RAT_0000010,CUST_000000,TMDB_M_680493,3,2026-04-04
RAT_0000011,CUST_000000,TMDB_M_840464,1,2026-04-09
RAT_0000012,CUST_000000,TMDB_M_857,4,2026-03-08
RAT_0000013,CUST_000000,TMDB_M_912649,4,2026-02-24
RAT_0000014,CUST_000000,TMDB_M_936075,1,2025-11-23
RAT_0000015,CUST_000000,TMDB_T_124364,3,2025-12-23
RAT_0000016,CUST_000000,TMDB_T_127529,3,2025-10-05
RAT_0000017,CUST_000000,TMDB_T_1668,3,2026-02-23
RAT_0000018,CUST_000000,TMDB_T_279388,5,2025-11-09
RAT_0000019,CUST_000000,TMDB_T_33238,2,2025-10-22
RAT_0000020,CUST_000000,TMDB_T_693,1,2025-11-03
RAT_0000021,CUST_000001,TMDB_M_1020969,1,2026-01-06
RAT_0000022,CUST_000001,TMDB_M_1268127,3,2025-11-06
RAT_0000023,CUST_000001,TMDB_M_1327819,3,2026-01-30
RAT_0000024,CUST_000001,TMDB_M_414906,3,2026-02-18
RAT_0000025,CUST_000001,TMDB_M_502356,2,2026-01-06
RAT_0000026,CUST_000001,TMDB_M_82690,2,2026-03-24
RAT_0000027,CUST_000001,TMDB_M_876566,2,2026-01-13
RAT_0000028,CUST_000001,TMDB_M_941109,3,2026-04-09
RAT_0000029,CUST_000001,TMDB_T_17610,1,2026-03-22
RAT_0000030,CUST_000001,TMDB_T_1911,4,2026-02-19
RAT_0000031,CUST_000001,TMDB_T_291,3,2026-03-14
RAT_0000032,CUST_000001,TMDB_T_549,4,2026-02-19
RAT_0000033,CUST_000001,TMDB_T_74561,1,2026-03-30
RAT_0000034,CUST_000002,TMDB_M_1058710,4,2025-04-08
RAT_0000035,CUST_000002,TMDB_M_1252037,2,2026-03-17
RAT_0000036,CUST_000002,TMDB_M_1276038,4,2025-07-01
RAT_0000037,CUST_000002,TMDB_M_1290821,2,2025-12-20
RAT_0000038,CUST_000002,TMDB_M_1317149,2,2025-11-15
RAT_0000039,CUST_000002,TMDB_M_1426297,2,2026-01-24
RAT_0000040,CUST_000002,TMDB_M_1634301,4,2025-07-28
RAT_0000041,CUST_000002,TMDB_M_396535,3,2026-02-10
RAT_0000042,CUST_000002,TMDB_M_475557,3,2025-06-08
RAT_0000043,CUST_000002,TMDB_M_687259,3,2025-05-17
RAT_0000044,CUST_000002,TMDB_T_1911,1,2026-03-02
RAT_0000045,CUST_000002,TMDB_T_1973,3,2026-01-23
RAT_0000046,CUST_000002,TMDB_T_2224,4,2026-04-04
RAT_0000047,CUST_000002,TMDB_T_32692,3,2025-03-06
RAT_0000048,CUST_000002,TMDB_T_4177,1,2025-09-15
RAT_0000049,CUST_000002,TMDB_T_60059,4,2025-08-20
RAT_0000050,CUST_000002,TMDB_T_65733,3,2026-01-23
RAT_0000051,CUST_000003,TMDB_M_1020969,3,2024-08-10
RAT_0000052,CUST_000003,TMDB_M_1175942,2,2024-08-12
RAT_0000053,CUST_000003,TMDB_M_121,3,2024-07-17
RAT_0000054,CUST_000003,TMDB_M_122,1,2024-05-22
RAT_0000055,CUST_000003,TMDB_M_128,3,2024-07-08
RAT_0000056,CUST_000003,TMDB_M_177572,1,2024-08-06
RAT_0000057,CUST_000003,TMDB_M_20352,3,2024-08-14
RAT_0000058,CUST_000003,TMDB_M_412117,4,2024-08-09
RAT_0000059,CUST_000003,TMDB_M_552524,1,2024-07-24
RAT_0000060,CUST_000003,TMDB_M_674,3,2024-06-24
RAT_0000061,CUST_000003,TMDB_M_98477,2,2024-08-05
RAT_0000062,CUST_000003,TMDB_T_1431,3,2024-08-12
RAT_0000063,CUST_000003,TMDB_T_2288,2,2024-05-16
RAT_0000064,CUST_000003,TMDB_T_456,2,2024-07-20
RAT_0000065,CUST_000003,TMDB_T_66732,1,2024-08-06
RAT_0000066,CUST_000003,TMDB_T_79744,2,2024-08-12
RAT_0000067,CUST_000004,TMDB_M_1084187,4,2026-02-10
RAT_0000068,CUST_000004,TMDB_M_1175942,2,2025-06-28
RAT_0000069,CUST_000004,TMDB_M_1327819,1,2025-09-26
RAT_0000070,CUST_000004,TMDB_M_1424965,3,2025-10-22
RAT_0000071,CUST_000004,TMDB_M_1539104,2,2025-10-31
RAT_0000072,CUST_000004,TMDB_M_1630433,2,2026-03-09
RAT_0000073,CUST_000004,TMDB_M_552524,3,2025-11-06
RAT_0000074,CUST_000004,TMDB_M_82690,3,2025-11-05
RAT_0000075,CUST_000004,TMDB_T_1399,5,2026-02-16
RAT_0000076,CUST_000004,TMDB_T_1705,2,2025-07-13
RAT_0000077,CUST_000004,TMDB_T_4087,3,2025-05-02
RAT_0000078,CUST_000004,TMDB_T_4556,1,2025-11-09
RAT_0000079,CUST_000004,TMDB_T_4604,4,2026-04-03
RAT_0000080,CUST_000004,TMDB_T_48866,2,2026-02-26
RAT_0000081,CUST_000004,TMDB_T_63174,3,2025-06-21
RAT_0000082,CUST_000004,TMDB_T_72517,4,2025-05-30
RAT_0000083,CUST_000004,TMDB_T_80748,4,2026-03-24
RAT_0000084,CUST_000004,TMDB_T_82873,1,2025-06-28
RAT_0000085,CUST_000004,TMDB_T_94722,4,2025-08-26
RAT_0000086,CUST_000005,TMDB_M_1087891,3,2026-01-04
RAT_0000087,CUST_000005,TMDB_M_1171145,1,2025-01-29
RAT_0000088,CUST_000005,TMDB_M_1245347,3,2025-02-02
RAT_0000089,CUST_000005,TMDB_M_1317288,4,2026-01-05
RAT_0000090,CUST_000005,TMDB_M_259694,2,2025-01-11
RAT_0000091,CUST_000005,TMDB_M_330457,4,2025-07-16
RAT_0000092,CUST_000005,TMDB_M_337404,4,2026-02-11
RAT_0000093,CUST_000005,TMDB_M_414906,2,2025-04-12
RAT_0000094,CUST_000005,TMDB_M_646380,4,2025-11-02
RAT_0000095,CUST_000005,TMDB_M_8966,4,2025-09-06
RAT_0000096,CUST_000005,TMDB_T_10534,1,2025-09-17
RAT_0000097,CUST_000005,TMDB_T_127529,4,2025-04-11
RAT_0000098,CUST_000005,TMDB_T_154770,5,2025-12-14
RAT_0000099,CUST_000005,TMDB_T_2224,3,2025-10-08
RAT_0000100,CUST_000005,TMDB_T_284058,2,2025-06-13
RAT_0000101,CUST_000005,TMDB_T_4057,4,2026-01-13
RAT_0000102,CUST_000005,TMDB_T_4376,1,2025-11-16
RAT_0000103,CUST_000005,TMDB_T_4556,3,2026-01-19
RAT_0000104,CUST_000006,TMDB_M_1307373,3,2025-02-16
RAT_0000105,CUST_000006,TMDB_M_1401778,3,2026-03-13
RAT_0000106,CUST_000006,TMDB_M_1412598,2,2025-06-30
RAT_0000107,CUST_000006,TMDB_M_1539104,4,2025-12-17
RAT_0000108,CUST_000006,TMDB_M_1630433,2,2025-10-10
RAT_0000109,CUST_000006,TMDB_M_1653994,3,2025-01-16
RAT_0000110,CUST_000006,TMDB_M_502356,3,2026-04-10
RAT_0000111,CUST_000006,TMDB_M_637649,3,2025-05-28
RAT_0000112,CUST_000006,TMDB_M_680493,4,2026-02-13
RAT_0000113,CUST_000006,TMDB_T_124364,3,2024-10-31
RAT_0000114,CUST_000006,TMDB_T_18165,3,2025-07-09
RAT_0000115,CUST_000006,TMDB_T_2261,3,2024-08-24
RAT_0000116,CUST_000006,TMDB_T_32415,5,2025-07-10
RAT_0000117,CUST_000006,TMDB_T_34307,3,2025-03-27
RAT_0000118,CUST_000006,TMDB_T_4177,4,2026-02-17
RAT_0000119,CUST_000006,TMDB_T_4601,4,2025-08-11
RAT_0000120,CUST_000006,TMDB_T_4614,3,2024-11-30
RAT_0000121,CUST_000006,TMDB_T_65942,3,2025-01-24
RAT_0000122,CUST_000007,TMDB_M_1159831,3,2025-04-17
RAT_0000123,CUST_000007,TMDB_M_1245347,4,2025-10-06
RAT_0000124,CUST_000007,TMDB_M_1267319,3,2026-03-23
RAT_0000125,CUST_000007,TMDB_M_1316092,5,2025-08-10
RAT_0000126,CUST_000007,TMDB_M_1363123,4,2025-12-23
RAT_0000127,CUST_000007,TMDB_M_1412598,1,2026-01-18
RAT_0000128,CUST_000007,TMDB_M_1579,4,2025-04-28
RAT_0000129,CUST_000007,TMDB_M_329505,1,2026-04-05
RAT_0000130,CUST_000007,TMDB_M_383498,2,2025-05-30
RAT_0000131,CUST_000007,TMDB_M_545611,2,2026-02-26
RAT_0000132,CUST_000007,TMDB_M_575265,4,2025-05-28
RAT_0000133,CUST_000007,TMDB_M_615,3,2026-02-17
RAT_0000134,CUST_000007,TMDB_M_662707,3,2026-02-04
RAT_0000135,CUST_000007,TMDB_M_7451,3,2025-10-16
RAT_0000136,CUST_000007,TMDB_M_76341,2,2026-01-21
RAT_0000137,CUST_000007,TMDB_M_786892,3,2026-02-21
RAT_0000138,CUST_000007,TMDB_M_879945,4,2026-03-18
RAT_0000139,CUST_000007,TMDB_M_911430,1,2025-05-12
RAT_0000140,CUST_000007,TMDB_M_985939,3,2025-08-30
RAT_0000141,CUST_000007,TMDB_M_986056,1,2025-07-22
RAT_0000142,CUST_000007,TMDB_T_1402,2,2025-10-28
RAT_0000143,CUST_000007,TMDB_T_290856,4,2026-03-23
RAT_0000144,CUST_000007,TMDB_T_291,5,2026-04-06
RAT_0000145,CUST_000007,TMDB_T_549,3,2025-08-07
RAT_0000146,CUST_000008,TMDB_M_1214931,3,2026-01-20
RAT_0000147,CUST_000008,TMDB_M_1336770,4,2026-02-12
RAT_0000148,CUST_000008,TMDB_T_14981,4,2026-01-23
RAT_0000149,CUST_000009,TMDB_M_1084187,2,2026-01-26
RAT_0000150,CUST_000009,TMDB_M_1119449,2,2026-02-12
RAT_0000151,CUST_000009,TMDB_M_1175942,4,2026-01-24
RAT_0000152,CUST_000009,TMDB_M_1193501,4,2026-01-17
RAT_0000153,CUST_000009,TMDB_M_1198994,1,2025-12-02
RAT_0000154,CUST_000009,TMDB_M_1242501,2,2026-03-25
RAT_0000155,CUST_000009,TMDB_M_1304313,3,2026-02-03
RAT_0000156,CUST_000009,TMDB_M_1418657,4,2026-04-09
RAT_0000157,CUST_000009,TMDB_M_1426964,3,2025-12-29
RAT_0000158,CUST_000009,TMDB_M_1610418,2,2026-02-01
RAT_0000159,CUST_000009,TMDB_M_27205,4,2026-01-19
RAT_0000160,CUST_000009,TMDB_M_447365,2,2026-03-23
RAT_0000161,CUST_000009,TMDB_M_541671,3,2026-02-14
RAT_0000162,CUST_000009,TMDB_M_567609,4,2026-03-29
RAT_0000163,CUST_000009,TMDB_M_687259,3,2025-12-22
RAT_0000164,CUST_000009,TMDB_M_701387,3,2026-03-31
RAT_0000165,CUST_000009,TMDB_M_76341,1,2026-01-18
RAT_0000166,CUST_000009,TMDB_M_786892,3,2026-03-26
RAT_0000167,CUST_000009,TMDB_M_812,3,2026-02-26
RAT_0000168,CUST_000009,TMDB_M_83533,3,2026-02-01
RAT_0000169,CUST_000009,TMDB_M_986056,2,2025-12-26
RAT_0000170,CUST_000009,TMDB_T_119051,4,2026-02-08
RAT_0000171,CUST_000009,TMDB_T_1433,3,2025-12-08
RAT_0000172,CUST_000009,TMDB_T_220150,5,2026-02-14
RAT_0000173,CUST_000009,TMDB_T_220542,4,2026-01-24
RAT_0000174,CUST_000009,TMDB_T_2224,2,2025-12-02
RAT_0000175,CUST_000009,TMDB_T_291,2,2026-01-24
RAT_0000176,CUST_000009,TMDB_T_30984,3,2026-01-25
RAT_0000177,CUST_000009,TMDB_T_42009,5,2026-02-26
RAT_0000178,CUST_000009,TMDB_T_4604,5,2025-12-31
RAT_0000179,CUST_000009,TMDB_T_4629,4,2026-02-20
RAT_0000180,CUST_000009,TMDB_T_5092,4,2026-01-10
RAT_0000181,CUST_000009,TMDB_T_57243,1,2026-01-09
RAT_0000182,CUST_000009,TMDB_T_60574,5,2026-03-04
RAT_0000183,CUST_000009,TMDB_T_66732,5,2025-12-24
RAT_0000184,CUST_000010,TMDB_M_1084187,3,2026-02-07
RAT_0000185,CUST_000010,TMDB_T_119051,2,2025-04-21
RAT_0000186,CUST_000010,TMDB_T_1399,5,2026-02-28
RAT_0000187,CUST_000010,TMDB_T_1419,1,2025-04-03
RAT_0000188,CUST_000010,TMDB_T_154770,2,2025-11-07
RAT_0000189,CUST_000010,TMDB_T_1668,3,2025-09-04
RAT_0000190,CUST_000010,TMDB_T_1705,3,2025-08-07
RAT_0000191,CUST_000010,TMDB_T_34524,3,2025-10-28
RAT_0000192,CUST_000010,TMDB_T_4607,5,2026-03-25
RAT_0000193,CUST_000010,TMDB_T_48866,4,2025-12-12
RAT_0000194,CUST_000010,TMDB_T_58841,3,2025-12-28
RAT_0000195,CUST_000010,TMDB_T_59941,2,2026-03-08
RAT_0000196,CUST_000011,TMDB_M_1252037,4,2026-03-10
RAT_0000197,CUST_000011,TMDB_M_228150,2,2025-12-06
RAT_0000198,CUST_000011,TMDB_M_67395,3,2026-01-04
RAT_0000199,CUST_000011,TMDB_M_857,2,2026-04-07
RAT_0000200,CUST_000011,TMDB_T_1407,3,2025-10-07
RAT_0000201,CUST_000011,TMDB_T_35007,5,2026-02-05
RAT_0000202,CUST_000011,TMDB_T_73586,3,2026-03-12
RAT_0000203,CUST_000012,TMDB_M_1084187,4,2025-04-07
RAT_0000204,CUST_000012,TMDB_M_1100988,3,2025-05-23
RAT_0000205,CUST_000012,TMDB_M_1266992,3,2026-01-05
RAT_0000206,CUST_000012,TMDB_M_1276038,1,2024-10-18
RAT_0000207,CUST_000012,TMDB_M_1284120,3,2025-11-21
RAT_0000208,CUST_000012,TMDB_M_1311031,3,2025-04-20
RAT_0000209,CUST_000012,TMDB_M_1327819,3,2025-11-05
RAT_0000210,CUST_000012,TMDB_M_497,1,2025-07-21
RAT_0000211,CUST_000012,TMDB_M_857,3,2026-02-25
RAT_0000212,CUST_000012,TMDB_T_1399,2,2026-03-10
RAT_0000213,CUST_000012,TMDB_T_202411,3,2025-08-17
RAT_0000214,CUST_000012,TMDB_T_2171,2,2025-05-27
RAT_0000215,CUST_000012,TMDB_T_278573,5,2025-06-18
RAT_0000216,CUST_000012,TMDB_T_4087,2,2024-12-26
RAT_0000217,CUST_000012,TMDB_T_48866,3,2026-03-03
RAT_0000218,CUST_000012,TMDB_T_66732,3,2024-10-15
RAT_0000219,CUST_000013,TMDB_M_1049471,2,2025-06-09
RAT_0000220,CUST_000013,TMDB_M_1119878,3,2025-12-17
RAT_0000221,CUST_000013,TMDB_M_1192548,3,2026-02-16
RAT_0000222,CUST_000013,TMDB_M_12445,1,2025-11-21
RAT_0000223,CUST_000013,TMDB_M_157336,1,2025-06-11
RAT_0000224,CUST_000013,TMDB_M_299536,3,2025-12-27
RAT_0000225,CUST_000013,TMDB_M_479197,4,2026-03-12
RAT_0000226,CUST_000013,TMDB_M_58,1,2026-01-14
RAT_0000227,CUST_000013,TMDB_M_674,4,2025-01-29
RAT_0000228,CUST_000013,TMDB_M_936075,2,2025-08-17
RAT_0000229,CUST_000013,TMDB_T_1668,2,2025-10-27
RAT_0000230,CUST_000013,TMDB_T_502,4,2026-03-14
RAT_0000231,CUST_000013,TMDB_T_76479,2,2025-07-23
RAT_0000232,CUST_000014,TMDB_M_1084187,4,2025-12-19
RAT_0000233,CUST_000014,TMDB_M_1120911,3,2025-10-09
RAT_0000234,CUST_000014,TMDB_M_1290821,1,2025-03-28
RAT_0000235,CUST_000014,TMDB_M_1620551,3,2026-04-03
RAT_0000236,CUST_000014,TMDB_M_177572,4,2026-04-02
RAT_0000237,CUST_000014,TMDB_M_181812,2,2025-05-13
RAT_0000238,CUST_000014,TMDB_M_264980,3,2025-03-11
RAT_0000239,CUST_000014,TMDB_M_273477,3,2025-05-18
RAT_0000240,CUST_000014,TMDB_M_346698,2,2026-02-03
RAT_0000241,CUST_000014,TMDB_M_4247,2,2026-03-17
RAT_0000242,CUST_000014,TMDB_M_479197,4,2026-02-27
RAT_0000243,CUST_000014,TMDB_M_52741,1,2025-08-28
RAT_0000244,CUST_000014,TMDB_M_58008,3,2026-04-11
RAT_0000245,CUST_000014,TMDB_M_630,3,2025-07-20
RAT_0000246,CUST_000014,TMDB_M_671,1,2025-08-21
RAT_0000247,CUST_000014,TMDB_M_675,3,2025-10-07
RAT_0000248,CUST_000014,TMDB_T_110075,4,2025-11-02
RAT_0000249,CUST_000014,TMDB_T_1400,3,2026-02-18
RAT_0000250,CUST_000014,TMDB_T_1408,1,2026-01-31
RAT_0000251,CUST_000014,TMDB_T_45790,5,2025-12-29
RAT_0000252,CUST_000014,TMDB_T_60574,5,2025-04-06
RAT_0000253,CUST_000015,TMDB_M_1049471,4,2026-01-11
RAT_0000254,CUST_000015,TMDB_M_1191876,3,2026-03-26
RAT_0000255,CUST_000015,TMDB_M_1297842,4,2025-10-11
RAT_0000256,CUST_000015,TMDB_M_1315303,4,2025-06-27
RAT_0000257,CUST_000015,TMDB_M_1367763,4,2026-01-17
RAT_0000258,CUST_000015,TMDB_M_157336,4,2025-08-03
RAT_0000259,CUST_000015,TMDB_M_1620551,2,2026-01-26
RAT_0000260,CUST_000015,TMDB_M_284054,1,2025-11-30
RAT_0000261,CUST_000015,TMDB_M_567609,3,2025-11-21
RAT_0000262,CUST_000015,TMDB_M_687163,3,2025-11-10
RAT_0000263,CUST_000015,TMDB_M_696393,4,2025-12-16
RAT_0000264,CUST_000015,TMDB_M_934433,2,2025-10-21
RAT_0000265,CUST_000015,TMDB_T_100088,2,2025-07-16
RAT_0000266,CUST_000015,TMDB_T_1620,2,2025-08-15
RAT_0000267,CUST_000015,TMDB_T_22980,5,2025-12-16
RAT_0000268,CUST_000015,TMDB_T_61818,3,2025-12-27
RAT_0000269,CUST_000015,TMDB_T_63174,3,2025-12-29
RAT_0000270,CUST_000015,TMDB_T_76572,1,2025-10-25
RAT_0000271,CUST_000016,TMDB_M_1038392,1,2024-11-01
RAT_0000272,CUST_000016,TMDB_M_1266127,3,2026-02-18
RAT_0000273,CUST_000016,TMDB_M_1276038,2,2025-12-16
RAT_0000274,CUST_000016,TMDB_M_1290417,2,2025-03-28
RAT_0000275,CUST_000016,TMDB_M_1367763,4,2024-11-10
RAT_0000276,CUST_000016,TMDB_T_120089,1,2025-03-01
RAT_0000277,CUST_000016,TMDB_T_12971,5,2026-03-28
RAT_0000278,CUST_000016,TMDB_T_1408,4,2025-04-11
RAT_0000279,CUST_000016,TMDB_T_1411,1,2025-11-23
RAT_0000280,CUST_000016,TMDB_T_2224,2,2026-03-02
RAT_0000281,CUST_000016,TMDB_T_60572,3,2026-01-05
RAT_0000282,CUST_000016,TMDB_T_94722,5,2026-04-05
RAT_0000283,CUST_000017,TMDB_M_1049471,4,2026-01-14
RAT_0000284,CUST_000017,TMDB_M_1054867,4,2026-03-12
RAT_0000285,CUST_000017,TMDB_M_1268127,3,2026-01-28
RAT_0000286,CUST_000017,TMDB_M_28322,4,2025-10-29
RAT_0000287,CUST_000017,TMDB_M_290098,5,2026-03-05
RAT_0000288,CUST_000017,TMDB_M_4935,2,2025-07-08
RAT_0000289,CUST_000017,TMDB_T_1411,2,2026-01-16
RAT_0000290,CUST_000017,TMDB_T_1981,2,2026-02-25
RAT_0000291,CUST_000017,TMDB_T_2224,4,2026-04-11
RAT_0000292,CUST_000017,TMDB_T_4656,2,2025-09-28
RAT_0000293,CUST_000017,TMDB_T_549,5,2025-11-24
RAT_0000294,CUST_000018,TMDB_M_12153,2,2025-08-23
RAT_0000295,CUST_000018,TMDB_M_1245347,3,2025-04-02
RAT_0000296,CUST_000018,TMDB_M_1276704,4,2025-04-03
RAT_0000297,CUST_000018,TMDB_M_1297842,4,2025-08-23
RAT_0000298,CUST_000018,TMDB_M_1403327,3,2025-10-26
RAT_0000299,CUST_000018,TMDB_M_1523145,5,2026-03-25
RAT_0000300,CUST_000018,TMDB_M_313369,2,2025-11-27
RAT_0000301,CUST_000018,TMDB_M_337404,2,2024-10-05
RAT_0000302,CUST_000018,TMDB_M_346698,3,2026-01-12
RAT_0000303,CUST_000018,TMDB_M_52741,2,2024-11-03
RAT_0000304,CUST_000018,TMDB_M_58008,2,2025-11-20
RAT_0000305,CUST_000018,TMDB_M_840464,3,2026-01-31
RAT_0000306,CUST_000018,TMDB_T_1431,1,2024-08-21
RAT_0000307,CUST_000018,TMDB_T_1622,3,2025-04-20
RAT_0000308,CUST_000018,TMDB_T_1668,3,2025-12-17
RAT_0000309,CUST_000018,TMDB_T_289219,4,2024-11-07
RAT_0000310,CUST_000018,TMDB_T_35007,3,2025-09-03
RAT_0000311,CUST_000018,TMDB_T_8962,4,2025-10-17
RAT_0000312,CUST_000019,TMDB_M_1087192,4,2025-08-19
RAT_0000313,CUST_000019,TMDB_M_1226863,4,2025-11-19
RAT_0000314,CUST_000019,TMDB_M_1266990,4,2026-04-01
RAT_0000315,CUST_000019,TMDB_M_1290821,5,2025-11-14
RAT_0000316,CUST_000019,TMDB_M_1317288,3,2026-02-15
RAT_0000317,CUST_000019,TMDB_M_1658216,4,2025-09-29
RAT_0000318,CUST_000019,TMDB_M_181808,4,2026-02-07
RAT_0000319,CUST_000019,TMDB_M_324786,5,2025-12-06
RAT_0000320,CUST_000019,TMDB_M_755898,4,2026-02-23
RAT_0000321,CUST_000019,TMDB_M_773543,3,2025-10-31
RAT_0000322,CUST_000019,TMDB_M_803796,5,2026-02-09
RAT_0000323,CUST_000019,TMDB_T_1622,3,2025-12-15
RAT_0000324,CUST_000019,TMDB_T_35007,5,2026-04-01
RAT_0000325,CUST_000019,TMDB_T_502,5,2026-03-30
RAT_0000326,CUST_000019,TMDB_T_693,3,2025-09-13
RAT_0000327,CUST_000019,TMDB_T_71728,5,2025-10-20
RAT_0000328,CUST_000019,TMDB_T_8962,3,2026-01-01
RAT_0000329,CUST_000020,TMDB_M_11036,3,2026-02-19
RAT_0000330,CUST_000020,TMDB_M_1198994,3,2025-03-06
RAT_0000331,CUST_000020,TMDB_M_1291335,1,2025-07-25
RAT_0000332,CUST_000020,TMDB_M_62029,4,2026-01-20
RAT_0000333,CUST_000020,TMDB_T_108978,3,2025-07-19
RAT_0000334,CUST_000020,TMDB_T_1399,3,2025-11-22
RAT_0000335,CUST_000020,TMDB_T_1402,4,2025-11-13
RAT_0000336,CUST_000020,TMDB_T_1489,1,2025-05-20
RAT_0000337,CUST_000020,TMDB_T_15260,4,2025-10-05
RAT_0000338,CUST_000020,TMDB_T_1855,2,2025-12-25
RAT_0000339,CUST_000020,TMDB_T_1973,1,2025-05-28
RAT_0000340,CUST_000020,TMDB_T_456,3,2025-02-21
RAT_0000341,CUST_000020,TMDB_T_4656,3,2025-11-05
RAT_0000342,CUST_000020,TMDB_T_48866,4,2025-08-15
RAT_0000343,CUST_000020,TMDB_T_60622,3,2025-06-27
RAT_0000344,CUST_000020,TMDB_T_65733,2,2026-01-12
RAT_0000345,CUST_000020,TMDB_T_66732,1,2025-03-26
RAT_0000346,CUST_000020,TMDB_T_693,3,2025-03-19
RAT_0000347,CUST_000020,TMDB_T_76479,1,2025-09-14
RAT_0000348,CUST_000020,TMDB_T_790,2,2026-03-13
RAT_0000349,CUST_000020,TMDB_T_85077,3,2026-01-26
RAT_0000350,CUST_000021,TMDB_M_1015606,5,2026-01-28
RAT_0000351,CUST_000021,TMDB_M_1019420,3,2025-10-24
RAT_0000352,CUST_000021,TMDB_M_1191876,5,2025-12-09
RAT_0000353,CUST_000021,TMDB_M_1234821,4,2025-11-26
RAT_0000354,CUST_000021,TMDB_M_424,4,2026-03-18
RAT_0000355,CUST_000021,TMDB_M_447365,3,2026-04-02
RAT_0000356,CUST_000021,TMDB_M_601,4,2025-11-28
RAT_0000357,CUST_000021,TMDB_T_290856,5,2026-02-24
RAT_0000358,CUST_000021,TMDB_T_62650,3,2026-03-10
RAT_0000359,CUST_000021,TMDB_T_85552,4,2025-12-16
RAT_0000360,CUST_000022,TMDB_M_1087192,3,2025-08-05
RAT_0000361,CUST_000022,TMDB_M_121,1,2025-08-20
RAT_0000362,CUST_000022,TMDB_M_1412598,4,2025-06-16
RAT_0000363,CUST_000022,TMDB_M_1493859,4,2025-05-03
RAT_0000364,CUST_000022,TMDB_M_1641319,2,2025-09-08
RAT_0000365,CUST_000022,TMDB_M_181808,3,2025-08-21
RAT_0000366,CUST_000022,TMDB_M_1865,4,2025-04-10
RAT_0000367,CUST_000022,TMDB_M_246,1,2025-07-31
RAT_0000368,CUST_000022,TMDB_M_293660,5,2025-04-12
RAT_0000369,CUST_000022,TMDB_M_383498,3,2025-05-16
RAT_0000370,CUST_000022,TMDB_M_62201,1,2025-07-24
RAT_0000371,CUST_000022,TMDB_M_672,4,2025-06-20
RAT_0000372,CUST_000022,TMDB_M_76341,1,2025-08-27
RAT_0000373,CUST_000022,TMDB_M_8966,1,2025-07-01
RAT_0000374,CUST_000022,TMDB_M_967941,4,2025-08-07
RAT_0000375,CUST_000022,TMDB_T_2661,4,2025-06-21
RAT_0000376,CUST_000022,TMDB_T_45789,2,2025-08-11
RAT_0000377,CUST_000022,TMDB_T_71790,2,2025-06-24
RAT_0000378,CUST_000023,TMDB_M_1168190,3,2026-04-03
RAT_0000379,CUST_000023,TMDB_M_1367642,4,2026-03-30
RAT_0000380,CUST_000023,TMDB_M_1523145,3,2026-04-09
RAT_0000381,CUST_000023,TMDB_M_1650558,4,2026-04-10
RAT_0000382,CUST_000023,TMDB_M_280,1,2026-02-24
RAT_0000383,CUST_000023,TMDB_M_62201,3,2026-03-29
RAT_0000384,CUST_000023,TMDB_M_679,3,2026-03-24
RAT_0000385,CUST_000023,TMDB_M_798645,4,2026-03-01
RAT_0000386,CUST_000023,TMDB_T_2224,4,2026-03-17
RAT_0000387,CUST_000023,TMDB_T_291,4,2026-04-11
RAT_0000388,CUST_000023,TMDB_T_72517,4,2026-04-04
RAT_0000389,CUST_000023,TMDB_T_94722,4,2026-04-05
RAT_0000390,CUST_000024,TMDB_M_1110034,2,2025-06-23
RAT_0000391,CUST_000024,TMDB_M_1193501,3,2024-12-30
RAT_0000392,CUST_000024,TMDB_M_1284120,2,2025-06-28
RAT_0000393,CUST_000024,TMDB_M_1284460,2,2025-04-16
RAT_0000394,CUST_000024,TMDB_M_1426297,3,2025-02-21
RAT_0000395,CUST_000024,TMDB_M_1470130,3,2025-03-10
RAT_0000396,CUST_000024,TMDB_M_1641319,2,2025-05-28
RAT_0000397,CUST_000024,TMDB_M_1646142,1,2025-06-05
RAT_0000398,CUST_000024,TMDB_M_346364,3,2024-12-01
RAT_0000399,CUST_000024,TMDB_M_502356,4,2025-06-05
RAT_0000400,CUST_000024,TMDB_M_7451,3,2025-05-19
RAT_0000401,CUST_000024,TMDB_M_999136,3,2025-05-05
RAT_0000402,CUST_000024,TMDB_T_1398,3,2025-04-20
RAT_0000403,CUST_000024,TMDB_T_1973,3,2025-02-08
RAT_0000404,CUST_000024,TMDB_T_2661,3,2025-05-10
RAT_0000405,CUST_000024,TMDB_T_67460,2,2025-05-31
RAT_0000406,CUST_000025,TMDB_M_1192548,5,2026-03-25
RAT_0000407,CUST_000025,TMDB_M_273477,5,2026-03-28
RAT_0000408,CUST_000026,TMDB_M_1363123,3,2026-02-26
RAT_0000409,CUST_000026,TMDB_M_1430,3,2026-03-12
RAT_0000410,CUST_000026,TMDB_M_447273,3,2026-03-09
RAT_0000411,CUST_000027,TMDB_M_1007734,4,2026-03-18
RAT_0000412,CUST_000027,TMDB_M_1011477,3,2026-02-26
RAT_0000413,CUST_000027,TMDB_M_1168190,3,2026-01-12
RAT_0000414,CUST_000027,TMDB_M_1357633,3,2026-04-02
RAT_0000415,CUST_000027,TMDB_M_1426964,1,2026-04-16
RAT_0000416,CUST_000027,TMDB_M_264980,2,2026-03-12
RAT_0000417,CUST_000027,TMDB_M_273477,3,2026-02-22
RAT_0000418,CUST_000027,TMDB_M_299536,2,2026-01-15
RAT_0000419,CUST_000027,TMDB_M_346,1,2026-04-25
RAT_0000420,CUST_000027,TMDB_M_62029,2,2025-11-03
RAT_0000421,CUST_000027,TMDB_M_76600,2,2026-03-04
RAT_0000422,CUST_000027,TMDB_M_939243,2,2026-03-31
RAT_0000423,CUST_000027,TMDB_T_1100,3,2026-04-07
RAT_0000424,CUST_000027,TMDB_T_127529,2,2026-04-23
RAT_0000425,CUST_000027,TMDB_T_1981,3,2026-02-18
RAT_0000426,CUST_000027,TMDB_T_228091,4,2025-12-16
RAT_0000427,CUST_000027,TMDB_T_71712,3,2026-01-09
RAT_0000428,CUST_000027,TMDB_T_98031,1,2026-02-15
RAT_0000429,CUST_000028,TMDB_M_1110034,2,2025-03-04
RAT_0000430,CUST_000028,TMDB_M_1197137,3,2025-07-08
RAT_0000431,CUST_000028,TMDB_M_1526650,3,2025-09-21
RAT_0000432,CUST_000028,TMDB_M_1575337,2,2024-11-06
RAT_0000433,CUST_000028,TMDB_M_19592,1,2026-01-18
RAT_0000434,CUST_000028,TMDB_M_315162,1,2024-09-16
RAT_0000435,CUST_000028,TMDB_M_694,4,2025-06-13
RAT_0000436,CUST_000028,TMDB_M_809,5,2024-08-16
RAT_0000437,CUST_000028,TMDB_M_848116,3,2025-02-05
RAT_0000438,CUST_000028,TMDB_M_863,1,2024-11-13
RAT_0000439,CUST_000028,TMDB_T_119051,4,2026-04-08
RAT_0000440,CUST_000028,TMDB_T_1399,3,2026-03-19
RAT_0000441,CUST_000028,TMDB_T_1855,2,2024-09-23
RAT_0000442,CUST_000028,TMDB_T_2224,2,2025-07-06
RAT_0000443,CUST_000028,TMDB_T_2661,1,2024-07-30
RAT_0000444,CUST_000028,TMDB_T_34307,4,2024-11-08
RAT_0000445,CUST_000028,TMDB_T_45790,4,2025-04-26
RAT_0000446,CUST_000028,TMDB_T_4604,4,2025-12-15
RAT_0000447,CUST_000028,TMDB_T_59941,4,2025-04-25
RAT_0000448,CUST_000028,TMDB_T_71494,1,2026-02-05
RAT_0000449,CUST_000028,TMDB_T_764,1,2024-07-27
RAT_0000450,CUST_000028,TMDB_T_95557,3,2025-12-27
RAT_0000451,CUST_000029,TMDB_M_10138,3,2026-02-20
RAT_0000452,CUST_000029,TMDB_M_1088434,1,2026-02-21
RAT_0000453,CUST_000029,TMDB_M_11,5,2026-03-28
RAT_0000454,CUST_000029,TMDB_M_1226863,1,2026-03-13
RAT_0000455,CUST_000029,TMDB_M_128,4,2026-03-25
RAT_0000456,CUST_000029,TMDB_M_1539104,3,2026-02-21
RAT_0000457,CUST_000029,TMDB_M_228150,3,2026-03-21
RAT_0000458,CUST_000029,TMDB_M_27205,3,2026-03-17
RAT_0000459,CUST_000029,TMDB_M_419430,4,2026-03-21
RAT_0000460,CUST_000029,TMDB_M_662707,3,2026-03-26
RAT_0000461,CUST_000029,TMDB_M_675,2,2026-04-05
RAT_0000462,CUST_000029,TMDB_M_701387,4,2026-03-27
RAT_0000463,CUST_000029,TMDB_M_879945,4,2026-03-02
RAT_0000464,CUST_000029,TMDB_T_119051,5,2026-03-22
RAT_0000465,CUST_000029,TMDB_T_1705,4,2026-04-10
RAT_0000466,CUST_000029,TMDB_T_4607,5,2026-04-11
RAT_0000467,CUST_000030,TMDB_M_11036,3,2024-12-28
RAT_0000468,CUST_000030,TMDB_M_1115544,3,2026-03-27
RAT_0000469,CUST_000030,TMDB_M_1367642,2,2025-06-21
RAT_0000470,CUST_000030,TMDB_M_378236,2,2025-03-06
RAT_0000471,CUST_000030,TMDB_M_497,1,2025-02-08
RAT_0000472,CUST_000030,TMDB_M_559,3,2026-02-24
RAT_0000473,CUST_000030,TMDB_M_615,3,2025-10-04
RAT_0000474,CUST_000030,TMDB_M_911430,4,2025-05-14
RAT_0000475,CUST_000030,TMDB_T_1409,2,2026-03-20
RAT_0000476,CUST_000030,TMDB_T_1705,4,2025-12-02
RAT_0000477,CUST_000030,TMDB_T_1973,2,2025-12-31
RAT_0000478,CUST_000030,TMDB_T_2122,2,2025-01-30
RAT_0000479,CUST_000030,TMDB_T_2288,3,2025-05-19
RAT_0000480,CUST_000030,TMDB_T_35007,3,2025-08-28
RAT_0000481,CUST_000030,TMDB_T_59941,4,2025-06-04
RAT_0000482,CUST_000030,TMDB_T_76479,4,2025-03-04
RAT_0000483,CUST_000030,TMDB_T_790,3,2024-11-10
RAT_0000484,CUST_000030,TMDB_T_95479,3,2026-04-10
RAT_0000485,CUST_000031,TMDB_M_1019420,4,2025-01-25
RAT_0000486,CUST_000031,TMDB_M_1310568,5,2025-09-08
RAT_0000487,CUST_000031,TMDB_M_1419406,2,2025-06-08
RAT_0000488,CUST_000031,TMDB_M_1650558,2,2026-01-31
RAT_0000489,CUST_000031,TMDB_M_419430,5,2025-07-22
RAT_0000490,CUST_000031,TMDB_M_634649,4,2025-11-06
RAT_0000491,CUST_000031,TMDB_M_687163,4,2025-05-15
RAT_0000492,CUST_000031,TMDB_T_1100,4,2025-11-03
RAT_0000493,CUST_000031,TMDB_T_124364,3,2025-08-23
RAT_0000494,CUST_000031,TMDB_T_1409,3,2025-05-12
RAT_0000495,CUST_000031,TMDB_T_1419,3,2024-08-09
RAT_0000496,CUST_000031,TMDB_T_1431,3,2025-09-04
RAT_0000497,CUST_000031,TMDB_T_1622,4,2025-06-21
RAT_0000498,CUST_000031,TMDB_T_1695,4,2025-04-23
RAT_0000499,CUST_000031,TMDB_T_2221,4,2026-04-10
RAT_0000500,CUST_000031,TMDB_T_35007,5,2026-02-11
RAT_0000501,CUST_000031,TMDB_T_502,3,2026-02-12
RAT_0000502,CUST_000031,TMDB_T_58841,2,2025-01-03
RAT_0000503,CUST_000031,TMDB_T_60622,4,2025-04-30
RAT_0000504,CUST_000031,TMDB_T_65334,4,2025-09-27
RAT_0000505,CUST_000031,TMDB_T_82873,3,2026-01-03
RAT_0000506,CUST_000032,TMDB_M_1022789,2,2025-10-14
RAT_0000507,CUST_000032,TMDB_M_1084242,1,2024-12-26
RAT_0000508,CUST_000032,TMDB_M_1115544,2,2025-06-02
RAT_0000509,CUST_000032,TMDB_M_1168190,2,2025-04-08
RAT_0000510,CUST_000032,TMDB_M_1297842,2,2026-02-10
RAT_0000511,CUST_000032,TMDB_M_1311031,3,2026-03-20
RAT_0000512,CUST_000032,TMDB_M_1406657,1,2025-04-13
RAT_0000513,CUST_000032,TMDB_M_177572,2,2026-01-06
RAT_0000514,CUST_000032,TMDB_M_193972,2,2025-11-24
RAT_0000515,CUST_000032,TMDB_M_330457,3,2024-10-06
RAT_0000516,CUST_000032,TMDB_M_475557,2,2024-12-04
RAT_0000517,CUST_000032,TMDB_M_539,3,2025-09-15
RAT_0000518,CUST_000032,TMDB_M_848116,3,2024-11-28
RAT_0000519,CUST_000032,TMDB_M_9502,3,2025-11-18
RAT_0000520,CUST_000032,TMDB_M_99861,3,2024-11-13
RAT_0000521,CUST_000032,TMDB_T_100088,3,2025-05-04
RAT_0000522,CUST_000032,TMDB_T_1403,5,2025-10-06
RAT_0000523,CUST_000032,TMDB_T_228091,3,2025-05-24
RAT_0000524,CUST_000032,TMDB_T_250307,3,2025-01-20
RAT_0000525,CUST_000032,TMDB_T_289219,2,2025-01-05
RAT_0000526,CUST_000032,TMDB_T_35007,3,2025-06-09
RAT_0000527,CUST_000032,TMDB_T_59941,4,2025-11-19
RAT_0000528,CUST_000032,TMDB_T_62223,4,2025-11-25
RAT_0000529,CUST_000032,TMDB_T_63770,4,2025-08-03
RAT_0000530,CUST_000032,TMDB_T_68350,3,2025-05-02
RAT_0000531,CUST_000033,TMDB_M_4935,5,2026-04-06
RAT_0000532,CUST_000033,TMDB_M_497,3,2025-11-22
RAT_0000533,CUST_000033,TMDB_M_8966,4,2025-05-26
RAT_0000534,CUST_000033,TMDB_T_1981,2,2025-04-07
RAT_0000535,CUST_000033,TMDB_T_291,5,2026-03-23
RAT_0000536,CUST_000033,TMDB_T_45790,2,2025-10-22
RAT_0000537,CUST_000034,TMDB_M_1088434,3,2025-12-03
RAT_0000538,CUST_000034,TMDB_M_1252037,4,2026-01-05
RAT_0000539,CUST_000034,TMDB_M_18988,4,2026-02-05
RAT_0000540,CUST_000034,TMDB_M_285,5,2026-02-10
RAT_0000541,CUST_000034,TMDB_M_389,1,2025-11-15
RAT_0000542,CUST_000034,TMDB_T_154770,4,2026-03-14
RAT_0000543,CUST_000034,TMDB_T_22980,4,2026-02-15
RAT_0000544,CUST_000034,TMDB_T_237020,4,2026-02-20
RAT_0000545,CUST_000034,TMDB_T_290856,3,2025-10-28
RAT_0000546,CUST_000034,TMDB_T_32415,2,2026-04-02
RAT_0000547,CUST_000034,TMDB_T_34307,3,2026-03-17
RAT_0000548,CUST_000034,TMDB_T_4656,5,2026-04-05
RAT_0000549,CUST_000034,TMDB_T_5092,4,2026-03-05
RAT_0000550,CUST_000034,TMDB_T_70672,3,2026-04-08
RAT_0000551,CUST_000035,TMDB_M_1611398,3,2026-03-14
RAT_0000552,CUST_000035,TMDB_M_193972,1,2026-03-13
RAT_0000553,CUST_000035,TMDB_M_19404,2,2026-01-19
RAT_0000554,CUST_000035,TMDB_M_313369,2,2026-03-09
RAT_0000555,CUST_000035,TMDB_M_414906,5,2026-01-28
RAT_0000556,CUST_000035,TMDB_M_941109,2,2026-02-02
RAT_0000557,CUST_000035,TMDB_T_1409,4,2025-07-07
RAT_0000558,CUST_000035,TMDB_T_1417,3,2025-09-23
RAT_0000559,CUST_000035,TMDB_T_1855,1,2026-02-07
RAT_0000560,CUST_000035,TMDB_T_195670,2,2025-07-31
RAT_0000561,CUST_000035,TMDB_T_1981,4,2026-02-19
RAT_0000562,CUST_000035,TMDB_T_32692,3,2026-04-10
RAT_0000563,CUST_000035,TMDB_T_3452,2,2025-08-27
RAT_0000564,CUST_000035,TMDB_T_4629,4,2026-03-07
RAT_0000565,CUST_000035,TMDB_T_48866,5,2025-09-02
RAT_0000566,CUST_000035,TMDB_T_60059,4,2026-01-21
RAT_0000567,CUST_000035,TMDB_T_60622,1,2025-10-31
RAT_0000568,CUST_000035,TMDB_T_79744,3,2026-03-15
RAT_0000569,CUST_000035,TMDB_T_80748,2,2026-03-12
RAT_0000570,CUST_000036,TMDB_M_1192548,5,2026-03-03
RAT_0000571,CUST_000036,TMDB_M_1610418,4,2025-01-05
RAT_0000572,CUST_000036,TMDB_M_1620551,5,2026-01-11
RAT_0000573,CUST_000036,TMDB_M_1635276,1,2025-09-16
RAT_0000574,CUST_000036,TMDB_T_1416,3,2026-02-06
RAT_0000575,CUST_000036,TMDB_T_20111,4,2025-02-28
RAT_0000576,CUST_000036,TMDB_T_2661,4,2026-04-11
RAT_0000577,CUST_000036,TMDB_T_37854,3,2026-01-18
RAT_0000578,CUST_000036,TMDB_T_4177,3,2025-06-19
RAT_0000579,CUST_000036,TMDB_T_5920,3,2025-06-29
RAT_0000580,CUST_000037,TMDB_M_103,4,2026-02-09
RAT_0000581,CUST_000037,TMDB_M_1523145,3,2026-03-08
RAT_0000582,CUST_000037,TMDB_M_803796,4,2026-04-06
RAT_0000583,CUST_000037,TMDB_M_941109,5,2026-04-08
RAT_0000584,CUST_000037,TMDB_T_1405,3,2026-03-06
RAT_0000585,CUST_000037,TMDB_T_1409,2,2026-04-03
RAT_0000586,CUST_000037,TMDB_T_1431,2,2026-04-08
RAT_0000587,CUST_000037,TMDB_T_32692,4,2026-04-01
RAT_0000588,CUST_000037,TMDB_T_549,1,2026-04-11
RAT_0000589,CUST_000037,TMDB_T_74561,2,2026-04-11
RAT_0000590,CUST_000037,TMDB_T_79744,5,2026-03-04
RAT_0000591,CUST_000038,TMDB_M_49051,2,2025-12-20
RAT_0000592,CUST_000038,TMDB_M_675,4,2026-01-21
RAT_0000593,CUST_000038,TMDB_M_808,3,2025-09-11
RAT_0000594,CUST_000038,TMDB_M_862739,5,2026-02-21
RAT_0000595,CUST_000038,TMDB_M_875828,2,2025-04-27
RAT_0000596,CUST_000038,TMDB_T_18165,2,2025-10-30
RAT_0000597,CUST_000038,TMDB_T_1911,4,2026-02-16
RAT_0000598,CUST_000038,TMDB_T_2661,3,2025-07-10
RAT_0000599,CUST_000038,TMDB_T_35007,3,2026-02-08
RAT_0000600,CUST_000038,TMDB_T_549,3,2025-03-03
RAT_0000601,CUST_000038,TMDB_T_66732,4,2025-08-19
RAT_0000602,CUST_000038,TMDB_T_6836,2,2026-02-28
RAT_0000603,CUST_000038,TMDB_T_790,4,2025-04-25
RAT_0000604,CUST_000038,TMDB_T_94722,2,2025-03-17
RAT_0000605,CUST_000039,TMDB_M_1049471,5,2025-12-03
RAT_0000606,CUST_000039,TMDB_M_1266990,4,2026-03-28
RAT_0000607,CUST_000039,TMDB_M_1523145,4,2025-12-21
RAT_0000608,CUST_000039,TMDB_M_680493,5,2026-02-18
RAT_0000609,CUST_000039,TMDB_M_999136,4,2026-01-01
RAT_0000610,CUST_000039,TMDB_T_1695,4,2025-12-26
RAT_0000611,CUST_000039,TMDB_T_1705,4,2025-11-05
RAT_0000612,CUST_000039,TMDB_T_4604,3,2026-04-08
RAT_0000613,CUST_000039,TMDB_T_48866,5,2026-01-26
RAT_0000614,CUST_000039,TMDB_T_65733,2,2025-06-17
RAT_0000615,CUST_000039,TMDB_T_693,4,2026-02-27
RAT_0000616,CUST_000040,TMDB_M_1171145,3,2026-01-06
RAT_0000617,CUST_000040,TMDB_M_1268127,5,2025-12-01
RAT_0000618,CUST_000040,TMDB_M_1381027,4,2026-03-19
RAT_0000619,CUST_000040,TMDB_M_1403327,5,2026-03-02
RAT_0000620,CUST_000040,TMDB_M_238,4,2024-12-22
RAT_0000621,CUST_000040,TMDB_M_313369,5,2026-04-04
RAT_0000622,CUST_000040,TMDB_M_876566,5,2025-07-11
RAT_0000623,CUST_000040,TMDB_T_10534,3,2025-01-30
RAT_0000624,CUST_000040,TMDB_T_1434,3,2025-06-04
RAT_0000625,CUST_000040,TMDB_T_195670,3,2025-09-15
RAT_0000626,CUST_000040,TMDB_T_33238,3,2025-10-20
RAT_0000627,CUST_000040,TMDB_T_34307,4,2026-04-07
RAT_0000628,CUST_000041,TMDB_M_10191,3,2025-07-28
RAT_0000629,CUST_000041,TMDB_M_1087192,4,2025-03-06
RAT_0000630,CUST_000041,TMDB_M_1408208,3,2026-04-10
RAT_0000631,CUST_000041,TMDB_M_1630433,4,2026-03-30
RAT_0000632,CUST_000041,TMDB_M_271110,4,2024-12-05
RAT_0000633,CUST_000041,TMDB_M_429,4,2026-02-20
RAT_0000634,CUST_000041,TMDB_M_453395,5,2025-08-16
RAT_0000635,CUST_000041,TMDB_M_539,2,2024-07-09
RAT_0000636,CUST_000041,TMDB_M_8966,1,2024-10-26
RAT_0000637,CUST_000041,TMDB_M_945961,1,2024-08-14
RAT_0000638,CUST_000041,TMDB_T_1405,4,2024-07-15
RAT_0000639,CUST_000041,TMDB_T_4556,4,2025-12-16
RAT_0000640,CUST_000041,TMDB_T_62223,3,2025-05-15
RAT_0000641,CUST_000042,TMDB_M_120,4,2026-01-13
RAT_0000642,CUST_000042,TMDB_M_157336,1,2025-03-21
RAT_0000643,CUST_000042,TMDB_M_181808,3,2025-04-14
RAT_0000644,CUST_000042,TMDB_M_181812,3,2025-05-24
RAT_0000645,CUST_000042,TMDB_M_244786,3,2025-10-04
RAT_0000646,CUST_000042,TMDB_M_52741,4,2026-01-10
RAT_0000647,CUST_000042,TMDB_M_564,4,2026-04-05
RAT_0000648,CUST_000042,TMDB_M_671,3,2025-05-11
RAT_0000649,CUST_000042,TMDB_M_675,1,2025-04-26
RAT_0000650,CUST_000042,TMDB_M_803796,5,2026-03-22
RAT_0000651,CUST_000042,TMDB_M_8966,4,2025-09-23
RAT_0000652,CUST_000042,TMDB_M_967,3,2026-03-22
RAT_0000653,CUST_000042,TMDB_T_1695,3,2025-03-30
RAT_0000654,CUST_000042,TMDB_T_76572,3,2026-02-14
RAT_0000655,CUST_000042,TMDB_T_790,4,2026-01-27
RAT_0000656,CUST_000043,TMDB_M_11036,4,2026-03-12
RAT_0000657,CUST_000043,TMDB_M_1124,4,2026-04-05
RAT_0000658,CUST_000043,TMDB_M_1135873,1,2025-07-28
RAT_0000659,CUST_000043,TMDB_M_1191876,4,2026-02-18
RAT_0000660,CUST_000043,TMDB_M_1291335,3,2025-03-30
RAT_0000661,CUST_000043,TMDB_M_1326106,4,2025-10-02
RAT_0000662,CUST_000043,TMDB_M_83533,2,2025-09-14
RAT_0000663,CUST_000043,TMDB_T_100088,4,2025-06-01
RAT_0000664,CUST_000043,TMDB_T_12971,3,2025-03-15
RAT_0000665,CUST_000043,TMDB_T_1402,4,2025-12-30
RAT_0000666,CUST_000043,TMDB_T_2288,2,2025-06-16
RAT_0000667,CUST_000043,TMDB_T_34307,3,2025-12-16
RAT_0000668,CUST_000043,TMDB_T_85552,4,2025-09-16
RAT_0000669,CUST_000044,TMDB_M_1054867,3,2026-01-07
RAT_0000670,CUST_000044,TMDB_M_1284460,4,2025-12-20
RAT_0000671,CUST_000044,TMDB_M_1424965,4,2025-05-24
RAT_0000672,CUST_000044,TMDB_M_228150,4,2026-04-02
RAT_0000673,CUST_000044,TMDB_M_315162,3,2025-07-15
RAT_0000674,CUST_000044,TMDB_M_374720,5,2025-11-01
RAT_0000675,CUST_000044,TMDB_M_502356,3,2025-07-15
RAT_0000676,CUST_000044,TMDB_M_773543,3,2025-10-30
RAT_0000677,CUST_000044,TMDB_M_857,4,2025-11-12
RAT_0000678,CUST_000044,TMDB_T_100088,4,2025-04-27
RAT_0000679,CUST_000044,TMDB_T_2224,4,2026-03-20
RAT_0000680,CUST_000045,TMDB_M_1083637,2,2026-03-08
RAT_0000681,CUST_000045,TMDB_M_1119878,4,2025-07-10
RAT_0000682,CUST_000045,TMDB_M_1192548,5,2026-03-19
RAT_0000683,CUST_000045,TMDB_M_1584215,3,2026-03-19
RAT_0000684,CUST_000045,TMDB_M_1620551,1,2026-03-24
RAT_0000685,CUST_000045,TMDB_M_218,3,2025-12-10
RAT_0000686,CUST_000045,TMDB_M_226674,3,2026-01-14
RAT_0000687,CUST_000045,TMDB_M_293660,4,2026-02-03
RAT_0000688,CUST_000045,TMDB_M_479197,4,2026-04-03
RAT_0000689,CUST_000045,TMDB_M_545611,2,2025-12-15
RAT_0000690,CUST_000045,TMDB_M_575265,3,2025-07-05
RAT_0000691,CUST_000045,TMDB_M_798645,2,2025-09-23
RAT_0000692,CUST_000045,TMDB_T_127529,2,2026-04-11
RAT_0000693,CUST_000045,TMDB_T_1409,3,2026-02-22
RAT_0000694,CUST_000045,TMDB_T_2004,1,2025-09-21
RAT_0000695,CUST_000045,TMDB_T_2171,1,2025-07-13
RAT_0000696,CUST_000045,TMDB_T_30981,3,2025-12-06
RAT_0000697,CUST_000045,TMDB_T_790,2,2025-11-17
RAT_0000698,CUST_000045,TMDB_T_95557,2,2025-07-13
RAT_0000699,CUST_000046,TMDB_M_1198994,2,2025-11-08
RAT_0000700,CUST_000046,TMDB_M_1284460,3,2026-03-21
RAT_0000701,CUST_000046,TMDB_M_1408208,4,2025-08-14
RAT_0000702,CUST_000046,TMDB_M_246,4,2026-03-29
RAT_0000703,CUST_000046,TMDB_M_453395,1,2025-09-13
RAT_0000704,CUST_000046,TMDB_M_934433,3,2025-10-07
RAT_0000705,CUST_000046,TMDB_T_1415,3,2025-10-04
RAT_0000706,CUST_000046,TMDB_T_1667,3,2025-08-14
RAT_0000707,CUST_000046,TMDB_T_4604,3,2025-11-20
RAT_0000708,CUST_000046,TMDB_T_61818,3,2026-02-23
RAT_0000709,CUST_000046,TMDB_T_63770,2,2025-11-15
RAT_0000710,CUST_000046,TMDB_T_85077,5,2026-03-06
RAT_0000711,CUST_000047,TMDB_M_106,2,2025-10-20
RAT_0000712,CUST_000047,TMDB_M_1084242,3,2026-04-09
RAT_0000713,CUST_000047,TMDB_M_1087192,4,2026-03-21
RAT_0000714,CUST_000047,TMDB_M_1119449,1,2025-09-12
RAT_0000715,CUST_000047,TMDB_M_1159831,1,2025-11-03
RAT_0000716,CUST_000047,TMDB_M_1236153,3,2026-01-13
RAT_0000717,CUST_000047,TMDB_M_1327819,1,2025-09-09
RAT_0000718,CUST_000047,TMDB_M_335983,3,2026-02-21
RAT_0000719,CUST_000047,TMDB_M_447365,5,2025-11-06
RAT_0000720,CUST_000047,TMDB_M_453395,3,2025-10-21
RAT_0000721,CUST_000047,TMDB_M_4935,3,2026-03-16
RAT_0000722,CUST_000047,TMDB_M_533533,3,2026-01-01
RAT_0000723,CUST_000047,TMDB_M_601,3,2025-10-05
RAT_0000724,CUST_000047,TMDB_M_604079,4,2026-03-15
RAT_0000725,CUST_000047,TMDB_M_803796,4,2025-10-29
RAT_0000726,CUST_000047,TMDB_M_8966,3,2026-03-18
RAT_0000727,CUST_000047,TMDB_M_967941,2,2026-01-14
RAT_0000728,CUST_000047,TMDB_T_291,3,2026-03-21
RAT_0000729,CUST_000047,TMDB_T_65334,1,2026-02-25
RAT_0000730,CUST_000047,TMDB_T_94722,4,2025-10-28
RAT_0000731,CUST_000048,TMDB_M_1084242,2,2025-11-08
RAT_0000732,CUST_000048,TMDB_M_11036,4,2025-12-13
RAT_0000733,CUST_000048,TMDB_M_330457,3,2025-02-20
RAT_0000734,CUST_000048,TMDB_M_662707,3,2025-04-13
RAT_0000735,CUST_000048,TMDB_T_278275,5,2025-11-18
RAT_0000736,CUST_000048,TMDB_T_39351,4,2024-12-30
RAT_0000737,CUST_000048,TMDB_T_4556,3,2025-03-29
RAT_0000738,CUST_000048,TMDB_T_45789,4,2024-10-21
RAT_0000739,CUST_000048,TMDB_T_4629,3,2026-02-01
RAT_0000740,CUST_000049,TMDB_M_1015606,3,2026-04-01
RAT_0000741,CUST_000049,TMDB_M_1054867,2,2026-01-21
RAT_0000742,CUST_000049,TMDB_M_1168190,2,2026-03-14
RAT_0000743,CUST_000049,TMDB_M_1214931,4,2026-04-21
RAT_0000744,CUST_000049,TMDB_M_1381027,5,2026-01-10
RAT_0000745,CUST_000049,TMDB_M_1462146,4,2025-08-29
RAT_0000746,CUST_000049,TMDB_M_1641319,2,2026-02-08
RAT_0000747,CUST_000049,TMDB_M_637649,1,2026-01-11
RAT_0000748,CUST_000049,TMDB_M_665,3,2026-01-14
RAT_0000749,CUST_000049,TMDB_M_876566,4,2025-12-04
RAT_0000750,CUST_000049,TMDB_T_1402,4,2025-10-25
RAT_0000751,CUST_000049,TMDB_T_20111,3,2026-03-28
RAT_0000752,CUST_000049,TMDB_T_2190,4,2026-01-07
RAT_0000753,CUST_000049,TMDB_T_2661,5,2025-12-21
RAT_0000754,CUST_000049,TMDB_T_4376,1,2026-03-01
RAT_0000755,CUST_000049,TMDB_T_44217,3,2026-03-21
RAT_0000756,CUST_000049,TMDB_T_4614,1,2025-12-26
RAT_0000757,CUST_000049,TMDB_T_67460,4,2025-07-26
RAT_0000758,CUST_000050,TMDB_M_1049471,5,2026-01-15
RAT_0000759,CUST_000050,TMDB_M_1241470,2,2025-05-16
RAT_0000760,CUST_000050,TMDB_M_12444,5,2026-01-07
RAT_0000761,CUST_000050,TMDB_M_12445,4,2025-08-01
RAT_0000762,CUST_000050,TMDB_M_12509,5,2026-02-12
RAT_0000763,CUST_000050,TMDB_M_128,2,2026-03-10
RAT_0000764,CUST_000050,TMDB_M_1327819,4,2025-06-29
RAT_0000765,CUST_000050,TMDB_M_1865,4,2026-03-19
RAT_0000766,CUST_000050,TMDB_M_226674,5,2026-02-10
RAT_0000767,CUST_000050,TMDB_M_335984,2,2026-03-12
RAT_0000768,CUST_000050,TMDB_M_37165,3,2026-02-22
RAT_0000769,CUST_000050,TMDB_M_424,2,2026-02-20
RAT_0000770,CUST_000050,TMDB_M_568,2,2026-02-18
RAT_0000771,CUST_000050,TMDB_M_604079,4,2025-08-02
RAT_0000772,CUST_000050,TMDB_M_630,3,2025-04-30
RAT_0000773,CUST_000050,TMDB_M_671,3,2026-03-17
RAT_0000774,CUST_000050,TMDB_M_98477,4,2026-01-04
RAT_0000775,CUST_000050,TMDB_T_17610,3,2025-10-02
RAT_0000776,CUST_000050,TMDB_T_19530,4,2025-07-27
RAT_0000777,CUST_000050,TMDB_T_2171,4,2026-02-23
RAT_0000778,CUST_000050,TMDB_T_37680,3,2026-03-25
RAT_0000779,CUST_000050,TMDB_T_4614,4,2025-10-17
RAT_0000780,CUST_000050,TMDB_T_70672,4,2026-01-04
RAT_0000781,CUST_000050,TMDB_T_71790,3,2025-12-17
RAT_0000782,CUST_000050,TMDB_T_790,2,2026-02-09
RAT_0000783,CUST_000050,TMDB_T_80748,4,2025-12-13
RAT_0000784,CUST_000051,TMDB_M_875828,4,2026-04-09
RAT_0000785,CUST_000052,TMDB_M_1022787,5,2024-07-06
RAT_0000786,CUST_000052,TMDB_M_1084242,3,2025-07-06
RAT_0000787,CUST_000052,TMDB_M_1159559,2,2024-07-01
RAT_0000788,CUST_000052,TMDB_M_1226863,1,2026-02-23
RAT_0000789,CUST_000052,TMDB_M_1297842,3,2025-03-07
RAT_0000790,CUST_000052,TMDB_M_1497970,4,2025-12-19
RAT_0000791,CUST_000052,TMDB_M_1575337,4,2024-12-27
RAT_0000792,CUST_000052,TMDB_M_447273,4,2025-12-22
RAT_0000793,CUST_000052,TMDB_M_4935,3,2025-10-18
RAT_0000794,CUST_000052,TMDB_M_552524,3,2025-09-10
RAT_0000795,CUST_000052,TMDB_M_786892,1,2026-03-03
RAT_0000796,CUST_000052,TMDB_T_1434,3,2026-02-13
RAT_0000797,CUST_000052,TMDB_T_15260,5,2026-02-02
RAT_0000798,CUST_000052,TMDB_T_2261,2,2024-11-18
RAT_0000799,CUST_000052,TMDB_T_278275,5,2026-03-19
RAT_0000800,CUST_000052,TMDB_T_35007,5,2026-03-25
RAT_0000801,CUST_000052,TMDB_T_4607,4,2024-11-02
RAT_0000802,CUST_000052,TMDB_T_502,4,2025-11-26
RAT_0000803,CUST_000053,TMDB_M_1284496,2,2026-03-23
RAT_0000804,CUST_000053,TMDB_M_1430,3,2026-02-21
RAT_0000805,CUST_000053,TMDB_M_228150,3,2026-03-12
RAT_0000806,CUST_000053,TMDB_M_269149,1,2026-03-08
RAT_0000807,CUST_000053,TMDB_M_58008,5,2026-03-31
RAT_0000808,CUST_000053,TMDB_M_991494,1,2026-03-02
RAT_0000809,CUST_000054,TMDB_M_1007734,2,2025-08-20
RAT_0000810,CUST_000054,TMDB_M_120,4,2025-08-04
RAT_0000811,CUST_000054,TMDB_M_121,2,2025-06-06
RAT_0000812,CUST_000054,TMDB_M_1242501,3,2025-09-14
RAT_0000813,CUST_000054,TMDB_M_128,5,2025-11-21
RAT_0000814,CUST_000054,TMDB_M_1291608,3,2025-08-05
RAT_0000815,CUST_000054,TMDB_M_1292695,3,2025-03-26
RAT_0000816,CUST_000054,TMDB_M_1328803,2,2025-08-13
RAT_0000817,CUST_000054,TMDB_M_1493859,2,2025-02-22
RAT_0000818,CUST_000054,TMDB_M_1865,3,2025-12-10
RAT_0000819,CUST_000054,TMDB_M_333339,3,2025-07-11
RAT_0000820,CUST_000054,TMDB_M_671,5,2025-08-29
RAT_0000821,CUST_000054,TMDB_M_803796,4,2025-10-23
RAT_0000822,CUST_000054,TMDB_M_967941,2,2025-10-30
RAT_0000823,CUST_000054,TMDB_T_1911,3,2025-02-11
RAT_0000824,CUST_000054,TMDB_T_2316,1,2026-01-02
RAT_0000825,CUST_000054,TMDB_T_285469,3,2025-10-17
RAT_0000826,CUST_000054,TMDB_T_4556,3,2024-12-25
RAT_0000827,CUST_000054,TMDB_T_68350,3,2025-10-26
RAT_0000828,CUST_000054,TMDB_T_693,3,2025-02-24
RAT_0000829,CUST_000054,TMDB_T_71712,3,2025-09-23
RAT_0000830,CUST_000054,TMDB_T_94722,3,2025-07-19
RAT_0000831,CUST_000056,TMDB_M_1124,2,2025-03-19
RAT_0000832,CUST_000056,TMDB_M_1367642,2,2025-04-07
RAT_0000833,CUST_000056,TMDB_M_1487320,2,2025-02-26
RAT_0000834,CUST_000056,TMDB_M_1610418,1,2025-03-29
RAT_0000835,CUST_000056,TMDB_M_1658214,1,2024-09-22
RAT_0000836,CUST_000056,TMDB_M_329505,1,2025-02-07
RAT_0000837,CUST_000056,TMDB_M_502356,3,2025-03-04
RAT_0000838,CUST_000056,TMDB_M_62029,2,2025-02-12
RAT_0000839,CUST_000056,TMDB_M_936075,3,2025-01-01
RAT_0000840,CUST_000056,TMDB_T_124364,3,2025-02-28
RAT_0000841,CUST_000056,TMDB_T_1399,4,2024-08-22
RAT_0000842,CUST_000056,TMDB_T_1695,2,2025-02-25
RAT_0000843,CUST_000056,TMDB_T_1705,2,2024-09-07
RAT_0000844,CUST_000056,TMDB_T_278275,1,2025-03-19
RAT_0000845,CUST_000056,TMDB_T_4588,2,2025-03-19
RAT_0000846,CUST_000056,TMDB_T_48866,1,2025-02-12
RAT_0000847,CUST_000056,TMDB_T_60574,5,2025-01-26
RAT_0000848,CUST_000056,TMDB_T_71728,5,2025-01-16
RAT_0000849,CUST_000056,TMDB_T_76479,2,2025-02-08
RAT_0000850,CUST_000057,TMDB_M_52741,1,2026-02-12
RAT_0000851,CUST_000057,TMDB_M_876566,1,2026-01-23
RAT_0000852,CUST_000057,TMDB_T_128318,4,2025-12-17
RAT_0000853,CUST_000057,TMDB_T_154770,4,2025-10-07
RAT_0000854,CUST_000057,TMDB_T_1973,3,2025-09-13
RAT_0000855,CUST_000057,TMDB_T_202411,3,2025-12-01
RAT_0000856,CUST_000057,TMDB_T_220150,4,2025-11-22
RAT_0000857,CUST_000057,TMDB_T_2288,5,2026-04-09
RAT_0000858,CUST_000057,TMDB_T_2661,2,2025-11-27
RAT_0000859,CUST_000057,TMDB_T_34524,2,2025-10-12
RAT_0000860,CUST_000057,TMDB_T_44006,1,2026-03-30
RAT_0000861,CUST_000057,TMDB_T_456,3,2025-10-20
RAT_0000862,CUST_000057,TMDB_T_45790,3,2026-01-10
RAT_0000863,CUST_000057,TMDB_T_65503,4,2025-10-11
RAT_0000864,CUST_000058,TMDB_M_101,3,2025-08-30
RAT_0000865,CUST_000058,TMDB_M_1171145,5,2025-04-08
RAT_0000866,CUST_000058,TMDB_M_1310568,4,2026-03-12
RAT_0000867,CUST_000058,TMDB_M_1327819,3,2025-04-06
RAT_0000868,CUST_000058,TMDB_M_1470130,4,2025-05-12
RAT_0000869,CUST_000058,TMDB_M_502356,3,2025-08-02
RAT_0000870,CUST_000058,TMDB_M_680493,3,2026-02-22
RAT_0000871,CUST_000058,TMDB_M_941109,1,2026-03-20
RAT_0000872,CUST_000058,TMDB_T_1431,2,2026-02-18
RAT_0000873,CUST_000058,TMDB_T_2734,2,2025-07-13
RAT_0000874,CUST_000058,TMDB_T_4087,5,2026-02-11
RAT_0000875,CUST_000058,TMDB_T_46296,4,2025-04-13
RAT_0000876,CUST_000058,TMDB_T_60059,4,2026-03-05
RAT_0000877,CUST_000058,TMDB_T_80748,3,2025-11-03
RAT_0000878,CUST_000059,TMDB_M_1336770,3,2024-12-22
RAT_0000879,CUST_000059,TMDB_M_694,4,2024-10-13
RAT_0000880,CUST_000059,TMDB_T_220150,3,2024-09-14
RAT_0000881,CUST_000060,TMDB_M_120,2,2025-12-18
RAT_0000882,CUST_000060,TMDB_M_12445,3,2026-02-07
RAT_0000883,CUST_000060,TMDB_M_1430,5,2025-10-26
RAT_0000884,CUST_000060,TMDB_M_181812,4,2025-02-01
RAT_0000885,CUST_000060,TMDB_M_271110,2,2024-09-20
RAT_0000886,CUST_000060,TMDB_M_299536,2,2025-10-07
RAT_0000887,CUST_000060,TMDB_M_49051,4,2026-02-01
RAT_0000888,CUST_000060,TMDB_M_630,4,2026-03-23
RAT_0000889,CUST_000060,TMDB_M_662707,3,2024-09-27
RAT_0000890,CUST_000060,TMDB_M_671,5,2026-01-21
RAT_0000891,CUST_000060,TMDB_M_762509,2,2026-04-09
RAT_0000892,CUST_000060,TMDB_T_1396,4,2025-02-24
RAT_0000893,CUST_000060,TMDB_T_1412,4,2026-03-16
RAT_0000894,CUST_000060,TMDB_T_2190,4,2026-01-29
RAT_0000895,CUST_000060,TMDB_T_60572,3,2025-04-24
RAT_0000896,CUST_000061,TMDB_M_11324,3,2024-09-26
RAT_0000897,CUST_000061,TMDB_M_1159559,3,2026-03-10
RAT_0000898,CUST_000061,TMDB_M_1196067,2,2025-10-19
RAT_0000899,CUST_000061,TMDB_M_1327819,4,2025-07-20
RAT_0000900,CUST_000061,TMDB_M_1500099,1,2024-12-12
RAT_0000901,CUST_000061,TMDB_M_286217,1,2026-01-27
RAT_0000902,CUST_000061,TMDB_M_414906,2,2026-04-05
RAT_0000903,CUST_000061,TMDB_M_604079,5,2025-02-26
RAT_0000904,CUST_000061,TMDB_M_62,4,2024-06-13
RAT_0000905,CUST_000061,TMDB_M_687163,4,2025-07-23
RAT_0000906,CUST_000061,TMDB_M_912649,4,2026-03-19
RAT_0000907,CUST_000061,TMDB_T_2261,5,2025-10-24
RAT_0000908,CUST_000061,TMDB_T_34524,3,2025-12-06
RAT_0000909,CUST_000061,TMDB_T_59941,3,2024-08-31
RAT_0000910,CUST_000061,TMDB_T_60059,3,2024-08-01
RAT_0000911,CUST_000061,TMDB_T_63174,4,2025-04-04
RAT_0000912,CUST_000061,TMDB_T_63770,4,2024-07-25
RAT_0000913,CUST_000061,TMDB_T_74561,4,2026-02-21
RAT_0000914,CUST_000061,TMDB_T_764,2,2024-08-10
RAT_0000915,CUST_000061,TMDB_T_80748,4,2024-06-17
RAT_0000916,CUST_000061,TMDB_T_85077,2,2025-02-28
RAT_0000917,CUST_000061,TMDB_T_873,4,2025-07-05
RAT_0000918,CUST_000061,TMDB_T_98031,5,2024-08-26
RAT_0000919,CUST_000062,TMDB_M_1403327,3,2025-08-02
RAT_0000920,CUST_000062,TMDB_M_1465563,1,2025-07-22
RAT_0000921,CUST_000062,TMDB_M_37165,2,2025-01-19
RAT_0000922,CUST_000062,TMDB_M_4247,1,2025-10-03
RAT_0000923,CUST_000062,TMDB_M_466272,1,2025-07-20
RAT_0000924,CUST_000062,TMDB_M_52741,4,2025-09-23
RAT_0000925,CUST_000062,TMDB_M_848116,3,2025-07-30
RAT_0000926,CUST_000062,TMDB_M_949,1,2025-07-14
RAT_0000927,CUST_000062,TMDB_T_228091,3,2025-07-25
RAT_0000928,CUST_000062,TMDB_T_279471,1,2025-05-21
RAT_0000929,CUST_000062,TMDB_T_33238,2,2025-02-16
RAT_0000930,CUST_000062,TMDB_T_456,3,2025-06-24
RAT_0000931,CUST_000063,TMDB_M_1268127,2,2024-11-11
RAT_0000932,CUST_000063,TMDB_M_1307373,4,2025-10-04
RAT_0000933,CUST_000063,TMDB_M_1315303,4,2024-12-26
RAT_0000934,CUST_000063,TMDB_M_1523145,4,2025-07-21
RAT_0000935,CUST_000063,TMDB_M_1610418,2,2025-06-21
RAT_0000936,CUST_000063,TMDB_M_28322,3,2025-09-04
RAT_0000937,CUST_000063,TMDB_M_346364,2,2025-01-01
RAT_0000938,CUST_000063,TMDB_M_447273,1,2025-08-01
RAT_0000939,CUST_000063,TMDB_M_466272,3,2025-01-02
RAT_0000940,CUST_000063,TMDB_M_567609,2,2025-07-20
RAT_0000941,CUST_000063,TMDB_M_83533,3,2025-12-30
RAT_0000942,CUST_000063,TMDB_M_840464,1,2026-03-19
RAT_0000943,CUST_000063,TMDB_M_936075,3,2026-03-02
RAT_0000944,CUST_000063,TMDB_T_1399,5,2025-01-07
RAT_0000945,CUST_000063,TMDB_T_1855,4,2025-08-09
RAT_0000946,CUST_000064,TMDB_M_11036,3,2026-04-11
RAT_0000947,CUST_000064,TMDB_M_1367642,5,2026-04-06
RAT_0000948,CUST_000064,TMDB_M_1462146,3,2026-03-28
RAT_0000949,CUST_000064,TMDB_M_1650558,4,2026-01-07
RAT_0000950,CUST_000064,TMDB_M_52741,4,2026-03-26
RAT_0000951,CUST_000064,TMDB_M_969681,3,2026-01-23
RAT_0000952,CUST_000064,TMDB_T_117465,2,2025-11-25
RAT_0000953,CUST_000064,TMDB_T_1489,3,2026-03-05
RAT_0000954,CUST_000064,TMDB_T_1911,3,2026-01-28
RAT_0000955,CUST_000064,TMDB_T_2004,4,2026-03-26
RAT_0000956,CUST_000064,TMDB_T_2221,3,2025-12-21
RAT_0000957,CUST_000064,TMDB_T_22980,1,2025-12-03
RAT_0000958,CUST_000064,TMDB_T_37680,3,2026-04-03
RAT_0000959,CUST_000064,TMDB_T_4604,4,2026-03-10
RAT_0000960,CUST_000064,TMDB_T_4629,3,2026-03-13
RAT_0000961,CUST_000064,TMDB_T_498,2,2026-04-10
RAT_0000962,CUST_000064,TMDB_T_61818,4,2026-02-19
RAT_0000963,CUST_000064,TMDB_T_62223,2,2026-03-18
RAT_0000964,CUST_000064,TMDB_T_6836,4,2025-12-13
RAT_0000965,CUST_000065,TMDB_M_601,2,2026-03-06
RAT_0000966,CUST_000065,TMDB_M_604079,3,2026-04-07
RAT_0000967,CUST_000065,TMDB_M_912649,2,2026-04-04
RAT_0000968,CUST_000065,TMDB_T_62223,3,2026-03-11
RAT_0000969,CUST_000066,TMDB_M_1061474,1,2026-07-01
RAT_0000970,CUST_000066,TMDB_M_1066313,1,2026-06-27
RAT_0000971,CUST_000066,TMDB_M_1117857,2,2026-06-17
RAT_0000972,CUST_000066,TMDB_M_1119449,3,2026-07-10
RAT_0000973,CUST_000066,TMDB_M_1236153,2,2026-05-30
RAT_0000974,CUST_000066,TMDB_M_1292695,3,2026-05-01
RAT_0000975,CUST_000066,TMDB_M_1634301,2,2026-05-21
RAT_0000976,CUST_000066,TMDB_M_1641319,1,2026-07-08
RAT_0000977,CUST_000066,TMDB_M_1658216,2,2026-05-06
RAT_0000978,CUST_000066,TMDB_M_1726,4,2026-06-30
RAT_0000979,CUST_000066,TMDB_M_38,1,2026-04-07
RAT_0000980,CUST_000066,TMDB_M_429,1,2026-07-02
RAT_0000981,CUST_000066,TMDB_M_541671,3,2026-01-22
RAT_0000982,CUST_000066,TMDB_M_62029,3,2026-01-27
RAT_0000983,CUST_000066,TMDB_M_76600,3,2026-06-22
RAT_0000984,CUST_000066,TMDB_M_991494,2,2026-03-19
RAT_0000985,CUST_000066,TMDB_T_1415,2,2026-05-17
RAT_0000986,CUST_000066,TMDB_T_2190,2,2026-05-19
RAT_0000987,CUST_000066,TMDB_T_2661,4,2026-01-31
RAT_0000988,CUST_000066,TMDB_T_278275,4,2026-03-01
RAT_0000989,CUST_000066,TMDB_T_66732,1,2026-01-28
RAT_0000990,CUST_000066,TMDB_T_76479,3,2026-06-03
RAT_0000991,CUST_000067,TMDB_M_1010581,3,2026-04-02
RAT_0000992,CUST_000067,TMDB_M_1084242,2,2026-02-25
RAT_0000993,CUST_000067,TMDB_M_1359,5,2026-03-24
RAT_0000994,CUST_000067,TMDB_M_1381027,2,2026-03-12
RAT_0000995,CUST_000067,TMDB_M_414906,3,2026-03-20
RAT_0000996,CUST_000067,TMDB_M_447273,4,2026-03-02
RAT_0000997,CUST_000067,TMDB_M_49051,3,2026-03-23
RAT_0000998,CUST_000067,TMDB_M_646380,3,2026-04-03
RAT_0000999,CUST_000067,TMDB_M_672,2,2026-03-14
RAT_0001000,CUST_000067,TMDB_M_7451,2,2026-03-11
RAT_0001001,CUST_000067,TMDB_M_840464,2,2026-03-08
RAT_0001002,CUST_000067,TMDB_M_876566,4,2026-02-26
RAT_0001003,CUST_000067,TMDB_T_1402,5,2026-03-13
RAT_0001004,CUST_000067,TMDB_T_2190,5,2026-02-24
RAT_0001005,CUST_000067,TMDB_T_37680,4,2026-03-31
RAT_0001006,CUST_000068,TMDB_M_1124,3,2025-05-19
RAT_0001007,CUST_000068,TMDB_M_1156593,5,2025-01-07
RAT_0001008,CUST_000068,TMDB_M_1168190,4,2025-06-28
RAT_0001009,CUST_000068,TMDB_M_1191876,5,2025-03-02
RAT_0001010,CUST_000068,TMDB_M_1233413,3,2025-05-14
RAT_0001011,CUST_000068,TMDB_M_1272837,5,2025-11-26
RAT_0001012,CUST_000068,TMDB_M_1290417,3,2026-01-01
RAT_0001013,CUST_000068,TMDB_M_1314481,4,2025-10-10
RAT_0001014,CUST_000068,TMDB_M_1422,4,2025-12-22
RAT_0001015,CUST_000068,TMDB_M_1511417,3,2026-03-27
RAT_0001016,CUST_000068,TMDB_M_226674,3,2026-01-20
RAT_0001017,CUST_000068,TMDB_M_240,5,2024-12-07
RAT_0001018,CUST_000068,TMDB_M_350,2,2025-02-10
RAT_0001019,CUST_000068,TMDB_M_3558,4,2026-01-15
RAT_0001020,CUST_000068,TMDB_M_670,5,2026-01-19
RAT_0001021,CUST_000068,TMDB_M_68718,3,2025-03-13
RAT_0001022,CUST_000068,TMDB_M_840464,5,2025-01-24
RAT_0001023,CUST_000068,TMDB_T_1412,4,2024-12-31
RAT_0001024,CUST_000068,TMDB_T_1622,3,2026-02-23
RAT_0001025,CUST_000068,TMDB_T_2261,5,2025-09-20
RAT_0001026,CUST_000068,TMDB_T_46296,5,2026-04-03
RAT_0001027,CUST_000068,TMDB_T_5920,4,2025-05-28
RAT_0001028,CUST_000068,TMDB_T_62650,4,2025-01-26
RAT_0001029,CUST_000068,TMDB_T_82873,3,2025-04-10
RAT_0001030,CUST_000068,TMDB_T_87917,4,2025-08-08
RAT_0001031,CUST_000068,TMDB_T_95479,4,2026-02-23
RAT_0001032,CUST_000068,TMDB_T_95897,5,2025-12-22
RAT_0001033,CUST_000069,TMDB_M_1359,2,2024-11-13
RAT_0001034,CUST_000069,TMDB_M_429,3,2025-01-02
RAT_0001035,CUST_000069,TMDB_T_66732,5,2024-12-21
RAT_0001036,CUST_000070,TMDB_M_101,5,2025-10-25
RAT_0001037,CUST_000070,TMDB_M_1049471,1,2025-10-18
RAT_0001038,CUST_000070,TMDB_M_106646,3,2026-01-11
RAT_0001039,CUST_000070,TMDB_M_1265609,1,2026-01-07
RAT_0001040,CUST_000070,TMDB_M_1267319,2,2025-10-25
RAT_0001041,CUST_000070,TMDB_M_1327819,1,2026-01-02
RAT_0001042,CUST_000070,TMDB_M_475557,3,2025-12-05
RAT_0001043,CUST_000070,TMDB_M_519182,4,2025-07-17
RAT_0001044,CUST_000070,TMDB_M_59,2,2025-12-21
RAT_0001045,CUST_000070,TMDB_M_803796,3,2026-01-04
RAT_0001046,CUST_000070,TMDB_T_1911,5,2025-06-01
RAT_0001047,CUST_000070,TMDB_T_202411,1,2025-09-10
RAT_0001048,CUST_000070,TMDB_T_2171,2,2026-01-10
RAT_0001049,CUST_000070,TMDB_T_2224,2,2025-10-19
RAT_0001050,CUST_000070,TMDB_T_2734,4,2025-05-18
RAT_0001051,CUST_000070,TMDB_T_32798,2,2025-09-03
RAT_0001052,CUST_000070,TMDB_T_35007,4,2026-01-13
RAT_0001053,CUST_000070,TMDB_T_456,3,2025-10-04
RAT_0001054,CUST_000070,TMDB_T_502,4,2026-01-07
RAT_0001055,CUST_000070,TMDB_T_79744,3,2025-09-25
RAT_0001056,CUST_000070,TMDB_T_98031,3,2025-10-12
RAT_0001057,CUST_000071,TMDB_M_1159559,3,2026-01-29
RAT_0001058,CUST_000071,TMDB_M_1430,5,2026-04-01
RAT_0001059,CUST_000071,TMDB_M_1650558,4,2025-07-30
RAT_0001060,CUST_000071,TMDB_M_389,3,2026-02-27
RAT_0001061,CUST_000071,TMDB_T_2224,4,2025-12-03
RAT_0001062,CUST_000071,TMDB_T_228091,4,2025-09-30
RAT_0001063,CUST_000071,TMDB_T_291,3,2025-08-20
RAT_0001064,CUST_000071,TMDB_T_48866,4,2025-08-02
RAT_0001065,CUST_000071,TMDB_T_5092,4,2025-10-13
RAT_0001066,CUST_000071,TMDB_T_94722,5,2026-03-02
RAT_0001067,CUST_000072,TMDB_M_1003596,1,2025-04-19
RAT_0001068,CUST_000072,TMDB_M_1015606,3,2025-11-05
RAT_0001069,CUST_000072,TMDB_M_1268127,3,2025-06-22
RAT_0001070,CUST_000072,TMDB_M_1430,5,2026-04-03
RAT_0001071,CUST_000072,TMDB_M_1462146,4,2025-12-08
RAT_0001072,CUST_000072,TMDB_T_1489,3,2025-12-02
RAT_0001073,CUST_000072,TMDB_T_2190,4,2025-09-15
RAT_0001074,CUST_000072,TMDB_T_456,3,2026-01-28
RAT_0001075,CUST_000072,TMDB_T_502,2,2026-03-03
RAT_0001076,CUST_000072,TMDB_T_6836,3,2026-01-24
RAT_0001077,CUST_000072,TMDB_T_693,1,2025-12-17
RAT_0001078,CUST_000072,TMDB_T_76479,2,2026-02-22
RAT_0001079,CUST_000073,TMDB_M_284054,2,2025-10-15
RAT_0001080,CUST_000073,TMDB_M_333339,2,2026-03-27
RAT_0001081,CUST_000073,TMDB_M_734286,4,2025-10-26
RAT_0001082,CUST_000073,TMDB_T_127529,4,2026-02-05
RAT_0001083,CUST_000073,TMDB_T_209867,2,2025-11-26
RAT_0001084,CUST_000073,TMDB_T_241609,3,2025-11-09
RAT_0001085,CUST_000073,TMDB_T_2734,2,2026-01-06
RAT_0001086,CUST_000073,TMDB_T_283123,3,2026-03-29
RAT_0001087,CUST_000073,TMDB_T_32692,2,2026-03-11
RAT_0001088,CUST_000073,TMDB_T_39351,4,2026-04-09
RAT_0001089,CUST_000073,TMDB_T_60735,1,2025-11-30
RAT_0001090,CUST_000074,TMDB_M_107257,1,2026-01-24
RAT_0001091,CUST_000074,TMDB_M_1115544,2,2025-11-12
RAT_0001092,CUST_000074,TMDB_M_1168190,4,2026-02-03
RAT_0001093,CUST_000074,TMDB_M_1242501,1,2026-03-26
RAT_0001094,CUST_000074,TMDB_M_259694,1,2026-03-31
RAT_0001095,CUST_000074,TMDB_M_429,3,2026-01-26
RAT_0001096,CUST_000074,TMDB_M_679,3,2025-12-17
RAT_0001097,CUST_000074,TMDB_M_73861,3,2025-12-27
RAT_0001098,CUST_000074,TMDB_M_786892,4,2026-03-21
RAT_0001099,CUST_000074,TMDB_M_949,4,2026-01-15
RAT_0001100,CUST_000074,TMDB_T_1409,4,2025-10-21
RAT_0001101,CUST_000074,TMDB_T_1412,3,2025-12-10
RAT_0001102,CUST_000074,TMDB_T_1434,2,2025-10-26
RAT_0001103,CUST_000074,TMDB_T_1620,2,2025-11-23
RAT_0001104,CUST_000074,TMDB_T_1668,1,2026-03-06
RAT_0001105,CUST_000074,TMDB_T_1981,4,2026-02-24
RAT_0001106,CUST_000074,TMDB_T_279471,2,2026-01-21
RAT_0001107,CUST_000074,TMDB_T_285469,2,2025-12-08
RAT_0001108,CUST_000074,TMDB_T_4087,2,2025-12-20
RAT_0001109,CUST_000074,TMDB_T_57243,2,2026-01-18
RAT_0001110,CUST_000074,TMDB_T_79744,3,2026-01-24
RAT_0001111,CUST_000075,TMDB_M_11,3,2026-03-16
RAT_0001112,CUST_000075,TMDB_M_120,3,2025-08-10
RAT_0001113,CUST_000075,TMDB_M_12445,3,2026-04-10
RAT_0001114,CUST_000075,TMDB_M_299536,3,2025-08-26
RAT_0001115,CUST_000075,TMDB_M_313369,2,2025-10-17
RAT_0001116,CUST_000075,TMDB_M_414906,2,2026-02-26
RAT_0001117,CUST_000075,TMDB_M_4232,3,2026-03-28
RAT_0001118,CUST_000075,TMDB_M_671,4,2026-04-01
RAT_0001119,CUST_000075,TMDB_M_8358,2,2025-09-29
RAT_0001120,CUST_000075,TMDB_M_848116,2,2025-08-28
RAT_0001121,CUST_000075,TMDB_M_980477,4,2026-02-01
RAT_0001122,CUST_000075,TMDB_T_13945,3,2025-09-01
RAT_0001123,CUST_000075,TMDB_T_1417,4,2025-11-05
RAT_0001124,CUST_000075,TMDB_T_32798,4,2026-03-16
RAT_0001125,CUST_000075,TMDB_T_4177,3,2026-02-25
RAT_0001126,CUST_000075,TMDB_T_60059,2,2026-02-21
RAT_0001127,CUST_000076,TMDB_T_202411,2,2026-05-15
RAT_0001128,CUST_000076,TMDB_T_42009,3,2026-03-01
RAT_0001129,CUST_000076,TMDB_T_66732,4,2026-03-24
RAT_0001130,CUST_000076,TMDB_T_73586,4,2026-03-25
RAT_0001131,CUST_000077,TMDB_M_1305781,3,2024-08-25
RAT_0001132,CUST_000077,TMDB_M_1387382,2,2024-08-27
RAT_0001133,CUST_000077,TMDB_M_671,3,2024-07-18
RAT_0001134,CUST_000077,TMDB_T_1489,3,2024-08-13
RAT_0001135,CUST_000077,TMDB_T_4376,3,2024-07-27
RAT_0001136,CUST_000077,TMDB_T_498,4,2024-08-24
RAT_0001137,CUST_000077,TMDB_T_61818,3,2024-07-20
RAT_0001138,CUST_000078,TMDB_M_1022789,2,2026-03-13
RAT_0001139,CUST_000078,TMDB_M_665,2,2026-04-10
RAT_0001140,CUST_000078,TMDB_T_220150,4,2026-03-12
RAT_0001141,CUST_000078,TMDB_T_32415,2,2026-04-05
RAT_0001142,CUST_000078,TMDB_T_4177,4,2026-03-16
RAT_0001143,CUST_000078,TMDB_T_4601,3,2026-03-29
RAT_0001144,CUST_000078,TMDB_T_498,3,2026-04-02
RAT_0001145,CUST_000078,TMDB_T_6836,3,2026-03-28
RAT_0001146,CUST_000078,TMDB_T_82873,3,2026-04-03
RAT_0001147,CUST_000079,TMDB_M_1268127,3,2025-08-25
RAT_0001148,CUST_000079,TMDB_M_1290417,1,2024-12-11
RAT_0001149,CUST_000079,TMDB_M_1523145,4,2026-01-16
RAT_0001150,CUST_000079,TMDB_M_1630433,4,2026-02-11
RAT_0001151,CUST_000079,TMDB_M_28322,3,2025-09-05
RAT_0001152,CUST_000079,TMDB_M_290098,3,2025-06-13
RAT_0001153,CUST_000079,TMDB_M_637649,4,2025-11-26
RAT_0001154,CUST_000079,TMDB_M_980477,4,2025-11-23
RAT_0001155,CUST_000079,TMDB_T_1402,5,2026-01-09
RAT_0001156,CUST_000079,TMDB_T_1408,4,2026-03-23
RAT_0001157,CUST_000079,TMDB_T_1911,2,2025-02-09
RAT_0001158,CUST_000079,TMDB_T_250307,3,2025-05-02
RAT_0001159,CUST_000079,TMDB_T_4604,3,2025-12-25
RAT_0001160,CUST_000080,TMDB_M_1226863,3,2025-09-01
RAT_0001161,CUST_000080,TMDB_M_1487320,5,2026-03-07
RAT_0001162,CUST_000080,TMDB_M_324786,5,2025-09-14
RAT_0001163,CUST_000080,TMDB_M_4935,5,2026-03-10
RAT_0001164,CUST_000080,TMDB_M_497,3,2025-05-20
RAT_0001165,CUST_000080,TMDB_M_803796,3,2025-06-19
RAT_0001166,CUST_000080,TMDB_T_119051,3,2026-03-08
RAT_0001167,CUST_000080,TMDB_T_1399,5,2026-01-08
RAT_0001168,CUST_000080,TMDB_T_2224,2,2026-03-20
RAT_0001169,CUST_000080,TMDB_T_2261,3,2025-12-09
RAT_0001170,CUST_000080,TMDB_T_237020,2,2026-01-17
RAT_0001171,CUST_000080,TMDB_T_291,3,2026-03-21
RAT_0001172,CUST_000080,TMDB_T_4604,4,2025-08-06
RAT_0001173,CUST_000080,TMDB_T_48866,4,2025-07-29
RAT_0001174,CUST_000080,TMDB_T_5920,5,2026-02-23
RAT_0001175,CUST_000080,TMDB_T_62223,5,2025-12-23
RAT_0001176,CUST_000080,TMDB_T_65503,4,2025-11-11
RAT_0001177,CUST_000081,TMDB_M_1038392,2,2026-03-17
RAT_0001178,CUST_000081,TMDB_M_1193501,5,2025-12-19
RAT_0001179,CUST_000081,TMDB_M_1228246,4,2026-01-19
RAT_0001180,CUST_000081,TMDB_M_1266127,5,2026-01-13
RAT_0001181,CUST_000081,TMDB_M_1328803,3,2025-12-21
RAT_0001182,CUST_000081,TMDB_M_1381216,3,2026-03-18
RAT_0001183,CUST_000081,TMDB_M_1426297,3,2026-01-23
RAT_0001184,CUST_000081,TMDB_M_1930,3,2026-03-09
RAT_0001185,CUST_000081,TMDB_M_396535,3,2026-02-10
RAT_0001186,CUST_000081,TMDB_M_436969,2,2026-02-21
RAT_0001187,CUST_000081,TMDB_M_541671,4,2026-03-19
RAT_0001188,CUST_000081,TMDB_M_567609,2,2026-02-25
RAT_0001189,CUST_000081,TMDB_M_646385,3,2026-03-27
RAT_0001190,CUST_000081,TMDB_M_67395,3,2026-04-11
RAT_0001191,CUST_000081,TMDB_M_798645,3,2026-01-22
RAT_0001192,CUST_000081,TMDB_M_857,1,2026-03-06
RAT_0001193,CUST_000081,TMDB_T_1400,1,2026-03-21
RAT_0001194,CUST_000081,TMDB_T_1435,2,2026-03-07
RAT_0001195,CUST_000081,TMDB_T_202411,5,2026-01-04
RAT_0001196,CUST_000081,TMDB_T_2661,4,2026-02-20
RAT_0001197,CUST_000081,TMDB_T_3562,5,2026-03-28
RAT_0001198,CUST_000081,TMDB_T_59941,2,2026-02-11
RAT_0001199,CUST_000082,TMDB_M_1252037,3,2026-03-01
RAT_0001200,CUST_000082,TMDB_M_374720,1,2025-08-30
RAT_0001201,CUST_000082,TMDB_M_533533,3,2025-10-28
RAT_0001202,CUST_000082,TMDB_T_1434,4,2026-02-24
RAT_0001203,CUST_000082,TMDB_T_22980,4,2026-02-01
RAT_0001204,CUST_000082,TMDB_T_32415,4,2025-09-21
RAT_0001205,CUST_000082,TMDB_T_4556,4,2025-09-08
RAT_0001206,CUST_000082,TMDB_T_60622,2,2026-03-30
RAT_0001207,CUST_000083,TMDB_M_1191876,2,2024-12-26
RAT_0001208,CUST_000083,TMDB_M_1193501,2,2025-02-08
RAT_0001209,CUST_000083,TMDB_M_1236153,3,2025-01-18
RAT_0001210,CUST_000083,TMDB_M_1252037,4,2025-01-09
RAT_0001211,CUST_000083,TMDB_M_374720,3,2025-04-20
RAT_0001212,CUST_000083,TMDB_M_857,1,2024-09-18
RAT_0001213,CUST_000083,TMDB_T_100088,2,2025-04-04
RAT_0001214,CUST_000083,TMDB_T_19530,2,2024-09-30
RAT_0001215,CUST_000083,TMDB_T_228091,1,2025-04-12
RAT_0001216,CUST_000083,TMDB_T_32415,2,2024-12-02
RAT_0001217,CUST_000083,TMDB_T_4177,5,2025-04-04
RAT_0001218,CUST_000083,TMDB_T_4656,3,2025-04-18
RAT_0001219,CUST_000083,TMDB_T_57243,2,2025-04-05
RAT_0001220,CUST_000083,TMDB_T_693,3,2025-04-12
RAT_0001221,CUST_000083,TMDB_T_70672,4,2025-03-24
RAT_0001222,CUST_000083,TMDB_T_78191,4,2025-04-20
RAT_0001223,CUST_000084,TMDB_M_111,4,2025-06-12
RAT_0001224,CUST_000084,TMDB_M_1171145,4,2026-01-16
RAT_0001225,CUST_000084,TMDB_M_1357633,1,2025-07-06
RAT_0001226,CUST_000084,TMDB_M_205596,2,2025-06-13
RAT_0001227,CUST_000084,TMDB_M_218,2,2025-05-09
RAT_0001228,CUST_000084,TMDB_M_453395,4,2025-11-12
RAT_0001229,CUST_000084,TMDB_M_562,3,2025-04-02
RAT_0001230,CUST_000084,TMDB_M_601,4,2025-07-27
RAT_0001231,CUST_000084,TMDB_M_680493,2,2025-08-16
RAT_0001232,CUST_000084,TMDB_T_1622,3,2025-09-05
RAT_0001233,CUST_000084,TMDB_T_220542,1,2025-12-21
RAT_0001234,CUST_000084,TMDB_T_4177,1,2025-04-08
RAT_0001235,CUST_000084,TMDB_T_456,4,2025-04-18
RAT_0001236,CUST_000084,TMDB_T_4588,4,2025-08-28
RAT_0001237,CUST_000084,TMDB_T_4614,2,2025-11-18
RAT_0001238,CUST_000084,TMDB_T_5920,3,2025-11-08
RAT_0001239,CUST_000084,TMDB_T_61818,1,2025-09-21
RAT_0001240,CUST_000085,TMDB_M_106646,1,2026-06-27
RAT_0001241,CUST_000085,TMDB_M_1168190,2,2026-04-28
RAT_0001242,CUST_000085,TMDB_M_1171145,2,2026-07-17
RAT_0001243,CUST_000085,TMDB_M_807,4,2026-02-01
RAT_0001244,CUST_000085,TMDB_T_1399,1,2026-07-25
RAT_0001245,CUST_000085,TMDB_T_1412,3,2026-05-10
RAT_0001246,CUST_000085,TMDB_T_1431,2,2026-07-04
RAT_0001247,CUST_000085,TMDB_T_15260,3,2025-12-04
RAT_0001248,CUST_000085,TMDB_T_20111,3,2025-12-10
RAT_0001249,CUST_000085,TMDB_T_220150,3,2026-08-16
RAT_0001250,CUST_000085,TMDB_T_2734,5,2026-01-29
RAT_0001251,CUST_000085,TMDB_T_42009,1,2026-08-21
RAT_0001252,CUST_000085,TMDB_T_4604,1,2026-08-17
RAT_0001253,CUST_000085,TMDB_T_58841,3,2026-07-30
RAT_0001254,CUST_000085,TMDB_T_60622,2,2026-05-26
RAT_0001255,CUST_000085,TMDB_T_71790,3,2026-08-11
RAT_0001256,CUST_000085,TMDB_T_73586,2,2026-07-27
RAT_0001257,CUST_000085,TMDB_T_79744,2,2026-08-26
RAT_0001258,CUST_000086,TMDB_M_1115544,3,2026-04-04
RAT_0001259,CUST_000086,TMDB_M_1159559,2,2026-01-25
RAT_0001260,CUST_000086,TMDB_M_1214931,4,2026-04-11
RAT_0001261,CUST_000086,TMDB_M_1284496,1,2026-03-04
RAT_0001262,CUST_000086,TMDB_M_1325734,1,2025-12-18
RAT_0001263,CUST_000086,TMDB_M_205596,3,2026-04-08
RAT_0001264,CUST_000086,TMDB_M_425274,4,2025-12-31
RAT_0001265,CUST_000086,TMDB_M_466272,5,2026-02-23
RAT_0001266,CUST_000086,TMDB_M_967,5,2025-12-16
RAT_0001267,CUST_000086,TMDB_T_128318,3,2026-03-17
RAT_0001268,CUST_000086,TMDB_T_1417,4,2025-10-14
RAT_0001269,CUST_000086,TMDB_T_14981,1,2026-03-30
RAT_0001270,CUST_000086,TMDB_T_1667,2,2026-04-11
RAT_0001271,CUST_000086,TMDB_T_2221,3,2026-01-14
RAT_0001272,CUST_000086,TMDB_T_2261,4,2026-02-05
RAT_0001273,CUST_000086,TMDB_T_33765,1,2025-11-15
RAT_0001274,CUST_000086,TMDB_T_37854,2,2025-12-25
RAT_0001275,CUST_000086,TMDB_T_4087,2,2025-10-04
RAT_0001276,CUST_000086,TMDB_T_44006,3,2025-10-25
RAT_0001277,CUST_000086,TMDB_T_4601,2,2025-12-19
RAT_0001278,CUST_000086,TMDB_T_6836,2,2025-11-01
RAT_0001279,CUST_000086,TMDB_T_82873,3,2026-03-07
RAT_0001280,CUST_000087,TMDB_M_1007734,1,2024-11-27
RAT_0001281,CUST_000087,TMDB_M_1088434,3,2025-07-26
RAT_0001282,CUST_000087,TMDB_M_1290821,4,2026-03-25
RAT_0001283,CUST_000087,TMDB_M_1306368,3,2024-12-02
RAT_0001284,CUST_000087,TMDB_M_1357633,4,2025-02-28
RAT_0001285,CUST_000087,TMDB_M_1419406,5,2024-12-04
RAT_0001286,CUST_000087,TMDB_M_1582770,3,2025-03-09
RAT_0001287,CUST_000087,TMDB_M_1584215,3,2025-06-11
RAT_0001288,CUST_000087,TMDB_M_218,4,2026-04-01
RAT_0001289,CUST_000087,TMDB_M_273481,1,2025-09-16
RAT_0001290,CUST_000087,TMDB_M_545611,3,2025-09-26
RAT_0001291,CUST_000087,TMDB_M_953,3,2024-11-17
RAT_0001292,CUST_000087,TMDB_M_976573,4,2025-03-05
RAT_0001293,CUST_000087,TMDB_M_980477,1,2026-03-28
RAT_0001294,CUST_000087,TMDB_T_1412,2,2026-04-10
RAT_0001295,CUST_000087,TMDB_T_1416,4,2025-06-03
RAT_0001296,CUST_000087,TMDB_T_237020,3,2025-06-21
RAT_0001297,CUST_000087,TMDB_T_31910,1,2025-03-25
RAT_0001298,CUST_000087,TMDB_T_46260,4,2025-09-28
RAT_0001299,CUST_000087,TMDB_T_57532,2,2026-04-06
RAT_0001300,CUST_000087,TMDB_T_60625,2,2025-10-28
RAT_0001301,CUST_000087,TMDB_T_61818,3,2025-05-07
RAT_0001302,CUST_000087,TMDB_T_6836,3,2026-03-20
RAT_0001303,CUST_000087,TMDB_T_76572,3,2025-12-07
RAT_0001304,CUST_000087,TMDB_T_95557,4,2024-12-05
RAT_0001305,CUST_000088,TMDB_M_1226863,2,2026-01-10
RAT_0001306,CUST_000088,TMDB_M_1268127,3,2025-10-08
RAT_0001307,CUST_000088,TMDB_M_1325734,2,2025-11-10
RAT_0001308,CUST_000088,TMDB_M_1575337,2,2025-10-19
RAT_0001309,CUST_000088,TMDB_M_857,5,2025-11-07
RAT_0001310,CUST_000088,TMDB_T_14981,1,2026-03-18
RAT_0001311,CUST_000088,TMDB_T_1911,3,2025-10-06
RAT_0001312,CUST_000088,TMDB_T_42009,4,2025-08-25
RAT_0001313,CUST_000088,TMDB_T_73586,4,2026-02-11
RAT_0001314,CUST_000088,TMDB_T_94722,4,2025-06-18
RAT_0001315,CUST_000089,TMDB_M_1058710,4,2026-02-05
RAT_0001316,CUST_000089,TMDB_M_1135873,3,2025-09-14
RAT_0001317,CUST_000089,TMDB_M_1276038,2,2026-01-30
RAT_0001318,CUST_000089,TMDB_M_1290417,3,2025-12-05
RAT_0001319,CUST_000089,TMDB_M_1336770,3,2026-03-24
RAT_0001320,CUST_000089,TMDB_M_567609,2,2025-11-28
RAT_0001321,CUST_000089,TMDB_M_694,3,2026-02-18
RAT_0001322,CUST_000089,TMDB_T_13945,5,2025-12-30
RAT_0001323,CUST_000089,TMDB_T_1435,2,2026-04-05
RAT_0001324,CUST_000089,TMDB_T_39351,4,2025-09-23
RAT_0001325,CUST_000089,TMDB_T_40663,3,2026-01-11
RAT_0001326,CUST_000089,TMDB_T_4629,3,2025-10-04
RAT_0001327,CUST_000089,TMDB_T_65503,5,2026-03-27
RAT_0001328,CUST_000089,TMDB_T_70672,5,2026-03-24
RAT_0001329,CUST_000090,TMDB_M_1214931,5,2026-02-10
RAT_0001330,CUST_000090,TMDB_M_1408208,1,2025-08-03
RAT_0001331,CUST_000090,TMDB_M_1523145,3,2025-08-01
RAT_0001332,CUST_000090,TMDB_M_330457,5,2026-01-22
RAT_0001333,CUST_000090,TMDB_M_502356,3,2025-05-07
RAT_0001334,CUST_000090,TMDB_M_665,4,2026-04-10
RAT_0001335,CUST_000090,TMDB_M_911430,3,2025-10-14
RAT_0001336,CUST_000090,TMDB_T_1622,1,2025-10-07
RAT_0001337,CUST_000090,TMDB_T_1695,2,2025-03-21
RAT_0001338,CUST_000090,TMDB_T_1911,2,2025-05-15
RAT_0001339,CUST_000090,TMDB_T_195670,3,2026-01-22
RAT_0001340,CUST_000091,TMDB_M_1115544,4,2025-12-16
RAT_0001341,CUST_000091,TMDB_M_1119449,4,2025-12-12
RAT_0001342,CUST_000091,TMDB_M_1214931,4,2026-04-09
RAT_0001343,CUST_000091,TMDB_M_1234821,2,2025-05-30
RAT_0001344,CUST_000091,TMDB_M_193972,5,2026-03-08
RAT_0001345,CUST_000091,TMDB_M_19404,3,2025-02-08
RAT_0001346,CUST_000091,TMDB_M_335983,4,2024-11-15
RAT_0001347,CUST_000091,TMDB_M_62,5,2025-09-19
RAT_0001348,CUST_000091,TMDB_M_687163,4,2026-02-25
RAT_0001349,CUST_000091,TMDB_M_701387,5,2026-01-08
RAT_0001350,CUST_000091,TMDB_M_848116,3,2025-11-27
RAT_0001351,CUST_000091,TMDB_M_912649,5,2025-12-14
RAT_0001352,CUST_000091,TMDB_M_939243,4,2025-07-10
RAT_0001353,CUST_000091,TMDB_M_969681,3,2024-11-03
RAT_0001354,CUST_000091,TMDB_T_1412,4,2025-07-04
RAT_0001355,CUST_000091,TMDB_T_1431,3,2026-04-04
RAT_0001356,CUST_000091,TMDB_T_1695,3,2025-12-23
RAT_0001357,CUST_000091,TMDB_T_1981,3,2025-09-14
RAT_0001358,CUST_000091,TMDB_T_250307,5,2026-02-23
RAT_0001359,CUST_000091,TMDB_T_34307,3,2025-02-16
RAT_0001360,CUST_000091,TMDB_T_45790,4,2025-08-24
RAT_0001361,CUST_000091,TMDB_T_59941,3,2026-01-28
RAT_0001362,CUST_000091,TMDB_T_62650,2,2025-04-26
RAT_0001363,CUST_000092,TMDB_M_1214931,3,2026-04-09
RAT_0001364,CUST_000092,TMDB_M_1310568,3,2026-04-08
RAT_0001365,CUST_000092,TMDB_M_315162,2,2025-11-30
RAT_0001366,CUST_000092,TMDB_M_680493,4,2026-01-04
RAT_0001367,CUST_000092,TMDB_M_967,5,2026-02-01
RAT_0001368,CUST_000092,TMDB_T_124364,4,2026-02-24
RAT_0001369,CUST_000092,TMDB_T_291,5,2026-03-26
RAT_0001370,CUST_000092,TMDB_T_33238,3,2025-08-25
RAT_0001371,CUST_000092,TMDB_T_34307,3,2025-12-22
RAT_0001372,CUST_000092,TMDB_T_44006,1,2025-08-18
RAT_0001373,CUST_000093,TMDB_M_101,5,2026-02-02
RAT_0001374,CUST_000093,TMDB_M_1159559,2,2026-02-14
RAT_0001375,CUST_000093,TMDB_M_1363123,3,2025-03-24
RAT_0001376,CUST_000093,TMDB_M_1523145,3,2026-03-28
RAT_0001377,CUST_000093,TMDB_M_271110,4,2025-01-08
RAT_0001378,CUST_000093,TMDB_M_299536,2,2025-04-06
RAT_0001379,CUST_000093,TMDB_M_564,3,2026-02-23
RAT_0001380,CUST_000093,TMDB_M_674,4,2024-11-09
RAT_0001381,CUST_000093,TMDB_M_677638,3,2025-12-05
RAT_0001382,CUST_000093,TMDB_M_8358,1,2025-10-22
RAT_0001383,CUST_000093,TMDB_T_32692,4,2025-11-11
RAT_0001384,CUST_000093,TMDB_T_4588,1,2025-02-17
RAT_0001385,CUST_000094,TMDB_M_1020969,3,2024-12-23
RAT_0001386,CUST_000094,TMDB_M_453395,2,2024-11-10
RAT_0001387,CUST_000094,TMDB_M_519182,1,2024-12-26
RAT_0001388,CUST_000094,TMDB_M_803796,2,2025-01-16
RAT_0001389,CUST_000094,TMDB_T_112527,1,2024-12-24
RAT_0001390,CUST_000094,TMDB_T_2221,2,2025-01-07
RAT_0001391,CUST_000094,TMDB_T_2224,4,2025-01-18
RAT_0001392,CUST_000094,TMDB_T_284058,3,2024-10-12
RAT_0001393,CUST_000094,TMDB_T_87917,1,2025-01-13
RAT_0001394,CUST_000094,TMDB_T_94722,3,2025-01-15
RAT_0001395,CUST_000095,TMDB_M_1064213,3,2026-03-19
RAT_0001396,CUST_000095,TMDB_M_1226863,1,2026-04-11
RAT_0001397,CUST_000095,TMDB_M_1284460,1,2026-02-11
RAT_0001398,CUST_000095,TMDB_M_1292695,3,2025-08-15
RAT_0001399,CUST_000095,TMDB_M_1363123,3,2026-02-15
RAT_0001400,CUST_000095,TMDB_M_1367763,2,2025-04-02
RAT_0001401,CUST_000095,TMDB_M_14161,1,2025-05-30
RAT_0001402,CUST_000095,TMDB_M_1523145,3,2025-06-30
RAT_0001403,CUST_000095,TMDB_M_1634301,3,2025-07-09
RAT_0001404,CUST_000095,TMDB_M_1930,4,2025-11-27
RAT_0001405,CUST_000095,TMDB_M_539,2,2025-11-04
RAT_0001406,CUST_000095,TMDB_M_562,2,2025-07-18
RAT_0001407,CUST_000095,TMDB_M_598,3,2025-06-02
RAT_0001408,CUST_000095,TMDB_M_615,4,2026-02-28
RAT_0001409,CUST_000095,TMDB_M_666277,4,2026-04-02
RAT_0001410,CUST_000095,TMDB_M_687163,3,2026-03-26
RAT_0001411,CUST_000095,TMDB_M_773543,2,2025-12-07
RAT_0001412,CUST_000095,TMDB_M_840464,4,2025-05-27
RAT_0001413,CUST_000095,TMDB_M_858024,2,2025-06-29
RAT_0001414,CUST_000095,TMDB_T_1412,4,2025-04-09
RAT_0001415,CUST_000095,TMDB_T_1421,1,2026-01-20
RAT_0001416,CUST_000095,TMDB_T_1668,1,2025-09-05
RAT_0001417,CUST_000095,TMDB_T_4087,3,2025-11-27
RAT_0001418,CUST_000095,TMDB_T_71494,4,2025-09-23
RAT_0001419,CUST_000095,TMDB_T_8962,5,2025-03-15
RAT_0001420,CUST_000096,TMDB_M_1015606,5,2026-02-17
RAT_0001421,CUST_000096,TMDB_M_10191,5,2026-03-18
RAT_0001422,CUST_000096,TMDB_M_1087192,4,2025-12-30
RAT_0001423,CUST_000096,TMDB_M_1199193,3,2025-03-04
RAT_0001424,CUST_000096,TMDB_M_1368166,1,2025-05-09
RAT_0001425,CUST_000096,TMDB_M_1462146,4,2026-01-27
RAT_0001426,CUST_000096,TMDB_M_28322,5,2026-04-07
RAT_0001427,CUST_000096,TMDB_M_290098,1,2025-05-26
RAT_0001428,CUST_000096,TMDB_M_453395,5,2026-01-21
RAT_0001429,CUST_000096,TMDB_M_803796,2,2026-03-16
RAT_0001430,CUST_000096,TMDB_M_807,3,2025-08-21
RAT_0001431,CUST_000096,TMDB_T_237020,2,2025-05-04
RAT_0001432,CUST_000096,TMDB_T_4614,2,2025-09-11
RAT_0001433,CUST_000096,TMDB_T_549,2,2026-01-27
RAT_0001434,CUST_000096,TMDB_T_58841,4,2025-10-07
RAT_0001435,CUST_000096,TMDB_T_60059,4,2026-04-09
RAT_0001436,CUST_000096,TMDB_T_60622,4,2025-01-26
RAT_0001437,CUST_000096,TMDB_T_76479,3,2026-01-21
RAT_0001438,CUST_000096,TMDB_T_80748,2,2025-11-28
RAT_0001439,CUST_000097,TMDB_M_101,1,2024-12-06
RAT_0001440,CUST_000097,TMDB_M_1171145,4,2025-08-10
RAT_0001441,CUST_000097,TMDB_M_4232,2,2025-12-22
RAT_0001442,CUST_000097,TMDB_M_680493,4,2025-10-14
RAT_0001443,CUST_000097,TMDB_M_73861,4,2025-04-07
RAT_0001444,CUST_000097,TMDB_M_762509,4,2024-10-15
RAT_0001445,CUST_000097,TMDB_M_875828,4,2026-02-24
RAT_0001446,CUST_000097,TMDB_T_1421,1,2025-01-24
RAT_0001447,CUST_000097,TMDB_T_1431,1,2026-02-19
RAT_0001448,CUST_000097,TMDB_T_1973,4,2025-09-13
RAT_0001449,CUST_000097,TMDB_T_289219,3,2024-12-09
RAT_0001450,CUST_000097,TMDB_T_4177,4,2025-09-29
RAT_0001451,CUST_000097,TMDB_T_4607,3,2025-03-21
RAT_0001452,CUST_000097,TMDB_T_4656,4,2024-05-19
RAT_0001453,CUST_000098,TMDB_M_1088434,4,2026-02-27
RAT_0001454,CUST_000098,TMDB_M_1171145,2,2025-12-02
RAT_0001455,CUST_000098,TMDB_M_12153,4,2026-03-08
RAT_0001456,CUST_000098,TMDB_M_1403327,2,2026-01-04
RAT_0001457,CUST_000098,TMDB_M_1403735,1,2025-10-23
RAT_0001458,CUST_000098,TMDB_M_1465563,4,2026-03-21
RAT_0001459,CUST_000098,TMDB_M_272,5,2025-12-03
RAT_0001460,CUST_000098,TMDB_M_284054,4,2025-11-17
RAT_0001461,CUST_000098,TMDB_M_475557,4,2025-11-02
RAT_0001462,CUST_000098,TMDB_M_564,3,2025-04-08
RAT_0001463,CUST_000098,TMDB_M_646380,3,2025-12-27
RAT_0001464,CUST_000098,TMDB_M_694,2,2026-04-04
RAT_0001465,CUST_000098,TMDB_T_1100,2,2026-01-12
RAT_0001466,CUST_000098,TMDB_T_1412,2,2025-05-25
RAT_0001467,CUST_000098,TMDB_T_1421,3,2025-04-28
RAT_0001468,CUST_000098,TMDB_T_1667,4,2026-02-11
RAT_0001469,CUST_000098,TMDB_T_1668,4,2025-07-05
RAT_0001470,CUST_000098,TMDB_T_2734,3,2026-03-31
RAT_0001471,CUST_000098,TMDB_T_33238,3,2025-09-21
RAT_0001472,CUST_000098,TMDB_T_4556,2,2026-02-25
RAT_0001473,CUST_000098,TMDB_T_4614,3,2025-12-06
RAT_0001474,CUST_000098,TMDB_T_48866,2,2025-08-16
RAT_0001475,CUST_000098,TMDB_T_6836,2,2026-02-09
RAT_0001476,CUST_000099,TMDB_M_280,3,2026-03-31
RAT_0001477,CUST_000099,TMDB_M_562,2,2026-03-09
RAT_0001478,CUST_000100,TMDB_M_1011477,2,2026-02-18
RAT_0001479,CUST_000100,TMDB_M_1180831,3,2025-07-24
RAT_0001480,CUST_000100,TMDB_M_1241982,3,2026-02-13
RAT_0001481,CUST_000100,TMDB_M_1284496,2,2025-06-13
RAT_0001482,CUST_000100,TMDB_M_1339876,4,2026-03-07
RAT_0001483,CUST_000100,TMDB_M_1526650,3,2025-10-27
RAT_0001484,CUST_000100,TMDB_M_1641319,4,2025-03-16
RAT_0001485,CUST_000100,TMDB_M_24,3,2026-03-24
RAT_0001486,CUST_000100,TMDB_M_284054,4,2025-12-06
RAT_0001487,CUST_000100,TMDB_M_293660,3,2025-09-23
RAT_0001488,CUST_000100,TMDB_M_330457,4,2025-06-30
RAT_0001489,CUST_000100,TMDB_M_412117,4,2025-12-11
RAT_0001490,CUST_000100,TMDB_M_436969,4,2025-03-28
RAT_0001491,CUST_000100,TMDB_M_447365,5,2026-02-28
RAT_0001492,CUST_000100,TMDB_M_502356,3,2025-09-05
RAT_0001493,CUST_000100,TMDB_M_680493,1,2025-11-13
RAT_0001494,CUST_000100,TMDB_M_840464,5,2025-09-30
RAT_0001495,CUST_000100,TMDB_M_950387,2,2025-03-14
RAT_0001496,CUST_000100,TMDB_T_12971,4,2026-03-25
RAT_0001497,CUST_000100,TMDB_T_1407,1,2025-05-18
RAT_0001498,CUST_000100,TMDB_T_34524,3,2025-03-22
RAT_0001499,CUST_000100,TMDB_T_4614,1,2025-02-13
RAT_0001500,CUST_000100,TMDB_T_73586,4,2026-01-10
RAT_0001501,CUST_000100,TMDB_T_95479,3,2026-01-28
RAT_0001502,CUST_000101,TMDB_M_1064213,2,2026-02-26
RAT_0001503,CUST_000101,TMDB_M_1192548,2,2026-03-15
RAT_0001504,CUST_000101,TMDB_M_1470130,3,2026-01-21
RAT_0001505,CUST_000101,TMDB_M_1523145,4,2025-12-23
RAT_0001506,CUST_000101,TMDB_M_4247,3,2026-01-24
RAT_0001507,CUST_000101,TMDB_M_479197,5,2026-03-30
RAT_0001508,CUST_000101,TMDB_T_124364,3,2025-09-30
RAT_0001509,CUST_000101,TMDB_T_127529,3,2026-03-03
RAT_0001510,CUST_000101,TMDB_T_2734,2,2025-11-02
RAT_0001511,CUST_000101,TMDB_T_279388,4,2025-09-18
RAT_0001512,CUST_000101,TMDB_T_4087,3,2026-03-18
RAT_0001513,CUST_000101,TMDB_T_456,2,2025-11-19
RAT_0001514,CUST_000101,TMDB_T_66732,3,2025-08-29
RAT_0001515,CUST_000101,TMDB_T_78191,3,2026-03-10
RAT_0001516,CUST_000102,TMDB_M_109445,3,2024-11-17
RAT_0001517,CUST_000102,TMDB_M_1191876,5,2024-09-27
RAT_0001518,CUST_000102,TMDB_M_1226863,2,2026-04-03
RAT_0001519,CUST_000102,TMDB_M_1266127,2,2025-11-23
RAT_0001520,CUST_000102,TMDB_M_1470130,2,2024-08-03
RAT_0001521,CUST_000102,TMDB_M_150540,3,2025-09-25
RAT_0001522,CUST_000102,TMDB_M_1523145,1,2025-05-26
RAT_0001523,CUST_000102,TMDB_M_335983,3,2025-08-23
RAT_0001524,CUST_000102,TMDB_M_646380,5,2026-04-05
RAT_0001525,CUST_000102,TMDB_M_734286,3,2025-04-11
RAT_0001526,CUST_000102,TMDB_T_1668,2,2025-12-23
RAT_0001527,CUST_000102,TMDB_T_2004,3,2024-07-03
RAT_0001528,CUST_000102,TMDB_T_2122,3,2024-10-08
RAT_0001529,CUST_000102,TMDB_T_2190,1,2025-06-06
RAT_0001530,CUST_000102,TMDB_T_2288,1,2025-07-21
RAT_0001531,CUST_000102,TMDB_T_2734,1,2025-09-30
RAT_0001532,CUST_000102,TMDB_T_37854,1,2024-07-06
RAT_0001533,CUST_000102,TMDB_T_44217,3,2025-11-23
RAT_0001534,CUST_000102,TMDB_T_62223,3,2025-04-24
RAT_0001535,CUST_000102,TMDB_T_65733,4,2025-01-24
RAT_0001536,CUST_000102,TMDB_T_67460,3,2025-07-19
RAT_0001537,CUST_000102,TMDB_T_6836,5,2025-05-07
RAT_0001538,CUST_000102,TMDB_T_873,3,2025-09-09
RAT_0001539,CUST_000103,TMDB_M_1419406,1,2025-09-01
RAT_0001540,CUST_000103,TMDB_M_429,5,2026-04-03
RAT_0001541,CUST_000103,TMDB_M_568,2,2025-07-26
RAT_0001542,CUST_000103,TMDB_T_100088,1,2024-12-04
RAT_0001543,CUST_000103,TMDB_T_13945,1,2026-04-06
RAT_0001544,CUST_000103,TMDB_T_1434,2,2025-01-11
RAT_0001545,CUST_000103,TMDB_T_2224,1,2026-03-17
RAT_0001546,CUST_000103,TMDB_T_291,3,2026-04-03
RAT_0001547,CUST_000103,TMDB_T_33238,2,2025-11-18
RAT_0001548,CUST_000103,TMDB_T_65334,5,2026-03-13
RAT_0001549,CUST_000103,TMDB_T_66732,2,2025-05-31
RAT_0001550,CUST_000103,TMDB_T_71712,3,2026-03-22
RAT_0001551,CUST_000104,TMDB_M_1265609,2,2026-01-08
RAT_0001552,CUST_000104,TMDB_M_1290821,3,2026-03-08
RAT_0001553,CUST_000104,TMDB_M_1310568,3,2026-03-15
RAT_0001554,CUST_000104,TMDB_M_1368166,2,2026-01-19
RAT_0001555,CUST_000104,TMDB_M_429,5,2026-02-24
RAT_0001556,CUST_000104,TMDB_M_597,2,2026-02-23
RAT_0001557,CUST_000104,TMDB_M_662707,4,2026-03-19
RAT_0001558,CUST_000104,TMDB_T_127529,4,2026-02-26
RAT_0001559,CUST_000104,TMDB_T_1419,1,2026-02-15
RAT_0001560,CUST_000104,TMDB_T_19530,2,2026-04-06
RAT_0001561,CUST_000104,TMDB_T_202411,2,2026-02-13
RAT_0001562,CUST_000104,TMDB_T_33765,3,2025-12-15
RAT_0001563,CUST_000104,TMDB_T_4087,1,2026-03-02
RAT_0001564,CUST_000104,TMDB_T_4376,1,2026-03-09
RAT_0001565,CUST_000104,TMDB_T_4607,2,2026-02-24
RAT_0001566,CUST_000104,TMDB_T_62650,2,2025-12-28
RAT_0001567,CUST_000105,TMDB_M_1038392,4,2025-12-29
RAT_0001568,CUST_000105,TMDB_M_1049471,2,2025-06-21
RAT_0001569,CUST_000105,TMDB_M_1284460,4,2025-09-01
RAT_0001570,CUST_000105,TMDB_M_1315303,3,2025-12-31
RAT_0001571,CUST_000105,TMDB_M_1523145,4,2025-08-12
RAT_0001572,CUST_000105,TMDB_M_19404,1,2025-10-08
RAT_0001573,CUST_000105,TMDB_M_37165,2,2025-11-15
RAT_0001574,CUST_000105,TMDB_M_59,2,2025-06-02
RAT_0001575,CUST_000105,TMDB_M_934433,3,2025-05-13
RAT_0001576,CUST_000105,TMDB_M_991494,2,2025-09-25
RAT_0001577,CUST_000105,TMDB_T_1433,3,2026-03-25
RAT_0001578,CUST_000105,TMDB_T_1981,4,2026-03-02
RAT_0001579,CUST_000105,TMDB_T_2224,4,2026-04-11
RAT_0001580,CUST_000105,TMDB_T_279388,1,2026-02-07
RAT_0001581,CUST_000105,TMDB_T_57243,4,2025-05-03
RAT_0001582,CUST_000105,TMDB_T_75219,3,2025-10-17
RAT_0001583,CUST_000106,TMDB_M_1003596,3,2026-03-22
RAT_0001584,CUST_000106,TMDB_M_1061474,3,2026-01-21
RAT_0001585,CUST_000106,TMDB_M_1159831,1,2025-09-21
RAT_0001586,CUST_000106,TMDB_M_1368166,2,2025-12-10
RAT_0001587,CUST_000106,TMDB_M_1430,4,2026-01-02
RAT_0001588,CUST_000106,TMDB_M_601,4,2025-11-25
RAT_0001589,CUST_000106,TMDB_M_83533,1,2026-01-07
RAT_0001590,CUST_000106,TMDB_M_840464,4,2025-09-11
RAT_0001591,CUST_000106,TMDB_T_1433,2,2025-10-17
RAT_0001592,CUST_000106,TMDB_T_1434,4,2025-08-30
RAT_0001593,CUST_000106,TMDB_T_154770,5,2026-01-31
RAT_0001594,CUST_000106,TMDB_T_3562,3,2026-03-19
RAT_0001595,CUST_000106,TMDB_T_4177,1,2026-03-06
RAT_0001596,CUST_000106,TMDB_T_4656,4,2026-02-28
RAT_0001597,CUST_000106,TMDB_T_71494,5,2026-01-18
RAT_0001598,CUST_000107,TMDB_M_1087192,5,2026-02-17
RAT_0001599,CUST_000107,TMDB_M_1119449,4,2026-02-17
RAT_0001600,CUST_000107,TMDB_M_1311031,2,2025-03-24
RAT_0001601,CUST_000107,TMDB_M_429,5,2026-02-25
RAT_0001602,CUST_000107,TMDB_M_967941,4,2025-12-08
RAT_0001603,CUST_000107,TMDB_T_1431,3,2025-09-03
RAT_0001604,CUST_000107,TMDB_T_1434,4,2026-03-29
RAT_0001605,CUST_000107,TMDB_T_19530,4,2025-07-19
RAT_0001606,CUST_000107,TMDB_T_22980,2,2024-12-27
RAT_0001607,CUST_000107,TMDB_T_48866,4,2024-10-13
RAT_0001608,CUST_000108,TMDB_M_1115544,5,2025-12-24
RAT_0001609,CUST_000108,TMDB_M_1357633,2,2024-08-08
RAT_0001610,CUST_000108,TMDB_M_1630433,4,2025-05-17
RAT_0001611,CUST_000108,TMDB_M_337404,4,2025-04-26
RAT_0001612,CUST_000108,TMDB_M_453395,3,2026-03-10
RAT_0001613,CUST_000108,TMDB_M_4935,2,2025-05-05
RAT_0001614,CUST_000108,TMDB_M_83533,1,2024-12-19
RAT_0001615,CUST_000108,TMDB_M_8966,3,2025-09-06
RAT_0001616,CUST_000108,TMDB_M_967941,4,2026-03-19
RAT_0001617,CUST_000108,TMDB_T_1400,5,2025-07-09
RAT_0001618,CUST_000108,TMDB_T_1855,2,2025-03-19
RAT_0001619,CUST_000108,TMDB_T_32798,1,2025-09-29
RAT_0001620,CUST_000108,TMDB_T_71494,5,2026-03-20
RAT_0001621,CUST_000108,TMDB_T_764,4,2026-03-01
RAT_0001622,CUST_000109,TMDB_M_1328803,4,2025-07-28
RAT_0001623,CUST_000109,TMDB_M_1396,4,2026-03-08
RAT_0001624,CUST_000109,TMDB_M_14161,3,2025-12-06
RAT_0001625,CUST_000109,TMDB_M_24,2,2026-03-10
RAT_0001626,CUST_000109,TMDB_M_284054,3,2026-04-01
RAT_0001627,CUST_000109,TMDB_M_28975,3,2025-08-20
RAT_0001628,CUST_000109,TMDB_M_293660,2,2025-12-22
RAT_0001629,CUST_000109,TMDB_M_329505,2,2026-02-26
RAT_0001630,CUST_000109,TMDB_M_734286,4,2026-01-02
RAT_0001631,CUST_000109,TMDB_M_76341,2,2025-11-24
RAT_0001632,CUST_000109,TMDB_M_773543,3,2025-09-18
RAT_0001633,CUST_000109,TMDB_M_809,4,2025-12-05
RAT_0001634,CUST_000109,TMDB_T_117465,1,2025-08-21
RAT_0001635,CUST_000109,TMDB_T_12971,4,2025-11-01
RAT_0001636,CUST_000109,TMDB_T_17610,4,2026-03-15
RAT_0001637,CUST_000109,TMDB_T_278275,2,2025-10-08
RAT_0001638,CUST_000109,TMDB_T_44217,5,2026-04-06
RAT_0001639,CUST_000109,TMDB_T_65733,4,2025-09-15
RAT_0001640,CUST_000110,TMDB_M_1523145,3,2025-07-05
RAT_0001641,CUST_000110,TMDB_M_603,2,2025-11-27
RAT_0001642,CUST_000110,TMDB_M_911430,5,2026-01-01
RAT_0001643,CUST_000110,TMDB_T_2224,4,2026-04-04
RAT_0001644,CUST_000110,TMDB_T_237020,2,2026-03-12
RAT_0001645,CUST_000110,TMDB_T_3562,4,2026-02-23
RAT_0001646,CUST_000110,TMDB_T_498,4,2026-03-20
RAT_0001647,CUST_000110,TMDB_T_63770,5,2025-12-31
RAT_0001648,CUST_000110,TMDB_T_68350,3,2025-09-04
RAT_0001649,CUST_000110,TMDB_T_73586,4,2025-09-27
RAT_0001650,CUST_000110,TMDB_T_8962,4,2025-08-26
RAT_0001651,CUST_000110,TMDB_T_94722,5,2026-04-09
RAT_0001652,CUST_000111,TMDB_M_10138,1,2025-11-05
RAT_0001653,CUST_000111,TMDB_M_1387382,1,2025-12-23
RAT_0001654,CUST_000111,TMDB_M_1470130,3,2025-12-15
RAT_0001655,CUST_000111,TMDB_M_1650558,2,2026-01-24
RAT_0001656,CUST_000111,TMDB_M_177572,4,2026-04-06
RAT_0001657,CUST_000111,TMDB_M_285,2,2026-03-26
RAT_0001658,CUST_000111,TMDB_M_539,5,2026-02-10
RAT_0001659,CUST_000111,TMDB_M_58,2,2026-01-15
RAT_0001660,CUST_000111,TMDB_M_672,4,2026-04-09
RAT_0001661,CUST_000111,TMDB_M_673,4,2025-11-21
RAT_0001662,CUST_000111,TMDB_M_755898,3,2026-02-20
RAT_0001663,CUST_000111,TMDB_T_1431,1,2026-04-06
RAT_0001664,CUST_000111,TMDB_T_279471,3,2025-11-14
RAT_0001665,CUST_000111,TMDB_T_284058,3,2025-11-13
RAT_0001666,CUST_000111,TMDB_T_4376,1,2026-01-25
RAT_0001667,CUST_000111,TMDB_T_4604,1,2025-12-25
RAT_0001668,CUST_000111,TMDB_T_56570,4,2025-12-27
RAT_0001669,CUST_000111,TMDB_T_65503,1,2026-01-28
RAT_0001670,CUST_000112,TMDB_M_10191,2,2026-04-05
RAT_0001671,CUST_000112,TMDB_M_10193,3,2026-02-07
RAT_0001672,CUST_000112,TMDB_M_1020969,2,2026-03-28
RAT_0001673,CUST_000112,TMDB_M_1049471,2,2025-08-06
RAT_0001674,CUST_000112,TMDB_M_1115544,2,2026-04-03
RAT_0001675,CUST_000112,TMDB_M_1284496,4,2025-02-25
RAT_0001676,CUST_000112,TMDB_M_1327819,3,2025-10-02
RAT_0001677,CUST_000112,TMDB_M_1500099,3,2026-01-04
RAT_0001678,CUST_000112,TMDB_M_1630433,3,2025-01-07
RAT_0001679,CUST_000112,TMDB_M_1635276,4,2025-12-29
RAT_0001680,CUST_000112,TMDB_M_4247,4,2024-11-21
RAT_0001681,CUST_000112,TMDB_M_453395,5,2025-03-31
RAT_0001682,CUST_000112,TMDB_M_466272,3,2026-03-24
RAT_0001683,CUST_000112,TMDB_M_809,1,2025-06-28
RAT_0001684,CUST_000112,TMDB_M_848116,2,2025-02-16
RAT_0001685,CUST_000112,TMDB_M_967941,1,2026-04-05
RAT_0001686,CUST_000112,TMDB_T_108978,2,2026-02-25
RAT_0001687,CUST_000112,TMDB_T_1100,3,2025-01-30
RAT_0001688,CUST_000112,TMDB_T_1409,2,2026-02-23
RAT_0001689,CUST_000112,TMDB_T_45790,4,2025-11-17
RAT_0001690,CUST_000112,TMDB_T_4614,2,2025-02-01
RAT_0001691,CUST_000112,TMDB_T_4629,2,2025-06-07
RAT_0001692,CUST_000112,TMDB_T_60622,4,2025-11-15
RAT_0001693,CUST_000112,TMDB_T_764,3,2026-02-03
RAT_0001694,CUST_000112,TMDB_T_790,3,2025-04-21
RAT_0001695,CUST_000112,TMDB_T_95897,3,2025-05-12
RAT_0001696,CUST_000113,TMDB_M_1019420,2,2025-03-27
RAT_0001697,CUST_000113,TMDB_M_106,3,2025-03-17
RAT_0001698,CUST_000113,TMDB_M_1061474,2,2025-03-21
RAT_0001699,CUST_000113,TMDB_M_1234821,1,2025-03-11
RAT_0001700,CUST_000113,TMDB_M_1246049,3,2025-02-17
RAT_0001701,CUST_000113,TMDB_M_1276038,3,2025-02-04
RAT_0001702,CUST_000113,TMDB_M_1327819,2,2025-03-09
RAT_0001703,CUST_000113,TMDB_M_1327862,2,2025-03-22
RAT_0001704,CUST_000113,TMDB_M_1367642,3,2025-03-12
RAT_0001705,CUST_000113,TMDB_M_1631917,3,2025-02-04
RAT_0001706,CUST_000113,TMDB_M_1650558,3,2025-03-25
RAT_0001707,CUST_000113,TMDB_M_1658214,3,2025-03-06
RAT_0001708,CUST_000113,TMDB_M_335984,3,2025-01-07
RAT_0001709,CUST_000113,TMDB_M_405746,2,2025-03-20
RAT_0001710,CUST_000113,TMDB_M_502356,2,2025-03-10
RAT_0001711,CUST_000113,TMDB_M_533533,2,2025-03-15
RAT_0001712,CUST_000113,TMDB_M_671,3,2025-03-25
RAT_0001713,CUST_000113,TMDB_M_83533,3,2025-03-24
RAT_0001714,CUST_000113,TMDB_M_912649,3,2025-03-14
RAT_0001715,CUST_000113,TMDB_T_1408,3,2025-01-06
RAT_0001716,CUST_000113,TMDB_T_1434,2,2025-02-23
RAT_0001717,CUST_000113,TMDB_T_1705,2,2025-02-25
RAT_0001718,CUST_000113,TMDB_T_285469,3,2025-03-24
RAT_0001719,CUST_000113,TMDB_T_35007,3,2025-03-24
RAT_0001720,CUST_000113,TMDB_T_57243,3,2025-01-16
RAT_0001721,CUST_000113,TMDB_T_60574,3,2025-03-22
RAT_0001722,CUST_000114,TMDB_M_10191,1,2025-08-08
RAT_0001723,CUST_000114,TMDB_M_1168190,1,2025-07-14
RAT_0001724,CUST_000114,TMDB_M_1480382,1,2025-09-05
RAT_0001725,CUST_000114,TMDB_M_475557,2,2025-02-19
RAT_0001726,CUST_000114,TMDB_M_502356,3,2025-07-02
RAT_0001727,CUST_000114,TMDB_M_73861,4,2025-05-13
RAT_0001728,CUST_000114,TMDB_M_949,1,2025-07-14
RAT_0001729,CUST_000114,TMDB_T_119051,2,2025-08-27
RAT_0001730,CUST_000114,TMDB_T_1403,2,2025-03-08
RAT_0001731,CUST_000114,TMDB_T_2734,2,2025-08-10
RAT_0001732,CUST_000114,TMDB_T_278275,4,2025-02-21
RAT_0001733,CUST_000114,TMDB_T_34524,1,2025-08-23
RAT_0001734,CUST_000114,TMDB_T_44217,4,2025-02-27
RAT_0001735,CUST_000114,TMDB_T_4604,2,2025-09-08
RAT_0001736,CUST_000114,TMDB_T_4614,3,2025-08-22
RAT_0001737,CUST_000114,TMDB_T_48866,1,2025-09-01
RAT_0001738,CUST_000114,TMDB_T_79744,1,2025-07-13
RAT_0001739,CUST_000114,TMDB_T_80748,4,2025-07-15
RAT_0001740,CUST_000115,TMDB_M_11036,4,2025-06-14
RAT_0001741,CUST_000115,TMDB_M_1171145,4,2025-03-07
RAT_0001742,CUST_000115,TMDB_M_1523145,5,2026-03-05
RAT_0001743,CUST_000115,TMDB_M_205596,4,2026-03-25
RAT_0001744,CUST_000115,TMDB_M_324857,4,2025-08-24
RAT_0001745,CUST_000115,TMDB_M_52741,5,2026-02-11
RAT_0001746,CUST_000115,TMDB_T_14981,2,2025-04-02
RAT_0001747,CUST_000115,TMDB_T_291,5,2025-02-09
RAT_0001748,CUST_000116,TMDB_M_1424965,3,2025-07-07
RAT_0001749,CUST_000116,TMDB_M_228150,2,2026-03-25
RAT_0001750,CUST_000116,TMDB_M_662707,3,2025-11-07
RAT_0001751,CUST_000116,TMDB_T_110075,3,2025-05-22
RAT_0001752,CUST_000116,TMDB_T_127529,1,2025-07-25
RAT_0001753,CUST_000116,TMDB_T_4588,4,2025-07-11
RAT_0001754,CUST_000116,TMDB_T_46260,5,2025-10-08
RAT_0001755,CUST_000116,TMDB_T_73586,5,2026-03-08
RAT_0001756,CUST_000116,TMDB_T_8962,3,2025-07-02
RAT_0001757,CUST_000117,TMDB_M_11,3,2026-11-21
RAT_0001758,CUST_000117,TMDB_M_1267319,3,2026-05-16
RAT_0001759,CUST_000117,TMDB_M_1272837,4,2026-04-05
RAT_0001760,CUST_000117,TMDB_M_1523145,1,2026-10-23
RAT_0001761,CUST_000117,TMDB_M_18988,3,2026-10-17
RAT_0001762,CUST_000117,TMDB_M_311,3,2026-06-02
RAT_0001763,CUST_000117,TMDB_M_479197,3,2026-11-13
RAT_0001764,CUST_000117,TMDB_M_646380,3,2026-05-07
RAT_0001765,CUST_000117,TMDB_T_1408,4,2026-12-18
RAT_0001766,CUST_000117,TMDB_T_1417,2,2026-09-02
RAT_0001767,CUST_000117,TMDB_T_1981,2,2026-02-17
RAT_0001768,CUST_000117,TMDB_T_279388,1,2026-11-24
RAT_0001769,CUST_000117,TMDB_T_40663,1,2026-10-09
RAT_0001770,CUST_000117,TMDB_T_502,2,2026-05-22
RAT_0001771,CUST_000117,TMDB_T_73586,3,2026-06-07
RAT_0001772,CUST_000117,TMDB_T_790,1,2026-11-10
RAT_0001773,CUST_000118,TMDB_M_1058710,3,2026-02-17
RAT_0001774,CUST_000118,TMDB_M_1078605,2,2025-03-30
RAT_0001775,CUST_000118,TMDB_M_1110034,4,2024-12-09
RAT_0001776,CUST_000118,TMDB_M_1197137,4,2025-05-06
RAT_0001777,CUST_000118,TMDB_M_1367763,3,2025-02-17
RAT_0001778,CUST_000118,TMDB_M_1658214,3,2024-11-29
RAT_0001779,CUST_000118,TMDB_M_346364,4,2025-04-19
RAT_0001780,CUST_000118,TMDB_M_346698,3,2024-11-02
RAT_0001781,CUST_000118,TMDB_M_348,1,2025-11-06
RAT_0001782,CUST_000118,TMDB_M_59,2,2025-10-28
RAT_0001783,CUST_000118,TMDB_M_672,3,2025-09-05
RAT_0001784,CUST_000118,TMDB_M_687163,1,2025-12-21
RAT_0001785,CUST_000118,TMDB_M_8358,2,2025-10-07
RAT_0001786,CUST_000118,TMDB_M_862739,3,2025-10-07
RAT_0001787,CUST_000118,TMDB_M_933260,3,2025-07-03
RAT_0001788,CUST_000118,TMDB_M_945961,4,2025-10-16
RAT_0001789,CUST_000118,TMDB_T_2224,5,2026-03-08
RAT_0001790,CUST_000118,TMDB_T_549,1,2025-04-13
RAT_0001791,CUST_000118,TMDB_T_60572,3,2024-11-21
RAT_0001792,CUST_000118,TMDB_T_60625,2,2026-01-19
RAT_0001793,CUST_000118,TMDB_T_76479,1,2025-10-01
RAT_0001794,CUST_000118,TMDB_T_790,1,2025-06-30
RAT_0001795,CUST_000119,TMDB_M_12444,3,2026-02-11
RAT_0001796,CUST_000119,TMDB_M_181808,2,2025-11-10
RAT_0001797,CUST_000119,TMDB_M_181812,5,2025-08-26
RAT_0001798,CUST_000119,TMDB_M_246,2,2024-07-10
RAT_0001799,CUST_000119,TMDB_M_419430,4,2025-10-24
RAT_0001800,CUST_000119,TMDB_M_49051,3,2026-03-26
RAT_0001801,CUST_000119,TMDB_M_569094,4,2025-07-19
RAT_0001802,CUST_000119,TMDB_M_58,3,2024-10-21
RAT_0001803,CUST_000119,TMDB_M_615,4,2024-05-14
RAT_0001804,CUST_000119,TMDB_M_840464,3,2025-12-29
RAT_0001805,CUST_000119,TMDB_T_45789,1,2024-12-03
RAT_0001806,CUST_000119,TMDB_T_4629,5,2024-10-13
RAT_0001807,CUST_000119,TMDB_T_76479,2,2025-12-22
RAT_0001808,CUST_000120,TMDB_M_1083637,5,2025-12-04
RAT_0001809,CUST_000120,TMDB_M_1159559,4,2025-10-23
RAT_0001810,CUST_000120,TMDB_M_1159831,1,2025-03-24
RAT_0001811,CUST_000120,TMDB_M_1198994,1,2025-10-02
RAT_0001812,CUST_000120,TMDB_M_1228246,1,2025-03-28
RAT_0001813,CUST_000120,TMDB_M_1248226,3,2026-03-10
RAT_0001814,CUST_000120,TMDB_M_1252037,5,2026-02-20
RAT_0001815,CUST_000120,TMDB_M_1290417,5,2025-03-17
RAT_0001816,CUST_000120,TMDB_M_1305781,2,2025-12-24
RAT_0001817,CUST_000120,TMDB_M_1387382,2,2025-07-01
RAT_0001818,CUST_000120,TMDB_M_1426297,1,2025-12-11
RAT_0001819,CUST_000120,TMDB_M_1439112,3,2026-02-27
RAT_0001820,CUST_000120,TMDB_M_1523145,3,2025-02-27
RAT_0001821,CUST_000120,TMDB_M_1526650,1,2025-02-06
RAT_0001822,CUST_000120,TMDB_M_1572073,5,2026-03-23
RAT_0001823,CUST_000120,TMDB_M_24,4,2026-03-27
RAT_0001824,CUST_000120,TMDB_M_346,2,2025-09-13
RAT_0001825,CUST_000120,TMDB_M_396535,4,2025-05-16
RAT_0001826,CUST_000120,TMDB_M_545611,1,2025-05-24
RAT_0001827,CUST_000120,TMDB_M_76600,4,2025-07-02
RAT_0001828,CUST_000120,TMDB_M_857,2,2026-02-20
RAT_0001829,CUST_000120,TMDB_M_862739,2,2025-07-04
RAT_0001830,CUST_000120,TMDB_M_911430,1,2026-01-03
RAT_0001831,CUST_000120,TMDB_M_986056,3,2025-03-09
RAT_0001832,CUST_000120,TMDB_M_999136,3,2025-04-19
RAT_0001833,CUST_000120,TMDB_T_117465,3,2025-03-31
RAT_0001834,CUST_000120,TMDB_T_1417,2,2025-02-05
RAT_0001835,CUST_000120,TMDB_T_4057,1,2025-12-19
RAT_0001836,CUST_000120,TMDB_T_66732,4,2025-01-30
RAT_0001837,CUST_000121,TMDB_M_10138,3,2025-10-29
RAT_0001838,CUST_000121,TMDB_M_122,2,2025-09-13
RAT_0001839,CUST_000121,TMDB_M_271110,5,2025-12-10
RAT_0001840,CUST_000121,TMDB_M_273481,4,2026-04-03
RAT_0001841,CUST_000121,TMDB_M_630,2,2026-03-21
RAT_0001842,CUST_000121,TMDB_M_637649,4,2025-08-08
RAT_0001843,CUST_000121,TMDB_M_662707,2,2025-07-27
RAT_0001844,CUST_000121,TMDB_M_673,1,2026-02-16
RAT_0001845,CUST_000121,TMDB_M_680,4,2026-04-08
RAT_0001846,CUST_000121,TMDB_M_876566,5,2026-04-01
RAT_0001847,CUST_000121,TMDB_T_1489,4,2026-01-17
RAT_0001848,CUST_000121,TMDB_T_2261,1,2026-02-22
RAT_0001849,CUST_000121,TMDB_T_3452,1,2025-06-30
RAT_0001850,CUST_000121,TMDB_T_456,2,2026-02-12
RAT_0001851,CUST_000121,TMDB_T_6836,2,2025-08-07
RAT_0001852,CUST_000122,TMDB_M_1115544,3,2026-09-23
RAT_0001853,CUST_000122,TMDB_M_1252037,2,2026-06-12
RAT_0001854,CUST_000122,TMDB_M_1641319,4,2026-07-04
RAT_0001855,CUST_000122,TMDB_M_467905,1,2026-08-09
RAT_0001856,CUST_000122,TMDB_M_517302,3,2026-10-24
RAT_0001857,CUST_000122,TMDB_M_812,1,2025-11-24
RAT_0001858,CUST_000122,TMDB_M_857,3,2026-10-03
RAT_0001859,CUST_000122,TMDB_M_911430,3,2026-01-13
RAT_0001860,CUST_000122,TMDB_T_209867,2,2026-10-05
RAT_0001861,CUST_000122,TMDB_T_4087,4,2026-05-27
RAT_0001862,CUST_000122,TMDB_T_60572,2,2026-08-06
RAT_0001863,CUST_000122,TMDB_T_70672,2,2026-08-05
RAT_0001864,CUST_000122,TMDB_T_74561,2,2026-09-24
RAT_0001865,CUST_000122,TMDB_T_8962,1,2026-10-03
RAT_0001866,CUST_000123,TMDB_M_1115544,4,2025-12-26
RAT_0001867,CUST_000123,TMDB_M_1310568,4,2026-03-01
RAT_0001868,CUST_000123,TMDB_M_1493859,3,2026-04-03
RAT_0001869,CUST_000123,TMDB_M_1865,2,2026-01-21
RAT_0001870,CUST_000123,TMDB_M_333339,3,2026-04-10
RAT_0001871,CUST_000123,TMDB_M_672,2,2026-03-26
RAT_0001872,CUST_000123,TMDB_M_687163,1,2026-03-05
RAT_0001873,CUST_000123,TMDB_M_762509,4,2026-01-11
RAT_0001874,CUST_000123,TMDB_T_1419,3,2025-12-23
RAT_0001875,CUST_000123,TMDB_T_1489,4,2026-02-14
RAT_0001876,CUST_000123,TMDB_T_1667,3,2025-12-30
RAT_0001877,CUST_000123,TMDB_T_1973,3,2026-01-08
RAT_0001878,CUST_000123,TMDB_T_2261,2,2026-03-19
RAT_0001879,CUST_000123,TMDB_T_22980,2,2026-03-25
RAT_0001880,CUST_000123,TMDB_T_237020,2,2026-01-15
RAT_0001881,CUST_000123,TMDB_T_279388,3,2026-02-21
RAT_0001882,CUST_000123,TMDB_T_4177,1,2026-04-06
RAT_0001883,CUST_000123,TMDB_T_46260,2,2026-03-15
RAT_0001884,CUST_000123,TMDB_T_74561,3,2026-01-18
RAT_0001885,CUST_000123,TMDB_T_82873,3,2026-04-09
RAT_0001886,CUST_000124,TMDB_M_1019420,5,2026-04-04
RAT_0001887,CUST_000124,TMDB_M_1038392,3,2025-04-12
RAT_0001888,CUST_000124,TMDB_M_11,4,2025-11-07
RAT_0001889,CUST_000124,TMDB_M_1159559,3,2024-12-17
RAT_0001890,CUST_000124,TMDB_M_1316092,3,2026-02-10
RAT_0001891,CUST_000124,TMDB_M_1367642,4,2025-11-22
RAT_0001892,CUST_000124,TMDB_M_1465563,4,2025-01-04
RAT_0001893,CUST_000124,TMDB_M_1523145,3,2026-04-10
RAT_0001894,CUST_000124,TMDB_M_1582770,3,2025-06-28
RAT_0001895,CUST_000124,TMDB_T_195670,3,2026-04-07
RAT_0001896,CUST_000124,TMDB_T_32415,4,2025-10-15
RAT_0001897,CUST_000124,TMDB_T_6836,4,2025-09-29
RAT_0001898,CUST_000124,TMDB_T_82873,5,2025-12-31
RAT_0001899,CUST_000125,TMDB_M_1049471,2,2025-09-23
RAT_0001900,CUST_000125,TMDB_M_1191876,2,2026-03-15
RAT_0001901,CUST_000125,TMDB_M_1242898,4,2026-01-03
RAT_0001902,CUST_000125,TMDB_M_1325734,5,2025-10-10
RAT_0001903,CUST_000125,TMDB_M_240,1,2025-07-10
RAT_0001904,CUST_000125,TMDB_M_598,2,2025-10-16
RAT_0001905,CUST_000125,TMDB_M_615,1,2025-10-06
RAT_0001906,CUST_000125,TMDB_M_680493,2,2025-10-02
RAT_0001907,CUST_000125,TMDB_M_769,4,2026-03-03
RAT_0001908,CUST_000125,TMDB_M_879945,3,2025-08-08
RAT_0001909,CUST_000125,TMDB_T_1403,4,2025-11-17
RAT_0001910,CUST_000125,TMDB_T_1408,2,2026-04-10
RAT_0001911,CUST_000125,TMDB_T_1435,1,2025-10-14
RAT_0001912,CUST_000125,TMDB_T_209867,3,2026-03-10
RAT_0001913,CUST_000125,TMDB_T_2190,4,2026-03-04
RAT_0001914,CUST_000125,TMDB_T_4057,2,2025-07-28
RAT_0001915,CUST_000125,TMDB_T_4087,3,2026-02-20
RAT_0001916,CUST_000125,TMDB_T_4177,5,2026-02-03
RAT_0001917,CUST_000125,TMDB_T_4607,4,2026-01-15
RAT_0001918,CUST_000125,TMDB_T_62223,2,2026-01-31
RAT_0001919,CUST_000125,TMDB_T_62650,4,2025-12-16
RAT_0001920,CUST_000125,TMDB_T_76572,1,2026-04-11
RAT_0001921,CUST_000125,TMDB_T_78191,4,2026-02-02
RAT_0001922,CUST_000125,TMDB_T_95479,1,2026-03-26
RAT_0001923,CUST_000126,TMDB_M_1291608,3,2025-04-08
RAT_0001924,CUST_000126,TMDB_M_1316092,1,2025-05-20
RAT_0001925,CUST_000126,TMDB_M_1325734,3,2024-11-04
RAT_0001926,CUST_000126,TMDB_T_76479,1,2024-10-20
RAT_0001927,CUST_000126,TMDB_T_95479,2,2025-03-31
RAT_0001928,CUST_000127,TMDB_M_1020969,1,2026-03-25
RAT_0001929,CUST_000127,TMDB_M_52741,1,2026-05-14
RAT_0001930,CUST_000127,TMDB_T_2261,2,2026-06-03
RAT_0001931,CUST_000127,TMDB_T_22980,1,2026-05-14
RAT_0001932,CUST_000128,TMDB_M_101,3,2025-11-27
RAT_0001933,CUST_000128,TMDB_M_10193,2,2025-11-28
RAT_0001934,CUST_000128,TMDB_M_10681,4,2026-03-08
RAT_0001935,CUST_000128,TMDB_M_1084242,3,2025-12-22
RAT_0001936,CUST_000128,TMDB_M_1171145,2,2026-01-16
RAT_0001937,CUST_000128,TMDB_M_1252037,3,2025-09-25
RAT_0001938,CUST_000128,TMDB_M_1406657,3,2025-09-30
RAT_0001939,CUST_000128,TMDB_M_1497970,2,2026-01-08
RAT_0001940,CUST_000128,TMDB_M_1635276,2,2025-09-03
RAT_0001941,CUST_000128,TMDB_M_425274,4,2025-09-19
RAT_0001942,CUST_000128,TMDB_M_49051,1,2025-11-22
RAT_0001943,CUST_000128,TMDB_M_677638,2,2025-09-04
RAT_0001944,CUST_000128,TMDB_T_1405,4,2026-02-04
RAT_0001945,CUST_000128,TMDB_T_1417,2,2025-08-05
RAT_0001946,CUST_000128,TMDB_T_1622,1,2026-04-09
RAT_0001947,CUST_000128,TMDB_T_5920,3,2025-09-16
RAT_0001948,CUST_000128,TMDB_T_60622,2,2026-03-13
RAT_0001949,CUST_000128,TMDB_T_62223,3,2025-10-05
RAT_0001950,CUST_000128,TMDB_T_63174,3,2025-09-30
RAT_0001951,CUST_000128,TMDB_T_65503,4,2025-11-10
RAT_0001952,CUST_000128,TMDB_T_71494,5,2026-03-14
RAT_0001953,CUST_000128,TMDB_T_72517,3,2025-12-24
RAT_0001954,CUST_000128,TMDB_T_764,5,2025-12-13
RAT_0001955,CUST_000128,TMDB_T_80748,3,2026-03-09
RAT_0001956,CUST_000128,TMDB_T_95557,3,2025-11-18
RAT_0001957,CUST_000129,TMDB_M_1310568,5,2024-09-18
RAT_0001958,CUST_000129,TMDB_M_1368166,3,2025-12-17
RAT_0001959,CUST_000129,TMDB_M_1523145,4,2025-01-13
RAT_0001960,CUST_000129,TMDB_M_680493,4,2025-05-07
RAT_0001961,CUST_000129,TMDB_T_124364,3,2026-03-01
RAT_0001962,CUST_000129,TMDB_T_1622,2,2026-02-24
RAT_0001963,CUST_000129,TMDB_T_1855,3,2025-08-14
RAT_0001964,CUST_000129,TMDB_T_202411,1,2025-05-02
RAT_0001965,CUST_000129,TMDB_T_30984,2,2024-11-06
RAT_0001966,CUST_000129,TMDB_T_44006,2,2024-10-12
RAT_0001967,CUST_000129,TMDB_T_4607,3,2025-12-15
RAT_0001968,CUST_000129,TMDB_T_46952,3,2024-12-08
RAT_0001969,CUST_000129,TMDB_T_66732,1,2025-02-23
RAT_0001970,CUST_000129,TMDB_T_71790,3,2025-03-11
RAT_0001971,CUST_000129,TMDB_T_78191,3,2025-11-19
RAT_0001972,CUST_000129,TMDB_T_94722,3,2025-07-29
RAT_0001973,CUST_000130,TMDB_M_1226863,3,2026-01-16
RAT_0001974,CUST_000130,TMDB_M_1297454,3,2024-07-06
RAT_0001975,CUST_000130,TMDB_M_1462146,4,2026-04-07
RAT_0001976,CUST_000130,TMDB_M_181808,3,2025-11-14
RAT_0001977,CUST_000130,TMDB_M_278,3,2025-09-22
RAT_0001978,CUST_000130,TMDB_T_3562,3,2025-12-25
RAT_0001979,CUST_000130,TMDB_T_4629,2,2025-06-20
RAT_0001980,CUST_000130,TMDB_T_60735,3,2024-09-17
RAT_0001981,CUST_000130,TMDB_T_61818,3,2024-08-18
RAT_0001982,CUST_000131,TMDB_M_101,3,2026-02-09
RAT_0001983,CUST_000131,TMDB_M_1325734,3,2026-04-11
RAT_0001984,CUST_000131,TMDB_M_1367642,2,2026-01-11
RAT_0001985,CUST_000131,TMDB_M_1650558,3,2026-03-24
RAT_0001986,CUST_000131,TMDB_M_181808,2,2026-02-27
RAT_0001987,CUST_000131,TMDB_M_673,4,2026-03-27
RAT_0001988,CUST_000131,TMDB_T_12225,4,2025-08-14
RAT_0001989,CUST_000131,TMDB_T_1412,4,2025-10-24
RAT_0001990,CUST_000131,TMDB_T_2224,4,2026-04-10
RAT_0001991,CUST_000131,TMDB_T_2734,2,2025-10-26
RAT_0001992,CUST_000131,TMDB_T_283123,2,2025-11-14
RAT_0001993,CUST_000131,TMDB_T_5920,3,2025-11-20
RAT_0001994,CUST_000131,TMDB_T_60622,3,2025-12-31
RAT_0001995,CUST_000132,TMDB_M_1084187,3,2025-04-22
RAT_0001996,CUST_000132,TMDB_M_1430,5,2026-01-10
RAT_0001997,CUST_000132,TMDB_M_798645,2,2026-01-18
RAT_0001998,CUST_000132,TMDB_T_1403,2,2025-02-15
RAT_0001999,CUST_000132,TMDB_T_241609,3,2025-06-22
RAT_0002000,CUST_000132,TMDB_T_4177,4,2026-03-12
RAT_0002001,CUST_000132,TMDB_T_60574,3,2025-03-16
RAT_0002002,CUST_000132,TMDB_T_693,5,2025-12-08
RAT_0002003,CUST_000132,TMDB_T_78191,5,2026-03-03
RAT_0002004,CUST_000133,TMDB_M_11324,4,2025-02-04
RAT_0002005,CUST_000133,TMDB_M_1462146,3,2025-03-02
RAT_0002006,CUST_000133,TMDB_M_1523145,1,2024-06-07
RAT_0002007,CUST_000133,TMDB_M_1650558,2,2025-01-14
RAT_0002008,CUST_000133,TMDB_M_43347,3,2025-03-06
RAT_0002009,CUST_000133,TMDB_M_502356,2,2025-05-27
RAT_0002010,CUST_000133,TMDB_M_83533,1,2025-02-27
RAT_0002011,CUST_000133,TMDB_M_9769,1,2025-04-12
RAT_0002012,CUST_000133,TMDB_T_1399,1,2025-04-28
RAT_0002013,CUST_000133,TMDB_T_1412,2,2024-10-15
RAT_0002014,CUST_000133,TMDB_T_202555,3,2025-01-04
RAT_0002015,CUST_000133,TMDB_T_2122,1,2025-05-06
RAT_0002016,CUST_000133,TMDB_T_228091,1,2025-04-26
RAT_0002017,CUST_000133,TMDB_T_32798,1,2025-04-18
RAT_0002018,CUST_000133,TMDB_T_3562,3,2025-04-08
RAT_0002019,CUST_000133,TMDB_T_62650,2,2025-03-28
RAT_0002020,CUST_000133,TMDB_T_71790,1,2025-02-24
RAT_0002021,CUST_000134,TMDB_M_1010581,2,2025-08-10
RAT_0002022,CUST_000134,TMDB_M_107257,3,2025-10-28
RAT_0002023,CUST_000134,TMDB_M_1156593,5,2026-02-12
RAT_0002024,CUST_000134,TMDB_M_1242898,2,2026-03-31
RAT_0002025,CUST_000134,TMDB_M_12509,4,2025-08-13
RAT_0002026,CUST_000134,TMDB_M_1305781,4,2025-01-18
RAT_0002027,CUST_000134,TMDB_M_1387382,4,2026-03-09
RAT_0002028,CUST_000134,TMDB_M_1424965,3,2026-01-14
RAT_0002029,CUST_000134,TMDB_M_1584215,1,2025-07-17
RAT_0002030,CUST_000134,TMDB_M_1630433,2,2025-09-06
RAT_0002031,CUST_000134,TMDB_M_361743,2,2025-03-13
RAT_0002032,CUST_000134,TMDB_M_524047,4,2025-06-05
RAT_0002033,CUST_000134,TMDB_M_575265,3,2025-11-08
RAT_0002034,CUST_000134,TMDB_M_679,2,2025-08-14
RAT_0002035,CUST_000134,TMDB_M_76341,3,2026-03-25
RAT_0002036,CUST_000134,TMDB_M_872585,1,2026-01-15
RAT_0002037,CUST_000134,TMDB_T_1409,3,2025-11-09
RAT_0002038,CUST_000134,TMDB_T_1419,3,2026-03-04
RAT_0002039,CUST_000134,TMDB_T_2224,1,2025-09-15
RAT_0002040,CUST_000134,TMDB_T_45789,2,2026-04-11
RAT_0002041,CUST_000134,TMDB_T_60735,3,2025-03-30
RAT_0002042,CUST_000134,TMDB_T_76572,4,2025-03-31
RAT_0002043,CUST_000135,TMDB_M_1003596,3,2026-04-03
RAT_0002044,CUST_000135,TMDB_M_1061474,2,2025-01-08
RAT_0002045,CUST_000135,TMDB_M_1236153,4,2025-12-17
RAT_0002046,CUST_000135,TMDB_M_1297842,3,2026-02-20
RAT_0002047,CUST_000135,TMDB_M_14836,2,2026-01-29
RAT_0002048,CUST_000135,TMDB_M_1523145,2,2025-12-30
RAT_0002049,CUST_000135,TMDB_M_335984,3,2024-11-06
RAT_0002050,CUST_000135,TMDB_M_429,5,2026-04-02
RAT_0002051,CUST_000135,TMDB_M_601,3,2025-12-19
RAT_0002052,CUST_000135,TMDB_M_604079,3,2025-05-02
RAT_0002053,CUST_000135,TMDB_M_701387,1,2026-04-05
RAT_0002054,CUST_000135,TMDB_M_863,3,2025-12-24
RAT_0002055,CUST_000135,TMDB_M_912649,4,2026-04-03
RAT_0002056,CUST_000135,TMDB_M_976573,2,2025-11-14
RAT_0002057,CUST_000135,TMDB_T_110075,3,2025-10-20
RAT_0002058,CUST_000135,TMDB_T_12225,5,2024-10-25
RAT_0002059,CUST_000135,TMDB_T_2261,4,2026-03-06
RAT_0002060,CUST_000135,TMDB_T_34307,3,2024-12-07
RAT_0002061,CUST_000135,TMDB_T_4057,3,2025-02-20
RAT_0002062,CUST_000135,TMDB_T_498,3,2025-02-06
RAT_0002063,CUST_000135,TMDB_T_60574,2,2025-06-12
RAT_0002064,CUST_000135,TMDB_T_8962,4,2025-02-16
RAT_0002065,CUST_000135,TMDB_T_95557,3,2025-08-03
RAT_0002066,CUST_000136,TMDB_M_1327819,2,2025-10-07
RAT_0002067,CUST_000136,TMDB_M_497,4,2026-04-09
RAT_0002068,CUST_000136,TMDB_M_687163,2,2025-08-22
RAT_0002069,CUST_000136,TMDB_T_1399,3,2025-06-25
RAT_0002070,CUST_000136,TMDB_T_1421,2,2025-09-23
RAT_0002071,CUST_000136,TMDB_T_1622,4,2025-08-27
RAT_0002072,CUST_000136,TMDB_T_1705,1,2025-12-23
RAT_0002073,CUST_000136,TMDB_T_17610,4,2025-04-08
RAT_0002074,CUST_000136,TMDB_T_220150,5,2026-02-25
RAT_0002075,CUST_000136,TMDB_T_220542,3,2026-01-13
RAT_0002076,CUST_000136,TMDB_T_32692,4,2026-04-07
RAT_0002077,CUST_000136,TMDB_T_48866,3,2026-01-19
RAT_0002078,CUST_000136,TMDB_T_5092,3,2026-03-16
RAT_0002079,CUST_000136,TMDB_T_57243,3,2026-04-06
RAT_0002080,CUST_000136,TMDB_T_72517,1,2025-07-16
RAT_0002081,CUST_000136,TMDB_T_76479,2,2025-10-02
RAT_0002082,CUST_000137,TMDB_M_101,5,2026-01-08
RAT_0002083,CUST_000137,TMDB_M_103,2,2026-02-04
RAT_0002084,CUST_000137,TMDB_M_106646,4,2026-01-01
RAT_0002085,CUST_000137,TMDB_M_1087192,2,2026-01-28
RAT_0002086,CUST_000137,TMDB_M_1266127,1,2025-12-02
RAT_0002087,CUST_000137,TMDB_M_1268127,5,2025-12-08
RAT_0002088,CUST_000137,TMDB_M_1315303,1,2026-01-22
RAT_0002089,CUST_000137,TMDB_M_1317288,1,2026-01-14
RAT_0002090,CUST_000137,TMDB_M_1493859,3,2026-02-05
RAT_0002091,CUST_000137,TMDB_M_1526650,2,2025-12-29
RAT_0002092,CUST_000137,TMDB_M_1587035,2,2026-01-19
RAT_0002093,CUST_000137,TMDB_M_1641319,2,2026-01-22
RAT_0002094,CUST_000137,TMDB_M_177572,3,2026-01-19
RAT_0002095,CUST_000137,TMDB_M_475557,4,2025-12-19
RAT_0002096,CUST_000137,TMDB_M_694,2,2025-12-03
RAT_0002097,CUST_000137,TMDB_M_73861,4,2025-12-07
RAT_0002098,CUST_000137,TMDB_M_862739,4,2026-01-10
RAT_0002099,CUST_000137,TMDB_T_108978,2,2026-02-03
RAT_0002100,CUST_000137,TMDB_T_1398,2,2026-01-24
RAT_0002101,CUST_000137,TMDB_T_1416,2,2026-01-21
RAT_0002102,CUST_000137,TMDB_T_17610,2,2026-01-31
RAT_0002103,CUST_000137,TMDB_T_1973,1,2026-02-02
RAT_0002104,CUST_000137,TMDB_T_20111,2,2026-02-02
RAT_0002105,CUST_000137,TMDB_T_2171,1,2026-01-27
RAT_0002106,CUST_000137,TMDB_T_2661,2,2026-01-26
RAT_0002107,CUST_000137,TMDB_T_32692,1,2026-01-21
RAT_0002108,CUST_000137,TMDB_T_4614,1,2026-02-04
RAT_0002109,CUST_000137,TMDB_T_70672,3,2025-12-07
RAT_0002110,CUST_000137,TMDB_T_71790,3,2025-12-11
RAT_0002111,CUST_000137,TMDB_T_74561,2,2026-01-11
RAT_0002112,CUST_000137,TMDB_T_790,4,2026-01-07
RAT_0002113,CUST_000137,TMDB_T_79744,2,2025-12-31
RAT_0002114,CUST_000137,TMDB_T_80748,4,2026-01-02
RAT_0002115,CUST_000137,TMDB_T_873,3,2025-12-30
RAT_0002116,CUST_000138,TMDB_M_1119449,2,2025-05-25
RAT_0002117,CUST_000138,TMDB_M_1192548,3,2025-01-12
RAT_0002118,CUST_000138,TMDB_M_1304313,4,2025-01-28
RAT_0002119,CUST_000138,TMDB_M_1316092,2,2025-07-13
RAT_0002120,CUST_000138,TMDB_M_337404,1,2025-07-02
RAT_0002121,CUST_000138,TMDB_M_479197,2,2025-07-07
RAT_0002122,CUST_000138,TMDB_M_848116,5,2025-01-18
RAT_0002123,CUST_000138,TMDB_T_1399,2,2025-06-22
RAT_0002124,CUST_000138,TMDB_T_1667,3,2025-03-16
RAT_0002125,CUST_000138,TMDB_T_4614,3,2025-01-07
RAT_0002126,CUST_000138,TMDB_T_67460,2,2024-12-12
RAT_0002127,CUST_000139,TMDB_M_1007734,2,2026-02-06
RAT_0002128,CUST_000139,TMDB_M_122,3,2026-03-17
RAT_0002129,CUST_000139,TMDB_M_1272837,3,2025-11-10
RAT_0002130,CUST_000139,TMDB_M_1357633,3,2025-11-13
RAT_0002131,CUST_000139,TMDB_M_1611398,3,2025-11-03
RAT_0002132,CUST_000139,TMDB_M_228150,4,2026-03-08
RAT_0002133,CUST_000139,TMDB_M_696393,2,2025-10-01
RAT_0002134,CUST_000139,TMDB_M_857,3,2026-03-21
RAT_0002135,CUST_000139,TMDB_T_1415,5,2026-04-08
RAT_0002136,CUST_000139,TMDB_T_1435,2,2025-10-22
RAT_0002137,CUST_000139,TMDB_T_35007,4,2026-04-09
RAT_0002138,CUST_000139,TMDB_T_60574,1,2026-01-08
RAT_0002139,CUST_000140,TMDB_M_1311031,2,2025-07-26
RAT_0002140,CUST_000140,TMDB_M_1314786,1,2025-08-08
RAT_0002141,CUST_000140,TMDB_M_1317288,2,2025-07-29
RAT_0002142,CUST_000140,TMDB_M_1368166,4,2025-07-07
RAT_0002143,CUST_000140,TMDB_M_1403327,5,2025-06-10
RAT_0002144,CUST_000140,TMDB_M_1582770,2,2025-08-05
RAT_0002145,CUST_000140,TMDB_M_214756,3,2025-06-13
RAT_0002146,CUST_000140,TMDB_M_259694,4,2025-02-28
RAT_0002147,CUST_000140,TMDB_M_37165,3,2025-06-27
RAT_0002148,CUST_000140,TMDB_M_4247,4,2025-07-10
RAT_0002149,CUST_000140,TMDB_M_62029,1,2025-06-15
RAT_0002150,CUST_000140,TMDB_M_680493,2,2025-06-16
RAT_0002151,CUST_000140,TMDB_T_10534,2,2025-06-07
RAT_0002152,CUST_000140,TMDB_T_124364,2,2025-08-09
RAT_0002153,CUST_000140,TMDB_T_1433,2,2025-06-12
RAT_0002154,CUST_000140,TMDB_T_18165,1,2025-08-01
RAT_0002155,CUST_000140,TMDB_T_1981,4,2025-02-15
RAT_0002156,CUST_000140,TMDB_T_4556,5,2024-12-27
RAT_0002157,CUST_000140,TMDB_T_4614,1,2025-05-31
RAT_0002158,CUST_000140,TMDB_T_46952,3,2025-07-07
RAT_0002159,CUST_000140,TMDB_T_71728,1,2025-07-17
RAT_0002160,CUST_000141,TMDB_M_111,3,2025-09-20
RAT_0002161,CUST_000141,TMDB_M_11324,2,2025-12-12
RAT_0002162,CUST_000141,TMDB_M_1192548,2,2025-11-02
RAT_0002163,CUST_000141,TMDB_M_1265609,3,2025-07-31
RAT_0002164,CUST_000141,TMDB_M_1424965,2,2025-12-09
RAT_0002165,CUST_000141,TMDB_M_1523145,4,2026-03-26
RAT_0002166,CUST_000141,TMDB_M_1652947,1,2025-11-14
RAT_0002167,CUST_000141,TMDB_M_269955,3,2025-10-16
RAT_0002168,CUST_000141,TMDB_M_424,4,2025-09-17
RAT_0002169,CUST_000141,TMDB_M_429,4,2026-04-07
RAT_0002170,CUST_000141,TMDB_M_519182,2,2026-02-21
RAT_0002171,CUST_000141,TMDB_M_773543,4,2026-03-27
RAT_0002172,CUST_000141,TMDB_M_82693,3,2025-11-06
RAT_0002173,CUST_000141,TMDB_T_1667,4,2026-01-20
RAT_0002174,CUST_000141,TMDB_T_290856,4,2025-08-07
RAT_0002175,CUST_000141,TMDB_T_46296,5,2025-08-03
RAT_0002176,CUST_000141,TMDB_T_56570,4,2026-04-09
RAT_0002177,CUST_000141,TMDB_T_73586,5,2026-04-01
RAT_0002178,CUST_000142,TMDB_M_1003596,1,2026-12-08
RAT_0002179,CUST_000142,TMDB_M_106,4,2026-07-30
RAT_0002180,CUST_000142,TMDB_M_1084187,5,2026-06-21
RAT_0002181,CUST_000142,TMDB_M_1359,5,2026-09-13
RAT_0002182,CUST_000142,TMDB_M_1381027,3,2026-12-14
RAT_0002183,CUST_000142,TMDB_M_156022,2,2026-11-12
RAT_0002184,CUST_000142,TMDB_M_1630433,4,2026-09-29
RAT_0002185,CUST_000142,TMDB_M_28322,4,2026-12-15
RAT_0002186,CUST_000142,TMDB_M_286217,3,2026-09-20
RAT_0002187,CUST_000142,TMDB_M_453395,5,2026-12-02
RAT_0002188,CUST_000142,TMDB_M_497,3,2026-12-24
RAT_0002189,CUST_000142,TMDB_M_617126,5,2026-09-18
RAT_0002190,CUST_000142,TMDB_M_701387,5,2026-12-09
RAT_0002191,CUST_000142,TMDB_M_755898,3,2026-06-05
RAT_0002192,CUST_000142,TMDB_M_83533,5,2026-11-03
RAT_0002193,CUST_000142,TMDB_M_912649,5,2026-10-12
RAT_0002194,CUST_000142,TMDB_M_985939,2,2026-11-27
RAT_0002195,CUST_000142,TMDB_T_1402,5,2026-09-12
RAT_0002196,CUST_000142,TMDB_T_19530,1,2026-11-23
RAT_0002197,CUST_000142,TMDB_T_2288,3,2026-07-09
RAT_0002198,CUST_000142,TMDB_T_67460,3,2026-09-19
RAT_0002199,CUST_000143,TMDB_M_1124,3,2025-08-23
RAT_0002200,CUST_000143,TMDB_M_1175942,1,2026-01-23
RAT_0002201,CUST_000143,TMDB_M_1327819,4,2025-12-17
RAT_0002202,CUST_000143,TMDB_M_1470130,4,2025-12-18
RAT_0002203,CUST_000143,TMDB_M_1653994,3,2026-01-19
RAT_0002204,CUST_000143,TMDB_M_429,5,2026-04-11
RAT_0002205,CUST_000143,TMDB_M_447273,3,2026-01-29
RAT_0002206,CUST_000143,TMDB_M_875828,3,2025-10-10
RAT_0002207,CUST_000143,TMDB_M_876566,3,2025-08-23
RAT_0002208,CUST_000143,TMDB_T_120089,4,2026-03-02
RAT_0002209,CUST_000143,TMDB_T_127529,1,2025-09-04
RAT_0002210,CUST_000143,TMDB_T_1416,2,2025-11-01
RAT_0002211,CUST_000143,TMDB_T_19530,4,2025-11-16
RAT_0002212,CUST_000143,TMDB_T_1973,2,2025-12-10
RAT_0002213,CUST_000143,TMDB_T_20111,2,2026-01-09
RAT_0002214,CUST_000143,TMDB_T_2224,2,2025-11-13
RAT_0002215,CUST_000143,TMDB_T_32692,4,2025-07-22
RAT_0002216,CUST_000143,TMDB_T_39351,1,2026-01-31
RAT_0002217,CUST_000143,TMDB_T_4057,2,2025-12-14
RAT_0002218,CUST_000143,TMDB_T_44006,3,2026-01-23
RAT_0002219,CUST_000143,TMDB_T_44217,4,2026-04-05
RAT_0002220,CUST_000144,TMDB_M_1058710,5,2026-01-08
RAT_0002221,CUST_000144,TMDB_M_1159559,4,2026-03-22
RAT_0002222,CUST_000144,TMDB_M_1236153,5,2026-03-08
RAT_0002223,CUST_000144,TMDB_M_1241470,5,2025-08-20
RAT_0002224,CUST_000144,TMDB_M_1284120,5,2025-01-24
RAT_0002225,CUST_000144,TMDB_M_1327819,3,2026-03-22
RAT_0002226,CUST_000144,TMDB_M_1401778,2,2025-12-25
RAT_0002227,CUST_000144,TMDB_M_1426297,5,2026-03-15
RAT_0002228,CUST_000144,TMDB_M_1646142,4,2025-01-24
RAT_0002229,CUST_000144,TMDB_M_346698,3,2025-11-22
RAT_0002230,CUST_000144,TMDB_M_519182,5,2025-09-06
RAT_0002231,CUST_000144,TMDB_M_755898,3,2024-12-15
RAT_0002232,CUST_000144,TMDB_M_83533,4,2025-07-27
RAT_0002233,CUST_000144,TMDB_M_912649,5,2024-11-30
RAT_0002234,CUST_000144,TMDB_M_933260,5,2026-02-03
RAT_0002235,CUST_000144,TMDB_M_982843,4,2025-12-07
RAT_0002236,CUST_000144,TMDB_M_999136,3,2025-07-21
RAT_0002237,CUST_000144,TMDB_T_1412,5,2025-02-12
RAT_0002238,CUST_000144,TMDB_T_1416,3,2025-12-20
RAT_0002239,CUST_000144,TMDB_T_278573,5,2025-01-21
RAT_0002240,CUST_000144,TMDB_T_37680,4,2025-05-26
RAT_0002241,CUST_000144,TMDB_T_4177,2,2025-02-06
RAT_0002242,CUST_000144,TMDB_T_74561,3,2024-11-23
RAT_0002243,CUST_000145,TMDB_M_1054867,1,2026-04-25
RAT_0002244,CUST_000145,TMDB_M_1064213,2,2026-04-14
RAT_0002245,CUST_000145,TMDB_M_1630433,4,2026-05-13
RAT_0002246,CUST_000145,TMDB_M_1658214,1,2026-03-16
RAT_0002247,CUST_000145,TMDB_M_290098,2,2026-05-17
RAT_0002248,CUST_000145,TMDB_M_637649,2,2026-02-28
RAT_0002249,CUST_000145,TMDB_M_755898,2,2025-11-30
RAT_0002250,CUST_000145,TMDB_M_77338,3,2026-04-05
RAT_0002251,CUST_000145,TMDB_M_876566,1,2026-05-22
RAT_0002252,CUST_000145,TMDB_M_9769,2,2026-05-11
RAT_0002253,CUST_000145,TMDB_M_991494,3,2026-03-19
RAT_0002254,CUST_000145,TMDB_T_1409,3,2026-01-12
RAT_0002255,CUST_000145,TMDB_T_1411,3,2026-02-15
RAT_0002256,CUST_000145,TMDB_T_1417,3,2025-11-17
RAT_0002257,CUST_000145,TMDB_T_195670,1,2026-05-04
RAT_0002258,CUST_000145,TMDB_T_1973,2,2026-03-08
RAT_0002259,CUST_000145,TMDB_T_20111,1,2026-04-22
RAT_0002260,CUST_000145,TMDB_T_2288,1,2026-04-25
RAT_0002261,CUST_000145,TMDB_T_290856,2,2026-02-02
RAT_0002262,CUST_000145,TMDB_T_30984,5,2025-12-05
RAT_0002263,CUST_000145,TMDB_T_3562,3,2026-05-08
RAT_0002264,CUST_000145,TMDB_T_40663,2,2026-01-03
RAT_0002265,CUST_000145,TMDB_T_44217,1,2025-12-28
RAT_0002266,CUST_000145,TMDB_T_4588,4,2026-01-11
RAT_0002267,CUST_000145,TMDB_T_60735,2,2026-04-19
RAT_0002268,CUST_000145,TMDB_T_79744,1,2026-03-26
RAT_0002269,CUST_000146,TMDB_M_1087891,1,2026-09-08
RAT_0002270,CUST_000146,TMDB_M_1234821,1,2026-08-03
RAT_0002271,CUST_000146,TMDB_M_1236153,2,2026-08-30
RAT_0002272,CUST_000146,TMDB_M_1630433,2,2026-09-18
RAT_0002273,CUST_000146,TMDB_T_1705,1,2026-08-04
RAT_0002274,CUST_000146,TMDB_T_17610,2,2026-08-17
RAT_0002275,CUST_000146,TMDB_T_1855,3,2026-07-05
RAT_0002276,CUST_000146,TMDB_T_285469,3,2026-03-24
RAT_0002277,CUST_000146,TMDB_T_34524,3,2026-09-08
RAT_0002278,CUST_000146,TMDB_T_4604,4,2026-06-29
RAT_0002279,CUST_000146,TMDB_T_76479,2,2026-07-08
RAT_0002280,CUST_000147,TMDB_M_1049471,3,2025-08-11
RAT_0002281,CUST_000147,TMDB_M_1315303,4,2025-07-26
RAT_0002282,CUST_000147,TMDB_M_1582770,3,2024-10-01
RAT_0002283,CUST_000147,TMDB_M_1635276,1,2025-08-06
RAT_0002284,CUST_000147,TMDB_M_324786,1,2025-09-15
RAT_0002285,CUST_000147,TMDB_M_335984,3,2025-12-28
RAT_0002286,CUST_000147,TMDB_M_533533,3,2026-03-30
RAT_0002287,CUST_000147,TMDB_M_564,2,2025-09-28
RAT_0002288,CUST_000147,TMDB_M_634649,5,2026-04-02
RAT_0002289,CUST_000147,TMDB_M_755898,5,2026-01-04
RAT_0002290,CUST_000147,TMDB_M_840464,2,2024-05-18
RAT_0002291,CUST_000147,TMDB_M_848116,2,2025-10-27
RAT_0002292,CUST_000147,TMDB_M_98477,3,2024-11-03
RAT_0002293,CUST_000147,TMDB_T_1855,2,2025-01-24
RAT_0002294,CUST_000147,TMDB_T_19530,2,2025-07-31
RAT_0002295,CUST_000147,TMDB_T_209867,3,2025-06-03
RAT_0002296,CUST_000147,TMDB_T_33238,2,2025-01-10
RAT_0002297,CUST_000147,TMDB_T_42009,2,2024-08-27
RAT_0002298,CUST_000147,TMDB_T_4556,3,2025-12-07
RAT_0002299,CUST_000147,TMDB_T_4604,3,2025-08-14
RAT_0002300,CUST_000147,TMDB_T_502,4,2025-12-23
RAT_0002301,CUST_000147,TMDB_T_65733,1,2024-07-14
RAT_0002302,CUST_000148,TMDB_M_1523145,2,2025-10-19
RAT_0002303,CUST_000148,TMDB_M_475557,4,2025-09-27
RAT_0002304,CUST_000148,TMDB_T_1622,3,2025-10-01
RAT_0002305,CUST_000148,TMDB_T_60574,3,2025-10-12
RAT_0002306,CUST_000148,TMDB_T_764,1,2025-10-18
RAT_0002307,CUST_000149,TMDB_M_10193,3,2025-05-23
RAT_0002308,CUST_000149,TMDB_M_1412598,2,2026-01-24
RAT_0002309,CUST_000149,TMDB_M_1424965,1,2025-05-18
RAT_0002310,CUST_000149,TMDB_M_1653994,1,2025-01-23
RAT_0002311,CUST_000149,TMDB_M_269149,1,2026-03-31
RAT_0002312,CUST_000149,TMDB_M_670,4,2025-07-12
RAT_0002313,CUST_000149,TMDB_M_822119,4,2026-03-02
RAT_0002314,CUST_000149,TMDB_T_112527,5,2025-06-22
RAT_0002315,CUST_000149,TMDB_T_1489,3,2025-01-30
RAT_0002316,CUST_000149,TMDB_T_2190,3,2026-03-24
RAT_0002317,CUST_000149,TMDB_T_220150,1,2026-02-11
RAT_0002318,CUST_000149,TMDB_T_2261,4,2025-11-03
RAT_0002319,CUST_000149,TMDB_T_237020,5,2026-02-01
RAT_0002320,CUST_000149,TMDB_T_57243,3,2025-09-22
RAT_0002321,CUST_000149,TMDB_T_62223,2,2025-12-09
RAT_0002322,CUST_000149,TMDB_T_6836,4,2025-11-29
RAT_0002323,CUST_000149,TMDB_T_790,2,2025-03-29
RAT_0002324,CUST_000149,TMDB_T_8962,3,2025-08-16
RAT_0002325,CUST_000149,TMDB_T_94722,2,2026-03-31
RAT_0002326,CUST_000150,TMDB_M_1049471,2,2025-10-17
RAT_0002327,CUST_000150,TMDB_M_1226863,3,2025-08-22
RAT_0002328,CUST_000150,TMDB_M_1326106,2,2025-08-30
RAT_0002329,CUST_000150,TMDB_M_1327819,5,2025-08-22
RAT_0002330,CUST_000150,TMDB_M_4232,3,2025-05-22
RAT_0002331,CUST_000150,TMDB_M_541671,2,2025-05-07
RAT_0002332,CUST_000150,TMDB_M_562,3,2026-02-01
RAT_0002333,CUST_000150,TMDB_M_696393,3,2025-07-28
RAT_0002334,CUST_000150,TMDB_M_875828,4,2025-12-13
RAT_0002335,CUST_000150,TMDB_T_1431,4,2025-12-30
RAT_0002336,CUST_000150,TMDB_T_1435,4,2025-11-21
RAT_0002337,CUST_000150,TMDB_T_202555,4,2025-10-22
RAT_0002338,CUST_000150,TMDB_T_220150,3,2025-11-13
RAT_0002339,CUST_000150,TMDB_T_291,3,2026-03-16
RAT_0002340,CUST_000150,TMDB_T_46952,2,2026-02-03
RAT_0002341,CUST_000150,TMDB_T_549,3,2025-10-01
RAT_0002342,CUST_000150,TMDB_T_71712,3,2025-04-01
RAT_0002343,CUST_000150,TMDB_T_74561,2,2025-10-05
RAT_0002344,CUST_000150,TMDB_T_79744,3,2025-07-30
RAT_0002345,CUST_000151,TMDB_M_1159559,1,2026-02-11
RAT_0002346,CUST_000151,TMDB_M_121,2,2026-02-15
RAT_0002347,CUST_000151,TMDB_M_1865,3,2026-03-19
RAT_0002348,CUST_000151,TMDB_M_285,4,2026-03-18
RAT_0002349,CUST_000151,TMDB_M_402431,3,2026-02-01
RAT_0002350,CUST_000151,TMDB_M_687163,2,2026-01-10
RAT_0002351,CUST_000151,TMDB_T_17610,4,2026-04-10
RAT_0002352,CUST_000151,TMDB_T_20111,3,2026-01-17
RAT_0002353,CUST_000151,TMDB_T_2224,3,2026-01-14
RAT_0002354,CUST_000151,TMDB_T_2288,3,2026-02-26
RAT_0002355,CUST_000151,TMDB_T_2661,3,2026-04-04
RAT_0002356,CUST_000151,TMDB_T_37854,1,2026-03-17
RAT_0002357,CUST_000151,TMDB_T_85077,5,2026-03-03
RAT_0002358,CUST_000152,TMDB_M_1336770,3,2026-03-22
RAT_0002359,CUST_000152,TMDB_M_259694,3,2026-03-02
RAT_0002360,CUST_000152,TMDB_M_562,2,2026-02-07
RAT_0002361,CUST_000152,TMDB_T_2004,3,2025-12-19
RAT_0002362,CUST_000152,TMDB_T_32798,1,2026-03-10
RAT_0002363,CUST_000152,TMDB_T_35007,5,2026-04-03
RAT_0002364,CUST_000152,TMDB_T_4087,3,2026-03-13
RAT_0002365,CUST_000152,TMDB_T_63174,5,2026-02-16
RAT_0002366,CUST_000152,TMDB_T_873,2,2026-03-13
RAT_0002367,CUST_000153,TMDB_M_1019420,3,2025-06-04
RAT_0002368,CUST_000153,TMDB_M_1266990,3,2025-08-21
RAT_0002369,CUST_000153,TMDB_M_1276704,4,2025-07-15
RAT_0002370,CUST_000153,TMDB_M_1284496,3,2025-08-16
RAT_0002371,CUST_000153,TMDB_M_1367642,5,2026-03-26
RAT_0002372,CUST_000153,TMDB_M_1523145,4,2026-01-18
RAT_0002373,CUST_000153,TMDB_M_259694,4,2026-01-22
RAT_0002374,CUST_000153,TMDB_M_264980,2,2025-08-16
RAT_0002375,CUST_000153,TMDB_M_37165,1,2026-04-04
RAT_0002376,CUST_000153,TMDB_T_2316,3,2025-06-29
RAT_0002377,CUST_000153,TMDB_T_2691,2,2025-10-23
RAT_0002378,CUST_000153,TMDB_T_291,4,2026-03-08
RAT_0002379,CUST_000153,TMDB_T_4614,2,2026-02-12
RAT_0002380,CUST_000153,TMDB_T_502,5,2026-04-03
RAT_0002381,CUST_000153,TMDB_T_60572,4,2025-10-03
RAT_0002382,CUST_000153,TMDB_T_60574,3,2025-12-12
RAT_0002383,CUST_000153,TMDB_T_63770,3,2025-04-07
RAT_0002384,CUST_000154,TMDB_M_1193501,2,2026-05-21
RAT_0002385,CUST_000154,TMDB_M_1290821,1,2026-06-02
RAT_0002386,CUST_000154,TMDB_M_1424965,3,2026-01-18
RAT_0002387,CUST_000154,TMDB_M_1658214,1,2026-04-21
RAT_0002388,CUST_000154,TMDB_M_1658216,3,2026-02-03
RAT_0002389,CUST_000154,TMDB_M_19995,2,2026-04-26
RAT_0002390,CUST_000154,TMDB_M_329865,3,2026-03-15
RAT_0002391,CUST_000154,TMDB_M_812037,3,2026-01-01
RAT_0002392,CUST_000154,TMDB_M_848116,1,2025-12-31
RAT_0002393,CUST_000154,TMDB_T_1405,2,2026-05-22
RAT_0002394,CUST_000154,TMDB_T_1695,2,2026-05-26
RAT_0002395,CUST_000154,TMDB_T_283123,3,2026-04-22
RAT_0002396,CUST_000154,TMDB_T_39351,4,2025-12-30
RAT_0002397,CUST_000154,TMDB_T_46952,1,2026-06-10
RAT_0002398,CUST_000154,TMDB_T_71728,3,2026-05-23
RAT_0002399,CUST_000154,TMDB_T_80748,4,2026-04-11
RAT_0002400,CUST_000154,TMDB_T_873,2,2026-05-30
RAT_0002401,CUST_000155,TMDB_M_1020969,4,2024-12-30
RAT_0002402,CUST_000155,TMDB_M_1175942,5,2026-03-22
RAT_0002403,CUST_000155,TMDB_M_1197137,4,2025-10-25
RAT_0002404,CUST_000155,TMDB_M_1272837,3,2025-11-13
RAT_0002405,CUST_000155,TMDB_M_1290821,2,2025-11-04
RAT_0002406,CUST_000155,TMDB_M_1305781,1,2026-03-26
RAT_0002407,CUST_000155,TMDB_M_1526650,2,2026-04-11
RAT_0002408,CUST_000155,TMDB_M_1635276,4,2025-06-26
RAT_0002409,CUST_000155,TMDB_M_20352,4,2026-02-12
RAT_0002410,CUST_000155,TMDB_M_330457,3,2026-02-10
RAT_0002411,CUST_000155,TMDB_M_502356,3,2025-07-27
RAT_0002412,CUST_000155,TMDB_M_617126,4,2025-12-21
RAT_0002413,CUST_000155,TMDB_T_1981,4,2025-07-29
RAT_0002414,CUST_000155,TMDB_T_2221,1,2025-07-09
RAT_0002415,CUST_000155,TMDB_T_22980,3,2025-02-18
RAT_0002416,CUST_000155,TMDB_T_2661,1,2025-01-17
RAT_0002417,CUST_000155,TMDB_T_60574,2,2025-06-21
RAT_0002418,CUST_000155,TMDB_T_62223,3,2026-04-11
RAT_0002419,CUST_000155,TMDB_T_68350,3,2025-11-13
RAT_0002420,CUST_000156,TMDB_M_1015606,3,2026-02-01
RAT_0002421,CUST_000156,TMDB_M_107257,2,2024-09-26
RAT_0002422,CUST_000156,TMDB_M_1266992,4,2024-09-17
RAT_0002423,CUST_000156,TMDB_M_1462146,5,2026-01-14
RAT_0002424,CUST_000156,TMDB_M_1726,3,2025-03-29
RAT_0002425,CUST_000156,TMDB_M_19404,5,2025-04-01
RAT_0002426,CUST_000156,TMDB_M_20352,3,2026-03-26
RAT_0002427,CUST_000156,TMDB_M_24428,2,2024-09-26
RAT_0002428,CUST_000156,TMDB_M_293660,4,2025-08-04
RAT_0002429,CUST_000156,TMDB_M_3558,5,2024-11-03
RAT_0002430,CUST_000156,TMDB_M_562,1,2024-12-19
RAT_0002431,CUST_000156,TMDB_M_62201,3,2026-01-13
RAT_0002432,CUST_000156,TMDB_M_634649,3,2025-03-31
RAT_0002433,CUST_000156,TMDB_M_666277,1,2024-12-04
RAT_0002434,CUST_000156,TMDB_T_1416,3,2024-08-17
RAT_0002435,CUST_000156,TMDB_T_19530,3,2025-05-10
RAT_0002436,CUST_000156,TMDB_T_2171,5,2025-09-21
RAT_0002437,CUST_000156,TMDB_T_22980,4,2024-10-22
RAT_0002438,CUST_000156,TMDB_T_279388,1,2025-04-05
RAT_0002439,CUST_000156,TMDB_T_45789,3,2024-10-13
RAT_0002440,CUST_000156,TMDB_T_63174,3,2025-05-09
RAT_0002441,CUST_000157,TMDB_M_102382,2,2025-06-06
RAT_0002442,CUST_000157,TMDB_M_1248226,2,2025-01-07
RAT_0002443,CUST_000157,TMDB_M_1265609,2,2024-11-21
RAT_0002444,CUST_000157,TMDB_M_1297454,4,2026-02-05
RAT_0002445,CUST_000157,TMDB_M_1314786,4,2024-11-23
RAT_0002446,CUST_000157,TMDB_M_1339876,3,2025-08-01
RAT_0002447,CUST_000157,TMDB_M_1387382,2,2024-09-12
RAT_0002448,CUST_000157,TMDB_M_1426964,1,2025-05-16
RAT_0002449,CUST_000157,TMDB_M_273481,4,2026-03-16
RAT_0002450,CUST_000157,TMDB_M_330457,5,2025-02-26
RAT_0002451,CUST_000157,TMDB_M_519182,1,2025-06-15
RAT_0002452,CUST_000157,TMDB_M_552524,4,2025-07-12
RAT_0002453,CUST_000157,TMDB_M_628847,3,2025-01-04
RAT_0002454,CUST_000157,TMDB_M_634649,4,2024-10-09
RAT_0002455,CUST_000157,TMDB_M_939243,1,2026-02-08
RAT_0002456,CUST_000157,TMDB_T_1667,5,2026-03-06
RAT_0002457,CUST_000157,TMDB_T_456,3,2026-03-15
RAT_0002458,CUST_000157,TMDB_T_56570,2,2026-02-04
RAT_0002459,CUST_000157,TMDB_T_57243,1,2024-09-02
RAT_0002460,CUST_000158,TMDB_M_414906,4,2026-03-10
RAT_0002461,CUST_000158,TMDB_T_1622,2,2026-03-03
RAT_0002462,CUST_000158,TMDB_T_35007,2,2026-05-02
RAT_0002463,CUST_000158,TMDB_T_4656,2,2026-03-11
RAT_0002464,CUST_000158,TMDB_T_502,4,2026-04-17
RAT_0002465,CUST_000159,TMDB_M_1087891,2,2026-04-07
RAT_0002466,CUST_000159,TMDB_M_429,2,2026-04-09
RAT_0002467,CUST_000159,TMDB_T_1405,1,2026-04-10
RAT_0002468,CUST_000160,TMDB_M_1635276,3,2026-04-06
RAT_0002469,CUST_000160,TMDB_T_112527,3,2025-03-16
RAT_0002470,CUST_000160,TMDB_T_22980,5,2026-02-09
RAT_0002471,CUST_000160,TMDB_T_237020,3,2025-11-07
RAT_0002472,CUST_000160,TMDB_T_289219,3,2025-10-21
RAT_0002473,CUST_000160,TMDB_T_498,3,2025-07-18
RAT_0002474,CUST_000160,TMDB_T_60574,3,2025-09-01
RAT_0002475,CUST_000160,TMDB_T_65334,4,2025-01-07
RAT_0002476,CUST_000160,TMDB_T_73586,5,2025-12-20
RAT_0002477,CUST_000160,TMDB_T_76479,5,2025-09-19
RAT_0002478,CUST_000160,TMDB_T_82873,2,2026-03-17
RAT_0002479,CUST_000160,TMDB_T_94722,2,2025-01-15
RAT_0002480,CUST_000161,TMDB_M_111,1,2026-03-31
RAT_0002481,CUST_000161,TMDB_M_1156593,4,2026-02-09
RAT_0002482,CUST_000161,TMDB_M_1180831,2,2025-11-12
RAT_0002483,CUST_000161,TMDB_M_1276038,3,2025-09-01
RAT_0002484,CUST_000161,TMDB_M_1290417,2,2026-02-05
RAT_0002485,CUST_000161,TMDB_M_1357633,2,2025-11-27
RAT_0002486,CUST_000161,TMDB_M_1406657,4,2026-03-08
RAT_0002487,CUST_000161,TMDB_M_1523145,2,2025-08-18
RAT_0002488,CUST_000161,TMDB_M_559,3,2026-02-02
RAT_0002489,CUST_000161,TMDB_M_83533,2,2026-01-14
RAT_0002490,CUST_000161,TMDB_M_840464,2,2025-05-29
RAT_0002491,CUST_000161,TMDB_T_1399,1,2025-08-06
RAT_0002492,CUST_000161,TMDB_T_15260,4,2025-12-17
RAT_0002493,CUST_000161,TMDB_T_1622,3,2025-06-22
RAT_0002494,CUST_000161,TMDB_T_289219,2,2025-07-11
RAT_0002495,CUST_000161,TMDB_T_32798,3,2026-04-06
RAT_0002496,CUST_000161,TMDB_T_33765,4,2026-04-11
RAT_0002497,CUST_000161,TMDB_T_48866,4,2025-10-21
RAT_0002498,CUST_000161,TMDB_T_549,4,2026-03-31
RAT_0002499,CUST_000161,TMDB_T_76479,4,2025-09-29
RAT_0002500,CUST_000162,TMDB_T_2661,3,2026-04-08
RAT_0002501,CUST_000163,TMDB_M_1084187,4,2025-10-30
RAT_0002502,CUST_000163,TMDB_M_1192548,3,2026-01-10
RAT_0002503,CUST_000163,TMDB_M_1226863,5,2026-03-12
RAT_0002504,CUST_000163,TMDB_M_20352,5,2026-02-21
RAT_0002505,CUST_000163,TMDB_M_479197,5,2026-03-30
RAT_0002506,CUST_000163,TMDB_M_82690,5,2026-03-23
RAT_0002507,CUST_000163,TMDB_T_1396,3,2026-01-18
RAT_0002508,CUST_000163,TMDB_T_1431,4,2025-12-24
RAT_0002509,CUST_000163,TMDB_T_56570,3,2025-10-26
RAT_0002510,CUST_000164,TMDB_M_10191,1,2025-10-29
RAT_0002511,CUST_000164,TMDB_M_1193501,3,2025-08-04
RAT_0002512,CUST_000164,TMDB_M_1357633,3,2026-04-07
RAT_0002513,CUST_000164,TMDB_M_1584215,3,2025-10-16
RAT_0002514,CUST_000164,TMDB_M_786892,1,2025-02-23
RAT_0002515,CUST_000164,TMDB_M_967941,2,2025-05-04
RAT_0002516,CUST_000164,TMDB_M_986056,4,2025-11-20
RAT_0002517,CUST_000164,TMDB_T_1911,5,2025-01-09
RAT_0002518,CUST_000164,TMDB_T_195670,4,2025-04-26
RAT_0002519,CUST_000164,TMDB_T_2224,4,2026-03-27
RAT_0002520,CUST_000164,TMDB_T_35007,5,2026-03-09
RAT_0002521,CUST_000165,TMDB_M_10138,3,2026-04-11
RAT_0002522,CUST_000165,TMDB_M_12,3,2026-02-19
RAT_0002523,CUST_000165,TMDB_M_1218925,3,2026-03-26
RAT_0002524,CUST_000165,TMDB_M_1326106,5,2026-03-17
RAT_0002525,CUST_000165,TMDB_M_157336,2,2026-03-27
RAT_0002526,CUST_000165,TMDB_M_863,4,2026-03-11
RAT_0002527,CUST_000165,TMDB_T_10534,3,2026-03-02
RAT_0002528,CUST_000165,TMDB_T_127529,2,2026-03-11
RAT_0002529,CUST_000165,TMDB_T_22980,1,2026-03-15
RAT_0002530,CUST_000165,TMDB_T_35007,4,2026-03-11
RAT_0002531,CUST_000165,TMDB_T_4604,2,2026-03-31
RAT_0002532,CUST_000165,TMDB_T_60625,3,2026-04-04
RAT_0002533,CUST_000165,TMDB_T_73586,4,2026-04-07
RAT_0002534,CUST_000165,TMDB_T_76572,1,2026-03-27
RAT_0002535,CUST_000166,TMDB_M_1015606,5,2026-03-22
RAT_0002536,CUST_000166,TMDB_M_106,4,2026-04-11
RAT_0002537,CUST_000166,TMDB_M_1084242,3,2026-03-15
RAT_0002538,CUST_000166,TMDB_M_1620551,4,2026-02-23
RAT_0002539,CUST_000166,TMDB_M_335984,4,2026-03-15
RAT_0002540,CUST_000166,TMDB_M_361743,2,2026-02-15
RAT_0002541,CUST_000166,TMDB_M_769,2,2026-02-21
RAT_0002542,CUST_000166,TMDB_T_12225,2,2026-03-26
RAT_0002543,CUST_000166,TMDB_T_1411,3,2026-03-04
RAT_0002544,CUST_000166,TMDB_T_1855,4,2026-04-05
RAT_0002545,CUST_000166,TMDB_T_42009,3,2026-03-01
RAT_0002546,CUST_000166,TMDB_T_48866,3,2026-03-03
RAT_0002547,CUST_000166,TMDB_T_65334,2,2026-03-03
RAT_0002548,CUST_000167,TMDB_M_1192548,2,2026-04-01
RAT_0002549,CUST_000167,TMDB_M_497,2,2026-03-27
RAT_0002550,CUST_000167,TMDB_M_967941,2,2026-03-23
RAT_0002551,CUST_000168,TMDB_M_1307373,5,2025-11-23
RAT_0002552,CUST_000168,TMDB_M_1359,2,2025-06-23
RAT_0002553,CUST_000168,TMDB_M_1630433,4,2026-03-13
RAT_0002554,CUST_000168,TMDB_M_1635276,4,2026-01-19
RAT_0002555,CUST_000168,TMDB_M_19995,3,2025-06-16
RAT_0002556,CUST_000168,TMDB_M_264980,3,2025-12-02
RAT_0002557,CUST_000168,TMDB_M_290098,5,2026-03-27
RAT_0002558,CUST_000168,TMDB_M_58008,3,2025-10-23
RAT_0002559,CUST_000168,TMDB_M_762509,4,2025-10-15
RAT_0002560,CUST_000168,TMDB_M_985939,1,2026-03-07
RAT_0002561,CUST_000168,TMDB_T_1100,5,2025-05-27
RAT_0002562,CUST_000168,TMDB_T_110075,5,2025-09-01
RAT_0002563,CUST_000168,TMDB_T_154770,1,2025-11-23
RAT_0002564,CUST_000168,TMDB_T_1668,3,2026-02-01
RAT_0002565,CUST_000168,TMDB_T_279471,5,2025-12-06
RAT_0002566,CUST_000168,TMDB_T_42009,4,2026-02-05
RAT_0002567,CUST_000168,TMDB_T_4629,3,2026-01-05
RAT_0002568,CUST_000168,TMDB_T_58841,5,2025-05-19
RAT_0002569,CUST_000169,TMDB_M_1192548,2,2026-03-30
RAT_0002570,CUST_000169,TMDB_M_755898,2,2026-02-25
RAT_0002571,CUST_000169,TMDB_T_124364,4,2026-03-29
RAT_0002572,CUST_000169,TMDB_T_1396,2,2026-02-23
RAT_0002573,CUST_000169,TMDB_T_154770,2,2026-04-01
RAT_0002574,CUST_000169,TMDB_T_22980,3,2026-02-18
RAT_0002575,CUST_000169,TMDB_T_241609,4,2026-02-23
RAT_0002576,CUST_000169,TMDB_T_498,4,2026-04-06
RAT_0002577,CUST_000169,TMDB_T_57243,4,2026-03-18
RAT_0002578,CUST_000169,TMDB_T_78191,5,2026-03-29
RAT_0002579,CUST_000169,TMDB_T_790,3,2026-03-12
RAT_0002580,CUST_000169,TMDB_T_82873,4,2026-02-27
RAT_0002581,CUST_000169,TMDB_T_95479,4,2026-03-14
RAT_0002582,CUST_000170,TMDB_M_1038392,3,2025-05-15
RAT_0002583,CUST_000170,TMDB_M_1168190,4,2024-12-14
RAT_0002584,CUST_000170,TMDB_M_1192548,2,2025-07-31
RAT_0002585,CUST_000170,TMDB_M_1284460,3,2025-01-06
RAT_0002586,CUST_000170,TMDB_M_299536,2,2025-09-29
RAT_0002587,CUST_000170,TMDB_M_396535,3,2025-05-07
RAT_0002588,CUST_000170,TMDB_M_453395,3,2025-01-21
RAT_0002589,CUST_000170,TMDB_M_598,3,2024-11-25
RAT_0002590,CUST_000170,TMDB_M_666277,3,2025-10-20
RAT_0002591,CUST_000170,TMDB_M_696393,4,2025-07-09
RAT_0002592,CUST_000170,TMDB_T_1416,5,2026-02-01
RAT_0002593,CUST_000170,TMDB_T_2734,5,2024-10-31
RAT_0002594,CUST_000170,TMDB_T_4604,4,2026-04-07
RAT_0002595,CUST_000170,TMDB_T_4629,3,2024-08-02
RAT_0002596,CUST_000170,TMDB_T_66732,4,2026-02-20
RAT_0002597,CUST_000170,TMDB_T_76479,3,2025-12-08
RAT_0002598,CUST_000171,TMDB_M_121,5,2026-06-01
RAT_0002599,CUST_000171,TMDB_M_1291335,5,2026-06-01
RAT_0002600,CUST_000171,TMDB_M_1327862,2,2026-02-12
RAT_0002601,CUST_000171,TMDB_M_1650558,2,2026-09-02
RAT_0002602,CUST_000171,TMDB_M_601,2,2026-07-27
RAT_0002603,CUST_000171,TMDB_M_604079,4,2026-03-16
RAT_0002604,CUST_000171,TMDB_M_671,5,2026-04-12
RAT_0002605,CUST_000171,TMDB_M_674,2,2026-01-09
RAT_0002606,CUST_000171,TMDB_T_2661,2,2026-07-16
RAT_0002607,CUST_000171,TMDB_T_283123,4,2026-02-17
RAT_0002608,CUST_000172,TMDB_M_1061474,3,2026-02-07
RAT_0002609,CUST_000172,TMDB_M_1214931,3,2026-04-08
RAT_0002610,CUST_000172,TMDB_M_1241470,4,2026-03-22
RAT_0002611,CUST_000172,TMDB_M_1419406,3,2026-03-01
RAT_0002612,CUST_000172,TMDB_M_157336,4,2026-02-12
RAT_0002613,CUST_000172,TMDB_M_24428,3,2026-03-24
RAT_0002614,CUST_000172,TMDB_M_335983,4,2026-04-03
RAT_0002615,CUST_000172,TMDB_M_912649,2,2026-02-16
RAT_0002616,CUST_000172,TMDB_T_119051,3,2026-03-06
RAT_0002617,CUST_000172,TMDB_T_1398,2,2026-02-24
RAT_0002618,CUST_000172,TMDB_T_1399,2,2026-02-10
RAT_0002619,CUST_000172,TMDB_T_1434,3,2026-02-19
RAT_0002620,CUST_000172,TMDB_T_30984,1,2026-04-03
RAT_0002621,CUST_000172,TMDB_T_4588,4,2026-03-23
RAT_0002622,CUST_000172,TMDB_T_58841,3,2026-03-06
RAT_0002623,CUST_000172,TMDB_T_60572,1,2026-02-18
RAT_0002624,CUST_000173,TMDB_M_1192548,4,2025-09-22
RAT_0002625,CUST_000173,TMDB_M_1284120,3,2026-04-06
RAT_0002626,CUST_000173,TMDB_M_1290417,3,2025-07-30
RAT_0002627,CUST_000173,TMDB_M_1317672,1,2026-01-10
RAT_0002628,CUST_000173,TMDB_M_1325734,3,2026-01-01
RAT_0002629,CUST_000173,TMDB_M_1327862,4,2025-12-18
RAT_0002630,CUST_000173,TMDB_M_1367642,4,2025-08-16
RAT_0002631,CUST_000173,TMDB_M_1658214,3,2025-08-28
RAT_0002632,CUST_000173,TMDB_M_286217,3,2026-03-12
RAT_0002633,CUST_000173,TMDB_M_378236,3,2026-03-12
RAT_0002634,CUST_000173,TMDB_M_4935,4,2025-11-30
RAT_0002635,CUST_000173,TMDB_M_497,5,2025-12-25
RAT_0002636,CUST_000173,TMDB_M_607,2,2025-05-13
RAT_0002637,CUST_000173,TMDB_M_680493,2,2025-06-12
RAT_0002638,CUST_000173,TMDB_M_701387,3,2025-06-09
RAT_0002639,CUST_000173,TMDB_M_967941,4,2026-03-23
RAT_0002640,CUST_000173,TMDB_T_124364,3,2026-04-09
RAT_0002641,CUST_000173,TMDB_T_1416,3,2026-01-23
RAT_0002642,CUST_000173,TMDB_T_1421,3,2025-09-20
RAT_0002643,CUST_000173,TMDB_T_1667,1,2025-09-12
RAT_0002644,CUST_000173,TMDB_T_4087,2,2025-09-06
RAT_0002645,CUST_000173,TMDB_T_4177,5,2026-02-24
RAT_0002646,CUST_000173,TMDB_T_59941,3,2025-09-12
RAT_0002647,CUST_000173,TMDB_T_95897,3,2025-06-22
RAT_0002648,CUST_000174,TMDB_M_11036,2,2024-12-27
RAT_0002649,CUST_000174,TMDB_M_1325734,4,2025-10-01
RAT_0002650,CUST_000174,TMDB_M_1339876,3,2025-11-01
RAT_0002651,CUST_000174,TMDB_M_1367642,3,2025-11-10
RAT_0002652,CUST_000174,TMDB_M_1523145,2,2026-03-12
RAT_0002653,CUST_000174,TMDB_M_1600672,3,2025-07-21
RAT_0002654,CUST_000174,TMDB_M_1646787,2,2024-10-16
RAT_0002655,CUST_000174,TMDB_M_1650558,2,2026-01-13
RAT_0002656,CUST_000174,TMDB_M_991494,4,2025-06-04
RAT_0002657,CUST_000174,TMDB_T_117465,5,2024-10-11
RAT_0002658,CUST_000174,TMDB_T_1434,3,2026-02-23
RAT_0002659,CUST_000174,TMDB_T_2734,1,2024-12-11
RAT_0002660,CUST_000174,TMDB_T_46260,4,2025-11-04
RAT_0002661,CUST_000174,TMDB_T_65503,2,2025-07-13
RAT_0002662,CUST_000174,TMDB_T_65942,3,2026-01-04
RAT_0002663,CUST_000174,TMDB_T_95557,2,2026-01-09
RAT_0002664,CUST_000175,TMDB_M_101,3,2026-02-21
RAT_0002665,CUST_000175,TMDB_M_1226863,2,2026-02-17
RAT_0002666,CUST_000175,TMDB_M_1268127,4,2026-02-22
RAT_0002667,CUST_000175,TMDB_M_1419406,3,2026-03-11
RAT_0002668,CUST_000175,TMDB_M_1424965,3,2026-03-10
RAT_0002669,CUST_000175,TMDB_M_1635276,3,2026-03-06
RAT_0002670,CUST_000175,TMDB_M_429,3,2026-03-17
RAT_0002671,CUST_000175,TMDB_M_73861,4,2026-04-09
RAT_0002672,CUST_000175,TMDB_T_1433,4,2026-03-12
RAT_0002673,CUST_000175,TMDB_T_195670,3,2026-02-21
RAT_0002674,CUST_000175,TMDB_T_2171,3,2026-02-24
RAT_0002675,CUST_000175,TMDB_T_2691,2,2026-02-25
RAT_0002676,CUST_000175,TMDB_T_60622,3,2026-02-21
RAT_0002677,CUST_000175,TMDB_T_85077,3,2026-03-16
RAT_0002678,CUST_000176,TMDB_M_1523145,3,2025-06-19
RAT_0002679,CUST_000176,TMDB_M_1658216,4,2025-01-29
RAT_0002680,CUST_000176,TMDB_M_20352,1,2025-08-16
RAT_0002681,CUST_000176,TMDB_M_27205,1,2025-05-29
RAT_0002682,CUST_000176,TMDB_M_313369,1,2025-06-29
RAT_0002683,CUST_000176,TMDB_M_412117,3,2026-02-27
RAT_0002684,CUST_000176,TMDB_M_950387,4,2025-02-20
RAT_0002685,CUST_000176,TMDB_T_1981,4,2026-02-15
RAT_0002686,CUST_000176,TMDB_T_202555,2,2025-08-26
RAT_0002687,CUST_000176,TMDB_T_291,5,2026-03-09
RAT_0002688,CUST_000176,TMDB_T_4604,2,2025-06-14
RAT_0002689,CUST_000176,TMDB_T_48866,4,2025-12-17
RAT_0002690,CUST_000176,TMDB_T_65733,2,2025-08-16
RAT_0002691,CUST_000176,TMDB_T_68350,3,2025-04-23
RAT_0002692,CUST_000176,TMDB_T_72517,4,2025-08-24
RAT_0002693,CUST_000176,TMDB_T_76479,5,2025-09-09
RAT_0002694,CUST_000177,TMDB_M_1175942,3,2025-08-24
RAT_0002695,CUST_000177,TMDB_M_1193501,3,2025-12-26
RAT_0002696,CUST_000177,TMDB_M_1268127,2,2025-09-15
RAT_0002697,CUST_000177,TMDB_M_1307373,4,2025-08-21
RAT_0002698,CUST_000177,TMDB_M_1430,5,2026-04-02
RAT_0002699,CUST_000177,TMDB_M_1630433,3,2025-07-03
RAT_0002700,CUST_000177,TMDB_M_273477,4,2025-11-15
RAT_0002701,CUST_000177,TMDB_M_28322,4,2025-12-27
RAT_0002702,CUST_000177,TMDB_M_671,3,2025-07-17
RAT_0002703,CUST_000177,TMDB_M_77338,4,2026-03-26
RAT_0002704,CUST_000177,TMDB_M_976573,4,2025-07-21
RAT_0002705,CUST_000177,TMDB_T_1398,4,2026-01-30
RAT_0002706,CUST_000177,TMDB_T_1421,4,2025-07-20
RAT_0002707,CUST_000177,TMDB_T_1489,2,2025-07-05
RAT_0002708,CUST_000177,TMDB_T_1705,5,2025-11-15
RAT_0002709,CUST_000177,TMDB_T_549,2,2025-09-10
RAT_0002710,CUST_000177,TMDB_T_71728,5,2026-03-24
RAT_0002711,CUST_000177,TMDB_T_73586,5,2026-04-09
RAT_0002712,CUST_000177,TMDB_T_76479,2,2025-06-03
RAT_0002713,CUST_000177,TMDB_T_87917,3,2025-06-09
RAT_0002714,CUST_000177,TMDB_T_95897,4,2025-09-19
RAT_0002715,CUST_000178,TMDB_M_1011985,4,2024-12-16
RAT_0002716,CUST_000178,TMDB_M_1218925,5,2025-08-16
RAT_0002717,CUST_000178,TMDB_M_1297842,3,2025-01-02
RAT_0002718,CUST_000178,TMDB_M_1311031,2,2025-09-13
RAT_0002719,CUST_000178,TMDB_M_1430,3,2026-01-30
RAT_0002720,CUST_000178,TMDB_M_14836,3,2025-12-12
RAT_0002721,CUST_000178,TMDB_M_755898,2,2025-11-19
RAT_0002722,CUST_000178,TMDB_T_120089,3,2025-01-26
RAT_0002723,CUST_000178,TMDB_T_12971,1,2025-07-28
RAT_0002724,CUST_000178,TMDB_T_1419,4,2024-10-27
RAT_0002725,CUST_000178,TMDB_T_15260,4,2026-03-16
RAT_0002726,CUST_000178,TMDB_T_289219,4,2025-07-10
RAT_0002727,CUST_000178,TMDB_T_4614,3,2025-06-22
RAT_0002728,CUST_000178,TMDB_T_65503,4,2025-05-11
RAT_0002729,CUST_000178,TMDB_T_76479,4,2025-05-01
RAT_0002730,CUST_000179,TMDB_M_103,1,2025-10-05
RAT_0002731,CUST_000179,TMDB_M_1087192,3,2025-10-15
RAT_0002732,CUST_000179,TMDB_M_1653994,4,2025-08-23
RAT_0002733,CUST_000179,TMDB_M_346698,1,2025-09-29
RAT_0002734,CUST_000179,TMDB_M_453395,2,2025-10-29
RAT_0002735,CUST_000179,TMDB_M_673,3,2025-06-16
RAT_0002736,CUST_000179,TMDB_T_110075,1,2025-10-08
RAT_0002737,CUST_000179,TMDB_T_1405,4,2025-10-19
RAT_0002738,CUST_000179,TMDB_T_209867,3,2025-10-06
RAT_0002739,CUST_000179,TMDB_T_4614,5,2025-08-28
RAT_0002740,CUST_000179,TMDB_T_65733,1,2025-10-12
RAT_0002741,CUST_000179,TMDB_T_71790,2,2025-06-30
RAT_0002742,CUST_000179,TMDB_T_74561,3,2025-09-15
RAT_0002743,CUST_000179,TMDB_T_76572,2,2025-10-11
RAT_0002744,CUST_000180,TMDB_M_1019420,5,2026-04-02
RAT_0002745,CUST_000180,TMDB_M_1084187,3,2025-11-28
RAT_0002746,CUST_000180,TMDB_M_1523145,2,2026-01-21
RAT_0002747,CUST_000180,TMDB_M_1634301,4,2025-11-10
RAT_0002748,CUST_000180,TMDB_M_1641319,4,2025-12-23
RAT_0002749,CUST_000180,TMDB_M_1650558,4,2026-03-27
RAT_0002750,CUST_000180,TMDB_M_177572,2,2026-03-24
RAT_0002751,CUST_000180,TMDB_M_333339,4,2025-09-30
RAT_0002752,CUST_000180,TMDB_M_58,4,2026-02-01
RAT_0002753,CUST_000180,TMDB_M_840464,3,2025-11-11
RAT_0002754,CUST_000180,TMDB_M_862739,4,2025-10-31
RAT_0002755,CUST_000180,TMDB_T_1668,3,2025-12-26
RAT_0002756,CUST_000180,TMDB_T_2661,3,2025-10-28
RAT_0002757,CUST_000180,TMDB_T_60574,5,2026-02-20
RAT_0002758,CUST_000181,TMDB_M_1088434,4,2026-02-05
RAT_0002759,CUST_000181,TMDB_M_1523145,3,2025-10-17
RAT_0002760,CUST_000181,TMDB_M_1635276,5,2025-10-15
RAT_0002761,CUST_000181,TMDB_M_58008,4,2026-01-14
RAT_0002762,CUST_000181,TMDB_M_936075,5,2026-01-24
RAT_0002763,CUST_000181,TMDB_T_10534,4,2025-08-05
RAT_0002764,CUST_000181,TMDB_T_1855,5,2025-11-21
RAT_0002765,CUST_000181,TMDB_T_291,5,2026-04-07
RAT_0002766,CUST_000181,TMDB_T_37854,3,2026-03-17
RAT_0002767,CUST_000181,TMDB_T_4588,4,2025-11-15
RAT_0002768,CUST_000181,TMDB_T_57532,3,2026-02-19
RAT_0002769,CUST_000181,TMDB_T_71728,5,2026-04-06
RAT_0002770,CUST_000181,TMDB_T_85552,3,2025-08-22
RAT_0002771,CUST_000181,TMDB_T_8962,5,2025-11-13
RAT_0002772,CUST_000182,TMDB_M_1084242,4,2026-01-19
RAT_0002773,CUST_000182,TMDB_M_1359,4,2025-12-20
RAT_0002774,CUST_000182,TMDB_M_1396,2,2025-12-16
RAT_0002775,CUST_000182,TMDB_M_299536,5,2026-01-28
RAT_0002776,CUST_000182,TMDB_M_424,3,2025-09-19
RAT_0002777,CUST_000182,TMDB_M_475557,3,2026-04-07
RAT_0002778,CUST_000182,TMDB_M_604079,4,2026-03-13
RAT_0002779,CUST_000182,TMDB_M_670,4,2025-11-18
RAT_0002780,CUST_000182,TMDB_M_734286,3,2026-03-04
RAT_0002781,CUST_000182,TMDB_T_13945,5,2025-12-15
RAT_0002782,CUST_000182,TMDB_T_202555,5,2025-09-16
RAT_0002783,CUST_000182,TMDB_T_2261,3,2025-10-29
RAT_0002784,CUST_000182,TMDB_T_290856,3,2025-12-30
RAT_0002785,CUST_000182,TMDB_T_35007,3,2026-04-08
RAT_0002786,CUST_000182,TMDB_T_37680,3,2025-11-20
RAT_0002787,CUST_000182,TMDB_T_60572,5,2026-01-14
RAT_0002788,CUST_000182,TMDB_T_60574,3,2026-02-10
RAT_0002789,CUST_000182,TMDB_T_60735,4,2025-08-20
RAT_0002790,CUST_000182,TMDB_T_71790,5,2025-12-31
RAT_0002791,CUST_000182,TMDB_T_764,4,2026-03-02
RAT_0002792,CUST_000183,TMDB_M_1284120,4,2026-03-30
RAT_0002793,CUST_000183,TMDB_M_1315303,4,2026-03-15
RAT_0002794,CUST_000183,TMDB_M_1339876,3,2025-08-13
RAT_0002795,CUST_000183,TMDB_M_138843,3,2025-12-26
RAT_0002796,CUST_000183,TMDB_M_1426297,3,2025-06-23
RAT_0002797,CUST_000183,TMDB_M_1470130,5,2025-08-03
RAT_0002798,CUST_000183,TMDB_M_1572073,2,2025-11-08
RAT_0002799,CUST_000183,TMDB_M_1610418,3,2026-01-15
RAT_0002800,CUST_000183,TMDB_M_4935,2,2025-07-18
RAT_0002801,CUST_000183,TMDB_M_798645,1,2026-04-08
RAT_0002802,CUST_000183,TMDB_T_1411,3,2026-01-04
RAT_0002803,CUST_000183,TMDB_T_2224,3,2025-09-26
RAT_0002804,CUST_000183,TMDB_T_250307,2,2026-01-01
RAT_0002805,CUST_000183,TMDB_T_4614,3,2026-04-05
RAT_0002806,CUST_000183,TMDB_T_65334,1,2025-05-22
RAT_0002807,CUST_000183,TMDB_T_71790,3,2026-04-05
RAT_0002808,CUST_000183,TMDB_T_764,1,2025-06-05
RAT_0002809,CUST_000184,TMDB_M_1192548,3,2026-03-05
RAT_0002810,CUST_000184,TMDB_M_1403327,4,2025-12-10
RAT_0002811,CUST_000184,TMDB_M_1620551,4,2025-11-28
RAT_0002812,CUST_000184,TMDB_T_117465,5,2025-11-07
RAT_0002813,CUST_000184,TMDB_T_1411,4,2025-07-04
RAT_0002814,CUST_000184,TMDB_T_1415,4,2025-09-22
RAT_0002815,CUST_000184,TMDB_T_32415,4,2025-09-19
RAT_0002816,CUST_000184,TMDB_T_62223,4,2025-08-24
RAT_0002817,CUST_000184,TMDB_T_6836,4,2026-03-08
RAT_0002818,CUST_000184,TMDB_T_790,4,2025-11-03
RAT_0002819,CUST_000184,TMDB_T_82873,4,2026-02-14
RAT_0002820,CUST_000185,TMDB_M_1234731,5,2025-07-19
RAT_0002821,CUST_000185,TMDB_M_1381216,4,2025-07-17
RAT_0002822,CUST_000185,TMDB_M_4247,4,2025-12-05
RAT_0002823,CUST_000185,TMDB_M_615,5,2025-10-21
RAT_0002824,CUST_000185,TMDB_T_1402,4,2025-05-19
RAT_0002825,CUST_000185,TMDB_T_2171,3,2026-02-07
RAT_0002826,CUST_000185,TMDB_T_65942,4,2026-02-07
RAT_0002827,CUST_000185,TMDB_T_8962,3,2025-03-23
RAT_0002828,CUST_000186,TMDB_M_1523145,3,2026-05-10
RAT_0002829,CUST_000187,TMDB_M_1252037,2,2026-03-13
RAT_0002830,CUST_000187,TMDB_M_228150,4,2026-03-30
RAT_0002831,CUST_000187,TMDB_M_269149,3,2026-01-13
RAT_0002832,CUST_000187,TMDB_M_315162,2,2026-04-08
RAT_0002833,CUST_000187,TMDB_M_510,3,2026-02-24
RAT_0002834,CUST_000187,TMDB_M_798645,3,2026-03-22
RAT_0002835,CUST_000187,TMDB_T_1855,4,2026-02-11
RAT_0002836,CUST_000187,TMDB_T_2122,3,2026-01-08
RAT_0002837,CUST_000187,TMDB_T_2224,3,2026-02-16
RAT_0002838,CUST_000187,TMDB_T_2288,2,2026-01-04
RAT_0002839,CUST_000187,TMDB_T_33765,3,2026-01-24
RAT_0002840,CUST_000187,TMDB_T_34524,5,2026-03-06
RAT_0002841,CUST_000187,TMDB_T_48866,4,2026-04-07
RAT_0002842,CUST_000187,TMDB_T_60625,4,2026-03-13
RAT_0002843,CUST_000187,TMDB_T_66732,3,2026-02-08
RAT_0002844,CUST_000188,TMDB_M_1019420,2,2026-01-01
RAT_0002845,CUST_000188,TMDB_M_1297842,3,2026-01-07
RAT_0002846,CUST_000188,TMDB_M_1367642,4,2026-03-21
RAT_0002847,CUST_000188,TMDB_M_273477,3,2026-01-03
RAT_0002848,CUST_000188,TMDB_M_329865,3,2026-03-05
RAT_0002849,CUST_000188,TMDB_M_680493,4,2026-01-24
RAT_0002850,CUST_000188,TMDB_T_1408,2,2026-03-22
RAT_0002851,CUST_000188,TMDB_T_1417,2,2026-01-24
RAT_0002852,CUST_000188,TMDB_T_1434,3,2026-02-14
RAT_0002853,CUST_000188,TMDB_T_4087,3,2026-01-07
RAT_0002854,CUST_000188,TMDB_T_76479,4,2026-01-06
RAT_0002855,CUST_000188,TMDB_T_78191,2,2026-04-05
RAT_0002856,CUST_000189,TMDB_M_101,3,2026-03-17
RAT_0002857,CUST_000189,TMDB_M_128,3,2025-07-04
RAT_0002858,CUST_000189,TMDB_M_1406657,3,2025-08-01
RAT_0002859,CUST_000189,TMDB_M_150540,5,2025-01-13
RAT_0002860,CUST_000189,TMDB_M_1523145,2,2025-09-11
RAT_0002861,CUST_000189,TMDB_M_76341,4,2024-12-13
RAT_0002862,CUST_000189,TMDB_M_807,2,2025-06-23
RAT_0002863,CUST_000189,TMDB_M_98,2,2026-03-28
RAT_0002864,CUST_000189,TMDB_M_982843,2,2026-04-01
RAT_0002865,CUST_000189,TMDB_T_1409,4,2026-01-01
RAT_0002866,CUST_000189,TMDB_T_1411,1,2025-11-30
RAT_0002867,CUST_000189,TMDB_T_1412,1,2025-11-26
RAT_0002868,CUST_000189,TMDB_T_1431,4,2025-04-30
RAT_0002869,CUST_000189,TMDB_T_30981,3,2026-03-28
RAT_0002870,CUST_000189,TMDB_T_4607,3,2026-01-25
RAT_0002871,CUST_000189,TMDB_T_46260,5,2025-12-28
RAT_0002872,CUST_000189,TMDB_T_549,3,2025-06-18
RAT_0002873,CUST_000189,TMDB_T_71790,3,2026-02-10
RAT_0002874,CUST_000189,TMDB_T_764,5,2025-02-07
RAT_0002875,CUST_000189,TMDB_T_79744,4,2025-10-02
RAT_0002876,CUST_000189,TMDB_T_80748,1,2026-03-10
RAT_0002877,CUST_000190,TMDB_M_1038392,4,2025-07-14
RAT_0002878,CUST_000190,TMDB_M_10681,4,2026-01-17
RAT_0002879,CUST_000190,TMDB_M_1110034,3,2024-09-03
RAT_0002880,CUST_000190,TMDB_M_1171145,3,2024-06-30
RAT_0002881,CUST_000190,TMDB_M_1272837,3,2024-06-28
RAT_0002882,CUST_000190,TMDB_M_1284460,3,2026-02-23
RAT_0002883,CUST_000190,TMDB_M_1315303,3,2025-09-05
RAT_0002884,CUST_000190,TMDB_M_1523145,3,2025-09-19
RAT_0002885,CUST_000190,TMDB_M_1572073,2,2024-12-06
RAT_0002886,CUST_000190,TMDB_M_1601243,3,2024-08-25
RAT_0002887,CUST_000190,TMDB_M_517302,4,2025-04-02
RAT_0002888,CUST_000190,TMDB_M_798645,4,2024-07-05
RAT_0002889,CUST_000190,TMDB_T_1416,3,2024-09-18
RAT_0002890,CUST_000190,TMDB_T_1705,2,2024-10-24
RAT_0002891,CUST_000190,TMDB_T_32692,3,2024-07-01
RAT_0002892,CUST_000190,TMDB_T_37854,4,2025-12-06
RAT_0002893,CUST_000190,TMDB_T_65733,5,2025-08-19
RAT_0002894,CUST_000190,TMDB_T_82873,4,2026-01-08
RAT_0002895,CUST_000190,TMDB_T_85077,5,2025-12-04
RAT_0002896,CUST_000191,TMDB_M_1015606,3,2026-02-24
RAT_0002897,CUST_000191,TMDB_M_1367763,3,2026-04-05
RAT_0002898,CUST_000191,TMDB_M_1462146,3,2026-01-09
RAT_0002899,CUST_000191,TMDB_M_1523145,3,2026-03-26
RAT_0002900,CUST_000191,TMDB_M_562,3,2026-01-27
RAT_0002901,CUST_000191,TMDB_M_82690,5,2026-03-17
RAT_0002902,CUST_000191,TMDB_M_933260,4,2025-12-15
RAT_0002903,CUST_000191,TMDB_T_290856,3,2025-12-21
RAT_0002904,CUST_000192,TMDB_M_3558,5,2026-02-23
RAT_0002905,CUST_000192,TMDB_M_840464,2,2026-01-28
RAT_0002906,CUST_000192,TMDB_M_980477,2,2026-03-28
RAT_0002907,CUST_000192,TMDB_T_2224,4,2026-03-27
RAT_0002908,CUST_000192,TMDB_T_94722,3,2026-02-21
RAT_0002909,CUST_000193,TMDB_M_1226863,3,2025-12-28
RAT_0002910,CUST_000193,TMDB_M_1235877,1,2024-08-17
RAT_0002911,CUST_000193,TMDB_M_1242898,5,2025-04-13
RAT_0002912,CUST_000193,TMDB_M_1292695,1,2024-10-09
RAT_0002913,CUST_000193,TMDB_M_1328803,1,2025-03-06
RAT_0002914,CUST_000193,TMDB_M_1419406,3,2026-01-04
RAT_0002915,CUST_000193,TMDB_M_1641319,3,2024-10-13
RAT_0002916,CUST_000193,TMDB_M_198663,5,2025-02-03
RAT_0002917,CUST_000193,TMDB_M_27205,4,2025-01-08
RAT_0002918,CUST_000193,TMDB_M_293660,3,2025-12-03
RAT_0002919,CUST_000193,TMDB_M_346,5,2025-02-19
RAT_0002920,CUST_000193,TMDB_M_361743,3,2024-12-25
RAT_0002921,CUST_000193,TMDB_M_562,1,2025-05-13
RAT_0002922,CUST_000193,TMDB_M_646315,3,2025-01-20
RAT_0002923,CUST_000193,TMDB_M_7451,1,2026-01-28
RAT_0002924,CUST_000193,TMDB_M_786892,2,2024-07-30
RAT_0002925,CUST_000193,TMDB_M_822119,3,2025-09-23
RAT_0002926,CUST_000193,TMDB_M_939243,1,2024-09-01
RAT_0002927,CUST_000193,TMDB_T_127529,2,2025-06-28
RAT_0002928,CUST_000193,TMDB_T_17610,3,2025-01-10
RAT_0002929,CUST_000193,TMDB_T_20111,3,2025-06-04
RAT_0002930,CUST_000193,TMDB_T_31910,2,2026-03-18
RAT_0002931,CUST_000193,TMDB_T_42009,5,2025-05-12
RAT_0002932,CUST_000194,TMDB_M_1020969,3,2025-02-20
RAT_0002933,CUST_000194,TMDB_M_1198994,1,2025-03-10
RAT_0002934,CUST_000194,TMDB_M_330457,1,2025-03-16
RAT_0002935,CUST_000194,TMDB_M_405746,1,2025-02-16
RAT_0002936,CUST_000194,TMDB_M_4935,1,2025-03-17
RAT_0002937,CUST_000195,TMDB_M_102382,2,2025-10-12
RAT_0002938,CUST_000195,TMDB_M_1199193,3,2025-06-03
RAT_0002939,CUST_000195,TMDB_M_1235877,3,2025-12-13
RAT_0002940,CUST_000195,TMDB_M_1290821,4,2025-12-02
RAT_0002941,CUST_000195,TMDB_M_1307373,2,2025-06-19
RAT_0002942,CUST_000195,TMDB_M_1339876,4,2026-02-28
RAT_0002943,CUST_000195,TMDB_M_337339,5,2025-07-29
RAT_0002944,CUST_000195,TMDB_M_381288,1,2026-01-29
RAT_0002945,CUST_000195,TMDB_M_429,5,2026-03-31
RAT_0002946,CUST_000195,TMDB_M_637649,4,2025-08-24
RAT_0002947,CUST_000195,TMDB_M_73861,2,2026-01-24
RAT_0002948,CUST_000195,TMDB_T_4177,3,2025-09-22
RAT_0002949,CUST_000195,TMDB_T_45789,2,2025-04-06
RAT_0002950,CUST_000195,TMDB_T_68350,3,2025-10-04
RAT_0002951,CUST_000195,TMDB_T_73586,4,2026-02-08
RAT_0002952,CUST_000197,TMDB_M_10681,3,2026-03-08
RAT_0002953,CUST_000197,TMDB_M_1290417,3,2026-04-10
RAT_0002954,CUST_000197,TMDB_M_1430,2,2026-04-10
RAT_0002955,CUST_000197,TMDB_M_324857,3,2026-03-08
RAT_0002956,CUST_000197,TMDB_M_335983,4,2026-04-10
RAT_0002957,CUST_000197,TMDB_M_335984,2,2026-04-10
RAT_0002958,CUST_000197,TMDB_M_62,2,2026-04-02
RAT_0002959,CUST_000197,TMDB_M_912649,5,2026-03-03
RAT_0002960,CUST_000197,TMDB_T_4087,3,2026-03-29
RAT_0002961,CUST_000197,TMDB_T_57532,4,2026-03-13
RAT_0002962,CUST_000197,TMDB_T_58841,4,2026-03-14
RAT_0002963,CUST_000197,TMDB_T_76572,1,2026-03-20
RAT_0002964,CUST_000198,TMDB_M_1087192,5,2026-04-11
RAT_0002965,CUST_000198,TMDB_M_453395,2,2026-03-17
RAT_0002966,CUST_000198,TMDB_M_967941,3,2026-03-21
RAT_0002967,CUST_000199,TMDB_M_1159831,2,2025-01-30
RAT_0002968,CUST_000199,TMDB_M_1191876,1,2025-04-04
RAT_0002969,CUST_000199,TMDB_M_1246049,3,2025-07-22
RAT_0002970,CUST_000199,TMDB_M_1284460,2,2025-04-02
RAT_0002971,CUST_000199,TMDB_M_1418657,1,2025-04-17
RAT_0002972,CUST_000199,TMDB_M_1572073,5,2026-02-16
RAT_0002973,CUST_000199,TMDB_M_205596,5,2026-02-03
RAT_0002974,CUST_000199,TMDB_M_348,2,2025-12-26
RAT_0002975,CUST_000199,TMDB_M_381288,3,2025-04-18
RAT_0002976,CUST_000199,TMDB_M_665,3,2025-11-14
RAT_0002977,CUST_000199,TMDB_M_696393,2,2026-01-12
RAT_0002978,CUST_000199,TMDB_M_82693,4,2025-07-20
RAT_0002979,CUST_000199,TMDB_M_9502,5,2025-01-10
RAT_0002980,CUST_000199,TMDB_T_154770,4,2026-01-07
RAT_0002981,CUST_000199,TMDB_T_279388,4,2025-11-13
RAT_0002982,CUST_000199,TMDB_T_4057,3,2025-02-01
RAT_0002983,CUST_000199,TMDB_T_4614,2,2026-01-21
RAT_0002984,CUST_000199,TMDB_T_46296,2,2025-08-03
RAT_0002985,CUST_000199,TMDB_T_4656,4,2026-02-02
RAT_0002986,CUST_000199,TMDB_T_46952,2,2025-09-10
RAT_0002987,CUST_000200,TMDB_M_1272837,1,2025-03-13
RAT_0002988,CUST_000200,TMDB_M_1310568,3,2025-02-09
RAT_0002989,CUST_000200,TMDB_M_1314481,3,2025-02-27
RAT_0002990,CUST_000200,TMDB_M_1368166,1,2025-03-22
RAT_0002991,CUST_000200,TMDB_M_1526650,1,2025-03-11
RAT_0002992,CUST_000200,TMDB_M_755898,1,2025-03-26
RAT_0002993,CUST_000200,TMDB_T_693,2,2025-03-25
RAT_0002994,CUST_000200,TMDB_T_78191,3,2025-03-20
RAT_0002995,CUST_000201,TMDB_M_1245347,1,2026-02-12
RAT_0002996,CUST_000201,TMDB_M_1310568,5,2026-03-07
RAT_0002997,CUST_000201,TMDB_M_466272,2,2025-12-30
RAT_0002998,CUST_000201,TMDB_M_552524,2,2025-03-01
RAT_0002999,CUST_000201,TMDB_M_628847,2,2025-05-03
RAT_0003000,CUST_000201,TMDB_M_680493,5,2026-04-01
RAT_0003001,CUST_000201,TMDB_M_9769,2,2025-04-24
RAT_0003002,CUST_000201,TMDB_M_99861,4,2025-06-04
RAT_0003003,CUST_000201,TMDB_T_108978,4,2025-05-30
RAT_0003004,CUST_000201,TMDB_T_124364,4,2025-09-21
RAT_0003005,CUST_000201,TMDB_T_1416,4,2025-05-24
RAT_0003006,CUST_000201,TMDB_T_37854,4,2026-02-22
RAT_0003007,CUST_000201,TMDB_T_4177,2,2026-03-03
RAT_0003008,CUST_000201,TMDB_T_456,3,2025-12-19
RAT_0003009,CUST_000201,TMDB_T_4614,3,2025-12-02
RAT_0003010,CUST_000201,TMDB_T_693,3,2025-12-20
RAT_0003011,CUST_000201,TMDB_T_78191,3,2026-01-02
RAT_0003012,CUST_000201,TMDB_T_95557,4,2025-07-22
RAT_0003013,CUST_000202,TMDB_M_1020969,5,2025-03-01
RAT_0003014,CUST_000202,TMDB_M_1049471,4,2025-09-23
RAT_0003015,CUST_000202,TMDB_M_1066313,1,2025-10-30
RAT_0003016,CUST_000202,TMDB_M_1115544,2,2025-12-28
RAT_0003017,CUST_000202,TMDB_M_12153,3,2025-09-07
RAT_0003018,CUST_000202,TMDB_M_1252037,4,2026-03-20
RAT_0003019,CUST_000202,TMDB_M_1635276,2,2026-03-10
RAT_0003020,CUST_000202,TMDB_M_193972,2,2025-11-15
RAT_0003021,CUST_000202,TMDB_M_20352,3,2026-02-28
RAT_0003022,CUST_000202,TMDB_M_273477,2,2025-05-09
RAT_0003023,CUST_000202,TMDB_M_552524,1,2026-03-20
RAT_0003024,CUST_000202,TMDB_M_646380,4,2025-11-16
RAT_0003025,CUST_000202,TMDB_M_857,2,2026-02-06
RAT_0003026,CUST_000202,TMDB_M_99861,3,2025-08-03
RAT_0003027,CUST_000202,TMDB_T_1417,4,2025-12-19
RAT_0003028,CUST_000202,TMDB_T_2734,4,2026-03-14
RAT_0003029,CUST_000202,TMDB_T_66732,5,2026-02-01
RAT_0003030,CUST_000202,TMDB_T_71712,3,2025-08-17
RAT_0003031,CUST_000202,TMDB_T_76572,4,2025-11-08
RAT_0003032,CUST_000203,TMDB_M_10138,4,2025-01-20
RAT_0003033,CUST_000203,TMDB_M_10681,4,2025-06-15
RAT_0003034,CUST_000203,TMDB_M_122,3,2025-05-13
RAT_0003035,CUST_000203,TMDB_M_1297454,5,2025-02-27
RAT_0003036,CUST_000203,TMDB_M_1315303,5,2024-11-14
RAT_0003037,CUST_000203,TMDB_M_14836,5,2025-01-31
RAT_0003038,CUST_000203,TMDB_M_20352,3,2025-12-20
RAT_0003039,CUST_000203,TMDB_M_299536,5,2025-12-29
RAT_0003040,CUST_000203,TMDB_M_564,3,2025-10-20
RAT_0003041,CUST_000203,TMDB_M_687163,4,2026-03-22
RAT_0003042,CUST_000203,TMDB_M_694,4,2025-05-31
RAT_0003043,CUST_000203,TMDB_M_809,3,2025-08-18
RAT_0003044,CUST_000203,TMDB_M_950387,5,2025-04-07
RAT_0003045,CUST_000203,TMDB_M_9769,3,2025-03-21
RAT_0003046,CUST_000203,TMDB_M_98477,5,2025-08-18
RAT_0003047,CUST_000203,TMDB_M_991494,3,2024-10-30
RAT_0003048,CUST_000203,TMDB_T_1855,4,2025-02-08
RAT_0003049,CUST_000203,TMDB_T_195670,3,2025-11-26
RAT_0003050,CUST_000203,TMDB_T_32415,4,2025-01-12
RAT_0003051,CUST_000203,TMDB_T_48866,3,2024-11-23
RAT_0003052,CUST_000203,TMDB_T_549,5,2025-07-30
RAT_0003053,CUST_000203,TMDB_T_60574,4,2025-01-17
RAT_0003054,CUST_000203,TMDB_T_76572,5,2025-03-06
RAT_0003055,CUST_000204,TMDB_M_1610418,4,2025-08-06
RAT_0003056,CUST_000204,TMDB_T_154770,4,2025-11-04
RAT_0003057,CUST_000204,TMDB_T_2221,2,2026-01-08
RAT_0003058,CUST_000204,TMDB_T_2261,3,2025-10-24
RAT_0003059,CUST_000204,TMDB_T_237020,2,2026-03-30
RAT_0003060,CUST_000204,TMDB_T_4087,2,2026-02-25
RAT_0003061,CUST_000204,TMDB_T_76479,5,2025-09-15
RAT_0003062,CUST_000204,TMDB_T_98031,1,2025-07-28
RAT_0003063,CUST_000205,TMDB_M_1291335,3,2026-03-11
RAT_0003064,CUST_000205,TMDB_M_1387382,2,2025-09-10
RAT_0003065,CUST_000205,TMDB_M_214756,3,2026-02-06
RAT_0003066,CUST_000205,TMDB_T_1981,2,2025-11-10
RAT_0003067,CUST_000205,TMDB_T_34307,3,2025-12-22
RAT_0003068,CUST_000205,TMDB_T_4604,3,2026-02-04
RAT_0003069,CUST_000205,TMDB_T_4607,2,2026-03-12
RAT_0003070,CUST_000205,TMDB_T_95557,3,2025-10-15
RAT_0003071,CUST_000206,TMDB_M_1359,2,2026-04-06
RAT_0003072,CUST_000206,TMDB_M_1641319,2,2026-03-29
RAT_0003073,CUST_000206,TMDB_M_205596,3,2026-03-12
RAT_0003074,CUST_000206,TMDB_T_1667,4,2026-03-15
RAT_0003075,CUST_000207,TMDB_M_1061474,2,2026-03-01
RAT_0003076,CUST_000207,TMDB_M_1196067,4,2026-03-30
RAT_0003077,CUST_000207,TMDB_M_1430,2,2026-04-09
RAT_0003078,CUST_000207,TMDB_M_335983,2,2026-02-17
RAT_0003079,CUST_000207,TMDB_M_687163,3,2026-03-13
RAT_0003080,CUST_000207,TMDB_M_934433,3,2026-03-02
RAT_0003081,CUST_000207,TMDB_M_9769,3,2026-02-16
RAT_0003082,CUST_000207,TMDB_M_986056,5,2026-04-08
RAT_0003083,CUST_000207,TMDB_T_2224,4,2026-03-28
RAT_0003084,CUST_000207,TMDB_T_4588,4,2026-04-07
RAT_0003085,CUST_000208,TMDB_M_1265609,3,2026-01-19
RAT_0003086,CUST_000208,TMDB_M_389,4,2026-02-09
RAT_0003087,CUST_000208,TMDB_T_100088,3,2026-03-16
RAT_0003088,CUST_000208,TMDB_T_1434,4,2025-12-20
RAT_0003089,CUST_000208,TMDB_T_290856,3,2026-03-09
RAT_0003090,CUST_000208,TMDB_T_44217,4,2026-03-12
RAT_0003091,CUST_000208,TMDB_T_46296,4,2026-02-03
RAT_0003092,CUST_000208,TMDB_T_502,4,2025-12-23
RAT_0003093,CUST_000208,TMDB_T_549,5,2026-03-10
RAT_0003094,CUST_000208,TMDB_T_94722,3,2026-02-14
RAT_0003095,CUST_000209,TMDB_M_1015606,1,2024-10-17
RAT_0003096,CUST_000209,TMDB_M_1049471,3,2024-09-23
RAT_0003097,CUST_000209,TMDB_M_1115544,3,2024-08-16
RAT_0003098,CUST_000209,TMDB_M_1171145,2,2024-09-21
RAT_0003099,CUST_000209,TMDB_M_1272837,2,2024-08-02
RAT_0003100,CUST_000209,TMDB_M_1325734,3,2024-07-31
RAT_0003101,CUST_000209,TMDB_M_1367642,3,2024-10-08
RAT_0003102,CUST_000209,TMDB_M_1430,1,2024-10-25
RAT_0003103,CUST_000209,TMDB_M_1523145,3,2024-10-04
RAT_0003104,CUST_000209,TMDB_M_848116,1,2024-10-08
RAT_0003105,CUST_000209,TMDB_T_1408,1,2024-09-05
RAT_0003106,CUST_000209,TMDB_T_60574,2,2024-10-14
RAT_0003107,CUST_000210,TMDB_M_101,1,2025-04-22
RAT_0003108,CUST_000210,TMDB_M_1020969,2,2025-10-31
RAT_0003109,CUST_000210,TMDB_M_1159559,4,2025-03-28
RAT_0003110,CUST_000210,TMDB_M_1268127,4,2025-04-04
RAT_0003111,CUST_000210,TMDB_M_228150,3,2025-02-26
RAT_0003112,CUST_000210,TMDB_M_425274,3,2025-10-22
RAT_0003113,CUST_000210,TMDB_M_665,3,2026-01-13
RAT_0003114,CUST_000210,TMDB_M_875828,4,2025-05-09
RAT_0003115,CUST_000210,TMDB_M_949,2,2025-07-07
RAT_0003116,CUST_000210,TMDB_T_12225,4,2026-03-22
RAT_0003117,CUST_000210,TMDB_T_1416,4,2025-08-17
RAT_0003118,CUST_000210,TMDB_T_1705,3,2025-09-10
RAT_0003119,CUST_000210,TMDB_T_5092,3,2026-03-10
RAT_0003120,CUST_000210,TMDB_T_549,2,2025-08-31
RAT_0003121,CUST_000210,TMDB_T_60059,5,2025-08-31
RAT_0003122,CUST_000210,TMDB_T_60622,3,2025-07-05
RAT_0003123,CUST_000210,TMDB_T_80748,4,2026-02-02
RAT_0003124,CUST_000211,TMDB_M_1214931,3,2025-12-21
RAT_0003125,CUST_000211,TMDB_M_1290417,3,2025-12-03
RAT_0003126,CUST_000211,TMDB_M_1315303,3,2026-01-09
RAT_0003127,CUST_000211,TMDB_M_1381216,3,2024-07-31
RAT_0003128,CUST_000211,TMDB_M_1572073,2,2025-04-03
RAT_0003129,CUST_000211,TMDB_M_19592,4,2025-10-30
RAT_0003130,CUST_000211,TMDB_M_361743,4,2025-10-16
RAT_0003131,CUST_000211,TMDB_M_524047,4,2025-05-19
RAT_0003132,CUST_000211,TMDB_M_539,1,2026-01-15
RAT_0003133,CUST_000211,TMDB_M_687259,4,2025-05-28
RAT_0003134,CUST_000211,TMDB_M_862739,5,2025-12-13
RAT_0003135,CUST_000211,TMDB_M_933260,4,2025-01-04
RAT_0003136,CUST_000211,TMDB_T_127529,4,2024-07-26
RAT_0003137,CUST_000211,TMDB_T_33238,3,2024-12-07
RAT_0003138,CUST_000211,TMDB_T_4614,3,2025-03-18
RAT_0003139,CUST_000211,TMDB_T_4629,1,2024-09-13
RAT_0003140,CUST_000212,TMDB_M_1011985,2,2025-06-06
RAT_0003141,CUST_000212,TMDB_M_1015606,5,2025-06-10
RAT_0003142,CUST_000212,TMDB_M_1290417,4,2025-06-22
RAT_0003143,CUST_000212,TMDB_M_1430,5,2025-07-04
RAT_0003144,CUST_000212,TMDB_M_1646787,2,2025-06-22
RAT_0003145,CUST_000212,TMDB_M_278,3,2025-06-02
RAT_0003146,CUST_000212,TMDB_M_679,1,2025-07-03
RAT_0003147,CUST_000212,TMDB_M_967,1,2025-07-05
RAT_0003148,CUST_000212,TMDB_T_108978,1,2025-06-10
RAT_0003149,CUST_000212,TMDB_T_19530,3,2025-05-27
RAT_0003150,CUST_000212,TMDB_T_2661,1,2025-06-30
RAT_0003151,CUST_000212,TMDB_T_291,3,2025-07-04
RAT_0003152,CUST_000212,TMDB_T_60735,3,2025-06-02
RAT_0003153,CUST_000212,TMDB_T_70672,4,2025-06-04
RAT_0003154,CUST_000212,TMDB_T_764,1,2025-05-27
RAT_0003155,CUST_000213,TMDB_M_1241982,2,2025-12-22
RAT_0003156,CUST_000213,TMDB_M_1305781,5,2025-08-25
RAT_0003157,CUST_000213,TMDB_M_14836,2,2025-08-21
RAT_0003158,CUST_000213,TMDB_M_1497970,4,2026-01-28
RAT_0003159,CUST_000213,TMDB_M_1500099,5,2025-09-01
RAT_0003160,CUST_000213,TMDB_M_150540,5,2025-11-16
RAT_0003161,CUST_000213,TMDB_M_284054,2,2025-09-01
RAT_0003162,CUST_000213,TMDB_M_425274,1,2026-04-05
RAT_0003163,CUST_000213,TMDB_T_119051,3,2025-12-18
RAT_0003164,CUST_000213,TMDB_T_1409,1,2025-12-04
RAT_0003165,CUST_000213,TMDB_T_1622,2,2025-11-08
RAT_0003166,CUST_000213,TMDB_T_1695,3,2026-02-02
RAT_0003167,CUST_000213,TMDB_T_1855,2,2025-10-26
RAT_0003168,CUST_000213,TMDB_T_1911,3,2025-10-16
RAT_0003169,CUST_000213,TMDB_T_3452,2,2025-10-24
RAT_0003170,CUST_000213,TMDB_T_34524,3,2026-02-12
RAT_0003171,CUST_000213,TMDB_T_4087,2,2025-08-12
RAT_0003172,CUST_000213,TMDB_T_456,4,2026-01-08
RAT_0003173,CUST_000213,TMDB_T_4604,4,2026-02-27
RAT_0003174,CUST_000213,TMDB_T_4607,5,2025-12-17
RAT_0003175,CUST_000213,TMDB_T_72517,5,2026-01-31
RAT_0003176,CUST_000213,TMDB_T_76572,3,2025-12-16
RAT_0003177,CUST_000214,TMDB_M_1124,4,2025-06-18
RAT_0003178,CUST_000214,TMDB_M_1635276,3,2025-07-03
RAT_0003179,CUST_000214,TMDB_M_62029,4,2026-03-22
RAT_0003180,CUST_000214,TMDB_T_110075,2,2024-12-16
RAT_0003181,CUST_000214,TMDB_T_1408,4,2025-05-31
RAT_0003182,CUST_000214,TMDB_T_1433,2,2024-11-30
RAT_0003183,CUST_000214,TMDB_T_195670,3,2026-02-04
RAT_0003184,CUST_000214,TMDB_T_2004,3,2026-03-03
RAT_0003185,CUST_000214,TMDB_T_37680,4,2025-01-29
RAT_0003186,CUST_000214,TMDB_T_74561,2,2025-02-06
RAT_0003187,CUST_000215,TMDB_M_1019420,4,2026-03-24
RAT_0003188,CUST_000215,TMDB_M_14161,3,2026-04-03
RAT_0003189,CUST_000215,TMDB_M_1641319,3,2026-02-07
RAT_0003190,CUST_000215,TMDB_M_228150,3,2026-03-25
RAT_0003191,CUST_000215,TMDB_M_701387,3,2026-02-10
RAT_0003192,CUST_000215,TMDB_M_912649,5,2026-02-20
RAT_0003193,CUST_000215,TMDB_M_969681,1,2026-04-01
RAT_0003194,CUST_000215,TMDB_T_17610,4,2026-04-09
RAT_0003195,CUST_000215,TMDB_T_220542,1,2026-02-02
RAT_0003196,CUST_000215,TMDB_T_291,4,2026-03-27
RAT_0003197,CUST_000215,TMDB_T_35007,5,2026-04-03
RAT_0003198,CUST_000215,TMDB_T_502,5,2026-03-29
RAT_0003199,CUST_000216,TMDB_M_662707,3,2026-03-24
RAT_0003200,CUST_000216,TMDB_T_70672,4,2026-04-11
RAT_0003201,CUST_000217,TMDB_M_1430,2,2024-09-17
RAT_0003202,CUST_000217,TMDB_M_7451,3,2024-08-27
RAT_0003203,CUST_000217,TMDB_T_1399,3,2024-08-21
RAT_0003204,CUST_000217,TMDB_T_278275,1,2024-08-17
RAT_0003205,CUST_000217,TMDB_T_34524,1,2024-09-09
RAT_0003206,CUST_000217,TMDB_T_42009,3,2024-09-14
RAT_0003207,CUST_000217,TMDB_T_48866,3,2024-09-01
RAT_0003208,CUST_000218,TMDB_M_10193,3,2026-04-05
RAT_0003209,CUST_000218,TMDB_M_1191876,2,2025-11-21
RAT_0003210,CUST_000218,TMDB_M_1193501,3,2026-03-05
RAT_0003211,CUST_000218,TMDB_M_152742,3,2026-03-01
RAT_0003212,CUST_000218,TMDB_M_1620551,3,2026-02-06
RAT_0003213,CUST_000218,TMDB_M_218,3,2026-02-25
RAT_0003214,CUST_000218,TMDB_M_423,5,2026-03-07
RAT_0003215,CUST_000218,TMDB_M_493125,4,2025-11-04
RAT_0003216,CUST_000218,TMDB_M_8966,3,2026-01-30
RAT_0003217,CUST_000218,TMDB_M_980477,5,2026-02-09
RAT_0003218,CUST_000218,TMDB_T_120089,3,2026-02-18
RAT_0003219,CUST_000218,TMDB_T_1403,4,2026-03-02
RAT_0003220,CUST_000218,TMDB_T_1668,2,2025-12-16
RAT_0003221,CUST_000218,TMDB_T_289219,3,2026-01-02
RAT_0003222,CUST_000218,TMDB_T_4614,2,2025-12-11
RAT_0003223,CUST_000218,TMDB_T_65503,2,2026-03-04
RAT_0003224,CUST_000218,TMDB_T_71790,4,2026-03-30
RAT_0003225,CUST_000218,TMDB_T_95557,3,2025-10-22
RAT_0003226,CUST_000219,TMDB_M_1078605,3,2025-11-19
RAT_0003227,CUST_000219,TMDB_M_1266127,3,2026-04-03
RAT_0003228,CUST_000219,TMDB_M_1272837,1,2026-02-14
RAT_0003229,CUST_000219,TMDB_M_1284120,2,2025-12-18
RAT_0003230,CUST_000219,TMDB_M_1284460,3,2026-02-11
RAT_0003231,CUST_000219,TMDB_M_1430,5,2026-02-17
RAT_0003232,CUST_000219,TMDB_M_1462146,2,2025-08-21
RAT_0003233,CUST_000219,TMDB_M_1572073,4,2025-10-26
RAT_0003234,CUST_000219,TMDB_M_1646142,2,2026-02-28
RAT_0003235,CUST_000219,TMDB_M_348,2,2025-09-05
RAT_0003236,CUST_000219,TMDB_M_429,5,2026-04-01
RAT_0003237,CUST_000219,TMDB_M_493125,2,2025-07-08
RAT_0003238,CUST_000219,TMDB_M_541671,1,2026-02-02
RAT_0003239,CUST_000219,TMDB_M_567609,2,2025-09-01
RAT_0003240,CUST_000219,TMDB_M_945961,2,2025-10-03
RAT_0003241,CUST_000219,TMDB_T_1416,3,2025-07-27
RAT_0003242,CUST_000219,TMDB_T_241609,3,2025-07-09
RAT_0003243,CUST_000220,TMDB_M_11036,2,2025-11-27
RAT_0003244,CUST_000220,TMDB_M_1367642,4,2025-12-05
RAT_0003245,CUST_000220,TMDB_M_205596,4,2026-03-17
RAT_0003246,CUST_000220,TMDB_M_665,2,2026-03-22
RAT_0003247,CUST_000220,TMDB_M_755898,3,2026-03-05
RAT_0003248,CUST_000220,TMDB_M_967,5,2026-03-20
RAT_0003249,CUST_000220,TMDB_T_1911,3,2026-01-25
RAT_0003250,CUST_000220,TMDB_T_291,4,2026-04-07
RAT_0003251,CUST_000220,TMDB_T_44217,1,2026-01-12
RAT_0003252,CUST_000220,TMDB_T_456,4,2025-08-30
RAT_0003253,CUST_000220,TMDB_T_5092,1,2025-11-24
RAT_0003254,CUST_000220,TMDB_T_95557,3,2025-10-05
RAT_0003255,CUST_000221,TMDB_M_1252037,4,2026-03-31
RAT_0003256,CUST_000221,TMDB_M_1426964,3,2026-02-22
RAT_0003257,CUST_000221,TMDB_M_1523145,4,2026-02-11
RAT_0003258,CUST_000221,TMDB_M_205596,4,2026-01-13
RAT_0003259,CUST_000221,TMDB_M_453395,3,2026-04-07
RAT_0003260,CUST_000221,TMDB_M_4935,4,2026-02-20
RAT_0003261,CUST_000221,TMDB_M_857,3,2026-04-08
RAT_0003262,CUST_000221,TMDB_M_950387,3,2026-03-29
RAT_0003263,CUST_000221,TMDB_T_56570,2,2026-01-31
RAT_0003264,CUST_000221,TMDB_T_60574,5,2026-04-06
RAT_0003265,CUST_000222,TMDB_M_1015606,4,2026-02-15
RAT_0003266,CUST_000222,TMDB_M_1159831,3,2025-04-08
RAT_0003267,CUST_000222,TMDB_M_1171145,4,2025-06-17
RAT_0003268,CUST_000222,TMDB_M_1228246,3,2025-08-16
RAT_0003269,CUST_000222,TMDB_M_1430,3,2026-03-30
RAT_0003270,CUST_000222,TMDB_M_284054,4,2025-12-04
RAT_0003271,CUST_000222,TMDB_M_479197,4,2026-01-10
RAT_0003272,CUST_000222,TMDB_M_628847,1,2026-03-21
RAT_0003273,CUST_000222,TMDB_M_665,4,2026-03-07
RAT_0003274,CUST_000222,TMDB_M_680493,5,2025-09-21
RAT_0003275,CUST_000222,TMDB_M_76341,3,2025-10-08
RAT_0003276,CUST_000222,TMDB_T_110075,3,2025-12-14
RAT_0003277,CUST_000222,TMDB_T_1431,2,2025-09-12
RAT_0003278,CUST_000222,TMDB_T_1705,4,2025-03-16
RAT_0003279,CUST_000222,TMDB_T_19530,4,2026-01-20
RAT_0003280,CUST_000222,TMDB_T_37680,2,2025-09-10
RAT_0003281,CUST_000222,TMDB_T_65733,3,2025-11-12
RAT_0003282,CUST_000222,TMDB_T_764,3,2025-09-28
RAT_0003283,CUST_000222,TMDB_T_8962,5,2025-07-30
RAT_0003284,CUST_000223,TMDB_M_1327819,5,2025-05-29
RAT_0003285,CUST_000223,TMDB_M_1658216,3,2025-03-28
RAT_0003286,CUST_000223,TMDB_M_269149,4,2026-01-13
RAT_0003287,CUST_000223,TMDB_M_3558,1,2025-11-04
RAT_0003288,CUST_000223,TMDB_M_7451,3,2024-06-29
RAT_0003289,CUST_000223,TMDB_M_773543,2,2025-08-26
RAT_0003290,CUST_000223,TMDB_M_812,3,2025-10-12
RAT_0003291,CUST_000223,TMDB_M_823219,2,2025-12-09
RAT_0003292,CUST_000223,TMDB_M_953,2,2024-12-31
RAT_0003293,CUST_000223,TMDB_T_124364,5,2026-03-01
RAT_0003294,CUST_000223,TMDB_T_1403,3,2025-11-24
RAT_0003295,CUST_000223,TMDB_T_1416,4,2026-02-14
RAT_0003296,CUST_000223,TMDB_T_1855,1,2025-03-03
RAT_0003297,CUST_000223,TMDB_T_42009,2,2025-02-18
RAT_0003298,CUST_000223,TMDB_T_4629,3,2024-07-21
RAT_0003299,CUST_000223,TMDB_T_65503,3,2025-10-04
RAT_0003300,CUST_000223,TMDB_T_65733,2,2025-01-26
RAT_0003301,CUST_000223,TMDB_T_66732,3,2024-09-23
RAT_0003302,CUST_000223,TMDB_T_6836,3,2025-07-13
RAT_0003303,CUST_000223,TMDB_T_74561,4,2026-02-12
RAT_0003304,CUST_000224,TMDB_M_1120911,3,2026-01-30
RAT_0003305,CUST_000224,TMDB_M_1234821,4,2025-11-18
RAT_0003306,CUST_000224,TMDB_M_273477,3,2026-01-23
RAT_0003307,CUST_000224,TMDB_M_396535,1,2025-12-02
RAT_0003308,CUST_000224,TMDB_M_52741,2,2025-12-06
RAT_0003309,CUST_000224,TMDB_M_687163,3,2026-01-05
RAT_0003310,CUST_000224,TMDB_M_857,3,2026-03-28
RAT_0003311,CUST_000224,TMDB_M_911430,2,2025-12-01
RAT_0003312,CUST_000224,TMDB_T_195670,3,2026-03-14
RAT_0003313,CUST_000224,TMDB_T_1981,4,2025-12-11
RAT_0003314,CUST_000224,TMDB_T_2004,3,2026-02-12
RAT_0003315,CUST_000224,TMDB_T_237020,1,2026-03-29
RAT_0003316,CUST_000224,TMDB_T_95897,1,2026-02-01
RAT_0003317,CUST_000225,TMDB_M_1159559,2,2025-08-31
RAT_0003318,CUST_000225,TMDB_M_1228246,1,2025-09-03
RAT_0003319,CUST_000225,TMDB_T_154770,1,2025-08-08
RAT_0003320,CUST_000225,TMDB_T_2171,3,2025-08-09
RAT_0003321,CUST_000225,TMDB_T_46296,3,2025-09-01
RAT_0003322,CUST_000225,TMDB_T_5092,2,2025-09-01
RAT_0003323,CUST_000226,TMDB_M_10193,4,2025-04-15
RAT_0003324,CUST_000226,TMDB_M_1022787,3,2025-07-29
RAT_0003325,CUST_000226,TMDB_M_10681,4,2026-02-10
RAT_0003326,CUST_000226,TMDB_M_1084242,4,2025-09-19
RAT_0003327,CUST_000226,TMDB_M_1120911,3,2025-09-06
RAT_0003328,CUST_000226,TMDB_M_1197137,3,2025-06-08
RAT_0003329,CUST_000226,TMDB_M_1336770,1,2026-01-21
RAT_0003330,CUST_000226,TMDB_M_1403327,1,2025-10-13
RAT_0003331,CUST_000226,TMDB_M_1480382,4,2025-12-15
RAT_0003332,CUST_000226,TMDB_M_1575337,2,2025-07-11
RAT_0003333,CUST_000226,TMDB_M_228150,5,2026-03-16
RAT_0003334,CUST_000226,TMDB_M_37165,4,2025-05-13
RAT_0003335,CUST_000226,TMDB_M_374720,2,2026-02-11
RAT_0003336,CUST_000226,TMDB_M_389677,3,2025-03-20
RAT_0003337,CUST_000226,TMDB_M_467905,3,2026-02-24
RAT_0003338,CUST_000226,TMDB_M_508947,2,2025-06-30
RAT_0003339,CUST_000226,TMDB_M_603,2,2025-05-28
RAT_0003340,CUST_000226,TMDB_M_840464,1,2026-03-20
RAT_0003341,CUST_000226,TMDB_T_1399,3,2026-03-18
RAT_0003342,CUST_000226,TMDB_T_1417,2,2025-11-04
RAT_0003343,CUST_000226,TMDB_T_154770,1,2025-04-30
RAT_0003344,CUST_000226,TMDB_T_1981,2,2025-05-13
RAT_0003345,CUST_000226,TMDB_T_228091,1,2026-03-16
RAT_0003346,CUST_000226,TMDB_T_30981,3,2026-03-08
RAT_0003347,CUST_000226,TMDB_T_31910,1,2025-03-11
RAT_0003348,CUST_000226,TMDB_T_4057,2,2025-04-29
RAT_0003349,CUST_000226,TMDB_T_456,3,2026-03-21
RAT_0003350,CUST_000226,TMDB_T_4629,3,2025-07-14
RAT_0003351,CUST_000226,TMDB_T_59941,5,2026-03-28
RAT_0003352,CUST_000227,TMDB_M_10193,4,2026-03-21
RAT_0003353,CUST_000227,TMDB_M_1022787,1,2025-08-25
RAT_0003354,CUST_000227,TMDB_M_1159559,4,2025-11-27
RAT_0003355,CUST_000227,TMDB_M_121,2,2025-12-08
RAT_0003356,CUST_000227,TMDB_M_1426297,1,2026-01-17
RAT_0003357,CUST_000227,TMDB_M_1430,2,2025-12-16
RAT_0003358,CUST_000227,TMDB_M_1462146,3,2026-03-08
RAT_0003359,CUST_000227,TMDB_M_1497970,4,2025-08-22
RAT_0003360,CUST_000227,TMDB_M_4935,1,2025-07-30
RAT_0003361,CUST_000227,TMDB_M_677638,2,2025-10-04
RAT_0003362,CUST_000227,TMDB_T_220542,3,2026-02-18
RAT_0003363,CUST_000227,TMDB_T_22980,3,2026-03-19
RAT_0003364,CUST_000227,TMDB_T_60574,5,2025-12-02
RAT_0003365,CUST_000227,TMDB_T_75219,1,2026-03-04
RAT_0003366,CUST_000228,TMDB_M_205596,1,2026-03-20
RAT_0003367,CUST_000228,TMDB_T_4604,3,2026-03-02
RAT_0003368,CUST_000229,TMDB_M_1020969,3,2026-02-06
RAT_0003369,CUST_000229,TMDB_M_106646,3,2026-04-04
RAT_0003370,CUST_000229,TMDB_M_1584215,3,2026-04-08
RAT_0003371,CUST_000229,TMDB_T_74561,1,2026-03-02
RAT_0003372,CUST_000229,TMDB_T_76479,3,2026-03-29
RAT_0003373,CUST_000230,TMDB_M_1015606,2,2025-08-06
RAT_0003374,CUST_000230,TMDB_M_122,4,2024-07-04
RAT_0003375,CUST_000230,TMDB_M_1290417,4,2026-03-21
RAT_0003376,CUST_000230,TMDB_M_1290821,3,2025-04-06
RAT_0003377,CUST_000230,TMDB_M_1470130,3,2025-04-21
RAT_0003378,CUST_000230,TMDB_M_414906,4,2025-06-27
RAT_0003379,CUST_000230,TMDB_M_4232,3,2025-08-06
RAT_0003380,CUST_000230,TMDB_M_429,4,2026-04-01
RAT_0003381,CUST_000230,TMDB_M_634649,4,2024-08-03
RAT_0003382,CUST_000230,TMDB_T_1412,2,2024-05-14
RAT_0003383,CUST_000230,TMDB_T_2261,4,2024-05-28
RAT_0003384,CUST_000230,TMDB_T_241609,4,2024-10-27
RAT_0003385,CUST_000230,TMDB_T_279471,2,2025-07-08
RAT_0003386,CUST_000230,TMDB_T_62223,1,2025-03-13
RAT_0003387,CUST_000230,TMDB_T_73586,5,2026-03-27
RAT_0003388,CUST_000231,TMDB_M_1171145,1,2025-05-15
RAT_0003389,CUST_000231,TMDB_M_1175942,1,2025-10-16
RAT_0003390,CUST_000231,TMDB_M_447273,4,2025-04-09
RAT_0003391,CUST_000231,TMDB_M_950387,2,2025-04-06
RAT_0003392,CUST_000231,TMDB_M_969681,3,2024-05-14
RAT_0003393,CUST_000231,TMDB_T_112527,4,2025-04-25
RAT_0003394,CUST_000231,TMDB_T_120089,2,2024-06-20
RAT_0003395,CUST_000231,TMDB_T_1402,1,2025-06-25
RAT_0003396,CUST_000231,TMDB_T_154770,1,2025-03-05
RAT_0003397,CUST_000231,TMDB_T_65334,3,2025-12-23
RAT_0003398,CUST_000231,TMDB_T_71728,2,2024-10-01
RAT_0003399,CUST_000232,TMDB_M_1020969,3,2024-11-27
RAT_0003400,CUST_000232,TMDB_M_109445,3,2025-03-19
RAT_0003401,CUST_000232,TMDB_M_1290821,2,2025-12-02
RAT_0003402,CUST_000232,TMDB_M_1584215,3,2025-09-12
RAT_0003403,CUST_000232,TMDB_M_662707,3,2025-09-27
RAT_0003404,CUST_000232,TMDB_M_7451,4,2024-10-31
RAT_0003405,CUST_000232,TMDB_M_991494,1,2025-08-21
RAT_0003406,CUST_000232,TMDB_T_119051,3,2025-05-25
RAT_0003407,CUST_000232,TMDB_T_220542,3,2025-01-16
RAT_0003408,CUST_000232,TMDB_T_2261,3,2026-02-07
RAT_0003409,CUST_000232,TMDB_T_237020,4,2026-03-19
RAT_0003410,CUST_000232,TMDB_T_30981,5,2025-06-28
RAT_0003411,CUST_000232,TMDB_T_46260,2,2026-02-03
RAT_0003412,CUST_000232,TMDB_T_46296,3,2025-04-25
RAT_0003413,CUST_000232,TMDB_T_46952,3,2026-03-02
RAT_0003414,CUST_000232,TMDB_T_48866,5,2025-11-08
RAT_0003415,CUST_000232,TMDB_T_498,3,2025-05-18
RAT_0003416,CUST_000232,TMDB_T_62223,3,2026-01-08
RAT_0003417,CUST_000232,TMDB_T_65733,3,2025-01-16
RAT_0003418,CUST_000232,TMDB_T_66732,1,2024-11-29
RAT_0003419,CUST_000232,TMDB_T_6836,1,2026-02-09
RAT_0003420,CUST_000232,TMDB_T_70672,4,2026-01-11
RAT_0003421,CUST_000232,TMDB_T_8962,4,2026-04-10
RAT_0003422,CUST_000233,TMDB_M_1192548,3,2026-02-18
RAT_0003423,CUST_000233,TMDB_M_1290821,3,2025-08-10
RAT_0003424,CUST_000233,TMDB_M_1539104,1,2025-08-10
RAT_0003425,CUST_000233,TMDB_M_1620551,2,2025-11-19
RAT_0003426,CUST_000233,TMDB_M_1646787,4,2026-01-07
RAT_0003427,CUST_000233,TMDB_M_228150,3,2026-02-19
RAT_0003428,CUST_000233,TMDB_M_324786,2,2026-01-27
RAT_0003429,CUST_000233,TMDB_M_475557,3,2025-12-24
RAT_0003430,CUST_000233,TMDB_M_840464,2,2025-07-27
RAT_0003431,CUST_000233,TMDB_M_857,3,2025-11-23
RAT_0003432,CUST_000233,TMDB_T_1398,1,2025-07-19
RAT_0003433,CUST_000233,TMDB_T_1435,3,2025-11-24
RAT_0003434,CUST_000233,TMDB_T_2224,4,2026-02-25
RAT_0003435,CUST_000233,TMDB_T_60059,3,2025-12-25
RAT_0003436,CUST_000233,TMDB_T_60735,2,2025-04-19
RAT_0003437,CUST_000234,TMDB_M_1115544,3,2025-02-14
RAT_0003438,CUST_000234,TMDB_M_1119449,3,2026-02-27
RAT_0003439,CUST_000234,TMDB_M_1171145,2,2025-02-18
RAT_0003440,CUST_000234,TMDB_M_12153,2,2025-06-23
RAT_0003441,CUST_000234,TMDB_M_1234821,3,2025-05-19
RAT_0003442,CUST_000234,TMDB_M_1276704,2,2025-03-24
RAT_0003443,CUST_000234,TMDB_M_1306368,1,2024-12-23
RAT_0003444,CUST_000234,TMDB_M_1311031,3,2026-01-13
RAT_0003445,CUST_000234,TMDB_M_1403327,4,2025-03-17
RAT_0003446,CUST_000234,TMDB_M_193972,3,2025-08-24
RAT_0003447,CUST_000234,TMDB_M_24428,3,2026-02-18
RAT_0003448,CUST_000234,TMDB_M_286217,2,2025-06-02
RAT_0003449,CUST_000234,TMDB_M_346698,1,2025-10-24
RAT_0003450,CUST_000234,TMDB_M_58008,1,2025-01-07
RAT_0003451,CUST_000234,TMDB_M_646380,2,2025-03-08
RAT_0003452,CUST_000234,TMDB_M_755898,3,2024-10-04
RAT_0003453,CUST_000234,TMDB_T_1396,1,2026-03-12
RAT_0003454,CUST_000234,TMDB_T_154770,2,2025-04-18
RAT_0003455,CUST_000234,TMDB_T_3452,5,2026-03-23
RAT_0003456,CUST_000234,TMDB_T_98031,4,2026-04-06
RAT_0003457,CUST_000235,TMDB_M_1054867,3,2024-08-21
RAT_0003458,CUST_000235,TMDB_M_1087891,5,2024-11-11
RAT_0003459,CUST_000235,TMDB_M_1110034,2,2024-08-17
RAT_0003460,CUST_000235,TMDB_M_120,2,2024-11-15
RAT_0003461,CUST_000235,TMDB_M_1272837,3,2025-02-05
RAT_0003462,CUST_000235,TMDB_M_1297842,3,2025-01-03
RAT_0003463,CUST_000235,TMDB_M_1305781,4,2024-08-03
RAT_0003464,CUST_000235,TMDB_M_1326106,1,2025-01-26
RAT_0003465,CUST_000235,TMDB_M_1367763,2,2024-11-15
RAT_0003466,CUST_000235,TMDB_M_1412598,1,2024-10-18
RAT_0003467,CUST_000235,TMDB_M_1470130,1,2025-01-01
RAT_0003468,CUST_000235,TMDB_M_156022,1,2025-01-29
RAT_0003469,CUST_000235,TMDB_M_1575337,5,2024-06-23
RAT_0003470,CUST_000235,TMDB_M_378236,3,2025-01-19
RAT_0003471,CUST_000235,TMDB_M_539,1,2024-11-20
RAT_0003472,CUST_000235,TMDB_T_10534,1,2024-12-24
RAT_0003473,CUST_000235,TMDB_T_14981,3,2024-10-01
RAT_0003474,CUST_000235,TMDB_T_19530,2,2024-06-20
RAT_0003475,CUST_000235,TMDB_T_202555,1,2025-01-10
RAT_0003476,CUST_000235,TMDB_T_2190,4,2024-08-11
RAT_0003477,CUST_000235,TMDB_T_35007,4,2025-01-09
RAT_0003478,CUST_000235,TMDB_T_456,1,2024-12-23
RAT_0003479,CUST_000235,TMDB_T_502,4,2025-01-31
RAT_0003480,CUST_000235,TMDB_T_6836,1,2025-01-17
RAT_0003481,CUST_000235,TMDB_T_82873,3,2024-11-26
RAT_0003482,CUST_000236,TMDB_M_1003596,5,2025-06-22
RAT_0003483,CUST_000236,TMDB_M_1011477,3,2026-03-14
RAT_0003484,CUST_000236,TMDB_M_1078605,1,2025-09-20
RAT_0003485,CUST_000236,TMDB_M_1084242,3,2025-03-19
RAT_0003486,CUST_000236,TMDB_M_1234731,4,2025-04-22
RAT_0003487,CUST_000236,TMDB_M_1241470,4,2025-04-30
RAT_0003488,CUST_000236,TMDB_M_1268127,3,2026-02-16
RAT_0003489,CUST_000236,TMDB_M_1284460,1,2025-04-07
RAT_0003490,CUST_000236,TMDB_M_1368166,5,2026-04-02
RAT_0003491,CUST_000236,TMDB_M_1387382,2,2026-02-12
RAT_0003492,CUST_000236,TMDB_M_1419406,1,2025-07-25
RAT_0003493,CUST_000236,TMDB_M_1493859,2,2026-02-10
RAT_0003494,CUST_000236,TMDB_M_1726,4,2025-10-02
RAT_0003495,CUST_000236,TMDB_M_181808,3,2025-09-23
RAT_0003496,CUST_000236,TMDB_M_38,3,2025-06-02
RAT_0003497,CUST_000236,TMDB_M_419430,4,2025-07-07
RAT_0003498,CUST_000236,TMDB_M_617126,2,2025-04-30
RAT_0003499,CUST_000236,TMDB_M_680493,3,2025-04-16
RAT_0003500,CUST_000236,TMDB_M_701387,4,2026-02-08
RAT_0003501,CUST_000236,TMDB_M_969681,1,2026-02-21
RAT_0003502,CUST_000236,TMDB_T_1433,3,2025-10-06
RAT_0003503,CUST_000236,TMDB_T_291,4,2026-03-28
RAT_0003504,CUST_000236,TMDB_T_4177,4,2026-04-07
RAT_0003505,CUST_000236,TMDB_T_57243,2,2025-10-14
RAT_0003506,CUST_000236,TMDB_T_72517,2,2025-03-03
RAT_0003507,CUST_000236,TMDB_T_76479,3,2026-03-31
RAT_0003508,CUST_000237,TMDB_M_1003596,3,2024-07-17
RAT_0003509,CUST_000237,TMDB_M_106,4,2026-02-23
RAT_0003510,CUST_000237,TMDB_M_1087192,5,2025-12-15
RAT_0003511,CUST_000237,TMDB_M_1241470,1,2025-05-06
RAT_0003512,CUST_000237,TMDB_M_1276038,2,2025-06-25
RAT_0003513,CUST_000237,TMDB_M_1462146,4,2026-01-17
RAT_0003514,CUST_000237,TMDB_M_447365,1,2025-04-21
RAT_0003515,CUST_000237,TMDB_M_601,4,2024-07-20
RAT_0003516,CUST_000237,TMDB_M_634649,2,2024-07-06
RAT_0003517,CUST_000237,TMDB_M_823219,4,2025-09-01
RAT_0003518,CUST_000237,TMDB_T_13945,1,2025-06-28
RAT_0003519,CUST_000237,TMDB_T_15260,2,2025-11-15
RAT_0003520,CUST_000237,TMDB_T_209867,4,2024-09-18
RAT_0003521,CUST_000237,TMDB_T_2261,3,2025-07-29
RAT_0003522,CUST_000237,TMDB_T_278275,1,2025-02-07
RAT_0003523,CUST_000237,TMDB_T_289219,4,2026-02-15
RAT_0003524,CUST_000237,TMDB_T_4588,4,2025-06-13
RAT_0003525,CUST_000237,TMDB_T_4601,2,2024-09-19
RAT_0003526,CUST_000237,TMDB_T_95557,5,2025-01-27
RAT_0003527,CUST_000238,TMDB_M_120,2,2025-10-25
RAT_0003528,CUST_000238,TMDB_M_122,2,2025-09-19
RAT_0003529,CUST_000238,TMDB_M_1523145,2,2024-12-12
RAT_0003530,CUST_000238,TMDB_M_1620551,4,2025-01-25
RAT_0003531,CUST_000238,TMDB_M_83533,3,2024-12-22
RAT_0003532,CUST_000238,TMDB_T_112527,2,2025-10-16
RAT_0003533,CUST_000238,TMDB_T_1407,1,2025-07-30
RAT_0003534,CUST_000238,TMDB_T_17610,3,2025-01-21
RAT_0003535,CUST_000238,TMDB_T_291,4,2025-03-13
RAT_0003536,CUST_000238,TMDB_T_33765,1,2025-10-02
RAT_0003537,CUST_000238,TMDB_T_46952,3,2025-07-03
RAT_0003538,CUST_000238,TMDB_T_5092,4,2025-04-26
RAT_0003539,CUST_000238,TMDB_T_66732,3,2024-12-15
RAT_0003540,CUST_000238,TMDB_T_70672,3,2025-10-18
RAT_0003541,CUST_000239,TMDB_M_1087891,2,2024-12-28
RAT_0003542,CUST_000239,TMDB_M_1214871,3,2025-09-23
RAT_0003543,CUST_000239,TMDB_M_156022,3,2026-02-04
RAT_0003544,CUST_000239,TMDB_M_1653994,1,2025-03-15
RAT_0003545,CUST_000239,TMDB_M_329505,5,2025-02-14
RAT_0003546,CUST_000239,TMDB_M_840464,1,2025-04-27
RAT_0003547,CUST_000239,TMDB_M_848116,2,2026-03-11
RAT_0003548,CUST_000239,TMDB_M_936075,4,2026-04-02
RAT_0003549,CUST_000239,TMDB_T_202411,3,2025-07-09
RAT_0003550,CUST_000239,TMDB_T_202555,1,2025-02-04
RAT_0003551,CUST_000239,TMDB_T_278275,5,2026-01-06
RAT_0003552,CUST_000239,TMDB_T_45789,4,2024-12-22
RAT_0003553,CUST_000239,TMDB_T_70672,3,2025-10-27
RAT_0003554,CUST_000240,TMDB_M_1084187,1,2024-09-26
RAT_0003555,CUST_000240,TMDB_M_1523145,4,2025-08-24
RAT_0003556,CUST_000240,TMDB_M_1620551,4,2024-11-09
RAT_0003557,CUST_000240,TMDB_M_1658216,4,2024-08-26
RAT_0003558,CUST_000240,TMDB_M_601,2,2025-03-19
RAT_0003559,CUST_000240,TMDB_M_969681,4,2025-03-24
RAT_0003560,CUST_000240,TMDB_T_1398,4,2025-03-24
RAT_0003561,CUST_000240,TMDB_T_1421,2,2024-08-03
RAT_0003562,CUST_000240,TMDB_T_65733,5,2025-01-23
RAT_0003563,CUST_000240,TMDB_T_76479,2,2025-11-01
RAT_0003564,CUST_000241,TMDB_M_4232,3,2025-08-07
RAT_0003565,CUST_000241,TMDB_M_734286,3,2026-01-10
RAT_0003566,CUST_000241,TMDB_M_73861,5,2025-08-30
RAT_0003567,CUST_000241,TMDB_T_1416,3,2025-10-28
RAT_0003568,CUST_000241,TMDB_T_1695,2,2025-09-15
RAT_0003569,CUST_000241,TMDB_T_209867,3,2026-04-10
RAT_0003570,CUST_000241,TMDB_T_2661,2,2025-09-24
RAT_0003571,CUST_000241,TMDB_T_2734,1,2026-01-28
RAT_0003572,CUST_000241,TMDB_T_35007,3,2026-03-24
RAT_0003573,CUST_000241,TMDB_T_456,4,2025-12-04
RAT_0003574,CUST_000241,TMDB_T_4614,3,2025-08-11
RAT_0003575,CUST_000241,TMDB_T_66732,1,2025-09-14
RAT_0003576,CUST_000241,TMDB_T_873,4,2025-10-06
RAT_0003577,CUST_000241,TMDB_T_8962,2,2025-10-08
RAT_0003578,CUST_000242,TMDB_M_1159831,2,2025-02-24
RAT_0003579,CUST_000242,TMDB_T_2734,3,2025-02-19
RAT_0003580,CUST_000242,TMDB_T_4614,4,2025-02-25
RAT_0003581,CUST_000242,TMDB_T_62223,4,2025-04-30
RAT_0003582,CUST_000242,TMDB_T_73586,3,2025-05-19
RAT_0003583,CUST_000243,TMDB_M_101,2,2025-07-28
RAT_0003584,CUST_000243,TMDB_M_1038392,2,2025-11-22
RAT_0003585,CUST_000243,TMDB_M_1078605,3,2025-12-24
RAT_0003586,CUST_000243,TMDB_M_1214931,4,2026-02-28
RAT_0003587,CUST_000243,TMDB_M_1304313,4,2026-03-26
RAT_0003588,CUST_000243,TMDB_M_1315303,3,2025-07-18
RAT_0003589,CUST_000243,TMDB_M_205596,4,2026-03-27
RAT_0003590,CUST_000243,TMDB_M_381288,4,2026-04-07
RAT_0003591,CUST_000243,TMDB_M_414906,4,2025-12-26
RAT_0003592,CUST_000243,TMDB_M_4232,2,2026-03-19
RAT_0003593,CUST_000243,TMDB_M_634649,3,2025-08-16
RAT_0003594,CUST_000243,TMDB_M_679,4,2025-11-25
RAT_0003595,CUST_000243,TMDB_M_687259,3,2026-03-01
RAT_0003596,CUST_000243,TMDB_M_694,4,2026-02-17
RAT_0003597,CUST_000243,TMDB_M_967,3,2026-03-22
RAT_0003598,CUST_000243,TMDB_T_1622,2,2025-07-09
RAT_0003599,CUST_000243,TMDB_T_195670,3,2025-12-16
RAT_0003600,CUST_000243,TMDB_T_456,3,2025-08-23
RAT_0003601,CUST_000243,TMDB_T_60622,4,2025-11-07
RAT_0003602,CUST_000243,TMDB_T_65503,1,2025-10-06
RAT_0003603,CUST_000243,TMDB_T_68350,5,2025-09-07
RAT_0003604,CUST_000243,TMDB_T_6836,3,2026-01-12
RAT_0003605,CUST_000244,TMDB_M_1072699,1,2025-10-13
RAT_0003606,CUST_000244,TMDB_M_1523145,4,2025-08-19
RAT_0003607,CUST_000244,TMDB_M_1579,2,2025-03-02
RAT_0003608,CUST_000244,TMDB_M_1726,1,2026-04-01
RAT_0003609,CUST_000244,TMDB_M_293660,4,2025-08-09
RAT_0003610,CUST_000244,TMDB_M_374720,3,2026-04-02
RAT_0003611,CUST_000244,TMDB_M_539972,2,2026-03-22
RAT_0003612,CUST_000244,TMDB_M_857,4,2025-10-22
RAT_0003613,CUST_000244,TMDB_T_1403,4,2025-11-24
RAT_0003614,CUST_000244,TMDB_T_202555,2,2024-11-30
RAT_0003615,CUST_000244,TMDB_T_209867,4,2025-10-06
RAT_0003616,CUST_000244,TMDB_T_291,4,2025-12-26
RAT_0003617,CUST_000244,TMDB_T_4177,3,2025-08-02
RAT_0003618,CUST_000244,TMDB_T_4656,1,2026-03-22
RAT_0003619,CUST_000245,TMDB_M_1175942,3,2025-05-21
RAT_0003620,CUST_000245,TMDB_M_1290821,1,2025-05-22
RAT_0003621,CUST_000245,TMDB_M_1317672,2,2025-05-19
RAT_0003622,CUST_000245,TMDB_M_412117,3,2025-05-29
RAT_0003623,CUST_000245,TMDB_M_447273,4,2025-05-17
RAT_0003624,CUST_000245,TMDB_T_119051,1,2025-04-13
RAT_0003625,CUST_000246,TMDB_M_1198994,3,2025-03-20
RAT_0003626,CUST_000246,TMDB_M_1297842,3,2026-01-10
RAT_0003627,CUST_000246,TMDB_M_1316092,5,2025-07-27
RAT_0003628,CUST_000246,TMDB_M_20352,3,2026-03-31
RAT_0003629,CUST_000246,TMDB_M_412117,3,2026-03-09
RAT_0003630,CUST_000246,TMDB_M_949,3,2025-12-17
RAT_0003631,CUST_000246,TMDB_T_1667,2,2025-03-04
RAT_0003632,CUST_000246,TMDB_T_1855,3,2026-03-22
RAT_0003633,CUST_000246,TMDB_T_1911,2,2026-03-23
RAT_0003634,CUST_000246,TMDB_T_2171,1,2025-04-06
RAT_0003635,CUST_000246,TMDB_T_284058,3,2025-04-04
RAT_0003636,CUST_000246,TMDB_T_32692,3,2026-02-27
RAT_0003637,CUST_000246,TMDB_T_48866,1,2025-10-01
RAT_0003638,CUST_000246,TMDB_T_5920,2,2025-02-19
RAT_0003639,CUST_000246,TMDB_T_60574,3,2025-08-06
RAT_0003640,CUST_000246,TMDB_T_8962,1,2025-04-30
RAT_0003641,CUST_000247,TMDB_M_1198994,1,2025-02-03
RAT_0003642,CUST_000247,TMDB_M_1290417,1,2025-10-31
RAT_0003643,CUST_000247,TMDB_M_1381027,5,2025-09-10
RAT_0003644,CUST_000247,TMDB_M_1635276,5,2025-05-20
RAT_0003645,CUST_000247,TMDB_M_637649,4,2025-08-28
RAT_0003646,CUST_000247,TMDB_T_2261,2,2026-03-16
RAT_0003647,CUST_000247,TMDB_T_278573,3,2025-10-02
RAT_0003648,CUST_000247,TMDB_T_291,3,2026-03-30
RAT_0003649,CUST_000247,TMDB_T_66732,2,2026-04-07
RAT_0003650,CUST_000247,TMDB_T_68350,3,2026-01-19
RAT_0003651,CUST_000247,TMDB_T_6836,4,2025-08-19
RAT_0003652,CUST_000247,TMDB_T_8962,3,2025-06-07
RAT_0003653,CUST_000247,TMDB_T_94722,3,2025-01-23
RAT_0003654,CUST_000248,TMDB_M_1214931,5,2025-11-10
RAT_0003655,CUST_000248,TMDB_M_122917,4,2024-09-07
RAT_0003656,CUST_000248,TMDB_M_1306368,1,2025-12-18
RAT_0003657,CUST_000248,TMDB_M_1307373,1,2025-08-01
RAT_0003658,CUST_000248,TMDB_M_1310568,4,2026-04-04
RAT_0003659,CUST_000248,TMDB_M_1368166,3,2025-07-28
RAT_0003660,CUST_000248,TMDB_M_1579,2,2026-02-21
RAT_0003661,CUST_000248,TMDB_M_1630433,3,2025-04-01
RAT_0003662,CUST_000248,TMDB_M_280,4,2024-10-06
RAT_0003663,CUST_000248,TMDB_M_284054,2,2026-01-30
RAT_0003664,CUST_000248,TMDB_M_539972,2,2025-05-04
RAT_0003665,CUST_000248,TMDB_M_67395,4,2025-08-20
RAT_0003666,CUST_000248,TMDB_M_680493,5,2026-02-11
RAT_0003667,CUST_000248,TMDB_T_12225,3,2024-11-02
RAT_0003668,CUST_000248,TMDB_T_127529,3,2024-10-16
RAT_0003669,CUST_000248,TMDB_T_279388,3,2025-08-17
RAT_0003670,CUST_000248,TMDB_T_57532,1,2025-07-31
RAT_0003671,CUST_000248,TMDB_T_65503,2,2025-11-14
RAT_0003672,CUST_000248,TMDB_T_71712,3,2024-12-08
RAT_0003673,CUST_000249,TMDB_M_402431,1,2025-02-02
RAT_0003674,CUST_000249,TMDB_T_154770,2,2025-01-11
RAT_0003675,CUST_000249,TMDB_T_19530,3,2025-01-15
RAT_0003676,CUST_000249,TMDB_T_2221,3,2025-01-29
RAT_0003677,CUST_000249,TMDB_T_60625,2,2025-01-25
RAT_0003678,CUST_000249,TMDB_T_79744,2,2024-11-25
RAT_0003679,CUST_000250,TMDB_M_1084187,5,2026-01-23
RAT_0003680,CUST_000250,TMDB_M_1306368,5,2025-03-21
RAT_0003681,CUST_000250,TMDB_M_1315303,5,2024-09-21
RAT_0003682,CUST_000250,TMDB_M_1426297,5,2025-09-17
RAT_0003683,CUST_000250,TMDB_M_1620551,3,2025-11-22
RAT_0003684,CUST_000250,TMDB_M_381288,5,2025-01-05
RAT_0003685,CUST_000250,TMDB_M_694,2,2025-06-21
RAT_0003686,CUST_000250,TMDB_M_936075,5,2025-12-25
RAT_0003687,CUST_000250,TMDB_T_108978,5,2025-01-18
RAT_0003688,CUST_000250,TMDB_T_17610,5,2025-11-10
RAT_0003689,CUST_000250,TMDB_T_202411,3,2025-07-06
RAT_0003690,CUST_000250,TMDB_T_37854,5,2025-12-20
RAT_0003691,CUST_000250,TMDB_T_4177,4,2024-11-29
RAT_0003692,CUST_000250,TMDB_T_4614,5,2025-07-08
RAT_0003693,CUST_000250,TMDB_T_60574,4,2026-02-07
RAT_0003694,CUST_000250,TMDB_T_65334,3,2025-12-09
RAT_0003695,CUST_000251,TMDB_M_12153,4,2026-01-26
RAT_0003696,CUST_000251,TMDB_M_1226863,2,2025-09-25
RAT_0003697,CUST_000251,TMDB_M_122917,2,2026-01-03
RAT_0003698,CUST_000251,TMDB_M_1235877,1,2025-10-04
RAT_0003699,CUST_000251,TMDB_M_1306368,5,2026-03-07
RAT_0003700,CUST_000251,TMDB_M_1317672,3,2025-12-18
RAT_0003701,CUST_000251,TMDB_M_1367642,5,2026-03-03
RAT_0003702,CUST_000251,TMDB_M_1426964,1,2025-12-15
RAT_0003703,CUST_000251,TMDB_M_1572073,2,2025-10-14
RAT_0003704,CUST_000251,TMDB_M_244786,5,2025-12-16
RAT_0003705,CUST_000251,TMDB_M_479197,2,2026-01-01
RAT_0003706,CUST_000251,TMDB_M_524047,4,2026-04-05
RAT_0003707,CUST_000251,TMDB_M_607,4,2026-01-31
RAT_0003708,CUST_000251,TMDB_M_68721,1,2025-12-31
RAT_0003709,CUST_000251,TMDB_M_76341,2,2025-10-15
RAT_0003710,CUST_000251,TMDB_T_127529,1,2026-02-13
RAT_0003711,CUST_000251,TMDB_T_1981,4,2026-03-16
RAT_0003712,CUST_000251,TMDB_T_2221,4,2025-11-11
RAT_0003713,CUST_000251,TMDB_T_2261,3,2026-03-21
RAT_0003714,CUST_000251,TMDB_T_22980,3,2025-11-04
RAT_0003715,CUST_000251,TMDB_T_237020,3,2025-11-23
RAT_0003716,CUST_000251,TMDB_T_57243,2,2026-02-21
RAT_0003717,CUST_000251,TMDB_T_6836,2,2026-03-29
RAT_0003718,CUST_000252,TMDB_M_1115544,4,2025-06-02
RAT_0003719,CUST_000252,TMDB_M_1234731,4,2025-05-17
RAT_0003720,CUST_000252,TMDB_M_1462146,4,2026-03-17
RAT_0003721,CUST_000252,TMDB_M_1650558,3,2025-05-25
RAT_0003722,CUST_000252,TMDB_M_181808,5,2025-12-23
RAT_0003723,CUST_000252,TMDB_M_330457,4,2026-02-13
RAT_0003724,CUST_000252,TMDB_M_38,3,2025-08-16
RAT_0003725,CUST_000252,TMDB_M_412117,3,2025-09-29
RAT_0003726,CUST_000252,TMDB_M_447365,4,2026-01-23
RAT_0003727,CUST_000252,TMDB_M_809,3,2025-08-30
RAT_0003728,CUST_000252,TMDB_M_912649,5,2025-08-25
RAT_0003729,CUST_000252,TMDB_M_967,5,2026-01-28
RAT_0003730,CUST_000252,TMDB_T_1399,3,2025-08-15
RAT_0003731,CUST_000252,TMDB_T_1622,4,2025-04-25
RAT_0003732,CUST_000252,TMDB_T_30984,5,2025-07-06
RAT_0003733,CUST_000252,TMDB_T_4087,4,2026-02-08
RAT_0003734,CUST_000252,TMDB_T_4614,5,2026-02-06
RAT_0003735,CUST_000252,TMDB_T_62223,3,2026-02-27
RAT_0003736,CUST_000252,TMDB_T_71790,4,2025-06-20
RAT_0003737,CUST_000254,TMDB_M_1171145,4,2025-07-04
RAT_0003738,CUST_000254,TMDB_M_1193501,1,2025-08-27
RAT_0003739,CUST_000254,TMDB_M_1339876,4,2024-11-09
RAT_0003740,CUST_000254,TMDB_M_1526650,3,2025-10-24
RAT_0003741,CUST_000254,TMDB_M_1572073,4,2024-06-27
RAT_0003742,CUST_000254,TMDB_M_244786,2,2024-08-28
RAT_0003743,CUST_000254,TMDB_M_299536,2,2024-06-01
RAT_0003744,CUST_000254,TMDB_M_350,1,2025-12-19
RAT_0003745,CUST_000254,TMDB_M_453395,4,2026-01-12
RAT_0003746,CUST_000254,TMDB_M_680,3,2025-02-17
RAT_0003747,CUST_000254,TMDB_M_8966,3,2025-08-30
RAT_0003748,CUST_000254,TMDB_T_127529,4,2024-09-13
RAT_0003749,CUST_000254,TMDB_T_154770,4,2025-04-05
RAT_0003750,CUST_000254,TMDB_T_2171,4,2025-04-03
RAT_0003751,CUST_000254,TMDB_T_32692,3,2025-03-03
RAT_0003752,CUST_000254,TMDB_T_502,4,2026-03-13
RAT_0003753,CUST_000254,TMDB_T_71790,4,2024-08-07
RAT_0003754,CUST_000255,TMDB_M_1168190,4,2025-05-20
RAT_0003755,CUST_000255,TMDB_M_1193501,3,2025-08-29
RAT_0003756,CUST_000255,TMDB_M_1233413,3,2026-01-21
RAT_0003757,CUST_000255,TMDB_M_1291335,3,2026-01-20
RAT_0003758,CUST_000255,TMDB_M_1315303,2,2025-12-26
RAT_0003759,CUST_000255,TMDB_M_228150,2,2025-09-03
RAT_0003760,CUST_000255,TMDB_M_381288,3,2026-01-30
RAT_0003761,CUST_000255,TMDB_M_497,4,2026-04-01
RAT_0003762,CUST_000255,TMDB_M_517302,3,2025-10-19
RAT_0003763,CUST_000255,TMDB_M_539,3,2026-02-08
RAT_0003764,CUST_000255,TMDB_M_58008,5,2025-10-16
RAT_0003765,CUST_000255,TMDB_M_803796,4,2026-01-14
RAT_0003766,CUST_000255,TMDB_M_876566,1,2026-03-14
RAT_0003767,CUST_000255,TMDB_M_967941,3,2026-02-05
RAT_0003768,CUST_000255,TMDB_M_999136,4,2026-02-06
RAT_0003769,CUST_000255,TMDB_T_35007,3,2026-03-09
RAT_0003770,CUST_000255,TMDB_T_44006,1,2025-12-06
RAT_0003771,CUST_000255,TMDB_T_72517,4,2025-12-19
RAT_0003772,CUST_000255,TMDB_T_95479,2,2025-08-21
RAT_0003773,CUST_000256,TMDB_M_11036,3,2025-05-13
RAT_0003774,CUST_000256,TMDB_M_1316092,1,2025-04-01
RAT_0003775,CUST_000256,TMDB_M_637649,1,2025-05-30
RAT_0003776,CUST_000256,TMDB_T_1433,3,2025-05-06
RAT_0003777,CUST_000256,TMDB_T_60622,4,2025-04-05
RAT_0003778,CUST_000257,TMDB_M_1084187,3,2026-02-04
RAT_0003779,CUST_000257,TMDB_M_1192548,4,2026-02-22
RAT_0003780,CUST_000257,TMDB_M_1199193,3,2025-04-24
RAT_0003781,CUST_000257,TMDB_M_1242501,1,2026-04-11
RAT_0003782,CUST_000257,TMDB_M_1265609,3,2025-08-15
RAT_0003783,CUST_000257,TMDB_M_1297454,2,2025-06-28
RAT_0003784,CUST_000257,TMDB_M_1381027,4,2025-10-05
RAT_0003785,CUST_000257,TMDB_M_156022,5,2025-05-28
RAT_0003786,CUST_000257,TMDB_M_28322,4,2025-12-18
RAT_0003787,CUST_000257,TMDB_M_284054,3,2025-12-13
RAT_0003788,CUST_000257,TMDB_M_290098,3,2025-07-24
RAT_0003789,CUST_000257,TMDB_M_562,3,2026-02-02
RAT_0003790,CUST_000257,TMDB_M_848116,4,2025-04-19
RAT_0003791,CUST_000257,TMDB_M_876566,2,2025-08-26
RAT_0003792,CUST_000257,TMDB_M_911430,3,2025-11-18
RAT_0003793,CUST_000257,TMDB_T_1705,5,2025-10-13
RAT_0003794,CUST_000257,TMDB_T_195670,2,2025-04-26
RAT_0003795,CUST_000257,TMDB_T_2261,2,2025-10-02
RAT_0003796,CUST_000257,TMDB_T_285469,5,2025-08-26
RAT_0003797,CUST_000257,TMDB_T_498,2,2025-11-28
RAT_0003798,CUST_000257,TMDB_T_549,5,2025-07-20
RAT_0003799,CUST_000257,TMDB_T_57532,2,2025-07-25
RAT_0003800,CUST_000257,TMDB_T_61818,3,2026-04-07
RAT_0003801,CUST_000257,TMDB_T_71728,1,2025-11-02
RAT_0003802,CUST_000258,TMDB_M_1199193,2,2026-01-04
RAT_0003803,CUST_000258,TMDB_M_1276704,2,2026-02-07
RAT_0003804,CUST_000258,TMDB_M_1316092,1,2025-09-06
RAT_0003805,CUST_000258,TMDB_M_1401778,5,2026-02-12
RAT_0003806,CUST_000258,TMDB_M_28322,3,2025-09-10
RAT_0003807,CUST_000258,TMDB_M_637649,4,2025-05-15
RAT_0003808,CUST_000258,TMDB_M_762509,3,2026-04-06
RAT_0003809,CUST_000258,TMDB_M_876566,5,2025-11-13
RAT_0003810,CUST_000258,TMDB_T_117465,2,2026-02-18
RAT_0003811,CUST_000258,TMDB_T_120089,3,2025-07-29
RAT_0003812,CUST_000258,TMDB_T_124364,4,2026-03-20
RAT_0003813,CUST_000258,TMDB_T_1409,4,2025-08-09
RAT_0003814,CUST_000258,TMDB_T_1489,4,2025-11-25
RAT_0003815,CUST_000258,TMDB_T_2221,2,2026-04-10
RAT_0003816,CUST_000258,TMDB_T_2261,3,2026-02-16
RAT_0003817,CUST_000258,TMDB_T_2661,2,2025-08-10
RAT_0003818,CUST_000258,TMDB_T_37854,5,2025-09-15
RAT_0003819,CUST_000258,TMDB_T_60622,1,2026-03-25
RAT_0003820,CUST_000258,TMDB_T_61818,5,2025-11-15
RAT_0003821,CUST_000258,TMDB_T_76479,2,2025-10-28
RAT_0003822,CUST_000258,TMDB_T_82873,4,2025-11-27
RAT_0003823,CUST_000259,TMDB_M_1054867,2,2025-09-07
RAT_0003824,CUST_000259,TMDB_M_1115544,5,2026-02-28
RAT_0003825,CUST_000259,TMDB_M_1171145,3,2026-01-04
RAT_0003826,CUST_000259,TMDB_M_1199193,4,2025-07-15
RAT_0003827,CUST_000259,TMDB_M_1284496,2,2025-06-14
RAT_0003828,CUST_000259,TMDB_M_1336770,4,2025-08-22
RAT_0003829,CUST_000259,TMDB_M_1403327,2,2025-09-23
RAT_0003830,CUST_000259,TMDB_M_1641319,4,2025-11-27
RAT_0003831,CUST_000259,TMDB_M_24428,1,2025-09-18
RAT_0003832,CUST_000259,TMDB_M_259694,4,2026-01-01
RAT_0003833,CUST_000259,TMDB_M_552524,3,2025-12-15
RAT_0003834,CUST_000259,TMDB_M_876566,4,2026-04-10
RAT_0003835,CUST_000259,TMDB_T_119051,3,2025-12-29
RAT_0003836,CUST_000259,TMDB_T_1399,3,2025-09-20
RAT_0003837,CUST_000259,TMDB_T_1622,2,2026-01-24
RAT_0003838,CUST_000259,TMDB_T_1667,2,2026-01-20
RAT_0003839,CUST_000259,TMDB_T_3452,3,2026-01-16
RAT_0003840,CUST_000259,TMDB_T_34524,4,2026-03-01
RAT_0003841,CUST_000259,TMDB_T_4614,4,2025-12-23
RAT_0003842,CUST_000259,TMDB_T_4629,4,2026-03-05
RAT_0003843,CUST_000259,TMDB_T_48866,1,2026-03-27
RAT_0003844,CUST_000259,TMDB_T_68350,2,2025-08-13
RAT_0003845,CUST_000259,TMDB_T_71790,3,2025-11-16
RAT_0003846,CUST_000259,TMDB_T_764,5,2025-12-25
RAT_0003847,CUST_000259,TMDB_T_76479,2,2026-04-11
RAT_0003848,CUST_000260,TMDB_M_1064213,3,2026-03-20
RAT_0003849,CUST_000260,TMDB_M_1119449,2,2026-04-05
RAT_0003850,CUST_000260,TMDB_M_122,1,2026-01-12
RAT_0003851,CUST_000260,TMDB_M_1234821,4,2025-12-15
RAT_0003852,CUST_000260,TMDB_M_1291608,4,2026-04-01
RAT_0003853,CUST_000260,TMDB_M_1297842,2,2026-01-22
RAT_0003854,CUST_000260,TMDB_M_1584215,4,2025-12-03
RAT_0003855,CUST_000260,TMDB_M_1620551,2,2026-03-18
RAT_0003856,CUST_000260,TMDB_M_389,2,2026-04-01
RAT_0003857,CUST_000260,TMDB_M_447365,2,2026-03-02
RAT_0003858,CUST_000260,TMDB_M_479197,4,2026-03-18
RAT_0003859,CUST_000260,TMDB_M_502356,3,2026-01-21
RAT_0003860,CUST_000260,TMDB_M_601,2,2026-01-15
RAT_0003861,CUST_000260,TMDB_M_617126,1,2026-02-16
RAT_0003862,CUST_000260,TMDB_M_670,3,2026-01-25
RAT_0003863,CUST_000260,TMDB_M_858024,3,2026-04-11
RAT_0003864,CUST_000260,TMDB_M_912649,3,2026-03-22
RAT_0003865,CUST_000260,TMDB_T_124364,1,2026-02-25
RAT_0003866,CUST_000260,TMDB_T_13945,3,2025-12-18
RAT_0003867,CUST_000260,TMDB_T_1396,5,2026-01-27
RAT_0003868,CUST_000260,TMDB_T_1667,2,2026-01-31
RAT_0003869,CUST_000260,TMDB_T_202555,2,2026-02-11
RAT_0003870,CUST_000261,TMDB_M_1010581,3,2025-08-20
RAT_0003871,CUST_000261,TMDB_M_1064213,2,2026-02-15
RAT_0003872,CUST_000261,TMDB_M_1307373,3,2025-10-11
RAT_0003873,CUST_000261,TMDB_M_1317149,4,2025-05-06
RAT_0003874,CUST_000261,TMDB_M_1381027,3,2024-08-06
RAT_0003875,CUST_000261,TMDB_M_1630433,3,2025-06-28
RAT_0003876,CUST_000261,TMDB_M_290098,3,2024-07-17
RAT_0003877,CUST_000261,TMDB_M_3558,3,2024-08-12
RAT_0003878,CUST_000261,TMDB_M_671,2,2025-04-07
RAT_0003879,CUST_000261,TMDB_T_110075,3,2024-12-07
RAT_0003880,CUST_000261,TMDB_T_112527,3,2026-01-01
RAT_0003881,CUST_000261,TMDB_T_1396,3,2025-12-16
RAT_0003882,CUST_000261,TMDB_T_15260,4,2025-09-13
RAT_0003883,CUST_000261,TMDB_T_1695,2,2025-11-15
RAT_0003884,CUST_000261,TMDB_T_195670,3,2025-04-04
RAT_0003885,CUST_000261,TMDB_T_2122,3,2025-09-13
RAT_0003886,CUST_000261,TMDB_T_45790,4,2025-08-30
RAT_0003887,CUST_000261,TMDB_T_60574,4,2024-06-26
RAT_0003888,CUST_000261,TMDB_T_72517,4,2026-02-04
RAT_0003889,CUST_000261,TMDB_T_95897,4,2024-11-15
RAT_0003890,CUST_000262,TMDB_M_1265609,1,2026-09-04
RAT_0003891,CUST_000262,TMDB_M_1297842,1,2026-07-03
RAT_0003892,CUST_000262,TMDB_M_1418657,3,2026-02-19
RAT_0003893,CUST_000262,TMDB_M_150540,3,2026-05-01
RAT_0003894,CUST_000262,TMDB_M_264980,4,2026-02-27
RAT_0003895,CUST_000262,TMDB_M_324857,4,2026-04-19
RAT_0003896,CUST_000262,TMDB_M_545611,1,2026-08-17
RAT_0003897,CUST_000262,TMDB_M_569094,3,2026-02-27
RAT_0003898,CUST_000262,TMDB_M_840464,1,2026-07-20
RAT_0003899,CUST_000262,TMDB_T_1434,2,2026-09-02
RAT_0003900,CUST_000262,TMDB_T_202555,1,2026-08-07
RAT_0003901,CUST_000262,TMDB_T_2190,4,2026-03-01
RAT_0003902,CUST_000262,TMDB_T_2224,3,2026-03-06
RAT_0003903,CUST_000262,TMDB_T_31910,3,2026-06-27
RAT_0003904,CUST_000262,TMDB_T_4556,1,2026-07-26
RAT_0003905,CUST_000262,TMDB_T_4656,2,2026-07-28
RAT_0003906,CUST_000262,TMDB_T_70672,3,2026-08-26
RAT_0003907,CUST_000262,TMDB_T_71494,4,2026-08-19
RAT_0003908,CUST_000262,TMDB_T_76479,3,2026-08-12
RAT_0003909,CUST_000262,TMDB_T_76572,1,2026-07-15
RAT_0003910,CUST_000263,TMDB_M_1241470,3,2025-07-16
RAT_0003911,CUST_000263,TMDB_M_1327819,4,2026-03-11
RAT_0003912,CUST_000263,TMDB_M_1368166,3,2025-10-07
RAT_0003913,CUST_000263,TMDB_M_335983,4,2025-09-29
RAT_0003914,CUST_000263,TMDB_M_807,2,2025-11-10
RAT_0003915,CUST_000263,TMDB_M_840464,1,2025-04-27
RAT_0003916,CUST_000263,TMDB_T_127529,3,2025-07-11
RAT_0003917,CUST_000263,TMDB_T_1431,4,2025-09-22
RAT_0003918,CUST_000263,TMDB_T_18165,2,2026-03-15
RAT_0003919,CUST_000263,TMDB_T_2171,4,2026-01-22
RAT_0003920,CUST_000263,TMDB_T_2224,5,2026-01-23
RAT_0003921,CUST_000263,TMDB_T_22980,3,2026-01-22
RAT_0003922,CUST_000263,TMDB_T_46260,3,2025-04-29
RAT_0003923,CUST_000263,TMDB_T_65733,4,2025-06-10
RAT_0003924,CUST_000263,TMDB_T_75219,4,2025-07-21
RAT_0003925,CUST_000263,TMDB_T_76572,3,2026-02-23
RAT_0003926,CUST_000263,TMDB_T_80748,5,2025-10-15
RAT_0003927,CUST_000264,TMDB_M_1171145,3,2025-08-21
RAT_0003928,CUST_000264,TMDB_M_405746,3,2025-09-05
RAT_0003929,CUST_000264,TMDB_M_412117,2,2026-03-30
RAT_0003930,CUST_000264,TMDB_M_447273,4,2026-03-25
RAT_0003931,CUST_000264,TMDB_T_1705,5,2026-02-18
RAT_0003932,CUST_000264,TMDB_T_1911,3,2025-09-30
RAT_0003933,CUST_000264,TMDB_T_202411,3,2025-11-13
RAT_0003934,CUST_000264,TMDB_T_228091,3,2026-03-29
RAT_0003935,CUST_000264,TMDB_T_4604,2,2026-01-23
RAT_0003936,CUST_000264,TMDB_T_4614,3,2025-11-20
RAT_0003937,CUST_000264,TMDB_T_4629,4,2026-01-16
RAT_0003938,CUST_000264,TMDB_T_48866,3,2026-04-02
RAT_0003939,CUST_000264,TMDB_T_502,3,2026-01-27
RAT_0003940,CUST_000264,TMDB_T_549,5,2026-03-24
RAT_0003941,CUST_000264,TMDB_T_72517,4,2025-07-31
RAT_0003942,CUST_000264,TMDB_T_764,2,2026-01-29
RAT_0003943,CUST_000265,TMDB_M_1015606,4,2026-06-08
RAT_0003944,CUST_000265,TMDB_M_1049471,4,2025-11-04
RAT_0003945,CUST_000265,TMDB_M_1359,1,2026-07-30
RAT_0003946,CUST_000265,TMDB_M_1462146,3,2026-06-06
RAT_0003947,CUST_000265,TMDB_T_290856,3,2026-02-22
RAT_0003948,CUST_000265,TMDB_T_65503,4,2025-11-07
RAT_0003949,CUST_000266,TMDB_M_1011985,3,2025-05-14
RAT_0003950,CUST_000266,TMDB_M_1171145,4,2025-12-10
RAT_0003951,CUST_000266,TMDB_M_1226863,3,2025-06-11
RAT_0003952,CUST_000266,TMDB_M_1635276,2,2026-03-15
RAT_0003953,CUST_000266,TMDB_M_374720,4,2026-01-03
RAT_0003954,CUST_000266,TMDB_M_4232,4,2026-03-04
RAT_0003955,CUST_000266,TMDB_M_807,1,2025-04-22
RAT_0003956,CUST_000266,TMDB_M_82693,4,2026-03-09
RAT_0003957,CUST_000266,TMDB_M_949,3,2025-11-22
RAT_0003958,CUST_000266,TMDB_T_32415,3,2025-06-26
RAT_0003959,CUST_000266,TMDB_T_60622,4,2025-08-10
RAT_0003960,CUST_000266,TMDB_T_65942,4,2026-02-11
RAT_0003961,CUST_000266,TMDB_T_71790,2,2026-02-04
RAT_0003962,CUST_000266,TMDB_T_76572,1,2025-06-23
RAT_0003963,CUST_000266,TMDB_T_790,5,2025-04-13
RAT_0003964,CUST_000267,TMDB_M_1171145,4,2025-01-17
RAT_0003965,CUST_000267,TMDB_M_1214931,4,2025-06-28
RAT_0003966,CUST_000267,TMDB_M_1234821,4,2025-10-05
RAT_0003967,CUST_000267,TMDB_M_1265609,2,2025-01-13
RAT_0003968,CUST_000267,TMDB_M_1297842,3,2025-12-05
RAT_0003969,CUST_000267,TMDB_M_1316092,3,2025-12-09
RAT_0003970,CUST_000267,TMDB_M_1403735,2,2025-04-02
RAT_0003971,CUST_000267,TMDB_M_181808,3,2026-01-31
RAT_0003972,CUST_000267,TMDB_M_350,5,2025-10-30
RAT_0003973,CUST_000267,TMDB_M_414906,3,2024-10-07
RAT_0003974,CUST_000267,TMDB_M_604079,3,2026-03-21
RAT_0003975,CUST_000267,TMDB_T_110075,1,2025-01-13
RAT_0003976,CUST_000267,TMDB_T_1412,3,2025-08-20
RAT_0003977,CUST_000267,TMDB_T_1489,1,2025-06-20
RAT_0003978,CUST_000267,TMDB_T_19530,2,2024-10-12
RAT_0003979,CUST_000267,TMDB_T_22980,4,2025-09-21
RAT_0003980,CUST_000267,TMDB_T_32415,3,2026-03-28
RAT_0003981,CUST_000267,TMDB_T_61818,2,2026-01-22
RAT_0003982,CUST_000267,TMDB_T_6836,2,2026-03-29
RAT_0003983,CUST_000267,TMDB_T_8962,1,2025-02-04
RAT_0003984,CUST_000268,TMDB_M_11,4,2026-02-17
RAT_0003985,CUST_000268,TMDB_M_121,3,2025-12-09
RAT_0003986,CUST_000268,TMDB_M_1266990,1,2026-01-28
RAT_0003987,CUST_000268,TMDB_M_1497970,3,2026-03-14
RAT_0003988,CUST_000268,TMDB_M_1523145,3,2026-04-10
RAT_0003989,CUST_000268,TMDB_M_1620551,4,2026-04-08
RAT_0003990,CUST_000268,TMDB_M_271110,4,2026-03-10
RAT_0003991,CUST_000268,TMDB_M_497,3,2026-02-18
RAT_0003992,CUST_000268,TMDB_M_564,3,2025-12-27
RAT_0003993,CUST_000268,TMDB_M_62201,3,2026-03-05
RAT_0003994,CUST_000268,TMDB_M_665,2,2026-03-13
RAT_0003995,CUST_000268,TMDB_M_675,4,2026-03-17
RAT_0003996,CUST_000268,TMDB_M_803796,4,2026-02-24
RAT_0003997,CUST_000268,TMDB_M_936075,1,2026-03-29
RAT_0003998,CUST_000268,TMDB_T_37854,1,2026-03-18
RAT_0003999,CUST_000268,TMDB_T_59941,2,2026-03-30
RAT_0004000,CUST_000268,TMDB_T_74561,2,2026-03-16
RAT_0004001,CUST_000269,TMDB_M_1049471,5,2025-11-14
RAT_0004002,CUST_000269,TMDB_M_1061474,3,2025-08-18
RAT_0004003,CUST_000269,TMDB_M_1199193,4,2026-02-01
RAT_0004004,CUST_000269,TMDB_M_121,3,2026-03-29
RAT_0004005,CUST_000269,TMDB_M_12444,4,2025-10-14
RAT_0004006,CUST_000269,TMDB_M_1307373,4,2025-12-14
RAT_0004007,CUST_000269,TMDB_M_1327819,2,2025-12-18
RAT_0004008,CUST_000269,TMDB_M_1359,2,2025-09-22
RAT_0004009,CUST_000269,TMDB_M_1381027,3,2025-10-06
RAT_0004010,CUST_000269,TMDB_M_1493859,5,2025-08-27
RAT_0004011,CUST_000269,TMDB_M_246,3,2026-02-14
RAT_0004012,CUST_000269,TMDB_M_271110,5,2025-12-02
RAT_0004013,CUST_000269,TMDB_M_290098,5,2026-01-28
RAT_0004014,CUST_000269,TMDB_M_333339,5,2025-09-07
RAT_0004015,CUST_000269,TMDB_M_671,3,2025-10-02
RAT_0004016,CUST_000269,TMDB_M_999136,4,2026-03-28
RAT_0004017,CUST_000269,TMDB_T_1431,5,2025-08-26
RAT_0004018,CUST_000269,TMDB_T_2190,3,2026-02-14
RAT_0004019,CUST_000269,TMDB_T_65733,5,2025-09-12
RAT_0004020,CUST_000269,TMDB_T_94722,4,2025-08-26
RAT_0004021,CUST_000270,TMDB_M_1084187,2,2026-04-02
RAT_0004022,CUST_000270,TMDB_M_423,3,2026-02-03
RAT_0004023,CUST_000270,TMDB_M_67395,4,2026-01-30
RAT_0004024,CUST_000270,TMDB_T_1431,2,2026-03-07
RAT_0004025,CUST_000270,TMDB_T_279471,2,2026-03-13
RAT_0004026,CUST_000271,TMDB_M_1631917,4,2026-02-05
RAT_0004027,CUST_000271,TMDB_T_1416,1,2026-02-04
RAT_0004028,CUST_000271,TMDB_T_456,4,2025-10-22
RAT_0004029,CUST_000271,TMDB_T_59941,4,2026-03-17
RAT_0004030,CUST_000272,TMDB_M_1234821,3,2025-01-16
RAT_0004031,CUST_000272,TMDB_M_1297842,2,2024-11-09
RAT_0004032,CUST_000272,TMDB_M_246,1,2024-10-11
RAT_0004033,CUST_000272,TMDB_M_28322,4,2025-08-16
RAT_0004034,CUST_000272,TMDB_M_290098,1,2025-08-25
RAT_0004035,CUST_000272,TMDB_M_637649,2,2024-10-24
RAT_0004036,CUST_000272,TMDB_M_858024,3,2025-05-21
RAT_0004037,CUST_000272,TMDB_T_124364,1,2025-09-14
RAT_0004038,CUST_000272,TMDB_T_20111,1,2024-10-14
RAT_0004039,CUST_000272,TMDB_T_22980,1,2025-03-31
RAT_0004040,CUST_000272,TMDB_T_5092,2,2026-01-25
RAT_0004041,CUST_000272,TMDB_T_70672,5,2026-03-06
RAT_0004042,CUST_000273,TMDB_M_1119878,5,2026-04-06
RAT_0004043,CUST_000273,TMDB_M_1191876,4,2026-01-21
RAT_0004044,CUST_000273,TMDB_M_1328803,4,2025-08-11
RAT_0004045,CUST_000273,TMDB_M_1511417,4,2025-08-28
RAT_0004046,CUST_000273,TMDB_M_1584215,2,2025-12-28
RAT_0004047,CUST_000273,TMDB_M_493125,3,2025-02-27
RAT_0004048,CUST_000273,TMDB_M_603,4,2025-03-23
RAT_0004049,CUST_000273,TMDB_M_637649,4,2025-03-12
RAT_0004050,CUST_000273,TMDB_M_679,4,2025-11-19
RAT_0004051,CUST_000273,TMDB_M_734286,3,2025-03-20
RAT_0004052,CUST_000273,TMDB_M_912649,4,2025-12-07
RAT_0004053,CUST_000273,TMDB_M_967,3,2025-11-02
RAT_0004054,CUST_000273,TMDB_T_112527,2,2025-04-03
RAT_0004055,CUST_000273,TMDB_T_120089,1,2025-10-17
RAT_0004056,CUST_000273,TMDB_T_2224,2,2026-02-02
RAT_0004057,CUST_000273,TMDB_T_59941,2,2026-02-10
RAT_0004058,CUST_000273,TMDB_T_98031,4,2025-10-13
RAT_0004059,CUST_000274,TMDB_M_1214931,3,2026-01-15
RAT_0004060,CUST_000274,TMDB_M_1233413,4,2025-09-16
RAT_0004061,CUST_000274,TMDB_M_1297842,4,2026-03-19
RAT_0004062,CUST_000274,TMDB_M_269149,5,2025-10-31
RAT_0004063,CUST_000274,TMDB_M_615,2,2025-12-20
RAT_0004064,CUST_000274,TMDB_M_665,5,2026-02-10
RAT_0004065,CUST_000274,TMDB_M_863,5,2025-12-15
RAT_0004066,CUST_000274,TMDB_M_875828,3,2025-08-09
RAT_0004067,CUST_000274,TMDB_M_967,5,2026-04-09
RAT_0004068,CUST_000274,TMDB_T_114478,2,2025-09-04
RAT_0004069,CUST_000274,TMDB_T_1415,4,2025-06-16
RAT_0004070,CUST_000274,TMDB_T_2221,3,2025-08-27
RAT_0004071,CUST_000274,TMDB_T_498,3,2026-03-10
RAT_0004072,CUST_000274,TMDB_T_65942,2,2025-08-08
RAT_0004073,CUST_000274,TMDB_T_6836,4,2026-03-26
RAT_0004074,CUST_000274,TMDB_T_82873,4,2025-10-31
RAT_0004075,CUST_000275,TMDB_M_1007734,1,2026-08-05
RAT_0004076,CUST_000275,TMDB_M_1083637,1,2026-08-17
RAT_0004077,CUST_000275,TMDB_M_1242501,3,2026-07-15
RAT_0004078,CUST_000275,TMDB_M_1267319,1,2026-06-11
RAT_0004079,CUST_000275,TMDB_M_1601243,3,2026-08-09
RAT_0004080,CUST_000275,TMDB_M_1634301,3,2026-03-22
RAT_0004081,CUST_000275,TMDB_M_218,2,2026-08-11
RAT_0004082,CUST_000275,TMDB_M_453395,1,2026-05-06
RAT_0004083,CUST_000275,TMDB_M_467905,2,2026-04-22
RAT_0004084,CUST_000275,TMDB_M_541671,3,2026-07-21
RAT_0004085,CUST_000275,TMDB_M_634649,4,2026-05-23
RAT_0004086,CUST_000275,TMDB_M_696393,4,2026-06-23
RAT_0004087,CUST_000275,TMDB_T_1620,4,2026-03-13
RAT_0004088,CUST_000275,TMDB_T_1667,3,2026-06-19
RAT_0004089,CUST_000275,TMDB_T_37854,3,2026-04-06
RAT_0004090,CUST_000275,TMDB_T_4087,5,2026-02-24
RAT_0004091,CUST_000275,TMDB_T_56570,1,2026-04-27
RAT_0004092,CUST_000275,TMDB_T_78191,2,2026-08-09
RAT_0004093,CUST_000275,TMDB_T_94722,4,2026-08-20
RAT_0004094,CUST_000276,TMDB_M_1019420,2,2025-11-12
RAT_0004095,CUST_000276,TMDB_M_11036,5,2026-03-19
RAT_0004096,CUST_000276,TMDB_M_120,3,2026-02-15
RAT_0004097,CUST_000276,TMDB_M_12153,5,2026-03-22
RAT_0004098,CUST_000276,TMDB_M_1268127,5,2025-11-05
RAT_0004099,CUST_000276,TMDB_M_1290417,5,2025-12-13
RAT_0004100,CUST_000276,TMDB_M_1316092,3,2025-10-26
RAT_0004101,CUST_000276,TMDB_M_1317672,4,2026-02-15
RAT_0004102,CUST_000276,TMDB_M_1600672,3,2025-11-07
RAT_0004103,CUST_000276,TMDB_M_1650558,4,2025-12-25
RAT_0004104,CUST_000276,TMDB_M_273477,2,2026-03-10
RAT_0004105,CUST_000276,TMDB_M_38,3,2026-04-03
RAT_0004106,CUST_000276,TMDB_M_617126,1,2026-04-08
RAT_0004107,CUST_000276,TMDB_M_687163,3,2026-03-31
RAT_0004108,CUST_000276,TMDB_M_755898,1,2026-02-24
RAT_0004109,CUST_000276,TMDB_T_1622,3,2026-03-15
RAT_0004110,CUST_000276,TMDB_T_33238,4,2026-01-25
RAT_0004111,CUST_000276,TMDB_T_44006,4,2026-04-06
RAT_0004112,CUST_000276,TMDB_T_48866,4,2025-12-15
RAT_0004113,CUST_000276,TMDB_T_60572,4,2026-02-11
RAT_0004114,CUST_000276,TMDB_T_76479,3,2026-02-02
RAT_0004115,CUST_000276,TMDB_T_95897,5,2026-01-20
RAT_0004116,CUST_000277,TMDB_M_1011477,1,2026-08-19
RAT_0004117,CUST_000277,TMDB_M_106,3,2026-10-04
RAT_0004118,CUST_000277,TMDB_M_1072699,5,2026-03-30
RAT_0004119,CUST_000277,TMDB_M_1119449,5,2026-05-26
RAT_0004120,CUST_000277,TMDB_M_1265609,3,2026-08-08
RAT_0004121,CUST_000277,TMDB_M_1310568,1,2026-10-11
RAT_0004122,CUST_000277,TMDB_M_1368166,3,2026-09-16
RAT_0004123,CUST_000277,TMDB_M_1439112,2,2026-08-23
RAT_0004124,CUST_000277,TMDB_M_238,4,2026-05-14
RAT_0004125,CUST_000277,TMDB_M_335983,3,2026-08-24
RAT_0004126,CUST_000277,TMDB_M_359410,5,2026-07-23
RAT_0004127,CUST_000277,TMDB_M_38,3,2026-09-05
RAT_0004128,CUST_000277,TMDB_M_533535,1,2026-09-16
RAT_0004129,CUST_000277,TMDB_M_601,1,2026-09-22
RAT_0004130,CUST_000277,TMDB_M_604079,4,2026-09-17
RAT_0004131,CUST_000277,TMDB_M_755898,5,2026-08-04
RAT_0004132,CUST_000277,TMDB_M_76341,2,2026-10-02
RAT_0004133,CUST_000277,TMDB_M_786892,4,2026-05-27
RAT_0004134,CUST_000277,TMDB_M_848116,2,2026-08-30
RAT_0004135,CUST_000277,TMDB_T_124364,5,2026-09-09
RAT_0004136,CUST_000277,TMDB_T_17610,1,2026-09-17
RAT_0004137,CUST_000277,TMDB_T_4177,4,2026-04-21
RAT_0004138,CUST_000278,TMDB_M_1426297,5,2026-03-28
RAT_0004139,CUST_000278,TMDB_M_665,1,2026-03-16
RAT_0004140,CUST_000278,TMDB_M_687259,5,2026-03-14
RAT_0004141,CUST_000279,TMDB_M_10193,2,2025-06-07
RAT_0004142,CUST_000279,TMDB_M_10681,3,2025-06-28
RAT_0004143,CUST_000279,TMDB_M_1226863,3,2025-10-22
RAT_0004144,CUST_000279,TMDB_M_12509,2,2025-10-04
RAT_0004145,CUST_000279,TMDB_M_1297842,3,2025-07-28
RAT_0004146,CUST_000279,TMDB_M_1305781,3,2025-07-21
RAT_0004147,CUST_000279,TMDB_M_1317672,2,2025-10-27
RAT_0004148,CUST_000279,TMDB_M_1523145,2,2025-10-14
RAT_0004149,CUST_000279,TMDB_M_1650558,1,2025-09-25
RAT_0004150,CUST_000279,TMDB_M_286217,3,2025-09-14
RAT_0004151,CUST_000279,TMDB_M_519182,1,2025-09-20
RAT_0004152,CUST_000279,TMDB_M_564,3,2025-06-23
RAT_0004153,CUST_000279,TMDB_M_7451,2,2025-03-18
RAT_0004154,CUST_000279,TMDB_T_10534,4,2025-06-06
RAT_0004155,CUST_000279,TMDB_T_4376,3,2025-07-22
RAT_0004156,CUST_000279,TMDB_T_456,4,2025-08-19
RAT_0004157,CUST_000279,TMDB_T_4588,3,2025-09-30
RAT_0004158,CUST_000279,TMDB_T_65503,2,2025-02-12
RAT_0004159,CUST_000280,TMDB_M_1019420,1,2026-01-09
RAT_0004160,CUST_000280,TMDB_M_1110034,3,2025-01-28
RAT_0004161,CUST_000280,TMDB_M_1242898,1,2025-05-15
RAT_0004162,CUST_000280,TMDB_M_150540,4,2025-01-20
RAT_0004163,CUST_000280,TMDB_M_1646142,2,2025-04-01
RAT_0004164,CUST_000280,TMDB_M_24,2,2025-09-02
RAT_0004165,CUST_000280,TMDB_M_293660,4,2026-03-13
RAT_0004166,CUST_000280,TMDB_M_333339,4,2025-08-15
RAT_0004167,CUST_000280,TMDB_M_539,1,2025-10-12
RAT_0004168,CUST_000280,TMDB_M_562,3,2025-08-21
RAT_0004169,CUST_000280,TMDB_M_62201,2,2025-05-05
RAT_0004170,CUST_000280,TMDB_M_665,2,2025-09-22
RAT_0004171,CUST_000280,TMDB_M_945961,4,2026-01-13
RAT_0004172,CUST_000280,TMDB_M_969681,2,2025-04-23
RAT_0004173,CUST_000280,TMDB_M_98477,4,2025-07-07
RAT_0004174,CUST_000280,TMDB_T_127529,3,2025-01-21
RAT_0004175,CUST_000280,TMDB_T_1399,2,2025-11-27
RAT_0004176,CUST_000280,TMDB_T_1403,1,2025-04-09
RAT_0004177,CUST_000280,TMDB_T_1408,4,2025-05-29
RAT_0004178,CUST_000280,TMDB_T_19530,5,2026-01-17
RAT_0004179,CUST_000280,TMDB_T_4629,4,2025-03-25
RAT_0004180,CUST_000280,TMDB_T_498,4,2026-03-27
RAT_0004181,CUST_000280,TMDB_T_72517,3,2026-02-21
RAT_0004182,CUST_000280,TMDB_T_8962,3,2025-05-12
RAT_0004183,CUST_000281,TMDB_M_1066313,4,2024-09-27
RAT_0004184,CUST_000281,TMDB_M_1234821,2,2026-01-01
RAT_0004185,CUST_000281,TMDB_M_1248226,1,2025-05-14
RAT_0004186,CUST_000281,TMDB_M_1268127,3,2025-12-21
RAT_0004187,CUST_000281,TMDB_M_1359,2,2025-11-24
RAT_0004188,CUST_000281,TMDB_M_1412598,1,2025-06-15
RAT_0004189,CUST_000281,TMDB_M_1630433,4,2025-12-06
RAT_0004190,CUST_000281,TMDB_M_604079,5,2026-02-06
RAT_0004191,CUST_000281,TMDB_M_637649,1,2024-05-26
RAT_0004192,CUST_000281,TMDB_M_701387,3,2024-05-22
RAT_0004193,CUST_000281,TMDB_M_755898,4,2025-07-20
RAT_0004194,CUST_000281,TMDB_M_803796,2,2026-01-28
RAT_0004195,CUST_000281,TMDB_M_876566,3,2025-12-20
RAT_0004196,CUST_000281,TMDB_M_969681,4,2025-10-21
RAT_0004197,CUST_000281,TMDB_T_154770,4,2024-05-22
RAT_0004198,CUST_000281,TMDB_T_228091,3,2025-11-10
RAT_0004199,CUST_000281,TMDB_T_60572,3,2026-01-03
RAT_0004200,CUST_000281,TMDB_T_63770,3,2025-06-02
RAT_0004201,CUST_000282,TMDB_M_1235877,2,2026-03-08
RAT_0004202,CUST_000282,TMDB_M_1327862,3,2025-10-21
RAT_0004203,CUST_000282,TMDB_M_1523145,2,2026-01-08
RAT_0004204,CUST_000282,TMDB_M_1579,3,2026-01-10
RAT_0004205,CUST_000282,TMDB_T_39351,3,2025-04-26
RAT_0004206,CUST_000282,TMDB_T_46952,3,2025-11-04
RAT_0004207,CUST_000282,TMDB_T_68350,2,2025-11-22
RAT_0004208,CUST_000282,TMDB_T_95557,4,2025-09-07
RAT_0004209,CUST_000283,TMDB_M_502356,3,2025-11-14
RAT_0004210,CUST_000283,TMDB_T_1412,4,2025-06-19
RAT_0004211,CUST_000283,TMDB_T_1981,1,2025-08-30
RAT_0004212,CUST_000283,TMDB_T_2661,4,2025-12-02
RAT_0004213,CUST_000283,TMDB_T_45790,2,2026-01-17
RAT_0004214,CUST_000283,TMDB_T_65503,1,2025-08-27
RAT_0004215,CUST_000283,TMDB_T_75219,4,2025-07-23
RAT_0004216,CUST_000283,TMDB_T_85077,4,2025-07-21
RAT_0004217,CUST_000284,TMDB_M_1523145,4,2025-04-30
RAT_0004218,CUST_000284,TMDB_T_119051,3,2026-02-18
RAT_0004219,CUST_000284,TMDB_T_154770,3,2025-09-01
RAT_0004220,CUST_000284,TMDB_T_19530,3,2025-11-03
RAT_0004221,CUST_000284,TMDB_T_2224,4,2025-10-28
RAT_0004222,CUST_000284,TMDB_T_32798,1,2025-04-08
RAT_0004223,CUST_000284,TMDB_T_34524,2,2026-01-06
RAT_0004224,CUST_000284,TMDB_T_3562,3,2025-03-24
RAT_0004225,CUST_000284,TMDB_T_4656,4,2025-12-22
RAT_0004226,CUST_000284,TMDB_T_56570,4,2025-03-07
RAT_0004227,CUST_000284,TMDB_T_95557,2,2025-11-07
RAT_0004228,CUST_000285,TMDB_M_1168190,4,2025-10-26
RAT_0004229,CUST_000285,TMDB_M_1368166,1,2025-05-10
RAT_0004230,CUST_000285,TMDB_M_419430,2,2024-09-19
RAT_0004231,CUST_000285,TMDB_M_769,3,2025-11-21
RAT_0004232,CUST_000285,TMDB_T_1399,3,2025-08-26
RAT_0004233,CUST_000285,TMDB_T_1416,5,2025-08-02
RAT_0004234,CUST_000285,TMDB_T_1855,4,2025-10-20
RAT_0004235,CUST_000285,TMDB_T_220150,3,2025-09-12
RAT_0004236,CUST_000285,TMDB_T_4087,2,2026-01-31
RAT_0004237,CUST_000285,TMDB_T_42009,2,2026-01-07
RAT_0004238,CUST_000285,TMDB_T_456,1,2025-11-30
RAT_0004239,CUST_000285,TMDB_T_4604,3,2025-03-31
RAT_0004240,CUST_000285,TMDB_T_4607,4,2024-11-22
RAT_0004241,CUST_000285,TMDB_T_4614,3,2025-06-17
RAT_0004242,CUST_000285,TMDB_T_4629,2,2025-05-18
RAT_0004243,CUST_000285,TMDB_T_4656,4,2026-03-08
RAT_0004244,CUST_000285,TMDB_T_65942,2,2024-12-31
RAT_0004245,CUST_000285,TMDB_T_85077,2,2024-07-21
RAT_0004246,CUST_000286,TMDB_M_1630433,1,2026-02-13
RAT_0004247,CUST_000286,TMDB_M_290098,3,2026-01-16
RAT_0004248,CUST_000286,TMDB_M_848116,3,2025-11-15
RAT_0004249,CUST_000286,TMDB_M_876566,3,2026-03-12
RAT_0004250,CUST_000286,TMDB_T_1434,3,2025-10-30
RAT_0004251,CUST_000286,TMDB_T_2224,2,2026-01-16
RAT_0004252,CUST_000286,TMDB_T_2691,1,2026-01-20
RAT_0004253,CUST_000286,TMDB_T_35007,5,2026-03-20
RAT_0004254,CUST_000286,TMDB_T_66732,4,2025-12-05
RAT_0004255,CUST_000286,TMDB_T_76479,4,2025-10-17
RAT_0004256,CUST_000287,TMDB_M_11,3,2025-10-12
RAT_0004257,CUST_000287,TMDB_M_12445,2,2025-07-05
RAT_0004258,CUST_000287,TMDB_M_1311031,2,2025-08-14
RAT_0004259,CUST_000287,TMDB_M_1658216,4,2026-03-20
RAT_0004260,CUST_000287,TMDB_M_271110,4,2026-02-06
RAT_0004261,CUST_000287,TMDB_M_278,2,2026-01-01
RAT_0004262,CUST_000287,TMDB_M_28322,3,2025-03-05
RAT_0004263,CUST_000287,TMDB_M_502356,4,2026-03-28
RAT_0004264,CUST_000287,TMDB_M_58,3,2025-11-24
RAT_0004265,CUST_000287,TMDB_T_1408,2,2025-04-08
RAT_0004266,CUST_000287,TMDB_T_228091,5,2025-09-29
RAT_0004267,CUST_000287,TMDB_T_289219,2,2025-08-02
RAT_0004268,CUST_000287,TMDB_T_61818,3,2025-04-17
RAT_0004269,CUST_000287,TMDB_T_76479,1,2026-01-30
RAT_0004270,CUST_000287,TMDB_T_94722,4,2026-03-21
RAT_0004271,CUST_000288,TMDB_M_1115544,3,2026-04-06
RAT_0004272,CUST_000288,TMDB_M_1316092,4,2025-11-01
RAT_0004273,CUST_000288,TMDB_M_1317672,3,2026-03-10
RAT_0004274,CUST_000288,TMDB_M_1325734,5,2026-03-23
RAT_0004275,CUST_000288,TMDB_M_1327862,4,2025-12-23
RAT_0004276,CUST_000288,TMDB_M_1419406,4,2026-03-05
RAT_0004277,CUST_000288,TMDB_M_1631917,3,2026-01-23
RAT_0004278,CUST_000288,TMDB_M_1650558,3,2026-03-06
RAT_0004279,CUST_000288,TMDB_M_329505,3,2025-11-17
RAT_0004280,CUST_000288,TMDB_M_405746,4,2025-06-12
RAT_0004281,CUST_000288,TMDB_M_423,2,2025-08-16
RAT_0004282,CUST_000288,TMDB_M_670,4,2025-09-27
RAT_0004283,CUST_000288,TMDB_M_734286,3,2025-12-06
RAT_0004284,CUST_000288,TMDB_T_127529,4,2025-11-23
RAT_0004285,CUST_000288,TMDB_T_1408,2,2025-07-06
RAT_0004286,CUST_000288,TMDB_T_1973,4,2025-12-20
RAT_0004287,CUST_000288,TMDB_T_2288,4,2025-08-02
RAT_0004288,CUST_000288,TMDB_T_2661,3,2025-07-11
RAT_0004289,CUST_000288,TMDB_T_284058,4,2026-03-10
RAT_0004290,CUST_000288,TMDB_T_30984,3,2026-01-08
RAT_0004291,CUST_000288,TMDB_T_4588,5,2025-09-10
RAT_0004292,CUST_000288,TMDB_T_59941,5,2025-12-26
RAT_0004293,CUST_000289,TMDB_M_1054867,2,2025-12-22
RAT_0004294,CUST_000289,TMDB_M_1087891,5,2025-09-08
RAT_0004295,CUST_000289,TMDB_M_1241982,1,2026-01-09
RAT_0004296,CUST_000289,TMDB_M_1290417,2,2025-06-24
RAT_0004297,CUST_000289,TMDB_M_1368166,3,2026-02-14
RAT_0004298,CUST_000289,TMDB_M_156022,4,2025-12-30
RAT_0004299,CUST_000289,TMDB_M_429,3,2026-03-03
RAT_0004300,CUST_000289,TMDB_M_637649,5,2026-03-24
RAT_0004301,CUST_000289,TMDB_T_112527,2,2025-09-30
RAT_0004302,CUST_000289,TMDB_T_12225,3,2026-02-03
RAT_0004303,CUST_000289,TMDB_T_124364,3,2026-04-07
RAT_0004304,CUST_000289,TMDB_T_1399,4,2025-08-22
RAT_0004305,CUST_000289,TMDB_T_2316,1,2025-12-31
RAT_0004306,CUST_000289,TMDB_T_4604,3,2026-02-01
RAT_0004307,CUST_000289,TMDB_T_4607,3,2026-04-01
RAT_0004308,CUST_000290,TMDB_M_1084242,5,2025-10-24
RAT_0004309,CUST_000290,TMDB_M_1368166,2,2026-01-22
RAT_0004310,CUST_000290,TMDB_M_14160,2,2026-02-05
RAT_0004311,CUST_000290,TMDB_M_324857,2,2025-07-08
RAT_0004312,CUST_000290,TMDB_M_389677,5,2025-09-11
RAT_0004313,CUST_000290,TMDB_M_62029,4,2026-02-14
RAT_0004314,CUST_000290,TMDB_M_665,2,2025-09-13
RAT_0004315,CUST_000290,TMDB_M_863,3,2025-04-18
RAT_0004316,CUST_000290,TMDB_M_9502,3,2025-09-28
RAT_0004317,CUST_000290,TMDB_M_991494,2,2025-04-16
RAT_0004318,CUST_000290,TMDB_T_112527,1,2025-05-31
RAT_0004319,CUST_000290,TMDB_T_124364,2,2026-04-10
RAT_0004320,CUST_000290,TMDB_T_1421,2,2025-01-28
RAT_0004321,CUST_000290,TMDB_T_1434,2,2025-04-21
RAT_0004322,CUST_000290,TMDB_T_14981,3,2025-10-07
RAT_0004323,CUST_000290,TMDB_T_20111,4,2025-12-19
RAT_0004324,CUST_000290,TMDB_T_220542,2,2025-09-27
RAT_0004325,CUST_000290,TMDB_T_2288,3,2026-03-13
RAT_0004326,CUST_000290,TMDB_T_278275,3,2025-06-08
RAT_0004327,CUST_000290,TMDB_T_34307,1,2025-05-26
RAT_0004328,CUST_000290,TMDB_T_39351,3,2025-08-26
RAT_0004329,CUST_000290,TMDB_T_4177,3,2026-02-22
RAT_0004330,CUST_000290,TMDB_T_5920,4,2025-12-11
RAT_0004331,CUST_000290,TMDB_T_87917,4,2025-09-14
RAT_0004332,CUST_000291,TMDB_M_1193501,3,2026-01-03
RAT_0004333,CUST_000291,TMDB_M_519182,4,2026-03-13
RAT_0004334,CUST_000291,TMDB_M_575265,3,2026-02-07
RAT_0004335,CUST_000291,TMDB_M_875828,3,2025-12-31
RAT_0004336,CUST_000291,TMDB_M_950387,1,2025-11-08
RAT_0004337,CUST_000291,TMDB_T_127529,3,2026-02-08
RAT_0004338,CUST_000291,TMDB_T_2221,3,2025-12-27
RAT_0004339,CUST_000291,TMDB_T_228091,3,2025-12-07
RAT_0004340,CUST_000291,TMDB_T_8962,1,2026-03-26
RAT_0004341,CUST_000292,TMDB_M_1020969,5,2024-11-18
RAT_0004342,CUST_000292,TMDB_M_1087192,4,2025-01-07
RAT_0004343,CUST_000292,TMDB_M_1304313,3,2024-07-11
RAT_0004344,CUST_000292,TMDB_M_1523145,3,2024-07-24
RAT_0004345,CUST_000292,TMDB_M_447273,3,2024-09-02
RAT_0004346,CUST_000292,TMDB_M_497,3,2025-12-08
RAT_0004347,CUST_000292,TMDB_M_502356,5,2026-02-05
RAT_0004348,CUST_000292,TMDB_M_519182,3,2025-10-22
RAT_0004349,CUST_000292,TMDB_M_967941,2,2024-05-25
RAT_0004350,CUST_000292,TMDB_T_1668,3,2025-12-27
RAT_0004351,CUST_000292,TMDB_T_220542,3,2025-03-28
RAT_0004352,CUST_000292,TMDB_T_456,3,2026-01-13
RAT_0004353,CUST_000292,TMDB_T_4604,4,2025-07-28
RAT_0004354,CUST_000292,TMDB_T_502,5,2026-03-04
RAT_0004355,CUST_000292,TMDB_T_94722,5,2026-01-12
RAT_0004356,CUST_000293,TMDB_M_1110034,4,2026-01-31
RAT_0004357,CUST_000293,TMDB_M_1193501,5,2026-03-20
RAT_0004358,CUST_000293,TMDB_M_1228246,3,2025-11-27
RAT_0004359,CUST_000293,TMDB_M_1246049,3,2026-04-07
RAT_0004360,CUST_000293,TMDB_M_1276038,3,2026-02-01
RAT_0004361,CUST_000293,TMDB_M_128,3,2026-04-06
RAT_0004362,CUST_000293,TMDB_M_1290821,4,2025-12-01
RAT_0004363,CUST_000293,TMDB_M_1304313,3,2025-12-24
RAT_0004364,CUST_000293,TMDB_M_1493859,1,2025-12-06
RAT_0004365,CUST_000293,TMDB_M_567609,5,2026-03-19
RAT_0004366,CUST_000293,TMDB_M_58008,2,2025-09-22
RAT_0004367,CUST_000293,TMDB_M_630,2,2025-10-27
RAT_0004368,CUST_000293,TMDB_M_672,2,2026-02-11
RAT_0004369,CUST_000293,TMDB_M_675,5,2026-02-16
RAT_0004370,CUST_000293,TMDB_T_1695,4,2025-11-24
RAT_0004371,CUST_000293,TMDB_T_44217,3,2026-01-23
RAT_0004372,CUST_000293,TMDB_T_549,2,2026-04-08
RAT_0004373,CUST_000294,TMDB_M_1022787,3,2026-02-01
RAT_0004374,CUST_000294,TMDB_M_1159559,3,2025-03-16
RAT_0004375,CUST_000294,TMDB_M_346698,3,2026-01-04
RAT_0004376,CUST_000294,TMDB_M_83533,3,2025-02-25
RAT_0004377,CUST_000294,TMDB_M_912649,4,2026-03-06
RAT_0004378,CUST_000294,TMDB_T_1981,2,2026-03-08
RAT_0004379,CUST_000294,TMDB_T_33765,4,2025-11-11
RAT_0004380,CUST_000294,TMDB_T_60735,1,2025-06-10
RAT_0004381,CUST_000294,TMDB_T_68350,4,2026-03-13
RAT_0004382,CUST_000296,TMDB_M_1087891,4,2026-01-03
RAT_0004383,CUST_000296,TMDB_M_1327819,4,2026-01-17
RAT_0004384,CUST_000296,TMDB_M_1368166,1,2026-02-22
RAT_0004385,CUST_000296,TMDB_M_1630433,2,2026-04-06
RAT_0004386,CUST_000296,TMDB_M_541671,2,2025-12-27
RAT_0004387,CUST_000296,TMDB_M_980477,3,2026-01-31
RAT_0004388,CUST_000296,TMDB_T_124364,4,2026-02-12
RAT_0004389,CUST_000296,TMDB_T_12971,3,2025-12-01
RAT_0004390,CUST_000296,TMDB_T_1431,3,2026-03-15
RAT_0004391,CUST_000296,TMDB_T_2224,3,2026-03-28
RAT_0004392,CUST_000297,TMDB_M_1135873,4,2026-02-07
RAT_0004393,CUST_000297,TMDB_M_1191876,4,2025-08-19
RAT_0004394,CUST_000297,TMDB_M_122,4,2026-03-20
RAT_0004395,CUST_000297,TMDB_M_19995,1,2025-04-15
RAT_0004396,CUST_000297,TMDB_M_238,4,2026-02-09
RAT_0004397,CUST_000297,TMDB_M_24428,2,2025-05-05
RAT_0004398,CUST_000297,TMDB_M_272,4,2026-01-09
RAT_0004399,CUST_000297,TMDB_M_27205,4,2025-03-07
RAT_0004400,CUST_000297,TMDB_M_299536,1,2025-03-11
RAT_0004401,CUST_000297,TMDB_M_333339,5,2025-12-10
RAT_0004402,CUST_000297,TMDB_M_49051,2,2025-11-04
RAT_0004403,CUST_000297,TMDB_M_58,3,2025-07-01
RAT_0004404,CUST_000297,TMDB_M_59,3,2025-05-23
RAT_0004405,CUST_000297,TMDB_M_598,2,2025-09-07
RAT_0004406,CUST_000297,TMDB_T_1416,2,2025-03-29
RAT_0004407,CUST_000297,TMDB_T_4376,4,2026-03-13
RAT_0004408,CUST_000297,TMDB_T_4614,4,2025-09-22
RAT_0004409,CUST_000297,TMDB_T_71712,2,2026-02-06
RAT_0004410,CUST_000297,TMDB_T_72517,3,2025-07-21
RAT_0004411,CUST_000297,TMDB_T_78191,3,2025-08-18
RAT_0004412,CUST_000298,TMDB_M_1020969,3,2026-02-05
RAT_0004413,CUST_000298,TMDB_M_1234731,2,2025-11-13
RAT_0004414,CUST_000298,TMDB_M_1387382,1,2025-03-31
RAT_0004415,CUST_000298,TMDB_M_1418657,4,2025-06-21
RAT_0004416,CUST_000298,TMDB_M_419430,4,2025-11-25
RAT_0004417,CUST_000298,TMDB_M_77338,4,2025-04-02
RAT_0004418,CUST_000298,TMDB_M_82690,1,2025-08-22
RAT_0004419,CUST_000298,TMDB_M_848116,3,2025-05-25
RAT_0004420,CUST_000298,TMDB_M_950387,3,2025-09-11
RAT_0004421,CUST_000298,TMDB_T_1399,3,2025-10-17
RAT_0004422,CUST_000298,TMDB_T_1403,2,2025-05-14
RAT_0004423,CUST_000298,TMDB_T_2734,3,2025-08-19
RAT_0004424,CUST_000298,TMDB_T_48866,3,2025-10-20
RAT_0004425,CUST_000298,TMDB_T_693,2,2026-02-05
RAT_0004426,CUST_000298,TMDB_T_78191,2,2025-05-28
RAT_0004427,CUST_000298,TMDB_T_790,2,2025-04-20
RAT_0004428,CUST_000298,TMDB_T_79744,2,2025-12-21
RAT_0004429,CUST_000298,TMDB_T_8962,2,2025-04-16
RAT_0004430,CUST_000299,TMDB_M_101,3,2025-07-31
RAT_0004431,CUST_000299,TMDB_M_1214931,4,2025-07-24
RAT_0004432,CUST_000299,TMDB_M_1305781,1,2025-09-07
RAT_0004433,CUST_000299,TMDB_M_967,4,2025-06-17
RAT_0004434,CUST_000299,TMDB_T_124364,5,2025-07-07
RAT_0004435,CUST_000299,TMDB_T_1412,5,2025-08-01
RAT_0004436,CUST_000299,TMDB_T_58841,2,2025-08-31
RAT_0004437,CUST_000299,TMDB_T_95557,2,2025-08-24
RAT_0004438,CUST_000300,TMDB_M_1610418,3,2025-09-06
RAT_0004439,CUST_000300,TMDB_M_419430,3,2026-02-02
RAT_0004440,CUST_000300,TMDB_M_680493,3,2026-01-22
RAT_0004441,CUST_000300,TMDB_T_1402,4,2026-02-22
RAT_0004442,CUST_000300,TMDB_T_1667,3,2025-08-21
RAT_0004443,CUST_000300,TMDB_T_1973,4,2026-02-28
RAT_0004444,CUST_000300,TMDB_T_20111,3,2025-08-06
RAT_0004445,CUST_000300,TMDB_T_2261,5,2025-12-29
RAT_0004446,CUST_000300,TMDB_T_2661,4,2026-01-17
RAT_0004447,CUST_000300,TMDB_T_30984,3,2025-10-25
RAT_0004448,CUST_000300,TMDB_T_37854,4,2025-06-02
RAT_0004449,CUST_000300,TMDB_T_4177,4,2026-02-16
RAT_0004450,CUST_000300,TMDB_T_57243,3,2026-02-09
RAT_0004451,CUST_000300,TMDB_T_67460,2,2025-05-23
RAT_0004452,CUST_000300,TMDB_T_68350,5,2026-03-20
RAT_0004453,CUST_000300,TMDB_T_85077,2,2026-03-29
RAT_0004454,CUST_000301,TMDB_M_12509,4,2025-10-26
RAT_0004455,CUST_000301,TMDB_M_1268127,3,2026-01-16
RAT_0004456,CUST_000301,TMDB_M_1297842,5,2026-01-10
RAT_0004457,CUST_000301,TMDB_M_1310568,5,2026-04-01
RAT_0004458,CUST_000301,TMDB_M_1311031,4,2024-12-04
RAT_0004459,CUST_000301,TMDB_M_1487320,3,2025-04-17
RAT_0004460,CUST_000301,TMDB_M_1634301,3,2026-01-05
RAT_0004461,CUST_000301,TMDB_M_244786,4,2025-05-08
RAT_0004462,CUST_000301,TMDB_M_3558,5,2025-12-26
RAT_0004463,CUST_000301,TMDB_T_1622,3,2025-05-14
RAT_0004464,CUST_000301,TMDB_T_18165,3,2025-03-11
RAT_0004465,CUST_000301,TMDB_T_290856,3,2024-12-06
RAT_0004466,CUST_000301,TMDB_T_40663,2,2026-01-02
RAT_0004467,CUST_000301,TMDB_T_4087,4,2025-08-02
RAT_0004468,CUST_000301,TMDB_T_72517,4,2025-02-15
RAT_0004469,CUST_000301,TMDB_T_78191,5,2025-12-21
RAT_0004470,CUST_000302,TMDB_M_10193,3,2026-03-18
RAT_0004471,CUST_000302,TMDB_M_1110034,3,2026-04-07
RAT_0004472,CUST_000302,TMDB_M_1117857,3,2025-08-31
RAT_0004473,CUST_000302,TMDB_M_1403327,5,2025-08-02
RAT_0004474,CUST_000302,TMDB_M_1497970,2,2026-03-01
RAT_0004475,CUST_000302,TMDB_M_1600672,4,2025-08-10
RAT_0004476,CUST_000302,TMDB_M_228150,5,2026-03-31
RAT_0004477,CUST_000302,TMDB_M_359410,3,2025-12-01
RAT_0004478,CUST_000302,TMDB_M_945961,2,2025-08-15
RAT_0004479,CUST_000302,TMDB_M_976573,2,2026-03-06
RAT_0004480,CUST_000302,TMDB_T_1402,2,2026-03-10
RAT_0004481,CUST_000302,TMDB_T_1433,4,2025-12-29
RAT_0004482,CUST_000302,TMDB_T_2122,2,2026-02-26
RAT_0004483,CUST_000302,TMDB_T_2661,4,2026-01-23
RAT_0004484,CUST_000302,TMDB_T_2734,3,2026-01-20
RAT_0004485,CUST_000302,TMDB_T_37854,3,2025-12-22
RAT_0004486,CUST_000302,TMDB_T_4057,3,2026-03-10
RAT_0004487,CUST_000302,TMDB_T_44217,5,2025-09-18
RAT_0004488,CUST_000302,TMDB_T_45790,4,2025-10-03
RAT_0004489,CUST_000302,TMDB_T_46260,4,2026-03-31
RAT_0004490,CUST_000302,TMDB_T_57243,3,2025-11-06
RAT_0004491,CUST_000302,TMDB_T_65503,3,2025-09-24
RAT_0004492,CUST_000302,TMDB_T_65733,2,2026-01-21
RAT_0004493,CUST_000302,TMDB_T_94722,2,2025-09-23
RAT_0004494,CUST_000302,TMDB_T_95479,3,2026-02-21
RAT_0004495,CUST_000302,TMDB_T_95557,2,2025-11-23
RAT_0004496,CUST_000303,TMDB_M_1226863,5,2025-04-27
RAT_0004497,CUST_000303,TMDB_M_12444,1,2025-12-06
RAT_0004498,CUST_000303,TMDB_M_1297842,3,2025-09-27
RAT_0004499,CUST_000303,TMDB_M_228150,5,2026-02-13
RAT_0004500,CUST_000303,TMDB_M_324786,1,2025-11-24
RAT_0004501,CUST_000303,TMDB_M_374720,4,2025-11-25
RAT_0004502,CUST_000303,TMDB_T_1412,5,2025-12-26
RAT_0004503,CUST_000303,TMDB_T_1981,2,2026-02-11
RAT_0004504,CUST_000303,TMDB_T_73586,3,2025-03-26
RAT_0004505,CUST_000303,TMDB_T_873,2,2026-03-10
RAT_0004506,CUST_000304,TMDB_M_1015606,4,2025-11-01
RAT_0004507,CUST_000304,TMDB_M_106,5,2026-03-29
RAT_0004508,CUST_000304,TMDB_M_1234821,5,2025-10-28
RAT_0004509,CUST_000304,TMDB_M_1236153,4,2025-10-31
RAT_0004510,CUST_000304,TMDB_M_1368166,2,2024-06-09
RAT_0004511,CUST_000304,TMDB_M_1426297,3,2024-09-10
RAT_0004512,CUST_000304,TMDB_M_1462146,5,2026-04-08
RAT_0004513,CUST_000304,TMDB_M_24428,4,2025-10-17
RAT_0004514,CUST_000304,TMDB_M_286217,2,2024-11-28
RAT_0004515,CUST_000304,TMDB_M_755898,3,2026-03-17
RAT_0004516,CUST_000304,TMDB_M_840464,4,2025-07-01
RAT_0004517,CUST_000304,TMDB_M_848116,3,2026-04-10
RAT_0004518,CUST_000304,TMDB_M_912649,2,2025-10-07
RAT_0004519,CUST_000304,TMDB_M_969681,3,2025-02-19
RAT_0004520,CUST_000304,TMDB_T_124364,4,2026-01-07
RAT_0004521,CUST_000304,TMDB_T_1421,1,2025-08-04
RAT_0004522,CUST_000304,TMDB_T_1668,3,2025-11-27
RAT_0004523,CUST_000304,TMDB_T_4057,3,2026-02-05
RAT_0004524,CUST_000304,TMDB_T_68350,2,2025-04-07
RAT_0004525,CUST_000305,TMDB_M_1022789,3,2024-10-19
RAT_0004526,CUST_000305,TMDB_M_1171145,1,2025-01-02
RAT_0004527,CUST_000305,TMDB_M_1424965,2,2026-04-11
RAT_0004528,CUST_000305,TMDB_M_414906,4,2025-11-22
RAT_0004529,CUST_000305,TMDB_T_1415,3,2026-02-22
RAT_0004530,CUST_000305,TMDB_T_195670,2,2025-08-03
RAT_0004531,CUST_000305,TMDB_T_4057,1,2025-04-22
RAT_0004532,CUST_000305,TMDB_T_4087,3,2025-07-05
RAT_0004533,CUST_000305,TMDB_T_42009,1,2024-11-30
RAT_0004534,CUST_000305,TMDB_T_44217,2,2024-10-06
RAT_0004535,CUST_000305,TMDB_T_456,4,2026-03-01
RAT_0004536,CUST_000305,TMDB_T_46952,3,2024-12-24
RAT_0004537,CUST_000305,TMDB_T_57532,3,2025-04-10
RAT_0004538,CUST_000305,TMDB_T_693,1,2025-10-12
RAT_0004539,CUST_000305,TMDB_T_80748,4,2025-07-22
RAT_0004540,CUST_000306,TMDB_M_111,2,2025-05-18
RAT_0004541,CUST_000306,TMDB_M_1252037,2,2025-11-09
RAT_0004542,CUST_000306,TMDB_M_1327819,2,2024-11-01
RAT_0004543,CUST_000306,TMDB_M_228150,4,2026-03-23
RAT_0004544,CUST_000306,TMDB_M_374720,5,2026-02-15
RAT_0004545,CUST_000306,TMDB_M_808,5,2025-05-30
RAT_0004546,CUST_000306,TMDB_M_857,4,2026-03-29
RAT_0004547,CUST_000306,TMDB_T_114478,2,2025-02-20
RAT_0004548,CUST_000306,TMDB_T_117465,2,2026-04-11
RAT_0004549,CUST_000306,TMDB_T_15260,2,2025-06-26
RAT_0004550,CUST_000306,TMDB_T_33765,1,2025-03-20
RAT_0004551,CUST_000306,TMDB_T_35007,4,2026-03-22
RAT_0004552,CUST_000306,TMDB_T_71712,3,2025-01-11
RAT_0004553,CUST_000306,TMDB_T_95557,5,2026-01-26
RAT_0004554,CUST_000307,TMDB_M_1019420,5,2025-07-26
RAT_0004555,CUST_000307,TMDB_M_11036,3,2026-04-01
RAT_0004556,CUST_000307,TMDB_M_1180831,4,2025-07-19
RAT_0004557,CUST_000307,TMDB_M_1291335,2,2026-04-11
RAT_0004558,CUST_000307,TMDB_M_1292695,5,2026-03-15
RAT_0004559,CUST_000307,TMDB_M_1305781,5,2025-09-11
RAT_0004560,CUST_000307,TMDB_M_1339876,3,2026-02-23
RAT_0004561,CUST_000307,TMDB_M_14161,2,2025-08-16
RAT_0004562,CUST_000307,TMDB_M_1641319,3,2025-07-11
RAT_0004563,CUST_000307,TMDB_M_1650558,3,2026-03-28
RAT_0004564,CUST_000307,TMDB_M_299536,3,2025-09-29
RAT_0004565,CUST_000307,TMDB_M_603,2,2026-02-24
RAT_0004566,CUST_000307,TMDB_M_86501,2,2025-12-09
RAT_0004567,CUST_000307,TMDB_M_969681,3,2025-12-18
RAT_0004568,CUST_000307,TMDB_T_2316,5,2026-03-15
RAT_0004569,CUST_000307,TMDB_T_285469,4,2025-08-16
RAT_0004570,CUST_000307,TMDB_T_60572,3,2026-02-03
RAT_0004571,CUST_000307,TMDB_T_66732,3,2025-08-21
RAT_0004572,CUST_000307,TMDB_T_71494,2,2026-04-04
RAT_0004573,CUST_000308,TMDB_M_1325734,4,2026-03-23
RAT_0004574,CUST_000308,TMDB_M_1584215,3,2025-08-15
RAT_0004575,CUST_000308,TMDB_M_419430,4,2025-07-29
RAT_0004576,CUST_000308,TMDB_M_502356,4,2025-03-29
RAT_0004577,CUST_000308,TMDB_M_83533,5,2025-07-13
RAT_0004578,CUST_000308,TMDB_T_119051,5,2025-10-02
RAT_0004579,CUST_000308,TMDB_T_127529,2,2025-11-05
RAT_0004580,CUST_000308,TMDB_T_1399,3,2025-07-04
RAT_0004581,CUST_000308,TMDB_T_1412,5,2025-08-16
RAT_0004582,CUST_000308,TMDB_T_1415,4,2025-08-05
RAT_0004583,CUST_000308,TMDB_T_1416,3,2026-03-14
RAT_0004584,CUST_000308,TMDB_T_1855,5,2026-03-06
RAT_0004585,CUST_000308,TMDB_T_202411,2,2026-01-13
RAT_0004586,CUST_000308,TMDB_T_2261,4,2025-11-19
RAT_0004587,CUST_000308,TMDB_T_250307,3,2025-11-02
RAT_0004588,CUST_000308,TMDB_T_33238,3,2025-11-08
RAT_0004589,CUST_000308,TMDB_T_34524,5,2025-10-07
RAT_0004590,CUST_000308,TMDB_T_39351,2,2025-09-29
RAT_0004591,CUST_000308,TMDB_T_4604,3,2026-04-08
RAT_0004592,CUST_000308,TMDB_T_6836,3,2025-10-11
RAT_0004593,CUST_000308,TMDB_T_693,4,2026-04-01
RAT_0004594,CUST_000309,TMDB_M_1117857,3,2026-04-08
RAT_0004595,CUST_000309,TMDB_M_1284496,4,2025-12-20
RAT_0004596,CUST_000309,TMDB_M_1297842,3,2026-01-15
RAT_0004597,CUST_000309,TMDB_M_14160,5,2025-10-17
RAT_0004598,CUST_000309,TMDB_M_14836,5,2025-09-07
RAT_0004599,CUST_000309,TMDB_M_1620551,5,2026-03-08
RAT_0004600,CUST_000309,TMDB_M_2062,4,2025-10-04
RAT_0004601,CUST_000309,TMDB_M_374720,4,2025-12-09
RAT_0004602,CUST_000309,TMDB_M_635302,4,2025-11-22
RAT_0004603,CUST_000309,TMDB_M_857,5,2026-03-27
RAT_0004604,CUST_000309,TMDB_M_863,3,2025-09-04
RAT_0004605,CUST_000309,TMDB_M_936075,5,2026-03-26
RAT_0004606,CUST_000309,TMDB_M_976573,4,2026-01-01
RAT_0004607,CUST_000309,TMDB_T_1411,5,2026-01-02
RAT_0004608,CUST_000309,TMDB_T_22980,5,2026-02-01
RAT_0004609,CUST_000309,TMDB_T_237020,4,2025-08-28
RAT_0004610,CUST_000309,TMDB_T_2691,3,2026-03-26
RAT_0004611,CUST_000309,TMDB_T_2734,3,2025-09-12
RAT_0004612,CUST_000309,TMDB_T_34524,2,2026-02-18
RAT_0004613,CUST_000309,TMDB_T_37680,3,2026-01-06
RAT_0004614,CUST_000309,TMDB_T_39351,4,2025-12-21
RAT_0004615,CUST_000309,TMDB_T_68350,3,2026-01-25
RAT_0004616,CUST_000310,TMDB_M_10138,2,2026-02-22
RAT_0004617,CUST_000310,TMDB_M_1084187,4,2025-07-28
RAT_0004618,CUST_000310,TMDB_M_1171145,3,2025-08-02
RAT_0004619,CUST_000310,TMDB_M_475557,3,2025-12-12
RAT_0004620,CUST_000310,TMDB_T_1402,5,2026-02-15
RAT_0004621,CUST_000310,TMDB_T_1433,3,2025-05-12
RAT_0004622,CUST_000310,TMDB_T_1668,5,2025-05-26
RAT_0004623,CUST_000310,TMDB_T_202411,3,2025-07-04
RAT_0004624,CUST_000310,TMDB_T_42009,5,2025-12-04
RAT_0004625,CUST_000310,TMDB_T_44217,3,2026-02-11
RAT_0004626,CUST_000310,TMDB_T_48866,5,2025-10-01
RAT_0004627,CUST_000310,TMDB_T_502,3,2026-02-04
RAT_0004628,CUST_000310,TMDB_T_57243,5,2026-01-16
RAT_0004629,CUST_000310,TMDB_T_75219,4,2025-06-17
RAT_0004630,CUST_000310,TMDB_T_85077,3,2026-03-02
RAT_0004631,CUST_000311,TMDB_M_10191,4,2026-03-30
RAT_0004632,CUST_000311,TMDB_M_1084187,4,2026-03-21
RAT_0004633,CUST_000311,TMDB_M_1327819,4,2026-02-11
RAT_0004634,CUST_000311,TMDB_T_154770,5,2026-03-09
RAT_0004635,CUST_000311,TMDB_T_1695,3,2026-02-03
RAT_0004636,CUST_000311,TMDB_T_18165,3,2025-12-21
RAT_0004637,CUST_000311,TMDB_T_2261,3,2025-10-28
RAT_0004638,CUST_000311,TMDB_T_290856,3,2026-02-08
RAT_0004639,CUST_000311,TMDB_T_46260,4,2026-02-09
RAT_0004640,CUST_000311,TMDB_T_4656,5,2026-01-27
RAT_0004641,CUST_000311,TMDB_T_76479,4,2026-02-26
RAT_0004642,CUST_000312,TMDB_M_1368166,2,2026-04-07
RAT_0004643,CUST_000312,TMDB_M_1426297,3,2026-04-06
RAT_0004644,CUST_000312,TMDB_M_1523145,3,2026-04-05
RAT_0004645,CUST_000312,TMDB_T_1911,1,2026-04-10
RAT_0004646,CUST_000312,TMDB_T_2224,2,2026-04-08
RAT_0004647,CUST_000312,TMDB_T_94722,1,2026-04-09
RAT_0004648,CUST_000313,TMDB_M_1084242,3,2025-03-27
RAT_0004649,CUST_000313,TMDB_M_122,4,2024-08-31
RAT_0004650,CUST_000313,TMDB_M_1226863,2,2025-01-22
RAT_0004651,CUST_000313,TMDB_M_246,1,2024-12-25
RAT_0004652,CUST_000313,TMDB_M_285,4,2025-08-17
RAT_0004653,CUST_000313,TMDB_M_49051,2,2025-03-15
RAT_0004654,CUST_000313,TMDB_M_567609,1,2026-01-23
RAT_0004655,CUST_000313,TMDB_M_630,3,2025-08-26
RAT_0004656,CUST_000313,TMDB_M_634649,4,2025-11-03
RAT_0004657,CUST_000313,TMDB_M_762509,3,2026-01-23
RAT_0004658,CUST_000313,TMDB_M_803796,3,2026-01-16
RAT_0004659,CUST_000313,TMDB_M_8358,2,2026-02-23
RAT_0004660,CUST_000313,TMDB_M_840464,3,2024-09-11
RAT_0004661,CUST_000313,TMDB_M_875828,2,2026-02-06
RAT_0004662,CUST_000313,TMDB_T_1622,4,2024-09-24
RAT_0004663,CUST_000313,TMDB_T_1973,2,2026-02-16
RAT_0004664,CUST_000313,TMDB_T_2288,4,2025-10-07
RAT_0004665,CUST_000313,TMDB_T_37854,3,2025-07-14
RAT_0004666,CUST_000313,TMDB_T_46952,3,2026-01-18
RAT_0004667,CUST_000313,TMDB_T_57243,2,2024-09-11
RAT_0004668,CUST_000313,TMDB_T_67460,4,2026-01-31
RAT_0004669,CUST_000314,TMDB_M_1307373,3,2025-10-09
RAT_0004670,CUST_000314,TMDB_M_1327819,4,2026-03-23
RAT_0004671,CUST_000314,TMDB_M_1381027,4,2025-11-20
RAT_0004672,CUST_000314,TMDB_M_1480382,2,2026-02-25
RAT_0004673,CUST_000314,TMDB_M_156022,1,2025-11-23
RAT_0004674,CUST_000314,TMDB_M_20352,2,2026-01-10
RAT_0004675,CUST_000314,TMDB_M_240,4,2025-11-03
RAT_0004676,CUST_000314,TMDB_M_359410,4,2026-04-08
RAT_0004677,CUST_000314,TMDB_M_447273,3,2026-01-19
RAT_0004678,CUST_000314,TMDB_M_502356,2,2026-01-21
RAT_0004679,CUST_000314,TMDB_M_62,2,2026-01-31
RAT_0004680,CUST_000314,TMDB_M_634649,3,2026-02-17
RAT_0004681,CUST_000314,TMDB_M_637649,3,2026-04-07
RAT_0004682,CUST_000314,TMDB_M_662707,3,2026-02-04
RAT_0004683,CUST_000314,TMDB_M_677638,4,2026-04-03
RAT_0004684,CUST_000314,TMDB_M_77338,2,2025-11-21
RAT_0004685,CUST_000314,TMDB_M_82690,4,2025-10-01
RAT_0004686,CUST_000314,TMDB_M_83533,4,2026-03-23
RAT_0004687,CUST_000314,TMDB_M_950387,4,2026-02-13
RAT_0004688,CUST_000314,TMDB_M_99861,2,2025-12-03
RAT_0004689,CUST_000314,TMDB_T_124364,4,2025-09-20
RAT_0004690,CUST_000314,TMDB_T_1396,3,2025-12-29
RAT_0004691,CUST_000314,TMDB_T_202411,3,2025-11-01
RAT_0004692,CUST_000314,TMDB_T_34307,5,2026-01-31
RAT_0004693,CUST_000314,TMDB_T_4376,5,2025-11-08
RAT_0004694,CUST_000314,TMDB_T_4588,4,2025-09-11
RAT_0004695,CUST_000315,TMDB_M_1291335,4,2026-03-06
RAT_0004696,CUST_000315,TMDB_M_1317672,3,2026-03-07
RAT_0004697,CUST_000315,TMDB_M_1325734,3,2026-02-10
RAT_0004698,CUST_000315,TMDB_M_615,3,2026-02-22
RAT_0004699,CUST_000315,TMDB_M_83533,3,2026-03-04
RAT_0004700,CUST_000315,TMDB_T_124364,4,2026-04-01
RAT_0004701,CUST_000315,TMDB_T_4607,3,2026-03-16
RAT_0004702,CUST_000315,TMDB_T_693,5,2026-02-10
RAT_0004703,CUST_000315,TMDB_T_76479,3,2026-02-17
RAT_0004704,CUST_000315,TMDB_T_78191,3,2026-02-16
RAT_0004705,CUST_000316,TMDB_M_1192548,1,2026-05-20
RAT_0004706,CUST_000316,TMDB_M_1635276,4,2026-04-10
RAT_0004707,CUST_000316,TMDB_M_510,4,2026-01-16
RAT_0004708,CUST_000316,TMDB_M_936075,4,2026-04-02
RAT_0004709,CUST_000317,TMDB_M_1084187,4,2026-01-05
RAT_0004710,CUST_000317,TMDB_M_1236153,3,2026-02-27
RAT_0004711,CUST_000317,TMDB_M_1306368,2,2026-01-05
RAT_0004712,CUST_000317,TMDB_M_346,4,2025-12-22
RAT_0004713,CUST_000317,TMDB_M_4935,4,2026-04-10
RAT_0004714,CUST_000317,TMDB_M_687163,3,2026-02-14
RAT_0004715,CUST_000317,TMDB_M_8966,2,2026-03-05
RAT_0004716,CUST_000317,TMDB_M_967941,3,2026-03-10
RAT_0004717,CUST_000317,TMDB_T_1416,4,2026-04-11
RAT_0004718,CUST_000317,TMDB_T_2261,2,2026-02-13
RAT_0004719,CUST_000317,TMDB_T_32415,3,2026-01-16
RAT_0004720,CUST_000317,TMDB_T_456,2,2026-01-02
RAT_0004721,CUST_000318,TMDB_M_1054867,5,2025-10-11
RAT_0004722,CUST_000318,TMDB_M_1171145,3,2025-09-01
RAT_0004723,CUST_000318,TMDB_M_1199193,3,2025-12-08
RAT_0004724,CUST_000318,TMDB_M_1307373,3,2025-10-11
RAT_0004725,CUST_000318,TMDB_M_1523145,3,2025-11-13
RAT_0004726,CUST_000318,TMDB_M_156022,5,2026-03-02
RAT_0004727,CUST_000318,TMDB_M_329505,2,2025-12-06
RAT_0004728,CUST_000318,TMDB_M_429617,2,2025-12-21
RAT_0004729,CUST_000318,TMDB_M_680,4,2026-03-22
RAT_0004730,CUST_000318,TMDB_M_876566,3,2025-06-06
RAT_0004731,CUST_000318,TMDB_T_2171,5,2025-10-16
RAT_0004732,CUST_000318,TMDB_T_76479,4,2026-01-22
RAT_0004733,CUST_000319,TMDB_M_10474,4,2025-12-19
RAT_0004734,CUST_000319,TMDB_M_1084242,3,2026-04-05
RAT_0004735,CUST_000319,TMDB_M_1198994,3,2026-01-16
RAT_0004736,CUST_000319,TMDB_M_122,2,2026-02-22
RAT_0004737,CUST_000319,TMDB_M_1266127,4,2026-01-22
RAT_0004738,CUST_000319,TMDB_M_1290417,2,2026-03-22
RAT_0004739,CUST_000319,TMDB_M_1297454,4,2025-12-18
RAT_0004740,CUST_000319,TMDB_M_429,5,2026-03-17
RAT_0004741,CUST_000319,TMDB_M_662707,3,2026-01-12
RAT_0004742,CUST_000319,TMDB_T_17610,3,2025-11-02
RAT_0004743,CUST_000319,TMDB_T_1973,3,2025-11-06
RAT_0004744,CUST_000319,TMDB_T_37854,2,2026-03-07
RAT_0004745,CUST_000319,TMDB_T_57243,3,2026-03-30
RAT_0004746,CUST_000319,TMDB_T_60574,3,2026-01-25
RAT_0004747,CUST_000319,TMDB_T_67460,3,2026-03-26
RAT_0004748,CUST_000319,TMDB_T_8962,1,2026-03-06
RAT_0004749,CUST_000320,TMDB_M_1022787,4,2025-08-05
RAT_0004750,CUST_000320,TMDB_M_103,2,2024-12-29
RAT_0004751,CUST_000320,TMDB_M_12444,3,2024-09-29
RAT_0004752,CUST_000320,TMDB_M_1403735,4,2025-08-07
RAT_0004753,CUST_000320,TMDB_M_1575337,2,2025-09-27
RAT_0004754,CUST_000320,TMDB_M_1653994,1,2025-04-18
RAT_0004755,CUST_000320,TMDB_M_19404,2,2026-03-08
RAT_0004756,CUST_000320,TMDB_M_324857,3,2026-02-13
RAT_0004757,CUST_000320,TMDB_M_508947,2,2024-07-13
RAT_0004758,CUST_000320,TMDB_M_58008,4,2025-11-20
RAT_0004759,CUST_000320,TMDB_M_601,1,2025-07-25
RAT_0004760,CUST_000320,TMDB_T_1100,2,2025-11-09
RAT_0004761,CUST_000320,TMDB_T_110075,2,2025-11-13
RAT_0004762,CUST_000320,TMDB_T_195670,4,2025-04-07
RAT_0004763,CUST_000320,TMDB_T_278573,3,2025-10-26
RAT_0004764,CUST_000320,TMDB_T_60625,4,2025-01-04
RAT_0004765,CUST_000320,TMDB_T_63770,3,2026-01-16
RAT_0004766,CUST_000320,TMDB_T_75219,1,2025-08-02
RAT_0004767,CUST_000320,TMDB_T_764,5,2025-06-26
RAT_0004768,CUST_000320,TMDB_T_76572,3,2026-02-05
RAT_0004769,CUST_000320,TMDB_T_8962,3,2025-11-30
RAT_0004770,CUST_000321,TMDB_M_12153,3,2025-11-27
RAT_0004771,CUST_000321,TMDB_M_1268127,3,2026-05-14
RAT_0004772,CUST_000321,TMDB_M_1325734,4,2026-01-16
RAT_0004773,CUST_000321,TMDB_M_1327862,4,2025-11-25
RAT_0004774,CUST_000321,TMDB_M_1368166,3,2026-02-09
RAT_0004775,CUST_000321,TMDB_M_453395,2,2026-08-19
RAT_0004776,CUST_000321,TMDB_M_634649,1,2026-07-23
RAT_0004777,CUST_000321,TMDB_M_967941,4,2026-06-12
RAT_0004778,CUST_000321,TMDB_T_12971,2,2026-08-14
RAT_0004779,CUST_000321,TMDB_T_279388,2,2025-12-08
RAT_0004780,CUST_000321,TMDB_T_45790,4,2026-03-17
RAT_0004781,CUST_000321,TMDB_T_71494,5,2025-11-27
RAT_0004782,CUST_000322,TMDB_M_1198994,2,2026-02-03
RAT_0004783,CUST_000322,TMDB_M_361743,4,2026-02-04
RAT_0004784,CUST_000322,TMDB_M_755898,3,2026-03-29
RAT_0004785,CUST_000322,TMDB_M_98477,4,2025-12-19
RAT_0004786,CUST_000322,TMDB_T_202411,5,2025-06-12
RAT_0004787,CUST_000322,TMDB_T_4087,2,2025-07-28
RAT_0004788,CUST_000322,TMDB_T_60735,3,2025-10-15
RAT_0004789,CUST_000322,TMDB_T_73586,4,2026-04-07
RAT_0004790,CUST_000323,TMDB_M_1192548,5,2025-11-15
RAT_0004791,CUST_000323,TMDB_M_122,1,2025-10-20
RAT_0004792,CUST_000323,TMDB_M_1246049,3,2024-09-17
RAT_0004793,CUST_000323,TMDB_M_1430,4,2026-01-25
RAT_0004794,CUST_000323,TMDB_M_502356,4,2025-09-19
RAT_0004795,CUST_000323,TMDB_T_1435,3,2024-11-11
RAT_0004796,CUST_000323,TMDB_T_2190,2,2025-06-13
RAT_0004797,CUST_000323,TMDB_T_4087,4,2025-10-06
RAT_0004798,CUST_000323,TMDB_T_456,2,2026-02-02
RAT_0004799,CUST_000323,TMDB_T_57532,2,2025-10-24
RAT_0004800,CUST_000323,TMDB_T_59941,3,2025-09-30
RAT_0004801,CUST_000323,TMDB_T_8962,4,2024-08-15
RAT_0004802,CUST_000324,TMDB_M_1241470,1,2026-03-10
RAT_0004803,CUST_000324,TMDB_M_1268127,4,2026-02-01
RAT_0004804,CUST_000324,TMDB_M_27205,3,2026-02-13
RAT_0004805,CUST_000324,TMDB_M_419430,4,2026-03-06
RAT_0004806,CUST_000324,TMDB_M_429,5,2026-03-01
RAT_0004807,CUST_000324,TMDB_M_617126,3,2026-03-23
RAT_0004808,CUST_000324,TMDB_M_809,3,2026-03-04
RAT_0004809,CUST_000324,TMDB_T_124364,4,2026-04-02
RAT_0004810,CUST_000324,TMDB_T_1399,2,2026-03-20
RAT_0004811,CUST_000324,TMDB_T_1407,1,2026-03-04
RAT_0004812,CUST_000324,TMDB_T_2221,2,2026-03-16
RAT_0004813,CUST_000324,TMDB_T_34524,5,2026-02-18
RAT_0004814,CUST_000324,TMDB_T_60622,4,2026-02-16
RAT_0004815,CUST_000324,TMDB_T_62223,4,2026-04-05
RAT_0004816,CUST_000324,TMDB_T_82873,5,2026-02-18
RAT_0004817,CUST_000325,TMDB_M_1214931,3,2025-11-29
RAT_0004818,CUST_000325,TMDB_M_122,1,2025-07-05
RAT_0004819,CUST_000325,TMDB_M_1276038,4,2025-12-25
RAT_0004820,CUST_000325,TMDB_M_1311031,3,2025-04-24
RAT_0004821,CUST_000325,TMDB_M_1327819,2,2025-02-21
RAT_0004822,CUST_000325,TMDB_M_502356,4,2026-01-23
RAT_0004823,CUST_000325,TMDB_M_665,5,2026-02-08
RAT_0004824,CUST_000325,TMDB_M_701387,2,2025-05-15
RAT_0004825,CUST_000325,TMDB_T_291,2,2026-01-10
RAT_0004826,CUST_000325,TMDB_T_4629,4,2025-03-04
RAT_0004827,CUST_000325,TMDB_T_549,4,2025-03-10
RAT_0004828,CUST_000325,TMDB_T_72517,4,2025-10-17
RAT_0004829,CUST_000326,TMDB_M_1061474,2,2026-04-03
RAT_0004830,CUST_000326,TMDB_M_1865,3,2025-11-23
RAT_0004831,CUST_000326,TMDB_M_447365,3,2025-09-17
RAT_0004832,CUST_000326,TMDB_M_635302,3,2025-10-08
RAT_0004833,CUST_000326,TMDB_M_912649,5,2026-01-13
RAT_0004834,CUST_000326,TMDB_T_209867,5,2026-02-13
RAT_0004835,CUST_000327,TMDB_T_73586,3,2026-04-07
RAT_0004836,CUST_000328,TMDB_M_1088434,4,2026-01-24
RAT_0004837,CUST_000328,TMDB_M_1248226,1,2026-03-02
RAT_0004838,CUST_000328,TMDB_M_1290821,1,2026-01-31
RAT_0004839,CUST_000328,TMDB_M_1328803,3,2025-12-03
RAT_0004840,CUST_000328,TMDB_M_1426964,4,2025-12-05
RAT_0004841,CUST_000328,TMDB_M_1582770,3,2025-12-09
RAT_0004842,CUST_000328,TMDB_M_539972,1,2026-03-11
RAT_0004843,CUST_000328,TMDB_M_607,2,2026-02-14
RAT_0004844,CUST_000328,TMDB_T_1416,3,2026-03-06
RAT_0004845,CUST_000328,TMDB_T_2004,1,2026-02-09
RAT_0004846,CUST_000328,TMDB_T_2316,4,2026-01-12
RAT_0004847,CUST_000328,TMDB_T_46952,2,2026-03-17
RAT_0004848,CUST_000328,TMDB_T_95557,1,2026-02-08
RAT_0004849,CUST_000329,TMDB_M_1019420,3,2026-01-28
RAT_0004850,CUST_000329,TMDB_M_1291335,3,2025-11-11
RAT_0004851,CUST_000329,TMDB_M_1317672,3,2025-11-03
RAT_0004852,CUST_000329,TMDB_M_1650558,4,2025-03-16
RAT_0004853,CUST_000329,TMDB_M_19995,2,2026-03-02
RAT_0004854,CUST_000329,TMDB_M_273481,1,2026-03-22
RAT_0004855,CUST_000329,TMDB_M_807,4,2026-03-09
RAT_0004856,CUST_000329,TMDB_M_858024,2,2025-09-16
RAT_0004857,CUST_000329,TMDB_M_999136,2,2024-06-29
RAT_0004858,CUST_000329,TMDB_T_1973,5,2025-11-14
RAT_0004859,CUST_000329,TMDB_T_35007,3,2024-10-13
RAT_0004860,CUST_000329,TMDB_T_71728,3,2025-05-15
RAT_0004861,CUST_000330,TMDB_M_10138,2,2026-04-11
RAT_0004862,CUST_000330,TMDB_M_1015606,4,2026-01-25
RAT_0004863,CUST_000330,TMDB_M_1049471,2,2025-03-20
RAT_0004864,CUST_000330,TMDB_M_1078605,4,2026-01-13
RAT_0004865,CUST_000330,TMDB_M_1234731,5,2025-09-04
RAT_0004866,CUST_000330,TMDB_M_1315303,3,2025-10-18
RAT_0004867,CUST_000330,TMDB_M_1493859,3,2025-08-11
RAT_0004868,CUST_000330,TMDB_M_157336,2,2025-05-19
RAT_0004869,CUST_000330,TMDB_M_271110,3,2025-03-13
RAT_0004870,CUST_000330,TMDB_M_299536,3,2025-08-31
RAT_0004871,CUST_000330,TMDB_M_333339,2,2025-03-17
RAT_0004872,CUST_000330,TMDB_M_337404,3,2025-10-30
RAT_0004873,CUST_000330,TMDB_M_564,4,2026-01-06
RAT_0004874,CUST_000330,TMDB_M_671,4,2025-08-06
RAT_0004875,CUST_000330,TMDB_M_672,3,2025-03-15
RAT_0004876,CUST_000330,TMDB_T_1407,2,2024-12-22
RAT_0004877,CUST_000330,TMDB_T_14981,3,2025-08-07
RAT_0004878,CUST_000330,TMDB_T_2691,4,2026-03-21
RAT_0004879,CUST_000330,TMDB_T_33765,4,2025-12-18
RAT_0004880,CUST_000330,TMDB_T_42009,5,2025-01-30
RAT_0004881,CUST_000330,TMDB_T_4376,2,2025-05-06
RAT_0004882,CUST_000330,TMDB_T_4604,4,2025-08-12
RAT_0004883,CUST_000330,TMDB_T_46260,3,2025-09-14
RAT_0004884,CUST_000330,TMDB_T_95557,4,2025-09-25
RAT_0004885,CUST_000330,TMDB_T_98031,1,2025-09-16
RAT_0004886,CUST_000331,TMDB_M_1171145,4,2026-01-18
RAT_0004887,CUST_000331,TMDB_M_12153,4,2025-03-18
RAT_0004888,CUST_000331,TMDB_M_1252037,3,2025-12-26
RAT_0004889,CUST_000331,TMDB_M_1272837,3,2025-06-07
RAT_0004890,CUST_000331,TMDB_M_1341137,3,2025-05-19
RAT_0004891,CUST_000331,TMDB_M_24,3,2025-04-05
RAT_0004892,CUST_000331,TMDB_M_502356,2,2025-09-22
RAT_0004893,CUST_000331,TMDB_T_124364,3,2026-01-20
RAT_0004894,CUST_000331,TMDB_T_1398,3,2024-12-23
RAT_0004895,CUST_000331,TMDB_T_30981,2,2026-02-14
RAT_0004896,CUST_000331,TMDB_T_4087,5,2026-04-11
RAT_0004897,CUST_000331,TMDB_T_4607,3,2025-08-02
RAT_0004898,CUST_000331,TMDB_T_693,4,2026-02-06
RAT_0004899,CUST_000331,TMDB_T_76479,5,2026-03-26
RAT_0004900,CUST_000332,TMDB_M_1115544,1,2025-10-30
RAT_0004901,CUST_000332,TMDB_M_1191876,3,2025-08-22
RAT_0004902,CUST_000332,TMDB_M_1297454,5,2025-04-28
RAT_0004903,CUST_000332,TMDB_M_617126,4,2025-03-11
RAT_0004904,CUST_000332,TMDB_M_840464,5,2025-05-30
RAT_0004905,CUST_000332,TMDB_M_858024,2,2025-07-23
RAT_0004906,CUST_000332,TMDB_M_982843,2,2025-10-23
RAT_0004907,CUST_000332,TMDB_T_195670,3,2025-07-16
RAT_0004908,CUST_000332,TMDB_T_209867,1,2025-10-19
RAT_0004909,CUST_000332,TMDB_T_220150,3,2025-08-25
RAT_0004910,CUST_000332,TMDB_T_2661,1,2025-10-20
RAT_0004911,CUST_000332,TMDB_T_57243,3,2025-10-02
RAT_0004912,CUST_000332,TMDB_T_65334,1,2025-10-29
RAT_0004913,CUST_000332,TMDB_T_67460,3,2025-11-13
RAT_0004914,CUST_000333,TMDB_M_1228246,5,2026-02-22
RAT_0004915,CUST_000333,TMDB_M_1234821,4,2025-05-08
RAT_0004916,CUST_000333,TMDB_M_1381216,2,2025-03-12
RAT_0004917,CUST_000333,TMDB_M_1470130,3,2025-01-12
RAT_0004918,CUST_000333,TMDB_M_19995,3,2026-03-09
RAT_0004919,CUST_000333,TMDB_M_28975,5,2025-10-27
RAT_0004920,CUST_000333,TMDB_M_293660,2,2025-07-19
RAT_0004921,CUST_000333,TMDB_M_604079,1,2025-09-14
RAT_0004922,CUST_000333,TMDB_M_617126,3,2025-03-15
RAT_0004923,CUST_000333,TMDB_M_812037,4,2025-12-15
RAT_0004924,CUST_000333,TMDB_M_83533,3,2026-03-01
RAT_0004925,CUST_000333,TMDB_T_1412,3,2025-09-02
RAT_0004926,CUST_000333,TMDB_T_202411,1,2025-04-14
RAT_0004927,CUST_000333,TMDB_T_220150,3,2025-05-25
RAT_0004928,CUST_000333,TMDB_T_34524,3,2025-03-12
RAT_0004929,CUST_000333,TMDB_T_4087,3,2026-02-12
RAT_0004930,CUST_000333,TMDB_T_4604,2,2025-11-20
RAT_0004931,CUST_000333,TMDB_T_4607,3,2026-03-11
RAT_0004932,CUST_000333,TMDB_T_46260,3,2026-01-18
RAT_0004933,CUST_000333,TMDB_T_549,1,2026-03-21
RAT_0004934,CUST_000334,TMDB_M_1523145,5,2026-03-05
RAT_0004935,CUST_000334,TMDB_M_157336,5,2026-01-01
RAT_0004936,CUST_000334,TMDB_M_181808,1,2026-01-28
RAT_0004937,CUST_000334,TMDB_M_246,4,2026-04-04
RAT_0004938,CUST_000334,TMDB_M_425274,3,2025-08-29
RAT_0004939,CUST_000334,TMDB_M_673,4,2025-10-01
RAT_0004940,CUST_000334,TMDB_T_119051,2,2025-07-29
RAT_0004941,CUST_000334,TMDB_T_13945,1,2025-03-21
RAT_0004942,CUST_000334,TMDB_T_1398,4,2025-09-20
RAT_0004943,CUST_000334,TMDB_T_20111,3,2025-04-09
RAT_0004944,CUST_000334,TMDB_T_4057,4,2025-09-22
RAT_0004945,CUST_000334,TMDB_T_45789,5,2025-05-03
RAT_0004946,CUST_000334,TMDB_T_4614,5,2026-02-28
RAT_0004947,CUST_000334,TMDB_T_57243,4,2025-01-26
RAT_0004948,CUST_000334,TMDB_T_60735,2,2025-10-08
RAT_0004949,CUST_000334,TMDB_T_80748,3,2025-04-27
RAT_0004950,CUST_000334,TMDB_T_873,3,2026-02-04
RAT_0004951,CUST_000335,TMDB_M_18988,4,2025-01-02
RAT_0004952,CUST_000335,TMDB_M_218,1,2025-03-21
RAT_0004953,CUST_000335,TMDB_M_83533,3,2026-02-05
RAT_0004954,CUST_000335,TMDB_T_1398,2,2025-03-30
RAT_0004955,CUST_000335,TMDB_T_1433,4,2025-09-18
RAT_0004956,CUST_000335,TMDB_T_1435,5,2025-09-20
RAT_0004957,CUST_000335,TMDB_T_2190,2,2025-08-18
RAT_0004958,CUST_000335,TMDB_T_3562,5,2026-01-20
RAT_0004959,CUST_000335,TMDB_T_4607,3,2026-02-19
RAT_0004960,CUST_000335,TMDB_T_60059,2,2025-11-18
RAT_0004961,CUST_000335,TMDB_T_6836,2,2025-06-17
RAT_0004962,CUST_000335,TMDB_T_82873,3,2026-02-12
RAT_0004963,CUST_000336,TMDB_M_1214931,4,2026-01-02
RAT_0004964,CUST_000336,TMDB_M_1233413,3,2025-11-18
RAT_0004965,CUST_000336,TMDB_M_1276038,4,2025-06-08
RAT_0004966,CUST_000336,TMDB_M_1284460,5,2025-12-08
RAT_0004967,CUST_000336,TMDB_M_1367763,2,2025-11-07
RAT_0004968,CUST_000336,TMDB_M_1381216,5,2025-03-03
RAT_0004969,CUST_000336,TMDB_M_1572073,3,2025-09-06
RAT_0004970,CUST_000336,TMDB_M_1610418,3,2025-12-07
RAT_0004971,CUST_000336,TMDB_M_396535,2,2025-12-09
RAT_0004972,CUST_000336,TMDB_M_665,5,2025-10-17
RAT_0004973,CUST_000336,TMDB_M_862739,3,2025-05-06
RAT_0004974,CUST_000336,TMDB_T_1667,2,2025-10-14
RAT_0004975,CUST_000336,TMDB_T_1705,4,2025-10-05
RAT_0004976,CUST_000336,TMDB_T_202411,2,2025-12-08
RAT_0004977,CUST_000336,TMDB_T_5092,5,2025-12-25
RAT_0004978,CUST_000337,TMDB_M_1242898,1,2026-01-13
RAT_0004979,CUST_000337,TMDB_M_1325734,1,2025-12-31
RAT_0004980,CUST_000337,TMDB_M_1327819,1,2026-01-13
RAT_0004981,CUST_000337,TMDB_M_1359,1,2025-12-08
RAT_0004982,CUST_000337,TMDB_M_1381027,3,2025-12-30
RAT_0004983,CUST_000337,TMDB_M_1430,4,2025-11-21
RAT_0004984,CUST_000337,TMDB_M_1462146,1,2026-01-14
RAT_0004985,CUST_000337,TMDB_M_1523145,1,2026-01-20
RAT_0004986,CUST_000337,TMDB_M_290098,3,2025-11-04
RAT_0004987,CUST_000337,TMDB_M_637649,3,2025-12-21
RAT_0004988,CUST_000337,TMDB_T_154770,4,2025-11-18
RAT_0004989,CUST_000337,TMDB_T_4614,2,2025-12-06
RAT_0004990,CUST_000337,TMDB_T_65503,3,2025-10-28
RAT_0004991,CUST_000337,TMDB_T_71494,4,2026-01-15
RAT_0004992,CUST_000337,TMDB_T_764,3,2026-01-08
RAT_0004993,CUST_000337,TMDB_T_76479,1,2025-12-26
RAT_0004994,CUST_000338,TMDB_M_1236153,1,2025-06-08
RAT_0004995,CUST_000338,TMDB_M_1266990,3,2026-02-13
RAT_0004996,CUST_000338,TMDB_M_1290417,1,2025-07-17
RAT_0004997,CUST_000338,TMDB_M_1317288,3,2025-11-29
RAT_0004998,CUST_000338,TMDB_M_1367642,4,2026-03-29
RAT_0004999,CUST_000338,TMDB_M_1387382,1,2025-08-16
RAT_0005000,CUST_000338,TMDB_M_152742,2,2025-12-25
RAT_0005001,CUST_000338,TMDB_M_240,1,2025-05-26
RAT_0005002,CUST_000338,TMDB_M_424,3,2025-08-27
RAT_0005003,CUST_000338,TMDB_M_597,3,2026-02-10
RAT_0005004,CUST_000338,TMDB_T_12971,3,2025-05-23
RAT_0005005,CUST_000338,TMDB_T_250307,3,2026-01-23
RAT_0005006,CUST_000338,TMDB_T_4607,3,2025-09-26
RAT_0005007,CUST_000338,TMDB_T_5092,4,2026-02-07
RAT_0005008,CUST_000338,TMDB_T_60574,3,2025-07-24
RAT_0005009,CUST_000338,TMDB_T_76479,1,2026-04-04
RAT_0005010,CUST_000339,TMDB_M_1310568,4,2025-05-23
RAT_0005011,CUST_000339,TMDB_M_293660,2,2024-11-18
RAT_0005012,CUST_000339,TMDB_T_1421,2,2025-05-04
RAT_0005013,CUST_000339,TMDB_T_1705,2,2025-04-11
RAT_0005014,CUST_000339,TMDB_T_2224,3,2025-06-03
RAT_0005015,CUST_000339,TMDB_T_3562,3,2025-03-17
RAT_0005016,CUST_000339,TMDB_T_37680,4,2024-11-25
RAT_0005017,CUST_000339,TMDB_T_4087,1,2025-05-24
RAT_0005018,CUST_000339,TMDB_T_48866,2,2025-04-02
RAT_0005019,CUST_000340,TMDB_M_1180831,4,2026-01-23
RAT_0005020,CUST_000340,TMDB_M_1192548,2,2025-12-23
RAT_0005021,CUST_000340,TMDB_M_1276704,2,2025-07-29
RAT_0005022,CUST_000340,TMDB_M_1439112,2,2026-04-07
RAT_0005023,CUST_000340,TMDB_M_1523145,1,2025-08-26
RAT_0005024,CUST_000340,TMDB_M_1634301,2,2025-12-12
RAT_0005025,CUST_000340,TMDB_M_280,2,2025-12-04
RAT_0005026,CUST_000340,TMDB_M_284054,2,2025-08-24
RAT_0005027,CUST_000340,TMDB_M_361743,3,2025-07-23
RAT_0005028,CUST_000340,TMDB_M_429617,1,2025-07-30
RAT_0005029,CUST_000340,TMDB_M_436969,4,2026-02-14
RAT_0005030,CUST_000340,TMDB_M_575265,2,2026-04-11
RAT_0005031,CUST_000340,TMDB_M_62029,3,2026-02-21
RAT_0005032,CUST_000340,TMDB_M_936075,5,2026-04-06
RAT_0005033,CUST_000340,TMDB_M_98,5,2025-11-24
RAT_0005034,CUST_000340,TMDB_T_45789,2,2026-04-02
RAT_0005035,CUST_000340,TMDB_T_4601,3,2025-11-12
RAT_0005036,CUST_000341,TMDB_M_1049471,2,2024-09-20
RAT_0005037,CUST_000341,TMDB_M_1199193,2,2024-12-19
RAT_0005038,CUST_000341,TMDB_M_1242898,2,2024-11-07
RAT_0005039,CUST_000341,TMDB_M_1268127,5,2024-09-22
RAT_0005040,CUST_000341,TMDB_M_1635276,3,2024-10-12
RAT_0005041,CUST_000341,TMDB_M_273477,3,2025-01-27
RAT_0005042,CUST_000341,TMDB_T_128318,2,2024-11-19
RAT_0005043,CUST_000341,TMDB_T_1400,2,2025-01-11
RAT_0005044,CUST_000341,TMDB_T_1415,5,2024-12-12
RAT_0005045,CUST_000341,TMDB_T_237020,1,2025-02-10
RAT_0005046,CUST_000341,TMDB_T_2661,4,2024-12-10
RAT_0005047,CUST_000341,TMDB_T_278573,1,2025-01-02
RAT_0005048,CUST_000341,TMDB_T_71728,2,2025-02-15
RAT_0005049,CUST_000342,TMDB_M_1292695,2,2026-02-03
RAT_0005050,CUST_000342,TMDB_M_1317672,4,2025-08-19
RAT_0005051,CUST_000342,TMDB_M_402431,4,2024-06-29
RAT_0005052,CUST_000342,TMDB_M_52741,3,2026-02-21
RAT_0005053,CUST_000342,TMDB_T_1622,4,2024-11-14
RAT_0005054,CUST_000342,TMDB_T_202411,4,2025-04-11
RAT_0005055,CUST_000342,TMDB_T_228091,4,2024-09-27
RAT_0005056,CUST_000342,TMDB_T_4556,3,2024-09-05
RAT_0005057,CUST_000342,TMDB_T_4588,4,2025-12-25
RAT_0005058,CUST_000342,TMDB_T_67460,3,2026-03-18
RAT_0005059,CUST_000342,TMDB_T_85077,5,2024-11-13
RAT_0005060,CUST_000343,TMDB_M_1084187,3,2025-10-18
RAT_0005061,CUST_000343,TMDB_M_11,5,2026-01-09
RAT_0005062,CUST_000343,TMDB_M_11036,3,2026-03-21
RAT_0005063,CUST_000343,TMDB_M_1175942,3,2025-12-05
RAT_0005064,CUST_000343,TMDB_M_1192548,5,2026-04-04
RAT_0005065,CUST_000343,TMDB_M_121,3,2025-10-04
RAT_0005066,CUST_000343,TMDB_M_128,4,2025-07-12
RAT_0005067,CUST_000343,TMDB_M_1317672,3,2025-09-04
RAT_0005068,CUST_000343,TMDB_M_1493859,3,2026-02-25
RAT_0005069,CUST_000343,TMDB_M_1620551,2,2026-01-08
RAT_0005070,CUST_000343,TMDB_M_181812,2,2025-12-14
RAT_0005071,CUST_000343,TMDB_M_49051,3,2026-03-15
RAT_0005072,CUST_000343,TMDB_M_564,4,2025-08-20
RAT_0005073,CUST_000343,TMDB_M_630,2,2026-02-04
RAT_0005074,CUST_000343,TMDB_M_662707,2,2026-01-07
RAT_0005075,CUST_000343,TMDB_T_100088,4,2025-04-24
RAT_0005076,CUST_000343,TMDB_T_1405,3,2025-03-25
RAT_0005077,CUST_000343,TMDB_T_14981,3,2025-09-07
RAT_0005078,CUST_000343,TMDB_T_2221,3,2025-09-23
RAT_0005079,CUST_000343,TMDB_T_35674,1,2026-02-23
RAT_0005080,CUST_000343,TMDB_T_456,2,2026-01-07
RAT_0005081,CUST_000343,TMDB_T_65733,2,2025-12-06
RAT_0005082,CUST_000343,TMDB_T_76572,5,2026-03-11
RAT_0005083,CUST_000344,TMDB_M_1336770,3,2026-02-28
RAT_0005084,CUST_000344,TMDB_M_1403327,4,2025-07-20
RAT_0005085,CUST_000344,TMDB_M_1523145,4,2024-07-03
RAT_0005086,CUST_000344,TMDB_M_19404,1,2026-03-10
RAT_0005087,CUST_000344,TMDB_M_259694,4,2025-04-21
RAT_0005088,CUST_000344,TMDB_M_62029,3,2024-12-21
RAT_0005089,CUST_000344,TMDB_M_83533,4,2025-07-14
RAT_0005090,CUST_000344,TMDB_T_119051,4,2024-11-15
RAT_0005091,CUST_000344,TMDB_T_1855,4,2025-08-31
RAT_0005092,CUST_000344,TMDB_T_195670,5,2025-09-01
RAT_0005093,CUST_000344,TMDB_T_278275,5,2025-12-16
RAT_0005094,CUST_000344,TMDB_T_278573,4,2024-10-19
RAT_0005095,CUST_000344,TMDB_T_35007,4,2026-01-16
RAT_0005096,CUST_000344,TMDB_T_4087,2,2025-11-18
RAT_0005097,CUST_000344,TMDB_T_48866,2,2024-07-17
RAT_0005098,CUST_000344,TMDB_T_502,5,2026-03-15
RAT_0005099,CUST_000344,TMDB_T_63174,3,2025-05-19
RAT_0005100,CUST_000344,TMDB_T_65334,1,2025-08-16
RAT_0005101,CUST_000344,TMDB_T_66732,4,2026-02-25
RAT_0005102,CUST_000345,TMDB_M_1487320,3,2026-01-19
RAT_0005103,CUST_000345,TMDB_M_425274,3,2025-11-28
RAT_0005104,CUST_000345,TMDB_M_453395,3,2025-12-21
RAT_0005105,CUST_000345,TMDB_M_4935,1,2026-01-30
RAT_0005106,CUST_000345,TMDB_M_862739,3,2026-01-17
RAT_0005107,CUST_000345,TMDB_M_8966,5,2026-04-06
RAT_0005108,CUST_000345,TMDB_M_999136,3,2025-12-30
RAT_0005109,CUST_000345,TMDB_T_1431,3,2025-12-25
RAT_0005110,CUST_000345,TMDB_T_1911,5,2026-04-02
RAT_0005111,CUST_000345,TMDB_T_42009,2,2026-03-09
RAT_0005112,CUST_000345,TMDB_T_60622,4,2025-12-11
RAT_0005113,CUST_000345,TMDB_T_71790,4,2025-12-18
RAT_0005114,CUST_000345,TMDB_T_764,1,2026-01-24
RAT_0005115,CUST_000345,TMDB_T_76572,3,2026-01-29
RAT_0005116,CUST_000346,TMDB_M_1523145,4,2025-05-22
RAT_0005117,CUST_000346,TMDB_M_1635276,3,2025-04-11
RAT_0005118,CUST_000346,TMDB_M_350,1,2025-02-25
RAT_0005119,CUST_000346,TMDB_M_967941,3,2025-09-25
RAT_0005120,CUST_000346,TMDB_T_1398,2,2026-03-08
RAT_0005121,CUST_000346,TMDB_T_18165,4,2025-10-02
RAT_0005122,CUST_000346,TMDB_T_2004,1,2024-09-26
RAT_0005123,CUST_000346,TMDB_T_2221,3,2024-06-25
RAT_0005124,CUST_000346,TMDB_T_2224,4,2026-02-03
RAT_0005125,CUST_000346,TMDB_T_22980,4,2025-10-20
RAT_0005126,CUST_000346,TMDB_T_284058,3,2026-02-26
RAT_0005127,CUST_000346,TMDB_T_456,2,2025-09-19
RAT_0005128,CUST_000346,TMDB_T_79744,3,2025-03-13
RAT_0005129,CUST_000346,TMDB_T_94722,4,2026-03-07
RAT_0005130,CUST_000347,TMDB_M_107257,1,2025-04-18
RAT_0005131,CUST_000347,TMDB_M_1228246,2,2025-04-02
RAT_0005132,CUST_000347,TMDB_M_1268127,2,2025-05-12
RAT_0005133,CUST_000347,TMDB_M_152742,3,2025-04-02
RAT_0005134,CUST_000347,TMDB_T_10534,2,2025-05-12
RAT_0005135,CUST_000347,TMDB_T_154770,3,2025-05-13
RAT_0005136,CUST_000347,TMDB_T_279388,1,2025-04-29
RAT_0005137,CUST_000347,TMDB_T_279471,3,2025-04-07
RAT_0005138,CUST_000347,TMDB_T_39351,3,2025-05-13
RAT_0005139,CUST_000347,TMDB_T_62223,1,2025-05-02
RAT_0005140,CUST_000348,TMDB_M_103,2,2025-08-08
RAT_0005141,CUST_000348,TMDB_M_1325734,4,2025-03-13
RAT_0005142,CUST_000348,TMDB_M_1650558,4,2026-01-01
RAT_0005143,CUST_000348,TMDB_T_1489,4,2025-05-16
RAT_0005144,CUST_000348,TMDB_T_60059,4,2025-10-23
RAT_0005145,CUST_000348,TMDB_T_63174,2,2025-10-20
RAT_0005146,CUST_000349,TMDB_M_106,4,2026-03-27
RAT_0005147,CUST_000349,TMDB_M_1167307,1,2025-11-28
RAT_0005148,CUST_000349,TMDB_M_1357633,3,2025-08-28
RAT_0005149,CUST_000349,TMDB_M_14160,1,2025-11-24
RAT_0005150,CUST_000349,TMDB_M_24428,2,2025-11-13
RAT_0005151,CUST_000349,TMDB_M_38,3,2026-02-09
RAT_0005152,CUST_000349,TMDB_M_604079,4,2025-11-22
RAT_0005153,CUST_000349,TMDB_M_62,1,2025-02-19
RAT_0005154,CUST_000349,TMDB_M_687163,3,2025-12-28
RAT_0005155,CUST_000349,TMDB_M_83533,2,2025-12-17
RAT_0005156,CUST_000349,TMDB_M_980477,2,2025-09-13
RAT_0005157,CUST_000349,TMDB_T_1416,3,2025-09-16
RAT_0005158,CUST_000349,TMDB_T_57532,2,2025-05-22
RAT_0005159,CUST_000349,TMDB_T_76479,1,2025-12-23
RAT_0005160,CUST_000349,TMDB_T_95557,3,2025-08-28
RAT_0005161,CUST_000350,TMDB_M_1022789,4,2025-04-02
RAT_0005162,CUST_000350,TMDB_M_1054867,4,2025-12-19
RAT_0005163,CUST_000350,TMDB_M_1167307,4,2025-03-20
RAT_0005164,CUST_000350,TMDB_M_1233413,3,2025-06-28
RAT_0005165,CUST_000350,TMDB_M_1327819,3,2025-06-21
RAT_0005166,CUST_000350,TMDB_M_138843,4,2025-06-26
RAT_0005167,CUST_000350,TMDB_M_1401778,4,2026-01-01
RAT_0005168,CUST_000350,TMDB_M_1408208,3,2025-03-10
RAT_0005169,CUST_000350,TMDB_M_1412598,2,2025-12-07
RAT_0005170,CUST_000350,TMDB_M_423,1,2025-04-24
RAT_0005171,CUST_000350,TMDB_M_517302,1,2026-04-09
RAT_0005172,CUST_000350,TMDB_M_680,3,2025-05-22
RAT_0005173,CUST_000350,TMDB_M_840464,2,2025-09-26
RAT_0005174,CUST_000350,TMDB_M_933260,5,2025-12-17
RAT_0005175,CUST_000350,TMDB_M_985939,5,2025-10-18
RAT_0005176,CUST_000350,TMDB_T_1489,5,2026-03-01
RAT_0005177,CUST_000350,TMDB_T_14981,3,2025-01-23
RAT_0005178,CUST_000350,TMDB_T_202411,3,2025-11-25
RAT_0005179,CUST_000350,TMDB_T_2224,4,2025-07-12
RAT_0005180,CUST_000350,TMDB_T_22980,1,2025-02-21
RAT_0005181,CUST_000350,TMDB_T_95479,3,2025-10-01
RAT_0005182,CUST_000351,TMDB_M_1268127,2,2026-03-16
RAT_0005183,CUST_000351,TMDB_M_1359,3,2026-03-16
RAT_0005184,CUST_000351,TMDB_M_1381027,5,2026-04-06
RAT_0005185,CUST_000351,TMDB_M_1412598,4,2026-02-20
RAT_0005186,CUST_000351,TMDB_M_156022,4,2026-02-27
RAT_0005187,CUST_000351,TMDB_M_181808,4,2026-02-21
RAT_0005188,CUST_000351,TMDB_M_28322,4,2026-04-03
RAT_0005189,CUST_000351,TMDB_M_497,4,2026-04-11
RAT_0005190,CUST_000351,TMDB_M_8966,4,2026-03-16
RAT_0005191,CUST_000351,TMDB_M_985939,4,2026-03-24
RAT_0005192,CUST_000351,TMDB_T_120089,2,2026-03-24
RAT_0005193,CUST_000351,TMDB_T_1421,4,2026-03-23
RAT_0005194,CUST_000351,TMDB_T_60574,1,2026-03-17
RAT_0005195,CUST_000352,TMDB_M_1061474,3,2025-07-12
RAT_0005196,CUST_000352,TMDB_M_1252037,5,2026-02-09
RAT_0005197,CUST_000352,TMDB_M_1424965,4,2026-02-26
RAT_0005198,CUST_000352,TMDB_M_1462146,2,2025-12-06
RAT_0005199,CUST_000352,TMDB_M_228150,5,2026-02-28
RAT_0005200,CUST_000352,TMDB_M_497,4,2026-03-31
RAT_0005201,CUST_000352,TMDB_M_687163,3,2025-12-20
RAT_0005202,CUST_000352,TMDB_M_803796,5,2026-01-27
RAT_0005203,CUST_000352,TMDB_M_857,5,2025-12-12
RAT_0005204,CUST_000352,TMDB_M_8966,5,2025-12-02
RAT_0005205,CUST_000352,TMDB_T_119051,5,2026-01-20
RAT_0005206,CUST_000352,TMDB_T_3562,5,2026-02-13
RAT_0005207,CUST_000352,TMDB_T_76479,5,2026-02-13
RAT_0005208,CUST_000353,TMDB_M_106,2,2025-10-22
RAT_0005209,CUST_000353,TMDB_M_1061474,4,2025-12-29
RAT_0005210,CUST_000353,TMDB_M_1066313,4,2026-04-04
RAT_0005211,CUST_000353,TMDB_M_1159831,2,2025-12-28
RAT_0005212,CUST_000353,TMDB_M_1192548,3,2026-04-07
RAT_0005213,CUST_000353,TMDB_M_1419406,3,2025-10-18
RAT_0005214,CUST_000353,TMDB_M_1653994,2,2025-09-28
RAT_0005215,CUST_000353,TMDB_M_346698,3,2026-02-01
RAT_0005216,CUST_000353,TMDB_M_37165,2,2026-03-18
RAT_0005217,CUST_000353,TMDB_M_687163,1,2025-10-12
RAT_0005218,CUST_000353,TMDB_M_969681,1,2026-01-22
RAT_0005219,CUST_000353,TMDB_M_982843,3,2026-02-06
RAT_0005220,CUST_000353,TMDB_T_1434,3,2026-02-19
RAT_0005221,CUST_000353,TMDB_T_1705,3,2025-08-19
RAT_0005222,CUST_000353,TMDB_T_1855,4,2025-12-06
RAT_0005223,CUST_000353,TMDB_T_1981,5,2025-10-30
RAT_0005224,CUST_000353,TMDB_T_2661,3,2025-12-18
RAT_0005225,CUST_000353,TMDB_T_42009,5,2026-01-14
RAT_0005226,CUST_000353,TMDB_T_45790,5,2026-04-01
RAT_0005227,CUST_000353,TMDB_T_4629,4,2026-02-03
RAT_0005228,CUST_000353,TMDB_T_48866,1,2025-12-08
RAT_0005229,CUST_000353,TMDB_T_59941,4,2025-10-16
RAT_0005230,CUST_000353,TMDB_T_98031,3,2025-11-11
RAT_0005231,CUST_000354,TMDB_M_1015606,5,2026-03-11
RAT_0005232,CUST_000354,TMDB_M_1242898,3,2025-09-11
RAT_0005233,CUST_000354,TMDB_M_1266127,3,2025-12-19
RAT_0005234,CUST_000354,TMDB_M_1462146,4,2026-03-23
RAT_0005235,CUST_000354,TMDB_M_1726,3,2025-12-01
RAT_0005236,CUST_000354,TMDB_M_226674,5,2026-03-16
RAT_0005237,CUST_000354,TMDB_M_273481,2,2026-02-18
RAT_0005238,CUST_000354,TMDB_M_545611,5,2026-01-15
RAT_0005239,CUST_000354,TMDB_M_786892,3,2025-08-03
RAT_0005240,CUST_000354,TMDB_M_86501,3,2025-08-30
RAT_0005241,CUST_000354,TMDB_M_875828,3,2025-12-12
RAT_0005242,CUST_000354,TMDB_T_1981,4,2025-11-15
RAT_0005243,CUST_000354,TMDB_T_3562,5,2026-04-06
RAT_0005244,CUST_000354,TMDB_T_56570,5,2025-10-07
RAT_0005245,CUST_000354,TMDB_T_70672,5,2026-01-13
RAT_0005246,CUST_000354,TMDB_T_71494,4,2026-03-28
RAT_0005247,CUST_000355,TMDB_M_1058710,1,2026-02-26
RAT_0005248,CUST_000355,TMDB_M_1159831,4,2026-01-01
RAT_0005249,CUST_000355,TMDB_M_1228246,3,2025-03-01
RAT_0005250,CUST_000355,TMDB_M_1241470,3,2026-01-25
RAT_0005251,CUST_000355,TMDB_M_1292695,3,2026-03-19
RAT_0005252,CUST_000355,TMDB_M_1311031,1,2025-07-30
RAT_0005253,CUST_000355,TMDB_M_1339876,2,2025-07-11
RAT_0005254,CUST_000355,TMDB_M_1357633,4,2025-04-22
RAT_0005255,CUST_000355,TMDB_M_1368166,3,2025-12-12
RAT_0005256,CUST_000355,TMDB_M_1381216,3,2025-08-25
RAT_0005257,CUST_000355,TMDB_M_138843,4,2025-04-19
RAT_0005258,CUST_000355,TMDB_M_1426964,1,2025-12-13
RAT_0005259,CUST_000355,TMDB_M_1646142,1,2026-02-16
RAT_0005260,CUST_000355,TMDB_M_27205,3,2025-09-04
RAT_0005261,CUST_000355,TMDB_M_28975,4,2025-06-26
RAT_0005262,CUST_000355,TMDB_M_293660,3,2025-11-22
RAT_0005263,CUST_000355,TMDB_M_38,2,2025-09-30
RAT_0005264,CUST_000355,TMDB_M_419430,4,2026-03-25
RAT_0005265,CUST_000355,TMDB_M_502356,2,2026-02-22
RAT_0005266,CUST_000355,TMDB_M_517302,2,2025-03-12
RAT_0005267,CUST_000355,TMDB_M_604079,3,2026-03-27
RAT_0005268,CUST_000355,TMDB_M_617126,3,2026-01-16
RAT_0005269,CUST_000355,TMDB_M_694,5,2025-09-11
RAT_0005270,CUST_000355,TMDB_M_786892,2,2025-11-07
RAT_0005271,CUST_000355,TMDB_M_798645,3,2025-09-11
RAT_0005272,CUST_000355,TMDB_M_83533,2,2025-12-28
RAT_0005273,CUST_000355,TMDB_T_1416,4,2025-02-26
RAT_0005274,CUST_000355,TMDB_T_1435,2,2025-09-02
RAT_0005275,CUST_000355,TMDB_T_18165,2,2026-01-06
RAT_0005276,CUST_000355,TMDB_T_37680,2,2025-10-19
RAT_0005277,CUST_000355,TMDB_T_72517,5,2025-04-22
RAT_0005278,CUST_000356,TMDB_M_1159831,4,2026-03-04
RAT_0005279,CUST_000356,TMDB_M_1297842,3,2026-03-03
RAT_0005280,CUST_000356,TMDB_M_1403327,2,2025-12-14
RAT_0005281,CUST_000356,TMDB_M_1523145,4,2026-04-08
RAT_0005282,CUST_000356,TMDB_M_1641319,3,2025-12-15
RAT_0005283,CUST_000356,TMDB_M_286217,3,2026-01-07
RAT_0005284,CUST_000356,TMDB_M_429,4,2026-02-23
RAT_0005285,CUST_000356,TMDB_M_510,1,2025-12-25
RAT_0005286,CUST_000356,TMDB_M_62,1,2025-12-22
RAT_0005287,CUST_000356,TMDB_M_687163,3,2026-02-19
RAT_0005288,CUST_000356,TMDB_T_108978,3,2025-12-13
RAT_0005289,CUST_000356,TMDB_T_124364,5,2025-11-09
RAT_0005290,CUST_000356,TMDB_T_127529,2,2026-03-12
RAT_0005291,CUST_000356,TMDB_T_202411,2,2026-03-08
RAT_0005292,CUST_000356,TMDB_T_4629,1,2025-11-09
RAT_0005293,CUST_000356,TMDB_T_60574,4,2026-03-03
RAT_0005294,CUST_000356,TMDB_T_73586,3,2026-03-31
RAT_0005295,CUST_000357,TMDB_M_1180831,1,2025-09-28
RAT_0005296,CUST_000357,TMDB_M_1197306,1,2025-10-17
RAT_0005297,CUST_000357,TMDB_M_1235877,4,2026-01-29
RAT_0005298,CUST_000357,TMDB_M_1265609,2,2026-01-13
RAT_0005299,CUST_000357,TMDB_M_1367642,3,2026-02-09
RAT_0005300,CUST_000357,TMDB_M_1419406,3,2025-10-29
RAT_0005301,CUST_000357,TMDB_M_1523145,2,2026-02-11
RAT_0005302,CUST_000357,TMDB_M_1650558,5,2026-04-03
RAT_0005303,CUST_000357,TMDB_M_359410,3,2025-09-11
RAT_0005304,CUST_000357,TMDB_M_361743,2,2025-11-20
RAT_0005305,CUST_000357,TMDB_M_628847,2,2025-10-26
RAT_0005306,CUST_000357,TMDB_M_7451,3,2026-04-01
RAT_0005307,CUST_000357,TMDB_M_786892,3,2026-02-19
RAT_0005308,CUST_000357,TMDB_M_798645,3,2025-11-05
RAT_0005309,CUST_000357,TMDB_T_108978,4,2025-09-29
RAT_0005310,CUST_000357,TMDB_T_1408,3,2026-01-25
RAT_0005311,CUST_000357,TMDB_T_1415,3,2025-12-03
RAT_0005312,CUST_000357,TMDB_T_4588,5,2025-09-20
RAT_0005313,CUST_000357,TMDB_T_60574,1,2026-01-02
RAT_0005314,CUST_000357,TMDB_T_76479,3,2025-10-26
RAT_0005315,CUST_000357,TMDB_T_79744,2,2025-12-06
RAT_0005316,CUST_000358,TMDB_M_665,2,2026-03-30
RAT_0005317,CUST_000358,TMDB_M_809,1,2026-04-10
RAT_0005318,CUST_000358,TMDB_T_15260,2,2026-03-29
RAT_0005319,CUST_000358,TMDB_T_62223,1,2026-04-10
RAT_0005320,CUST_000359,TMDB_M_1007734,1,2024-12-22
RAT_0005321,CUST_000359,TMDB_M_1011477,3,2025-01-11
RAT_0005322,CUST_000359,TMDB_M_1066313,2,2025-05-30
RAT_0005323,CUST_000359,TMDB_M_1078605,2,2025-05-24
RAT_0005324,CUST_000359,TMDB_M_1193501,3,2025-04-14
RAT_0005325,CUST_000359,TMDB_M_1198994,3,2025-04-27
RAT_0005326,CUST_000359,TMDB_M_121,4,2025-09-09
RAT_0005327,CUST_000359,TMDB_M_122,5,2025-11-19
RAT_0005328,CUST_000359,TMDB_M_1268127,4,2026-01-26
RAT_0005329,CUST_000359,TMDB_M_1865,4,2026-01-01
RAT_0005330,CUST_000359,TMDB_M_286217,4,2024-12-17
RAT_0005331,CUST_000359,TMDB_M_604079,4,2025-02-01
RAT_0005332,CUST_000359,TMDB_M_969681,3,2025-02-10
RAT_0005333,CUST_000359,TMDB_T_110075,1,2025-12-06
RAT_0005334,CUST_000359,TMDB_T_1399,2,2026-03-09
RAT_0005335,CUST_000359,TMDB_T_1416,2,2025-04-01
RAT_0005336,CUST_000359,TMDB_T_1421,1,2025-06-05
RAT_0005337,CUST_000359,TMDB_T_2171,4,2024-11-21
RAT_0005338,CUST_000359,TMDB_T_45789,3,2026-03-13
RAT_0005339,CUST_000359,TMDB_T_60572,4,2025-11-14
RAT_0005340,CUST_000360,TMDB_M_1049471,5,2025-04-01
RAT_0005341,CUST_000360,TMDB_M_1066313,4,2026-02-19
RAT_0005342,CUST_000360,TMDB_M_12153,5,2024-11-23
RAT_0005343,CUST_000360,TMDB_M_1304313,5,2025-03-16
RAT_0005344,CUST_000360,TMDB_M_1403735,4,2026-03-23
RAT_0005345,CUST_000360,TMDB_M_1646142,5,2025-09-17
RAT_0005346,CUST_000360,TMDB_M_214756,4,2025-11-15
RAT_0005347,CUST_000360,TMDB_M_27205,4,2025-11-26
RAT_0005348,CUST_000360,TMDB_M_346698,4,2024-10-31
RAT_0005349,CUST_000360,TMDB_M_541671,2,2025-10-25
RAT_0005350,CUST_000360,TMDB_T_1403,3,2025-08-18
RAT_0005351,CUST_000360,TMDB_T_1409,2,2026-03-18
RAT_0005352,CUST_000360,TMDB_T_1412,4,2025-08-02
RAT_0005353,CUST_000360,TMDB_T_1417,2,2024-11-27
RAT_0005354,CUST_000360,TMDB_T_1668,4,2024-12-03
RAT_0005355,CUST_000360,TMDB_T_209867,2,2025-10-08
RAT_0005356,CUST_000360,TMDB_T_2288,3,2025-11-29
RAT_0005357,CUST_000360,TMDB_T_22980,3,2025-10-09
RAT_0005358,CUST_000360,TMDB_T_2661,5,2025-10-03
RAT_0005359,CUST_000360,TMDB_T_2734,3,2024-12-16
RAT_0005360,CUST_000360,TMDB_T_278275,5,2025-03-24
RAT_0005361,CUST_000360,TMDB_T_278573,2,2026-02-26
RAT_0005362,CUST_000360,TMDB_T_291,4,2026-04-09
RAT_0005363,CUST_000360,TMDB_T_34307,5,2025-12-02
RAT_0005364,CUST_000360,TMDB_T_3452,4,2026-03-29
RAT_0005365,CUST_000360,TMDB_T_44217,3,2026-03-05
RAT_0005366,CUST_000360,TMDB_T_4656,4,2025-03-14
RAT_0005367,CUST_000360,TMDB_T_59941,5,2024-11-01
RAT_0005368,CUST_000360,TMDB_T_65733,3,2025-11-10
RAT_0005369,CUST_000361,TMDB_M_1049471,1,2025-08-30
RAT_0005370,CUST_000361,TMDB_M_1368166,3,2025-03-02
RAT_0005371,CUST_000361,TMDB_M_1523145,3,2026-03-29
RAT_0005372,CUST_000361,TMDB_M_157336,2,2025-06-10
RAT_0005373,CUST_000361,TMDB_M_49051,4,2025-11-05
RAT_0005374,CUST_000361,TMDB_M_601,3,2025-07-19
RAT_0005375,CUST_000361,TMDB_M_603,5,2025-03-20
RAT_0005376,CUST_000361,TMDB_M_630,2,2025-07-11
RAT_0005377,CUST_000361,TMDB_M_687163,3,2025-05-21
RAT_0005378,CUST_000361,TMDB_M_701387,1,2025-01-06
RAT_0005379,CUST_000361,TMDB_M_982843,3,2024-11-19
RAT_0005380,CUST_000361,TMDB_T_124364,3,2025-07-01
RAT_0005381,CUST_000361,TMDB_T_1434,4,2024-12-29
RAT_0005382,CUST_000361,TMDB_T_1667,3,2025-01-01
RAT_0005383,CUST_000361,TMDB_T_34307,4,2025-03-16
RAT_0005384,CUST_000361,TMDB_T_4087,4,2025-12-04
RAT_0005385,CUST_000361,TMDB_T_4177,5,2026-01-26
RAT_0005386,CUST_000361,TMDB_T_693,3,2026-04-11
RAT_0005387,CUST_000362,TMDB_M_1226863,1,2026-04-05
RAT_0005388,CUST_000362,TMDB_M_414906,2,2026-01-07
RAT_0005389,CUST_000362,TMDB_M_58008,3,2025-12-01
RAT_0005390,CUST_000362,TMDB_T_1433,2,2026-01-12
RAT_0005391,CUST_000362,TMDB_T_2171,1,2025-12-08
RAT_0005392,CUST_000362,TMDB_T_35007,1,2026-01-21
RAT_0005393,CUST_000362,TMDB_T_5920,2,2026-02-21
RAT_0005394,CUST_000362,TMDB_T_764,4,2026-03-13
RAT_0005395,CUST_000362,TMDB_T_82873,2,2026-03-13
RAT_0005396,CUST_000362,TMDB_T_873,4,2026-02-01
RAT_0005397,CUST_000363,TMDB_M_12153,4,2025-02-25
RAT_0005398,CUST_000363,TMDB_M_1641319,4,2025-08-01
RAT_0005399,CUST_000363,TMDB_M_497,1,2025-09-16
RAT_0005400,CUST_000363,TMDB_T_154770,4,2025-10-06
RAT_0005401,CUST_000363,TMDB_T_291,4,2025-10-29
RAT_0005402,CUST_000363,TMDB_T_3452,4,2025-04-25
RAT_0005403,CUST_000363,TMDB_T_35007,3,2025-10-21
RAT_0005404,CUST_000363,TMDB_T_57243,1,2025-09-27
RAT_0005405,CUST_000363,TMDB_T_693,1,2025-08-12
RAT_0005406,CUST_000363,TMDB_T_70672,3,2025-09-14
RAT_0005407,CUST_000363,TMDB_T_76479,2,2025-07-18
RAT_0005408,CUST_000363,TMDB_T_94722,2,2025-01-10
RAT_0005409,CUST_000364,TMDB_M_1064213,1,2026-03-02
RAT_0005410,CUST_000364,TMDB_M_11324,1,2025-05-01
RAT_0005411,CUST_000364,TMDB_M_1156593,2,2024-11-10
RAT_0005412,CUST_000364,TMDB_M_1191876,4,2025-04-26
RAT_0005413,CUST_000364,TMDB_M_1214871,1,2025-10-20
RAT_0005414,CUST_000364,TMDB_M_1314481,2,2025-03-25
RAT_0005415,CUST_000364,TMDB_M_1317288,3,2025-03-04
RAT_0005416,CUST_000364,TMDB_M_1367642,1,2024-10-05
RAT_0005417,CUST_000364,TMDB_M_1658216,2,2024-10-30
RAT_0005418,CUST_000364,TMDB_M_18988,4,2026-03-18
RAT_0005419,CUST_000364,TMDB_M_313369,3,2025-12-08
RAT_0005420,CUST_000364,TMDB_M_412117,5,2025-12-23
RAT_0005421,CUST_000364,TMDB_M_568,3,2025-04-20
RAT_0005422,CUST_000364,TMDB_M_598,3,2026-01-25
RAT_0005423,CUST_000364,TMDB_M_77338,1,2025-03-02
RAT_0005424,CUST_000364,TMDB_M_786892,3,2025-07-17
RAT_0005425,CUST_000364,TMDB_M_967941,3,2025-01-23
RAT_0005426,CUST_000364,TMDB_M_991494,3,2025-11-09
RAT_0005427,CUST_000364,TMDB_T_14981,2,2025-08-02
RAT_0005428,CUST_000364,TMDB_T_48866,3,2024-11-27
RAT_0005429,CUST_000364,TMDB_T_60574,1,2025-02-11
RAT_0005430,CUST_000364,TMDB_T_75219,1,2026-01-07
RAT_0005431,CUST_000364,TMDB_T_87917,2,2025-09-27
RAT_0005432,CUST_000364,TMDB_T_94722,5,2025-02-19
RAT_0005433,CUST_000365,TMDB_M_1167307,4,2026-04-08
RAT_0005434,CUST_000365,TMDB_M_1635276,5,2025-12-01
RAT_0005435,CUST_000365,TMDB_M_1865,4,2026-03-08
RAT_0005436,CUST_000365,TMDB_M_285,4,2026-03-17
RAT_0005437,CUST_000365,TMDB_M_396535,2,2025-12-12
RAT_0005438,CUST_000365,TMDB_M_414906,3,2026-01-20
RAT_0005439,CUST_000365,TMDB_M_8966,3,2026-03-12
RAT_0005440,CUST_000365,TMDB_M_98477,3,2026-01-15
RAT_0005441,CUST_000365,TMDB_T_1981,3,2025-11-06
RAT_0005442,CUST_000365,TMDB_T_20111,4,2025-11-21
RAT_0005443,CUST_000365,TMDB_T_2288,3,2026-02-20
RAT_0005444,CUST_000365,TMDB_T_279388,1,2025-11-16
RAT_0005445,CUST_000365,TMDB_T_4177,4,2026-02-26
RAT_0005446,CUST_000365,TMDB_T_4607,5,2026-03-30
RAT_0005447,CUST_000365,TMDB_T_71790,3,2026-04-02
RAT_0005448,CUST_000366,TMDB_M_1011985,3,2025-09-26
RAT_0005449,CUST_000366,TMDB_M_1038392,3,2025-08-24
RAT_0005450,CUST_000366,TMDB_M_1175942,3,2025-12-06
RAT_0005451,CUST_000366,TMDB_M_330457,1,2025-11-26
RAT_0005452,CUST_000366,TMDB_M_4935,2,2025-12-05
RAT_0005453,CUST_000366,TMDB_M_62,1,2025-12-05
RAT_0005454,CUST_000366,TMDB_M_803796,3,2025-11-24
RAT_0005455,CUST_000366,TMDB_M_82690,2,2025-11-15
RAT_0005456,CUST_000366,TMDB_M_950387,2,2025-09-04
RAT_0005457,CUST_000366,TMDB_T_1399,3,2025-10-23
RAT_0005458,CUST_000366,TMDB_T_1668,1,2025-09-03
RAT_0005459,CUST_000366,TMDB_T_1705,2,2025-11-01
RAT_0005460,CUST_000366,TMDB_T_37680,3,2025-10-26
RAT_0005461,CUST_000366,TMDB_T_456,3,2025-09-28
RAT_0005462,CUST_000366,TMDB_T_48866,4,2025-11-13
RAT_0005463,CUST_000366,TMDB_T_60574,4,2025-10-30
RAT_0005464,CUST_000367,TMDB_M_1214931,5,2026-03-26
RAT_0005465,CUST_000367,TMDB_M_665,2,2025-06-07
RAT_0005466,CUST_000367,TMDB_M_808,3,2026-01-10
RAT_0005467,CUST_000367,TMDB_M_812,4,2025-03-08
RAT_0005468,CUST_000367,TMDB_T_114478,1,2025-09-14
RAT_0005469,CUST_000367,TMDB_T_1911,4,2026-01-27
RAT_0005470,CUST_000367,TMDB_T_220150,4,2025-04-15
RAT_0005471,CUST_000367,TMDB_T_22980,3,2024-08-11
RAT_0005472,CUST_000367,TMDB_T_33238,5,2025-12-27
RAT_0005473,CUST_000367,TMDB_T_4376,3,2024-09-24
RAT_0005474,CUST_000367,TMDB_T_44217,2,2026-01-31
RAT_0005475,CUST_000367,TMDB_T_502,2,2026-04-05
RAT_0005476,CUST_000367,TMDB_T_57243,3,2025-12-22
RAT_0005477,CUST_000368,TMDB_M_121,2,2026-03-27
RAT_0005478,CUST_000368,TMDB_M_1234821,2,2026-04-08
RAT_0005479,CUST_000368,TMDB_M_1252037,3,2026-03-04
RAT_0005480,CUST_000368,TMDB_M_412117,4,2025-09-28
RAT_0005481,CUST_000368,TMDB_M_601,2,2025-11-24
RAT_0005482,CUST_000368,TMDB_M_82690,4,2026-01-27
RAT_0005483,CUST_000368,TMDB_M_857,2,2025-10-22
RAT_0005484,CUST_000368,TMDB_M_969681,4,2025-12-28
RAT_0005485,CUST_000368,TMDB_T_127529,4,2026-02-12
RAT_0005486,CUST_000368,TMDB_T_3562,3,2026-04-06
RAT_0005487,CUST_000368,TMDB_T_4607,3,2026-02-26
RAT_0005488,CUST_000368,TMDB_T_46952,1,2025-12-15
RAT_0005489,CUST_000368,TMDB_T_48866,1,2025-11-24
RAT_0005490,CUST_000369,TMDB_M_1049471,3,2025-03-08
RAT_0005491,CUST_000369,TMDB_M_1245347,2,2024-11-17
RAT_0005492,CUST_000369,TMDB_M_1276704,2,2025-04-10
RAT_0005493,CUST_000369,TMDB_M_1284496,3,2025-01-21
RAT_0005494,CUST_000369,TMDB_M_1336770,3,2025-01-17
RAT_0005495,CUST_000369,TMDB_M_1465563,3,2025-05-04
RAT_0005496,CUST_000369,TMDB_M_156022,3,2024-12-06
RAT_0005497,CUST_000369,TMDB_M_1630433,3,2024-12-08
RAT_0005498,CUST_000369,TMDB_M_346698,2,2025-05-07
RAT_0005499,CUST_000369,TMDB_T_20111,1,2025-04-19
RAT_0005500,CUST_000369,TMDB_T_2661,2,2025-04-14
RAT_0005501,CUST_000369,TMDB_T_2691,4,2025-01-10
RAT_0005502,CUST_000369,TMDB_T_279471,4,2025-01-21
RAT_0005503,CUST_000369,TMDB_T_4087,3,2025-05-01
RAT_0005504,CUST_000369,TMDB_T_693,2,2025-04-22
RAT_0005505,CUST_000369,TMDB_T_75219,2,2024-11-26
RAT_0005506,CUST_000369,TMDB_T_78191,1,2025-05-14
RAT_0005507,CUST_000370,TMDB_M_1015606,2,2026-03-01
RAT_0005508,CUST_000370,TMDB_M_1064213,4,2025-07-13
RAT_0005509,CUST_000370,TMDB_M_1292695,4,2025-09-27
RAT_0005510,CUST_000370,TMDB_M_1462146,5,2026-03-18
RAT_0005511,CUST_000370,TMDB_M_278,2,2026-02-23
RAT_0005512,CUST_000370,TMDB_M_646380,1,2025-07-26
RAT_0005513,CUST_000370,TMDB_T_1396,3,2025-06-19
RAT_0005514,CUST_000370,TMDB_T_1411,3,2026-02-13
RAT_0005515,CUST_000370,TMDB_T_1416,1,2025-12-15
RAT_0005516,CUST_000370,TMDB_T_3562,5,2026-03-02
RAT_0005517,CUST_000370,TMDB_T_44006,2,2025-10-22
RAT_0005518,CUST_000370,TMDB_T_45789,4,2025-08-01
RAT_0005519,CUST_000370,TMDB_T_502,3,2026-01-28
RAT_0005520,CUST_000370,TMDB_T_59941,1,2025-10-14
RAT_0005521,CUST_000370,TMDB_T_63770,4,2025-11-07
RAT_0005522,CUST_000371,TMDB_M_1159831,4,2026-03-16
RAT_0005523,CUST_000371,TMDB_M_121,3,2026-04-10
RAT_0005524,CUST_000371,TMDB_M_122,3,2026-04-05
RAT_0005525,CUST_000371,TMDB_M_1226863,3,2026-03-22
RAT_0005526,CUST_000371,TMDB_M_228150,5,2026-03-19
RAT_0005527,CUST_000371,TMDB_M_246,4,2026-03-23
RAT_0005528,CUST_000371,TMDB_M_299536,3,2026-03-19
RAT_0005529,CUST_000371,TMDB_M_374720,3,2026-02-28
RAT_0005530,CUST_000371,TMDB_M_490132,2,2026-03-18
RAT_0005531,CUST_000371,TMDB_M_564,3,2026-01-31
RAT_0005532,CUST_000371,TMDB_M_674,3,2026-02-14
RAT_0005533,CUST_000371,TMDB_M_8358,3,2026-03-27
RAT_0005534,CUST_000371,TMDB_T_110075,4,2026-02-20
RAT_0005535,CUST_000371,TMDB_T_1405,5,2026-02-14
RAT_0005536,CUST_000371,TMDB_T_2661,3,2026-04-05
RAT_0005537,CUST_000371,TMDB_T_76572,3,2026-04-02
RAT_0005538,CUST_000372,TMDB_M_111,2,2026-03-24
RAT_0005539,CUST_000372,TMDB_M_1317672,3,2026-03-12
RAT_0005540,CUST_000372,TMDB_M_1523145,2,2026-03-16
RAT_0005541,CUST_000372,TMDB_T_209867,3,2026-03-10
RAT_0005542,CUST_000372,TMDB_T_279388,3,2026-03-09
RAT_0005543,CUST_000373,TMDB_M_177572,5,2024-12-05
RAT_0005544,CUST_000374,TMDB_M_1314481,3,2026-03-05
RAT_0005545,CUST_000374,TMDB_T_502,2,2026-03-29
RAT_0005546,CUST_000374,TMDB_T_66732,4,2026-03-05
RAT_0005547,CUST_000375,TMDB_M_1084242,4,2025-08-14
RAT_0005548,CUST_000375,TMDB_M_1180831,2,2025-08-09
RAT_0005549,CUST_000375,TMDB_M_1192548,3,2026-03-12
RAT_0005550,CUST_000375,TMDB_M_1197306,4,2026-02-07
RAT_0005551,CUST_000375,TMDB_M_1339876,3,2025-10-05
RAT_0005552,CUST_000375,TMDB_M_1584215,3,2026-04-05
RAT_0005553,CUST_000375,TMDB_M_27205,2,2025-11-29
RAT_0005554,CUST_000375,TMDB_M_28975,2,2025-04-25
RAT_0005555,CUST_000375,TMDB_M_324857,3,2025-09-22
RAT_0005556,CUST_000375,TMDB_M_346,3,2025-11-23
RAT_0005557,CUST_000375,TMDB_M_359410,3,2025-11-27
RAT_0005558,CUST_000375,TMDB_M_545611,3,2025-08-21
RAT_0005559,CUST_000375,TMDB_M_798645,4,2025-05-06
RAT_0005560,CUST_000375,TMDB_T_1911,4,2025-05-09
RAT_0005561,CUST_000375,TMDB_T_60059,1,2025-04-07
RAT_0005562,CUST_000375,TMDB_T_71494,4,2026-04-02
RAT_0005563,CUST_000376,TMDB_M_1226863,3,2025-04-08
RAT_0005564,CUST_000376,TMDB_M_1268127,3,2024-06-06
RAT_0005565,CUST_000376,TMDB_M_447273,4,2026-03-19
RAT_0005566,CUST_000376,TMDB_M_502356,3,2025-10-04
RAT_0005567,CUST_000376,TMDB_M_552524,3,2026-02-04
RAT_0005568,CUST_000376,TMDB_M_82690,3,2025-08-10
RAT_0005569,CUST_000376,TMDB_M_83533,3,2025-02-19
RAT_0005570,CUST_000376,TMDB_T_127529,3,2024-06-01
RAT_0005571,CUST_000376,TMDB_T_1911,2,2024-06-10
RAT_0005572,CUST_000376,TMDB_T_4057,3,2026-01-24
RAT_0005573,CUST_000376,TMDB_T_42009,2,2024-10-31
RAT_0005574,CUST_000376,TMDB_T_4604,2,2024-10-01
RAT_0005575,CUST_000376,TMDB_T_62223,4,2025-05-25
RAT_0005576,CUST_000377,TMDB_M_1022789,2,2026-03-16
RAT_0005577,CUST_000377,TMDB_M_1325734,4,2026-03-31
RAT_0005578,CUST_000377,TMDB_M_1465563,3,2026-04-09
RAT_0005579,CUST_000377,TMDB_M_1523145,4,2026-02-20
RAT_0005580,CUST_000377,TMDB_M_597,2,2026-03-10
RAT_0005581,CUST_000377,TMDB_M_680493,1,2026-03-24
RAT_0005582,CUST_000377,TMDB_T_10534,1,2026-03-04
RAT_0005583,CUST_000377,TMDB_T_1402,3,2026-02-03
RAT_0005584,CUST_000377,TMDB_T_30984,2,2026-02-11
RAT_0005585,CUST_000377,TMDB_T_37854,5,2026-04-04
RAT_0005586,CUST_000378,TMDB_M_1054867,1,2025-07-18
RAT_0005587,CUST_000378,TMDB_M_1087891,3,2025-10-23
RAT_0005588,CUST_000378,TMDB_M_156022,2,2025-11-30
RAT_0005589,CUST_000378,TMDB_M_1610418,1,2025-10-15
RAT_0005590,CUST_000378,TMDB_M_637649,4,2025-06-18
RAT_0005591,CUST_000378,TMDB_T_2004,3,2025-07-24
RAT_0005592,CUST_000378,TMDB_T_3562,3,2025-09-21
RAT_0005593,CUST_000378,TMDB_T_82873,2,2025-12-02
RAT_0005594,CUST_000379,TMDB_M_101,2,2025-11-26
RAT_0005595,CUST_000379,TMDB_M_1470130,5,2025-04-22
RAT_0005596,CUST_000379,TMDB_M_193972,3,2026-02-06
RAT_0005597,CUST_000379,TMDB_M_24428,3,2025-07-08
RAT_0005598,CUST_000379,TMDB_M_346698,3,2024-08-30
RAT_0005599,CUST_000379,TMDB_M_414906,2,2025-10-12
RAT_0005600,CUST_000379,TMDB_M_4935,4,2025-11-07
RAT_0005601,CUST_000379,TMDB_M_58008,1,2024-09-07
RAT_0005602,CUST_000379,TMDB_T_1399,3,2025-11-18
RAT_0005603,CUST_000379,TMDB_T_1405,1,2025-10-04
RAT_0005604,CUST_000379,TMDB_T_1411,3,2026-01-02
RAT_0005605,CUST_000379,TMDB_T_1434,3,2025-09-01
RAT_0005606,CUST_000379,TMDB_T_1668,4,2025-03-28
RAT_0005607,CUST_000379,TMDB_T_1695,1,2025-11-25
RAT_0005608,CUST_000379,TMDB_T_18165,2,2025-11-15
RAT_0005609,CUST_000379,TMDB_T_1855,4,2025-12-20
RAT_0005610,CUST_000379,TMDB_T_37680,1,2024-07-19
RAT_0005611,CUST_000379,TMDB_T_4614,3,2024-09-18
RAT_0005612,CUST_000379,TMDB_T_48866,4,2025-07-01
RAT_0005613,CUST_000379,TMDB_T_549,3,2026-04-02
RAT_0005614,CUST_000379,TMDB_T_5920,2,2025-05-10
RAT_0005615,CUST_000379,TMDB_T_62223,1,2024-11-28
RAT_0005616,CUST_000379,TMDB_T_63174,1,2025-05-29
RAT_0005617,CUST_000379,TMDB_T_76479,3,2025-12-04
RAT_0005618,CUST_000380,TMDB_M_1290821,4,2026-01-17
RAT_0005619,CUST_000380,TMDB_M_240,5,2025-09-27
RAT_0005620,CUST_000380,TMDB_M_665,3,2026-01-01
RAT_0005621,CUST_000380,TMDB_M_967,4,2026-04-08
RAT_0005622,CUST_000380,TMDB_T_63174,4,2025-07-13
RAT_0005623,CUST_000380,TMDB_T_73586,4,2026-01-06
RAT_0005624,CUST_000381,TMDB_M_1523145,3,2026-01-23
RAT_0005625,CUST_000381,TMDB_M_429,5,2026-03-22
RAT_0005626,CUST_000381,TMDB_M_479197,5,2026-01-16
RAT_0005627,CUST_000381,TMDB_T_45790,4,2026-03-14
RAT_0005628,CUST_000381,TMDB_T_4614,4,2025-11-23
RAT_0005629,CUST_000381,TMDB_T_549,3,2026-01-19
RAT_0005630,CUST_000381,TMDB_T_82873,5,2026-02-08
RAT_0005631,CUST_000382,TMDB_M_1493859,3,2026-04-01
RAT_0005632,CUST_000383,TMDB_M_1235877,4,2025-12-27
RAT_0005633,CUST_000383,TMDB_M_1424965,3,2024-11-10
RAT_0005634,CUST_000383,TMDB_M_604079,3,2026-01-19
RAT_0005635,CUST_000383,TMDB_M_62,2,2026-01-27
RAT_0005636,CUST_000383,TMDB_M_687163,4,2025-07-19
RAT_0005637,CUST_000383,TMDB_M_701387,3,2025-10-02
RAT_0005638,CUST_000383,TMDB_M_969681,5,2025-10-29
RAT_0005639,CUST_000383,TMDB_T_154770,5,2025-07-16
RAT_0005640,CUST_000383,TMDB_T_2288,4,2025-09-28
RAT_0005641,CUST_000383,TMDB_T_22980,3,2025-03-01
RAT_0005642,CUST_000383,TMDB_T_2661,4,2025-11-21
RAT_0005643,CUST_000383,TMDB_T_46296,5,2025-03-31
RAT_0005644,CUST_000383,TMDB_T_549,5,2025-09-20
RAT_0005645,CUST_000384,TMDB_M_106646,2,2025-03-04
RAT_0005646,CUST_000384,TMDB_M_1199193,4,2026-01-10
RAT_0005647,CUST_000384,TMDB_M_1726,5,2026-01-02
RAT_0005648,CUST_000384,TMDB_M_875828,4,2026-03-26
RAT_0005649,CUST_000384,TMDB_T_128318,3,2025-06-26
RAT_0005650,CUST_000384,TMDB_T_1620,4,2025-06-06
RAT_0005651,CUST_000384,TMDB_T_20111,4,2026-01-18
RAT_0005652,CUST_000384,TMDB_T_35007,4,2026-01-15
RAT_0005653,CUST_000384,TMDB_T_37680,5,2025-07-07
RAT_0005654,CUST_000384,TMDB_T_4057,3,2025-12-15
RAT_0005655,CUST_000384,TMDB_T_46952,1,2025-08-09
RAT_0005656,CUST_000384,TMDB_T_60059,3,2025-08-26
RAT_0005657,CUST_000384,TMDB_T_71712,5,2025-07-08
RAT_0005658,CUST_000384,TMDB_T_790,5,2025-10-29
RAT_0005659,CUST_000384,TMDB_T_80748,3,2025-10-07
RAT_0005660,CUST_000385,TMDB_M_12509,2,2026-02-06
RAT_0005661,CUST_000385,TMDB_M_1266992,2,2026-03-22
RAT_0005662,CUST_000385,TMDB_M_1523145,2,2026-02-14
RAT_0005663,CUST_000385,TMDB_M_967,5,2026-04-05
RAT_0005664,CUST_000385,TMDB_T_1622,3,2026-04-01
RAT_0005665,CUST_000385,TMDB_T_4614,2,2026-01-22
RAT_0005666,CUST_000385,TMDB_T_62223,1,2026-03-25
RAT_0005667,CUST_000386,TMDB_M_1297842,3,2025-09-12
RAT_0005668,CUST_000386,TMDB_M_1315303,3,2026-04-03
RAT_0005669,CUST_000386,TMDB_M_1381027,1,2025-05-15
RAT_0005670,CUST_000386,TMDB_M_238,1,2025-09-23
RAT_0005671,CUST_000386,TMDB_M_28322,2,2025-04-29
RAT_0005672,CUST_000386,TMDB_M_4935,3,2026-03-11
RAT_0005673,CUST_000386,TMDB_M_502356,1,2026-03-31
RAT_0005674,CUST_000386,TMDB_M_680,3,2025-10-30
RAT_0005675,CUST_000386,TMDB_M_879945,2,2025-11-02
RAT_0005676,CUST_000386,TMDB_M_8966,3,2025-10-20
RAT_0005677,CUST_000386,TMDB_T_12225,3,2025-12-24
RAT_0005678,CUST_000386,TMDB_T_2224,3,2026-04-06
RAT_0005679,CUST_000386,TMDB_T_4057,3,2025-10-02
RAT_0005680,CUST_000386,TMDB_T_79744,2,2025-08-18
RAT_0005681,CUST_000386,TMDB_T_95557,3,2025-08-18
RAT_0005682,CUST_000387,TMDB_M_1064213,4,2026-04-08
RAT_0005683,CUST_000387,TMDB_T_283123,3,2026-03-27
RAT_0005684,CUST_000387,TMDB_T_8962,1,2026-04-04
RAT_0005685,CUST_000388,TMDB_M_1159559,1,2026-03-11
RAT_0005686,CUST_000388,TMDB_M_1241470,4,2026-03-08
RAT_0005687,CUST_000388,TMDB_M_1339876,3,2025-12-25
RAT_0005688,CUST_000388,TMDB_M_1539104,4,2026-02-15
RAT_0005689,CUST_000388,TMDB_M_228150,3,2025-11-10
RAT_0005690,CUST_000388,TMDB_M_359410,2,2025-10-29
RAT_0005691,CUST_000388,TMDB_M_62,2,2025-11-25
RAT_0005692,CUST_000388,TMDB_M_755898,5,2026-02-12
RAT_0005693,CUST_000388,TMDB_M_823219,1,2025-05-27
RAT_0005694,CUST_000388,TMDB_M_969681,2,2026-03-02
RAT_0005695,CUST_000388,TMDB_T_108978,4,2025-07-17
RAT_0005696,CUST_000388,TMDB_T_1622,1,2025-06-27
RAT_0005697,CUST_000388,TMDB_T_17610,4,2026-01-09
RAT_0005698,CUST_000388,TMDB_T_1981,5,2026-02-27
RAT_0005699,CUST_000388,TMDB_T_290856,3,2025-04-27
RAT_0005700,CUST_000388,TMDB_T_30984,4,2025-11-23
RAT_0005701,CUST_000388,TMDB_T_34307,5,2025-09-23
RAT_0005702,CUST_000388,TMDB_T_37854,4,2025-10-31
RAT_0005703,CUST_000388,TMDB_T_4629,4,2025-10-01
RAT_0005704,CUST_000388,TMDB_T_46296,1,2025-07-05
RAT_0005705,CUST_000389,TMDB_M_271110,2,2026-04-04
RAT_0005706,CUST_000389,TMDB_M_672,2,2026-03-30
RAT_0005707,CUST_000389,TMDB_T_73586,1,2026-03-19
RAT_0005708,CUST_000390,TMDB_M_1193501,2,2025-06-30
RAT_0005709,CUST_000390,TMDB_M_1316092,5,2025-06-25
RAT_0005710,CUST_000390,TMDB_M_1412598,3,2025-10-17
RAT_0005711,CUST_000390,TMDB_M_1630433,3,2025-12-05
RAT_0005712,CUST_000390,TMDB_M_290098,4,2025-08-08
RAT_0005713,CUST_000390,TMDB_M_637649,2,2025-12-28
RAT_0005714,CUST_000390,TMDB_M_646380,1,2025-12-28
RAT_0005715,CUST_000390,TMDB_M_840464,4,2026-03-04
RAT_0005716,CUST_000390,TMDB_T_1431,1,2025-03-22
RAT_0005717,CUST_000390,TMDB_T_1667,3,2025-07-23
RAT_0005718,CUST_000390,TMDB_T_1911,3,2025-04-02
RAT_0005719,CUST_000390,TMDB_T_2261,4,2025-05-27
RAT_0005720,CUST_000390,TMDB_T_63174,3,2025-07-24
RAT_0005721,CUST_000390,TMDB_T_65503,4,2025-06-06
RAT_0005722,CUST_000390,TMDB_T_68350,1,2025-09-23
RAT_0005723,CUST_000390,TMDB_T_71790,2,2025-11-17
RAT_0005724,CUST_000390,TMDB_T_764,3,2026-02-05
RAT_0005725,CUST_000390,TMDB_T_790,3,2026-04-07
RAT_0005726,CUST_000391,TMDB_M_1218925,5,2026-02-14
RAT_0005727,CUST_000391,TMDB_M_1241470,3,2026-01-21
RAT_0005728,CUST_000391,TMDB_M_228150,3,2026-04-09
RAT_0005729,CUST_000391,TMDB_M_447365,3,2026-02-03
RAT_0005730,CUST_000391,TMDB_M_604079,3,2026-01-31
RAT_0005731,CUST_000391,TMDB_M_665,2,2025-12-30
RAT_0005732,CUST_000391,TMDB_M_911430,3,2026-02-26
RAT_0005733,CUST_000391,TMDB_M_982843,4,2026-02-26
RAT_0005734,CUST_000391,TMDB_T_45790,4,2026-03-14
RAT_0005735,CUST_000391,TMDB_T_74561,5,2026-04-03
RAT_0005736,CUST_000391,TMDB_T_95479,4,2026-02-08
RAT_0005737,CUST_000392,TMDB_M_1115544,5,2025-05-22
RAT_0005738,CUST_000392,TMDB_M_1159559,3,2026-02-05
RAT_0005739,CUST_000392,TMDB_M_1284496,2,2024-11-10
RAT_0005740,CUST_000392,TMDB_M_1418657,1,2025-09-11
RAT_0005741,CUST_000392,TMDB_M_19592,2,2025-10-30
RAT_0005742,CUST_000392,TMDB_M_337404,4,2025-05-30
RAT_0005743,CUST_000392,TMDB_M_425274,4,2025-03-29
RAT_0005744,CUST_000392,TMDB_M_52741,3,2025-09-06
RAT_0005745,CUST_000392,TMDB_M_694,1,2025-03-11
RAT_0005746,CUST_000392,TMDB_M_755898,2,2024-12-27
RAT_0005747,CUST_000392,TMDB_M_912649,1,2026-03-14
RAT_0005748,CUST_000392,TMDB_T_12225,4,2026-02-01
RAT_0005749,CUST_000392,TMDB_T_1405,1,2025-04-09
RAT_0005750,CUST_000392,TMDB_T_30984,3,2025-05-01
RAT_0005751,CUST_000392,TMDB_T_5092,3,2025-11-22
RAT_0005752,CUST_000392,TMDB_T_61818,4,2025-10-28
RAT_0005753,CUST_000392,TMDB_T_65733,3,2025-07-14
RAT_0005754,CUST_000392,TMDB_T_693,3,2025-08-08
RAT_0005755,CUST_000393,TMDB_M_101,5,2025-02-27
RAT_0005756,CUST_000393,TMDB_M_1171145,5,2026-01-18
RAT_0005757,CUST_000393,TMDB_M_1228246,4,2026-02-10
RAT_0005758,CUST_000393,TMDB_M_1305781,4,2025-12-24
RAT_0005759,CUST_000393,TMDB_M_1523145,5,2025-07-05
RAT_0005760,CUST_000393,TMDB_M_475557,3,2024-09-24
RAT_0005761,CUST_000393,TMDB_M_73861,4,2024-07-24
RAT_0005762,CUST_000393,TMDB_M_755898,3,2025-05-08
RAT_0005763,CUST_000393,TMDB_M_83533,2,2024-12-27
RAT_0005764,CUST_000393,TMDB_M_941109,3,2025-12-25
RAT_0005765,CUST_000393,TMDB_T_22980,2,2024-08-07
RAT_0005766,CUST_000393,TMDB_T_32692,4,2025-02-03
RAT_0005767,CUST_000393,TMDB_T_73586,4,2026-01-31
RAT_0005768,CUST_000393,TMDB_T_790,4,2025-08-25
RAT_0005769,CUST_000393,TMDB_T_873,4,2025-09-05
RAT_0005770,CUST_000394,TMDB_M_10191,5,2026-03-24
RAT_0005771,CUST_000394,TMDB_M_106646,5,2026-02-22
RAT_0005772,CUST_000394,TMDB_M_346698,2,2025-11-29
RAT_0005773,CUST_000394,TMDB_M_4232,3,2025-09-25
RAT_0005774,CUST_000394,TMDB_M_453395,4,2024-11-29
RAT_0005775,CUST_000394,TMDB_M_502356,1,2025-01-05
RAT_0005776,CUST_000394,TMDB_M_677638,4,2025-04-20
RAT_0005777,CUST_000394,TMDB_M_83533,1,2026-01-22
RAT_0005778,CUST_000394,TMDB_M_858024,2,2026-01-06
RAT_0005779,CUST_000394,TMDB_M_879945,1,2025-12-17
RAT_0005780,CUST_000394,TMDB_M_941109,4,2024-11-20
RAT_0005781,CUST_000394,TMDB_T_1973,4,2026-04-07
RAT_0005782,CUST_000394,TMDB_T_291,4,2026-04-07
RAT_0005783,CUST_000394,TMDB_T_456,4,2024-12-28
RAT_0005784,CUST_000394,TMDB_T_4614,1,2025-02-24
RAT_0005785,CUST_000394,TMDB_T_5920,3,2026-02-28
RAT_0005786,CUST_000394,TMDB_T_71790,1,2024-10-21
RAT_0005787,CUST_000394,TMDB_T_79744,3,2025-01-01
RAT_0005788,CUST_000394,TMDB_T_94722,2,2026-01-16
RAT_0005789,CUST_000395,TMDB_M_1310568,4,2026-02-28
RAT_0005790,CUST_000395,TMDB_M_1316092,3,2025-08-16
RAT_0005791,CUST_000395,TMDB_M_1325734,4,2025-07-05
RAT_0005792,CUST_000395,TMDB_M_1341137,3,2025-04-02
RAT_0005793,CUST_000395,TMDB_T_1416,3,2025-08-24
RAT_0005794,CUST_000395,TMDB_T_2221,3,2025-05-02
RAT_0005795,CUST_000395,TMDB_T_2661,3,2025-12-22
RAT_0005796,CUST_000395,TMDB_T_278275,5,2026-04-07
RAT_0005797,CUST_000395,TMDB_T_30984,5,2025-02-05
RAT_0005798,CUST_000395,TMDB_T_35007,5,2026-01-21
RAT_0005799,CUST_000395,TMDB_T_502,5,2026-03-21
RAT_0005800,CUST_000395,TMDB_T_58841,4,2025-03-22
RAT_0005801,CUST_000396,TMDB_M_1311031,3,2026-01-13
RAT_0005802,CUST_000396,TMDB_M_1539104,1,2025-12-02
RAT_0005803,CUST_000396,TMDB_M_181808,3,2026-04-04
RAT_0005804,CUST_000396,TMDB_M_238,1,2025-11-28
RAT_0005805,CUST_000396,TMDB_M_569094,4,2026-02-25
RAT_0005806,CUST_000396,TMDB_M_617126,4,2025-11-15
RAT_0005807,CUST_000396,TMDB_M_875828,4,2025-12-02
RAT_0005808,CUST_000396,TMDB_T_2224,1,2026-03-09
RAT_0005809,CUST_000396,TMDB_T_291,4,2026-04-01
RAT_0005810,CUST_000396,TMDB_T_60059,2,2026-01-01
RAT_0005811,CUST_000397,TMDB_M_1003596,2,2026-02-24
RAT_0005812,CUST_000397,TMDB_M_106,2,2025-12-24
RAT_0005813,CUST_000397,TMDB_M_1061474,2,2025-10-19
RAT_0005814,CUST_000397,TMDB_M_1159559,4,2025-07-07
RAT_0005815,CUST_000397,TMDB_M_1241470,2,2025-09-29
RAT_0005816,CUST_000397,TMDB_M_1327819,3,2026-01-11
RAT_0005817,CUST_000397,TMDB_M_1430,3,2026-03-24
RAT_0005818,CUST_000397,TMDB_M_1462146,4,2025-12-19
RAT_0005819,CUST_000397,TMDB_M_1523145,3,2026-03-21
RAT_0005820,CUST_000397,TMDB_M_1526650,1,2025-12-03
RAT_0005821,CUST_000397,TMDB_M_1584215,2,2025-06-11
RAT_0005822,CUST_000397,TMDB_M_19995,2,2025-10-07
RAT_0005823,CUST_000397,TMDB_M_24428,3,2025-09-09
RAT_0005824,CUST_000397,TMDB_M_286217,4,2025-11-15
RAT_0005825,CUST_000397,TMDB_M_475557,5,2025-02-25
RAT_0005826,CUST_000397,TMDB_M_601,3,2025-12-07
RAT_0005827,CUST_000397,TMDB_M_755898,3,2025-07-21
RAT_0005828,CUST_000397,TMDB_M_83533,4,2025-11-14
RAT_0005829,CUST_000397,TMDB_M_98,2,2026-03-28
RAT_0005830,CUST_000397,TMDB_M_982843,3,2025-07-16
RAT_0005831,CUST_000397,TMDB_T_1421,1,2025-03-20
RAT_0005832,CUST_000397,TMDB_T_3562,3,2025-10-11
RAT_0005833,CUST_000397,TMDB_T_4588,2,2025-07-08
RAT_0005834,CUST_000397,TMDB_T_56570,2,2025-10-22
RAT_0005835,CUST_000397,TMDB_T_60574,1,2025-03-21
RAT_0005836,CUST_000397,TMDB_T_62650,4,2025-05-06
RAT_0005837,CUST_000398,TMDB_M_10474,4,2024-05-21
RAT_0005838,CUST_000398,TMDB_M_11324,4,2025-09-09
RAT_0005839,CUST_000398,TMDB_M_1620551,3,2025-06-29
RAT_0005840,CUST_000398,TMDB_M_228150,4,2025-12-13
RAT_0005841,CUST_000398,TMDB_M_3558,5,2025-04-17
RAT_0005842,CUST_000398,TMDB_M_389,4,2025-01-19
RAT_0005843,CUST_000398,TMDB_M_82693,3,2024-09-01
RAT_0005844,CUST_000398,TMDB_M_857,5,2026-03-17
RAT_0005845,CUST_000398,TMDB_T_128318,4,2025-05-21
RAT_0005846,CUST_000398,TMDB_T_1411,4,2024-06-23
RAT_0005847,CUST_000398,TMDB_T_1434,2,2025-10-31
RAT_0005848,CUST_000398,TMDB_T_154770,5,2024-05-26
RAT_0005849,CUST_000398,TMDB_T_1668,4,2026-01-06
RAT_0005850,CUST_000398,TMDB_T_2224,2,2025-11-27
RAT_0005851,CUST_000398,TMDB_T_4656,5,2025-05-13
RAT_0005852,CUST_000398,TMDB_T_71494,4,2026-03-18
RAT_0005853,CUST_000399,TMDB_M_1412598,5,2026-03-30
RAT_0005854,CUST_000399,TMDB_M_290098,4,2026-01-15
RAT_0005855,CUST_000399,TMDB_M_479197,3,2026-03-27
RAT_0005856,CUST_000400,TMDB_M_665,1,2026-04-09
RAT_0005857,CUST_000400,TMDB_T_127529,3,2026-04-09
RAT_0005858,CUST_000400,TMDB_T_60574,4,2026-04-09
RAT_0005859,CUST_000400,TMDB_T_70672,2,2026-04-08
RAT_0005860,CUST_000401,TMDB_M_1061474,2,2025-09-25
RAT_0005861,CUST_000401,TMDB_M_1171145,4,2025-07-01
RAT_0005862,CUST_000401,TMDB_M_1314481,3,2026-03-10
RAT_0005863,CUST_000401,TMDB_M_1424965,4,2025-09-30
RAT_0005864,CUST_000401,TMDB_M_205596,3,2025-12-25
RAT_0005865,CUST_000401,TMDB_M_216015,1,2025-03-13
RAT_0005866,CUST_000401,TMDB_M_414906,5,2025-11-25
RAT_0005867,CUST_000401,TMDB_M_665,3,2025-12-26
RAT_0005868,CUST_000401,TMDB_M_773543,4,2026-04-05
RAT_0005869,CUST_000401,TMDB_M_967,4,2026-04-07
RAT_0005870,CUST_000401,TMDB_T_120089,2,2025-04-05
RAT_0005871,CUST_000401,TMDB_T_2691,5,2026-03-24
RAT_0005872,CUST_000401,TMDB_T_279388,3,2026-03-28
RAT_0005873,CUST_000401,TMDB_T_37680,5,2025-02-28
RAT_0005874,CUST_000401,TMDB_T_4057,4,2026-02-21
RAT_0005875,CUST_000401,TMDB_T_56570,3,2025-12-31
RAT_0005876,CUST_000401,TMDB_T_60059,3,2025-04-27
RAT_0005877,CUST_000401,TMDB_T_60735,2,2025-10-26
RAT_0005878,CUST_000401,TMDB_T_74561,1,2024-12-22
RAT_0005879,CUST_000401,TMDB_T_764,4,2025-01-11
RAT_0005880,CUST_000402,TMDB_M_1197137,1,2025-12-14
RAT_0005881,CUST_000402,TMDB_M_1235877,3,2025-09-15
RAT_0005882,CUST_000402,TMDB_M_1418657,1,2026-03-21
RAT_0005883,CUST_000402,TMDB_M_1584215,4,2026-03-24
RAT_0005884,CUST_000402,TMDB_M_1646142,1,2025-11-12
RAT_0005885,CUST_000402,TMDB_M_479197,3,2026-03-01
RAT_0005886,CUST_000402,TMDB_M_615,4,2026-04-06
RAT_0005887,CUST_000402,TMDB_M_646385,1,2025-10-04
RAT_0005888,CUST_000402,TMDB_M_933260,4,2026-02-06
RAT_0005889,CUST_000402,TMDB_M_941109,1,2025-09-28
RAT_0005890,CUST_000402,TMDB_T_1411,2,2026-03-11
RAT_0005891,CUST_000402,TMDB_T_20111,2,2026-02-28
RAT_0005892,CUST_000402,TMDB_T_764,1,2026-02-27
RAT_0005893,CUST_000402,TMDB_T_87917,2,2025-11-18
RAT_0005894,CUST_000402,TMDB_T_94722,4,2026-03-14
RAT_0005895,CUST_000402,TMDB_T_95557,1,2025-10-18
RAT_0005896,CUST_000403,TMDB_M_1015606,4,2026-03-22
RAT_0005897,CUST_000403,TMDB_M_107257,2,2025-06-19
RAT_0005898,CUST_000403,TMDB_M_1191876,3,2026-03-03
RAT_0005899,CUST_000403,TMDB_M_1192548,5,2026-03-27
RAT_0005900,CUST_000403,TMDB_M_1226863,3,2026-01-31
RAT_0005901,CUST_000403,TMDB_M_1387382,5,2026-01-14
RAT_0005902,CUST_000403,TMDB_M_1462146,5,2026-03-28
RAT_0005903,CUST_000403,TMDB_M_1523145,4,2025-08-18
RAT_0005904,CUST_000403,TMDB_M_1620551,4,2026-02-02
RAT_0005905,CUST_000403,TMDB_M_1658214,2,2026-03-16
RAT_0005906,CUST_000403,TMDB_M_207,2,2025-10-29
RAT_0005907,CUST_000403,TMDB_M_238,4,2025-08-15
RAT_0005908,CUST_000403,TMDB_M_269955,3,2026-03-12
RAT_0005909,CUST_000403,TMDB_M_329505,2,2026-03-18
RAT_0005910,CUST_000403,TMDB_M_744275,4,2026-02-10
RAT_0005911,CUST_000403,TMDB_T_1695,2,2025-12-03
RAT_0005912,CUST_000403,TMDB_T_2190,2,2025-12-08
RAT_0005913,CUST_000403,TMDB_T_2734,4,2026-01-19
RAT_0005914,CUST_000403,TMDB_T_279388,3,2025-12-05
RAT_0005915,CUST_000403,TMDB_T_283123,3,2025-10-13
RAT_0005916,CUST_000403,TMDB_T_3562,2,2026-02-09
RAT_0005917,CUST_000403,TMDB_T_37680,3,2025-09-08
RAT_0005918,CUST_000403,TMDB_T_498,2,2025-09-04
RAT_0005919,CUST_000403,TMDB_T_60574,4,2026-01-17
RAT_0005920,CUST_000404,TMDB_M_1022787,5,2026-02-12
RAT_0005921,CUST_000404,TMDB_M_1268127,3,2025-11-28
RAT_0005922,CUST_000404,TMDB_M_1305781,1,2025-09-18
RAT_0005923,CUST_000404,TMDB_M_1426297,3,2026-02-23
RAT_0005924,CUST_000404,TMDB_M_1641319,1,2026-01-20
RAT_0005925,CUST_000404,TMDB_M_429617,3,2024-12-21
RAT_0005926,CUST_000404,TMDB_M_453395,2,2025-11-14
RAT_0005927,CUST_000404,TMDB_M_567609,3,2025-05-02
RAT_0005928,CUST_000404,TMDB_M_646385,3,2025-06-26
RAT_0005929,CUST_000404,TMDB_M_803796,3,2025-12-28
RAT_0005930,CUST_000404,TMDB_M_82693,2,2025-10-02
RAT_0005931,CUST_000404,TMDB_M_840464,2,2026-02-02
RAT_0005932,CUST_000404,TMDB_M_862739,2,2026-04-04
RAT_0005933,CUST_000404,TMDB_M_933260,5,2025-11-04
RAT_0005934,CUST_000404,TMDB_T_1396,4,2026-01-12
RAT_0005935,CUST_000404,TMDB_T_37680,4,2025-09-14
RAT_0005936,CUST_000404,TMDB_T_44217,2,2025-10-04
RAT_0005937,CUST_000404,TMDB_T_62223,2,2025-11-17
RAT_0005938,CUST_000404,TMDB_T_63174,3,2026-01-19
RAT_0005939,CUST_000404,TMDB_T_76479,1,2025-07-12
RAT_0005940,CUST_000404,TMDB_T_95479,4,2025-09-18
RAT_0005941,CUST_000405,TMDB_M_346364,2,2026-02-16
RAT_0005942,CUST_000405,TMDB_M_374720,3,2025-10-26
RAT_0005943,CUST_000405,TMDB_T_284058,2,2026-01-07
RAT_0005944,CUST_000405,TMDB_T_46296,2,2025-11-13
RAT_0005945,CUST_000405,TMDB_T_70672,4,2026-03-11
RAT_0005946,CUST_000406,TMDB_M_1120911,3,2025-07-18
RAT_0005947,CUST_000406,TMDB_M_1159831,4,2026-03-14
RAT_0005948,CUST_000406,TMDB_M_1336770,5,2026-01-17
RAT_0005949,CUST_000406,TMDB_M_1419406,2,2026-03-07
RAT_0005950,CUST_000406,TMDB_M_1430,5,2026-04-11
RAT_0005951,CUST_000406,TMDB_M_1635276,3,2026-04-08
RAT_0005952,CUST_000406,TMDB_M_214756,4,2026-01-26
RAT_0005953,CUST_000406,TMDB_M_259694,3,2025-10-06
RAT_0005954,CUST_000406,TMDB_M_264980,3,2025-03-18
RAT_0005955,CUST_000406,TMDB_M_991494,5,2026-03-30
RAT_0005956,CUST_000406,TMDB_T_1100,4,2026-02-19
RAT_0005957,CUST_000406,TMDB_T_1417,5,2025-12-16
RAT_0005958,CUST_000406,TMDB_T_1421,3,2025-11-21
RAT_0005959,CUST_000406,TMDB_T_22980,3,2025-09-11
RAT_0005960,CUST_000406,TMDB_T_3562,5,2026-03-26
RAT_0005961,CUST_000407,TMDB_M_102382,1,2026-02-18
RAT_0005962,CUST_000407,TMDB_M_1038392,1,2025-03-30
RAT_0005963,CUST_000407,TMDB_M_1305781,4,2025-11-04
RAT_0005964,CUST_000407,TMDB_M_1325734,2,2025-08-02
RAT_0005965,CUST_000407,TMDB_M_1430,3,2026-02-15
RAT_0005966,CUST_000407,TMDB_M_1487320,2,2026-02-13
RAT_0005967,CUST_000407,TMDB_M_1635276,1,2026-01-23
RAT_0005968,CUST_000407,TMDB_M_76600,3,2025-04-04
RAT_0005969,CUST_000407,TMDB_M_939243,4,2025-11-14
RAT_0005970,CUST_000407,TMDB_M_98,2,2026-03-01
RAT_0005971,CUST_000407,TMDB_T_1412,3,2025-12-19
RAT_0005972,CUST_000407,TMDB_T_60572,2,2025-11-29
RAT_0005973,CUST_000408,TMDB_M_1015606,2,2026-01-07
RAT_0005974,CUST_000408,TMDB_M_1317672,3,2026-03-06
RAT_0005975,CUST_000408,TMDB_M_1367642,5,2026-03-02
RAT_0005976,CUST_000408,TMDB_M_1465563,4,2026-02-17
RAT_0005977,CUST_000408,TMDB_M_157336,3,2025-10-13
RAT_0005978,CUST_000408,TMDB_M_293660,3,2025-06-03
RAT_0005979,CUST_000408,TMDB_M_43347,2,2025-04-26
RAT_0005980,CUST_000408,TMDB_M_475557,4,2025-07-02
RAT_0005981,CUST_000408,TMDB_M_840464,2,2025-07-02
RAT_0005982,CUST_000408,TMDB_M_936075,2,2025-11-06
RAT_0005983,CUST_000408,TMDB_T_10534,3,2025-10-30
RAT_0005984,CUST_000408,TMDB_T_1416,1,2025-07-27
RAT_0005985,CUST_000408,TMDB_T_1421,5,2025-05-27
RAT_0005986,CUST_000408,TMDB_T_1667,3,2025-03-21
RAT_0005987,CUST_000408,TMDB_T_2004,1,2025-02-05
RAT_0005988,CUST_000408,TMDB_T_2316,3,2025-12-27
RAT_0005989,CUST_000408,TMDB_T_2691,2,2025-09-18
RAT_0005990,CUST_000408,TMDB_T_2734,3,2025-09-15
RAT_0005991,CUST_000408,TMDB_T_279388,5,2025-02-15
RAT_0005992,CUST_000408,TMDB_T_33238,4,2025-08-21
RAT_0005993,CUST_000408,TMDB_T_34524,2,2025-08-18
RAT_0005994,CUST_000408,TMDB_T_48866,3,2026-03-20
RAT_0005995,CUST_000408,TMDB_T_79744,3,2026-03-08
RAT_0005996,CUST_000409,TMDB_M_10191,3,2024-11-21
RAT_0005997,CUST_000409,TMDB_M_1020969,5,2024-12-31
RAT_0005998,CUST_000409,TMDB_M_1087192,4,2024-12-28
RAT_0005999,CUST_000409,TMDB_M_1175942,1,2024-11-08
RAT_0006000,CUST_000409,TMDB_M_1226863,5,2024-09-16
RAT_0006001,CUST_000409,TMDB_M_1268127,2,2025-01-02
RAT_0006002,CUST_000409,TMDB_M_1305781,3,2024-12-05
RAT_0006003,CUST_000409,TMDB_M_1328803,3,2024-10-06
RAT_0006004,CUST_000409,TMDB_M_1339876,3,2024-11-28
RAT_0006005,CUST_000409,TMDB_M_157336,2,2024-12-23
RAT_0006006,CUST_000409,TMDB_M_383498,1,2024-12-15
RAT_0006007,CUST_000409,TMDB_M_4935,3,2025-01-14
RAT_0006008,CUST_000409,TMDB_M_524047,1,2025-01-08
RAT_0006009,CUST_000409,TMDB_M_666277,3,2024-10-13
RAT_0006010,CUST_000409,TMDB_M_967941,3,2024-12-15
RAT_0006011,CUST_000409,TMDB_M_986056,3,2024-09-04
RAT_0006012,CUST_000409,TMDB_T_1399,1,2025-01-18
RAT_0006013,CUST_000409,TMDB_T_17610,2,2024-12-15
RAT_0006014,CUST_000409,TMDB_T_18165,3,2024-11-04
RAT_0006015,CUST_000409,TMDB_T_202411,3,2024-09-04
RAT_0006016,CUST_000409,TMDB_T_220150,2,2024-12-21
RAT_0006017,CUST_000409,TMDB_T_34524,1,2024-12-09
RAT_0006018,CUST_000409,TMDB_T_48866,3,2024-11-03
RAT_0006019,CUST_000409,TMDB_T_61818,1,2024-12-17
RAT_0006020,CUST_000409,TMDB_T_70672,2,2024-11-19
RAT_0006021,CUST_000410,TMDB_M_10191,3,2026-02-09
RAT_0006022,CUST_000410,TMDB_M_1327862,5,2025-07-06
RAT_0006023,CUST_000410,TMDB_M_1368166,2,2026-01-25
RAT_0006024,CUST_000410,TMDB_M_497,4,2026-01-21
RAT_0006025,CUST_000410,TMDB_M_912649,3,2026-01-25
RAT_0006026,CUST_000410,TMDB_M_98,3,2026-02-05
RAT_0006027,CUST_000410,TMDB_T_1431,1,2026-03-27
RAT_0006028,CUST_000410,TMDB_T_18165,2,2026-03-09
RAT_0006029,CUST_000410,TMDB_T_22980,3,2025-01-08
RAT_0006030,CUST_000410,TMDB_T_57243,2,2025-03-14
RAT_0006031,CUST_000410,TMDB_T_8962,3,2025-08-06
RAT_0006032,CUST_000411,TMDB_M_1426297,4,2025-07-12
RAT_0006033,CUST_000411,TMDB_T_119051,1,2026-01-28
RAT_0006034,CUST_000411,TMDB_T_154770,5,2025-12-04
RAT_0006035,CUST_000411,TMDB_T_4588,3,2025-12-12
RAT_0006036,CUST_000411,TMDB_T_5092,4,2026-02-19
RAT_0006037,CUST_000411,TMDB_T_71494,4,2025-11-20
RAT_0006038,CUST_000412,TMDB_M_1327819,1,2024-06-22
RAT_0006039,CUST_000412,TMDB_T_37680,1,2024-07-22
RAT_0006040,CUST_000412,TMDB_T_63174,2,2024-07-26
RAT_0006041,CUST_000412,TMDB_T_95479,2,2024-07-08
RAT_0006042,CUST_000413,TMDB_M_1007734,2,2026-06-18
RAT_0006043,CUST_000413,TMDB_M_1049471,1,2026-05-25
RAT_0006044,CUST_000413,TMDB_M_1234731,1,2026-07-16
RAT_0006045,CUST_000413,TMDB_M_1291608,5,2026-03-01
RAT_0006046,CUST_000413,TMDB_M_1601243,3,2026-05-29
RAT_0006047,CUST_000413,TMDB_M_264980,2,2026-07-27
RAT_0006048,CUST_000413,TMDB_M_52741,4,2026-07-06
RAT_0006049,CUST_000413,TMDB_M_679,2,2026-06-23
RAT_0006050,CUST_000413,TMDB_M_755898,3,2026-05-04
RAT_0006051,CUST_000413,TMDB_M_76600,1,2026-07-07
RAT_0006052,CUST_000413,TMDB_T_154770,2,2026-06-12
RAT_0006053,CUST_000413,TMDB_T_220542,4,2026-05-10
RAT_0006054,CUST_000413,TMDB_T_2221,1,2026-01-29
RAT_0006055,CUST_000413,TMDB_T_2661,3,2026-02-04
RAT_0006056,CUST_000413,TMDB_T_45789,2,2026-06-22
RAT_0006057,CUST_000413,TMDB_T_502,3,2026-08-06
RAT_0006058,CUST_000413,TMDB_T_71728,4,2026-03-27
RAT_0006059,CUST_000414,TMDB_M_1228246,3,2024-08-09
RAT_0006060,CUST_000414,TMDB_M_502356,4,2025-03-27
RAT_0006061,CUST_000414,TMDB_M_662707,5,2025-03-29
RAT_0006062,CUST_000414,TMDB_M_83533,4,2026-02-06
RAT_0006063,CUST_000414,TMDB_M_999136,3,2025-01-31
RAT_0006064,CUST_000414,TMDB_T_114478,2,2025-06-23
RAT_0006065,CUST_000414,TMDB_T_124364,4,2026-03-17
RAT_0006066,CUST_000414,TMDB_T_1973,5,2025-02-17
RAT_0006067,CUST_000414,TMDB_T_2221,3,2025-08-07
RAT_0006068,CUST_000414,TMDB_T_289219,2,2024-07-14
RAT_0006069,CUST_000414,TMDB_T_5092,4,2026-02-12
RAT_0006070,CUST_000414,TMDB_T_65334,3,2024-11-22
RAT_0006071,CUST_000414,TMDB_T_66732,4,2024-06-13
RAT_0006072,CUST_000415,TMDB_M_1015606,3,2026-03-05
RAT_0006073,CUST_000415,TMDB_M_1020969,5,2026-03-26
RAT_0006074,CUST_000415,TMDB_M_11,4,2026-03-20
RAT_0006075,CUST_000415,TMDB_M_1171145,3,2026-04-02
RAT_0006076,CUST_000415,TMDB_M_1175942,4,2026-02-18
RAT_0006077,CUST_000415,TMDB_M_120,3,2025-08-11
RAT_0006078,CUST_000415,TMDB_M_1311031,4,2025-08-25
RAT_0006079,CUST_000415,TMDB_M_1327819,4,2025-07-22
RAT_0006080,CUST_000415,TMDB_M_1430,3,2026-03-23
RAT_0006081,CUST_000415,TMDB_M_1630433,3,2026-02-04
RAT_0006082,CUST_000415,TMDB_M_1865,2,2025-12-01
RAT_0006083,CUST_000415,TMDB_M_330457,4,2026-03-02
RAT_0006084,CUST_000415,TMDB_M_519182,5,2026-03-29
RAT_0006085,CUST_000415,TMDB_M_552524,2,2026-03-17
RAT_0006086,CUST_000415,TMDB_M_58,3,2026-02-22
RAT_0006087,CUST_000415,TMDB_M_671,4,2026-01-26
RAT_0006088,CUST_000415,TMDB_M_672,3,2026-01-04
RAT_0006089,CUST_000415,TMDB_M_762509,5,2025-06-29
RAT_0006090,CUST_000415,TMDB_M_8358,3,2026-01-14
RAT_0006091,CUST_000415,TMDB_T_1622,4,2026-03-24
RAT_0006092,CUST_000415,TMDB_T_237020,4,2025-09-11
RAT_0006093,CUST_000415,TMDB_T_3562,3,2025-12-13
RAT_0006094,CUST_000415,TMDB_T_4604,5,2026-01-05
RAT_0006095,CUST_000415,TMDB_T_76479,3,2026-03-06
RAT_0006096,CUST_000415,TMDB_T_79744,4,2026-02-01
RAT_0006097,CUST_000416,TMDB_M_106,1,2026-03-23
RAT_0006098,CUST_000416,TMDB_M_1115544,4,2026-03-20
RAT_0006099,CUST_000416,TMDB_M_228150,3,2026-04-09
RAT_0006100,CUST_000416,TMDB_M_374720,4,2026-03-24
RAT_0006101,CUST_000416,TMDB_M_453395,5,2026-03-20
RAT_0006102,CUST_000416,TMDB_M_701387,3,2026-03-28
RAT_0006103,CUST_000416,TMDB_T_66732,2,2026-03-30
RAT_0006104,CUST_000417,TMDB_M_1010581,3,2026-01-18
RAT_0006105,CUST_000417,TMDB_M_1020969,1,2026-04-04
RAT_0006106,CUST_000417,TMDB_M_1049471,3,2026-01-10
RAT_0006107,CUST_000417,TMDB_M_1193501,2,2025-11-16
RAT_0006108,CUST_000417,TMDB_M_1511417,3,2026-01-06
RAT_0006109,CUST_000417,TMDB_M_1523145,5,2025-11-27
RAT_0006110,CUST_000417,TMDB_M_479197,1,2025-12-30
RAT_0006111,CUST_000417,TMDB_M_858024,2,2025-11-11
RAT_0006112,CUST_000417,TMDB_T_1398,1,2026-03-06
RAT_0006113,CUST_000417,TMDB_T_15260,4,2026-01-19
RAT_0006114,CUST_000417,TMDB_T_18165,2,2025-12-19
RAT_0006115,CUST_000417,TMDB_T_31910,4,2026-03-13
RAT_0006116,CUST_000417,TMDB_T_59941,3,2025-11-20
RAT_0006117,CUST_000417,TMDB_T_79744,3,2026-02-03
RAT_0006118,CUST_000418,TMDB_M_228150,5,2026-03-27
RAT_0006119,CUST_000418,TMDB_M_603,4,2025-12-17
RAT_0006120,CUST_000418,TMDB_M_8966,4,2025-08-31
RAT_0006121,CUST_000418,TMDB_T_12971,2,2025-04-18
RAT_0006122,CUST_000418,TMDB_T_154770,3,2026-01-25
RAT_0006123,CUST_000418,TMDB_T_4656,4,2026-03-17
RAT_0006124,CUST_000418,TMDB_T_65503,2,2024-10-16
RAT_0006125,CUST_000418,TMDB_T_70672,5,2026-04-05
RAT_0006126,CUST_000418,TMDB_T_71494,2,2025-09-19
RAT_0006127,CUST_000418,TMDB_T_71790,4,2025-11-24
RAT_0006128,CUST_000419,TMDB_M_106,3,2025-06-12
RAT_0006129,CUST_000419,TMDB_M_1175942,3,2025-11-06
RAT_0006130,CUST_000419,TMDB_M_1523145,3,2025-10-19
RAT_0006131,CUST_000419,TMDB_M_193972,4,2025-03-01
RAT_0006132,CUST_000419,TMDB_M_361743,5,2025-07-19
RAT_0006133,CUST_000419,TMDB_M_419430,3,2025-10-04
RAT_0006134,CUST_000419,TMDB_M_429,4,2025-09-15
RAT_0006135,CUST_000419,TMDB_M_502356,4,2025-11-27
RAT_0006136,CUST_000419,TMDB_M_680493,3,2025-04-26
RAT_0006137,CUST_000419,TMDB_T_112527,1,2025-11-19
RAT_0006138,CUST_000419,TMDB_T_124364,2,2025-09-01
RAT_0006139,CUST_000419,TMDB_T_13945,2,2025-10-13
RAT_0006140,CUST_000419,TMDB_T_1412,2,2025-11-05
RAT_0006141,CUST_000419,TMDB_T_154770,3,2025-11-03
RAT_0006142,CUST_000419,TMDB_T_2224,3,2025-02-20
RAT_0006143,CUST_000419,TMDB_T_2661,1,2025-09-22
RAT_0006144,CUST_000419,TMDB_T_4087,3,2025-08-19
RAT_0006145,CUST_000419,TMDB_T_4556,2,2025-02-21
RAT_0006146,CUST_000419,TMDB_T_6836,2,2025-06-02
RAT_0006147,CUST_000419,TMDB_T_70672,3,2025-10-26
RAT_0006148,CUST_000419,TMDB_T_79744,4,2025-10-06
RAT_0006149,CUST_000420,TMDB_M_1003596,4,2025-02-25
RAT_0006150,CUST_000420,TMDB_M_19995,1,2025-04-30
RAT_0006151,CUST_000420,TMDB_M_24428,2,2025-03-13
RAT_0006152,CUST_000420,TMDB_M_4935,2,2025-05-10
RAT_0006153,CUST_000420,TMDB_M_687163,4,2025-05-20
RAT_0006154,CUST_000420,TMDB_M_941109,3,2025-04-16
RAT_0006155,CUST_000421,TMDB_M_1015606,4,2026-02-08
RAT_0006156,CUST_000421,TMDB_M_1159559,2,2026-04-05
RAT_0006157,CUST_000421,TMDB_M_1268127,5,2026-01-18
RAT_0006158,CUST_000421,TMDB_M_493125,3,2026-03-20
RAT_0006159,CUST_000422,TMDB_M_1084242,4,2025-09-21
RAT_0006160,CUST_000422,TMDB_M_1246049,2,2025-11-02
RAT_0006161,CUST_000422,TMDB_M_1284460,4,2025-09-30
RAT_0006162,CUST_000422,TMDB_T_241609,2,2025-10-30
RAT_0006163,CUST_000422,TMDB_T_35674,1,2025-08-18
RAT_0006164,CUST_000422,TMDB_T_4629,5,2025-08-21
RAT_0006165,CUST_000423,TMDB_M_967,5,2026-03-04
RAT_0006166,CUST_000423,TMDB_T_19530,3,2025-11-11
RAT_0006167,CUST_000423,TMDB_T_1973,4,2026-04-10
RAT_0006168,CUST_000423,TMDB_T_22980,1,2025-07-28
RAT_0006169,CUST_000424,TMDB_M_1276704,3,2025-03-01
RAT_0006170,CUST_000424,TMDB_M_1297842,4,2025-10-26
RAT_0006171,CUST_000424,TMDB_M_786892,3,2025-12-09
RAT_0006172,CUST_000424,TMDB_M_8966,5,2025-12-12
RAT_0006173,CUST_000424,TMDB_T_100088,3,2025-02-19
RAT_0006174,CUST_000424,TMDB_T_1399,4,2026-02-05
RAT_0006175,CUST_000424,TMDB_T_20111,4,2025-10-15
RAT_0006176,CUST_000424,TMDB_T_2224,5,2026-04-05
RAT_0006177,CUST_000424,TMDB_T_42009,4,2026-03-14
RAT_0006178,CUST_000425,TMDB_M_111,3,2024-12-28
RAT_0006179,CUST_000425,TMDB_M_12153,2,2025-06-04
RAT_0006180,CUST_000425,TMDB_M_1245347,4,2025-03-18
RAT_0006181,CUST_000425,TMDB_M_1310568,3,2025-06-10
RAT_0006182,CUST_000425,TMDB_M_1419406,2,2025-04-30
RAT_0006183,CUST_000425,TMDB_M_1572073,4,2025-03-25
RAT_0006184,CUST_000425,TMDB_M_1634301,2,2025-05-12
RAT_0006185,CUST_000425,TMDB_M_193972,4,2025-03-27
RAT_0006186,CUST_000425,TMDB_M_20352,2,2025-05-31
RAT_0006187,CUST_000425,TMDB_M_361743,1,2025-04-15
RAT_0006188,CUST_000425,TMDB_M_4935,3,2025-05-29
RAT_0006189,CUST_000425,TMDB_M_497,3,2025-04-12
RAT_0006190,CUST_000425,TMDB_M_539972,1,2025-05-29
RAT_0006191,CUST_000425,TMDB_M_62201,5,2025-03-16
RAT_0006192,CUST_000425,TMDB_M_803796,2,2025-03-05
RAT_0006193,CUST_000425,TMDB_M_8966,3,2025-05-24
RAT_0006194,CUST_000425,TMDB_M_911430,5,2024-12-30
RAT_0006195,CUST_000425,TMDB_M_967941,3,2024-12-21
RAT_0006196,CUST_000425,TMDB_T_127529,1,2025-05-15
RAT_0006197,CUST_000425,TMDB_T_1403,1,2025-05-12
RAT_0006198,CUST_000425,TMDB_T_1421,3,2025-04-07
RAT_0006199,CUST_000425,TMDB_T_1489,1,2025-06-01
RAT_0006200,CUST_000425,TMDB_T_1622,1,2024-11-18
RAT_0006201,CUST_000425,TMDB_T_31910,4,2025-01-28
RAT_0006202,CUST_000425,TMDB_T_4087,4,2025-06-06
RAT_0006203,CUST_000425,TMDB_T_4607,1,2025-03-09
RAT_0006204,CUST_000425,TMDB_T_78191,2,2025-03-31
RAT_0006205,CUST_000426,TMDB_M_1022789,3,2025-07-25
RAT_0006206,CUST_000426,TMDB_M_1236153,1,2025-09-28
RAT_0006207,CUST_000426,TMDB_M_1326106,1,2026-03-17
RAT_0006208,CUST_000426,TMDB_M_1575337,3,2026-01-07
RAT_0006209,CUST_000426,TMDB_M_1634301,1,2025-08-28
RAT_0006210,CUST_000426,TMDB_M_324857,2,2025-09-26
RAT_0006211,CUST_000426,TMDB_M_976573,3,2026-03-09
RAT_0006212,CUST_000426,TMDB_T_114478,3,2025-09-24
RAT_0006213,CUST_000426,TMDB_T_12225,2,2025-09-22
RAT_0006214,CUST_000426,TMDB_T_1400,3,2025-05-31
RAT_0006215,CUST_000426,TMDB_T_1403,3,2025-05-05
RAT_0006216,CUST_000426,TMDB_T_19530,1,2025-09-17
RAT_0006217,CUST_000426,TMDB_T_2288,3,2025-05-12
RAT_0006218,CUST_000426,TMDB_T_48866,4,2026-04-01
RAT_0006219,CUST_000426,TMDB_T_764,2,2025-07-01
RAT_0006220,CUST_000426,TMDB_T_95557,2,2025-09-26
RAT_0006221,CUST_000427,TMDB_M_1198994,3,2025-11-17
RAT_0006222,CUST_000427,TMDB_M_1304313,5,2025-11-18
RAT_0006223,CUST_000427,TMDB_M_1426297,3,2025-11-04
RAT_0006224,CUST_000427,TMDB_M_348,5,2026-02-13
RAT_0006225,CUST_000427,TMDB_M_447365,3,2026-03-03
RAT_0006226,CUST_000427,TMDB_M_662707,4,2025-11-08
RAT_0006227,CUST_000427,TMDB_M_687259,3,2026-02-28
RAT_0006228,CUST_000427,TMDB_M_701387,4,2026-04-05
RAT_0006229,CUST_000427,TMDB_M_912649,4,2026-02-09
RAT_0006230,CUST_000427,TMDB_T_1435,3,2025-12-27
RAT_0006231,CUST_000427,TMDB_T_2171,2,2025-08-31
RAT_0006232,CUST_000427,TMDB_T_32415,4,2025-12-25
RAT_0006233,CUST_000427,TMDB_T_33238,4,2025-07-18
RAT_0006234,CUST_000427,TMDB_T_498,4,2025-11-28
RAT_0006235,CUST_000428,TMDB_M_1197137,2,2026-02-07
RAT_0006236,CUST_000428,TMDB_M_1284496,1,2025-07-06
RAT_0006237,CUST_000428,TMDB_M_1367763,4,2026-02-04
RAT_0006238,CUST_000428,TMDB_M_193972,5,2026-01-09
RAT_0006239,CUST_000428,TMDB_M_19592,2,2026-02-09
RAT_0006240,CUST_000428,TMDB_M_284054,5,2025-09-18
RAT_0006241,CUST_000428,TMDB_M_346364,4,2025-09-17
RAT_0006242,CUST_000428,TMDB_M_396535,5,2025-12-02
RAT_0006243,CUST_000428,TMDB_M_4247,3,2025-11-04
RAT_0006244,CUST_000428,TMDB_M_467905,2,2026-01-30
RAT_0006245,CUST_000428,TMDB_M_755898,4,2025-12-11
RAT_0006246,CUST_000428,TMDB_M_848116,3,2025-06-10
RAT_0006247,CUST_000428,TMDB_T_1408,3,2026-03-04
RAT_0006248,CUST_000428,TMDB_T_1667,2,2026-03-16
RAT_0006249,CUST_000428,TMDB_T_228091,3,2025-12-30
RAT_0006250,CUST_000428,TMDB_T_278573,2,2026-01-10
RAT_0006251,CUST_000428,TMDB_T_37680,3,2025-11-22
RAT_0006252,CUST_000428,TMDB_T_45790,3,2025-08-31
RAT_0006253,CUST_000428,TMDB_T_78191,4,2025-12-15
RAT_0006254,CUST_000428,TMDB_T_873,1,2025-07-27
RAT_0006255,CUST_000428,TMDB_T_8962,4,2025-10-04
RAT_0006256,CUST_000429,TMDB_M_1007734,2,2025-12-30
RAT_0006257,CUST_000429,TMDB_M_1061474,3,2026-01-04
RAT_0006258,CUST_000429,TMDB_M_120,3,2026-02-26
RAT_0006259,CUST_000429,TMDB_M_1290417,3,2026-03-29
RAT_0006260,CUST_000429,TMDB_M_1327819,2,2026-02-13
RAT_0006261,CUST_000429,TMDB_M_1341137,2,2026-01-29
RAT_0006262,CUST_000429,TMDB_M_1523145,4,2025-12-10
RAT_0006263,CUST_000429,TMDB_M_152742,2,2026-03-04
RAT_0006264,CUST_000429,TMDB_M_157336,1,2025-12-30
RAT_0006265,CUST_000429,TMDB_M_1658214,1,2026-04-11
RAT_0006266,CUST_000429,TMDB_M_177572,4,2026-04-11
RAT_0006267,CUST_000429,TMDB_M_2288,2,2025-12-12
RAT_0006268,CUST_000429,TMDB_M_244786,3,2026-02-28
RAT_0006269,CUST_000429,TMDB_M_285,4,2025-12-30
RAT_0006270,CUST_000429,TMDB_M_541671,4,2026-01-04
RAT_0006271,CUST_000429,TMDB_M_564,3,2025-11-25
RAT_0006272,CUST_000429,TMDB_M_671,1,2026-02-13
RAT_0006273,CUST_000429,TMDB_M_673,3,2026-02-08
RAT_0006274,CUST_000429,TMDB_M_68721,5,2026-03-07
RAT_0006275,CUST_000429,TMDB_T_1402,3,2025-11-30
RAT_0006276,CUST_000429,TMDB_T_1407,2,2025-12-06
RAT_0006277,CUST_000429,TMDB_T_20111,2,2026-03-02
RAT_0006278,CUST_000429,TMDB_T_2190,4,2025-12-13
RAT_0006279,CUST_000429,TMDB_T_22980,3,2026-02-10
RAT_0006280,CUST_000429,TMDB_T_2661,3,2026-03-19
RAT_0006281,CUST_000429,TMDB_T_35007,3,2026-03-23
RAT_0006282,CUST_000429,TMDB_T_37854,3,2026-03-31
RAT_0006283,CUST_000429,TMDB_T_456,2,2026-04-09
RAT_0006284,CUST_000429,TMDB_T_65334,4,2025-11-25
RAT_0006285,CUST_000429,TMDB_T_71712,2,2026-02-25
RAT_0006286,CUST_000430,TMDB_M_1159559,2,2025-11-05
RAT_0006287,CUST_000430,TMDB_M_1233413,1,2025-11-04
RAT_0006288,CUST_000430,TMDB_M_1276038,1,2026-03-17
RAT_0006289,CUST_000430,TMDB_M_1526650,2,2026-02-13
RAT_0006290,CUST_000430,TMDB_M_497,5,2026-03-04
RAT_0006291,CUST_000430,TMDB_M_517302,4,2026-01-11
RAT_0006292,CUST_000430,TMDB_M_862739,4,2025-11-12
RAT_0006293,CUST_000430,TMDB_M_8966,4,2026-04-11
RAT_0006294,CUST_000430,TMDB_T_1398,4,2026-04-05
RAT_0006295,CUST_000430,TMDB_T_19530,3,2025-11-24
RAT_0006296,CUST_000430,TMDB_T_63770,2,2026-04-08
RAT_0006297,CUST_000430,TMDB_T_74561,5,2025-12-06
RAT_0006298,CUST_000430,TMDB_T_76479,3,2026-01-05
RAT_0006299,CUST_000430,TMDB_T_95479,4,2026-01-20
RAT_0006300,CUST_000430,TMDB_T_95557,3,2025-12-10
RAT_0006301,CUST_000431,TMDB_M_103,2,2025-08-17
RAT_0006302,CUST_000431,TMDB_M_20352,5,2025-12-01
RAT_0006303,CUST_000431,TMDB_M_330457,2,2026-02-17
RAT_0006304,CUST_000431,TMDB_M_412117,4,2026-03-01
RAT_0006305,CUST_000431,TMDB_M_502356,3,2026-02-14
RAT_0006306,CUST_000431,TMDB_M_519182,4,2026-02-16
RAT_0006307,CUST_000431,TMDB_M_552524,4,2026-02-27
RAT_0006308,CUST_000431,TMDB_M_662707,3,2026-02-06
RAT_0006309,CUST_000431,TMDB_M_950387,4,2026-02-12
RAT_0006310,CUST_000431,TMDB_T_100088,2,2026-01-03
RAT_0006311,CUST_000431,TMDB_T_117465,5,2025-12-11
RAT_0006312,CUST_000431,TMDB_T_228091,1,2025-08-04
RAT_0006313,CUST_000431,TMDB_T_74561,1,2026-01-29
RAT_0006314,CUST_000431,TMDB_T_76479,3,2026-01-10
RAT_0006315,CUST_000432,TMDB_M_1020969,5,2026-03-16
RAT_0006316,CUST_000432,TMDB_M_1159559,1,2025-08-08
RAT_0006317,CUST_000432,TMDB_M_1290821,1,2025-07-23
RAT_0006318,CUST_000432,TMDB_M_402431,3,2025-11-29
RAT_0006319,CUST_000432,TMDB_M_412117,4,2026-03-04
RAT_0006320,CUST_000432,TMDB_M_68721,3,2026-03-25
RAT_0006321,CUST_000432,TMDB_M_950387,3,2025-10-02
RAT_0006322,CUST_000432,TMDB_T_10534,2,2026-03-26
RAT_0006323,CUST_000432,TMDB_T_112527,3,2026-03-05
RAT_0006324,CUST_000432,TMDB_T_127529,3,2025-12-06
RAT_0006325,CUST_000432,TMDB_T_22980,3,2025-09-18
RAT_0006326,CUST_000432,TMDB_T_48866,4,2025-06-25
RAT_0006327,CUST_000432,TMDB_T_73586,4,2026-03-24
RAT_0006328,CUST_000432,TMDB_T_76479,3,2025-06-17
RAT_0006329,CUST_000432,TMDB_T_79744,5,2026-02-24
RAT_0006330,CUST_000433,TMDB_M_1007734,2,2025-10-23
RAT_0006331,CUST_000433,TMDB_M_1199193,1,2025-06-19
RAT_0006332,CUST_000433,TMDB_M_1412598,3,2026-03-31
RAT_0006333,CUST_000433,TMDB_M_205596,3,2025-10-23
RAT_0006334,CUST_000433,TMDB_M_637649,1,2025-09-22
RAT_0006335,CUST_000433,TMDB_M_967,1,2025-06-21
RAT_0006336,CUST_000433,TMDB_T_2261,3,2025-10-20
RAT_0006337,CUST_000433,TMDB_T_22980,4,2026-03-11
RAT_0006338,CUST_000433,TMDB_T_32692,3,2025-11-25
RAT_0006339,CUST_000433,TMDB_T_4177,2,2025-10-25
RAT_0006340,CUST_000433,TMDB_T_498,4,2026-01-25
RAT_0006341,CUST_000433,TMDB_T_72517,2,2025-11-14
RAT_0006342,CUST_000434,TMDB_M_1193501,3,2025-07-10
RAT_0006343,CUST_000434,TMDB_M_12509,4,2026-03-07
RAT_0006344,CUST_000434,TMDB_M_1266992,5,2025-05-24
RAT_0006345,CUST_000434,TMDB_M_1422,4,2025-10-31
RAT_0006346,CUST_000434,TMDB_M_216015,3,2026-02-20
RAT_0006347,CUST_000434,TMDB_M_226674,5,2025-12-16
RAT_0006348,CUST_000434,TMDB_M_238,2,2026-04-03
RAT_0006349,CUST_000434,TMDB_M_24428,5,2026-04-07
RAT_0006350,CUST_000434,TMDB_M_38,5,2025-06-30
RAT_0006351,CUST_000434,TMDB_M_597,4,2025-10-23
RAT_0006352,CUST_000434,TMDB_M_967941,3,2026-04-07
RAT_0006353,CUST_000434,TMDB_T_12225,5,2025-06-10
RAT_0006354,CUST_000434,TMDB_T_1399,4,2026-03-16
RAT_0006355,CUST_000434,TMDB_T_220150,4,2025-10-26
RAT_0006356,CUST_000434,TMDB_T_2221,4,2025-07-13
RAT_0006357,CUST_000434,TMDB_T_32415,5,2025-09-01
RAT_0006358,CUST_000434,TMDB_T_42009,3,2026-03-09
RAT_0006359,CUST_000434,TMDB_T_46952,4,2025-09-12
RAT_0006360,CUST_000434,TMDB_T_66732,5,2025-09-10
RAT_0006361,CUST_000435,TMDB_M_1058710,4,2025-09-08
RAT_0006362,CUST_000435,TMDB_M_1197137,5,2026-03-07
RAT_0006363,CUST_000435,TMDB_M_1276038,2,2025-07-17
RAT_0006364,CUST_000435,TMDB_M_1367763,3,2025-03-05
RAT_0006365,CUST_000435,TMDB_M_1418657,2,2025-07-21
RAT_0006366,CUST_000435,TMDB_M_1572073,4,2025-10-31
RAT_0006367,CUST_000435,TMDB_M_539,2,2025-04-26
RAT_0006368,CUST_000435,TMDB_M_696393,3,2025-10-12
RAT_0006369,CUST_000435,TMDB_T_291,4,2026-04-07
RAT_0006370,CUST_000435,TMDB_T_3562,3,2025-12-03
RAT_0006371,CUST_000435,TMDB_T_502,5,2026-04-08
RAT_0006372,CUST_000436,TMDB_M_1268127,1,2026-04-04
RAT_0006373,CUST_000436,TMDB_M_1290821,1,2025-06-14
RAT_0006374,CUST_000436,TMDB_M_1297842,4,2026-02-07
RAT_0006375,CUST_000436,TMDB_M_425274,1,2025-04-06
RAT_0006376,CUST_000436,TMDB_T_17610,4,2024-12-28
RAT_0006377,CUST_000436,TMDB_T_1973,2,2025-04-06
RAT_0006378,CUST_000436,TMDB_T_220150,3,2026-03-08
RAT_0006379,CUST_000436,TMDB_T_2224,4,2026-03-30
RAT_0006380,CUST_000436,TMDB_T_39351,3,2025-12-20
RAT_0006381,CUST_000436,TMDB_T_4629,2,2026-03-25
RAT_0006382,CUST_000436,TMDB_T_46296,1,2025-02-24
RAT_0006383,CUST_000436,TMDB_T_48866,2,2025-08-06
RAT_0006384,CUST_000436,TMDB_T_498,4,2024-12-25
RAT_0006385,CUST_000436,TMDB_T_63770,3,2026-03-21
RAT_0006386,CUST_000437,TMDB_M_10191,3,2026-04-02
RAT_0006387,CUST_000437,TMDB_M_12,5,2026-03-31
RAT_0006388,CUST_000437,TMDB_M_1291608,4,2026-03-17
RAT_0006389,CUST_000437,TMDB_M_1381027,1,2026-02-14
RAT_0006390,CUST_000437,TMDB_M_1523145,3,2026-02-22
RAT_0006391,CUST_000437,TMDB_M_1630433,3,2026-03-14
RAT_0006392,CUST_000437,TMDB_M_20352,1,2026-04-03
RAT_0006393,CUST_000437,TMDB_M_552524,3,2026-02-23
RAT_0006394,CUST_000437,TMDB_M_803796,2,2026-02-19
RAT_0006395,CUST_000437,TMDB_T_1416,1,2026-03-19
RAT_0006396,CUST_000437,TMDB_T_2316,3,2026-02-18
RAT_0006397,CUST_000437,TMDB_T_45790,4,2026-03-08
RAT_0006398,CUST_000437,TMDB_T_60572,3,2026-02-13
RAT_0006399,CUST_000438,TMDB_M_10193,4,2025-12-25
RAT_0006400,CUST_000438,TMDB_M_109445,5,2025-07-07
RAT_0006401,CUST_000438,TMDB_M_1367642,2,2025-08-28
RAT_0006402,CUST_000438,TMDB_M_1646787,4,2025-05-31
RAT_0006403,CUST_000438,TMDB_M_508947,1,2024-10-28
RAT_0006404,CUST_000438,TMDB_M_569094,4,2024-10-12
RAT_0006405,CUST_000438,TMDB_M_863,4,2025-06-19
RAT_0006406,CUST_000438,TMDB_T_2221,5,2025-07-16
RAT_0006407,CUST_000438,TMDB_T_58841,3,2025-02-25
RAT_0006408,CUST_000438,TMDB_T_68350,5,2025-02-01
RAT_0006409,CUST_000438,TMDB_T_72517,3,2025-12-09
RAT_0006410,CUST_000438,TMDB_T_82873,5,2025-04-19
RAT_0006411,CUST_000438,TMDB_T_8962,3,2025-03-23
RAT_0006412,CUST_000438,TMDB_T_95897,3,2024-12-17
RAT_0006413,CUST_000439,TMDB_M_1297842,1,2026-02-08
RAT_0006414,CUST_000439,TMDB_T_120089,2,2025-12-13
RAT_0006415,CUST_000439,TMDB_T_154770,5,2026-02-11
RAT_0006416,CUST_000439,TMDB_T_1911,3,2026-03-05
RAT_0006417,CUST_000439,TMDB_T_2661,3,2026-02-16
RAT_0006418,CUST_000439,TMDB_T_46952,5,2026-01-08
RAT_0006419,CUST_000440,TMDB_M_1049471,1,2024-12-12
RAT_0006420,CUST_000440,TMDB_M_1307373,5,2024-11-28
RAT_0006421,CUST_000440,TMDB_M_1359,3,2024-12-02
RAT_0006422,CUST_000440,TMDB_M_1381027,2,2024-12-15
RAT_0006423,CUST_000440,TMDB_M_1523145,1,2024-11-07
RAT_0006424,CUST_000440,TMDB_M_156022,2,2024-12-25
RAT_0006425,CUST_000440,TMDB_M_1630433,4,2025-01-02
RAT_0006426,CUST_000440,TMDB_M_240,4,2024-11-08
RAT_0006427,CUST_000440,TMDB_M_290098,1,2024-12-28
RAT_0006428,CUST_000440,TMDB_M_402431,2,2024-12-13
RAT_0006429,CUST_000440,TMDB_M_637649,2,2024-12-06
RAT_0006430,CUST_000440,TMDB_M_985939,3,2024-10-23
RAT_0006431,CUST_000440,TMDB_T_1402,2,2024-11-29
RAT_0006432,CUST_000440,TMDB_T_19530,1,2025-01-02
RAT_0006433,CUST_000440,TMDB_T_1973,3,2024-11-30
RAT_0006434,CUST_000440,TMDB_T_30984,3,2024-10-18
RAT_0006435,CUST_000440,TMDB_T_31910,3,2024-11-12
RAT_0006436,CUST_000440,TMDB_T_60735,2,2024-12-06
RAT_0006437,CUST_000441,TMDB_T_4177,4,2026-03-14
RAT_0006438,CUST_000441,TMDB_T_42009,3,2026-03-29
RAT_0006439,CUST_000441,TMDB_T_693,2,2026-04-01
RAT_0006440,CUST_000442,TMDB_M_11036,2,2026-02-14
RAT_0006441,CUST_000442,TMDB_M_1234821,3,2025-11-18
RAT_0006442,CUST_000442,TMDB_M_1325734,4,2026-03-01
RAT_0006443,CUST_000442,TMDB_M_1367642,3,2026-04-09
RAT_0006444,CUST_000442,TMDB_M_1630433,4,2026-04-10
RAT_0006445,CUST_000442,TMDB_M_335984,2,2025-11-27
RAT_0006446,CUST_000442,TMDB_M_429,4,2026-01-31
RAT_0006447,CUST_000442,TMDB_M_533533,4,2026-01-05
RAT_0006448,CUST_000442,TMDB_M_601,2,2025-08-25
RAT_0006449,CUST_000442,TMDB_M_701387,1,2025-09-29
RAT_0006450,CUST_000442,TMDB_M_912649,2,2026-02-28
RAT_0006451,CUST_000442,TMDB_M_982843,4,2025-12-08
RAT_0006452,CUST_000442,TMDB_T_456,5,2026-03-08
RAT_0006453,CUST_000442,TMDB_T_62223,3,2026-03-24
RAT_0006454,CUST_000442,TMDB_T_80748,1,2025-11-29
RAT_0006455,CUST_000443,TMDB_M_1192548,2,2025-06-24
RAT_0006456,CUST_000443,TMDB_M_1234821,5,2025-10-13
RAT_0006457,CUST_000443,TMDB_M_1241470,1,2026-03-20
RAT_0006458,CUST_000443,TMDB_M_24428,4,2025-09-27
RAT_0006459,CUST_000443,TMDB_M_286217,3,2025-10-10
RAT_0006460,CUST_000443,TMDB_M_28975,4,2025-10-10
RAT_0006461,CUST_000443,TMDB_M_330457,3,2025-04-06
RAT_0006462,CUST_000443,TMDB_M_429,1,2025-06-17
RAT_0006463,CUST_000443,TMDB_M_617126,3,2025-01-12
RAT_0006464,CUST_000443,TMDB_M_62,4,2026-01-22
RAT_0006465,CUST_000443,TMDB_M_677638,2,2026-01-26
RAT_0006466,CUST_000443,TMDB_M_687163,3,2025-11-12
RAT_0006467,CUST_000443,TMDB_T_2661,5,2025-03-09
RAT_0006468,CUST_000443,TMDB_T_39351,3,2025-06-24
RAT_0006469,CUST_000443,TMDB_T_4629,4,2025-12-18
RAT_0006470,CUST_000443,TMDB_T_76479,2,2025-05-01
RAT_0006471,CUST_000443,TMDB_T_76572,2,2024-12-05
RAT_0006472,CUST_000443,TMDB_T_79744,3,2025-12-23
RAT_0006473,CUST_000444,TMDB_T_5092,2,2026-04-11
RAT_0006474,CUST_000445,TMDB_M_101,1,2025-10-15
RAT_0006475,CUST_000445,TMDB_M_1022787,2,2025-11-17
RAT_0006476,CUST_000445,TMDB_M_103,1,2025-11-18
RAT_0006477,CUST_000445,TMDB_M_1049471,4,2025-08-08
RAT_0006478,CUST_000445,TMDB_M_1653994,4,2025-03-24
RAT_0006479,CUST_000445,TMDB_M_22,4,2025-06-08
RAT_0006480,CUST_000445,TMDB_M_687163,2,2025-10-31
RAT_0006481,CUST_000445,TMDB_M_941109,1,2025-02-23
RAT_0006482,CUST_000445,TMDB_M_982843,3,2025-04-28
RAT_0006483,CUST_000445,TMDB_T_1402,3,2025-12-07
RAT_0006484,CUST_000445,TMDB_T_1412,3,2025-02-21
RAT_0006485,CUST_000445,TMDB_T_1973,1,2025-09-07
RAT_0006486,CUST_000445,TMDB_T_2171,1,2025-10-14
RAT_0006487,CUST_000445,TMDB_T_4177,2,2025-11-27
RAT_0006488,CUST_000445,TMDB_T_4656,4,2025-05-24
RAT_0006489,CUST_000445,TMDB_T_94722,4,2025-01-12
RAT_0006490,CUST_000446,TMDB_M_1242501,5,2025-09-24
RAT_0006491,CUST_000446,TMDB_M_1630433,3,2026-03-12
RAT_0006492,CUST_000446,TMDB_M_28322,3,2025-11-07
RAT_0006493,CUST_000446,TMDB_M_28975,4,2025-10-11
RAT_0006494,CUST_000446,TMDB_M_524047,2,2025-10-12
RAT_0006495,CUST_000446,TMDB_M_575265,3,2025-09-18
RAT_0006496,CUST_000446,TMDB_M_912649,5,2025-08-03
RAT_0006497,CUST_000446,TMDB_M_99861,4,2026-03-16
RAT_0006498,CUST_000446,TMDB_T_1431,2,2025-12-29
RAT_0006499,CUST_000446,TMDB_T_291,3,2026-03-25
RAT_0006500,CUST_000446,TMDB_T_79744,3,2026-01-03
RAT_0006501,CUST_000447,TMDB_M_1171145,2,2025-01-06
RAT_0006502,CUST_000447,TMDB_M_1307373,4,2026-01-13
RAT_0006503,CUST_000447,TMDB_M_1630433,3,2025-06-17
RAT_0006504,CUST_000447,TMDB_M_519182,3,2025-07-14
RAT_0006505,CUST_000447,TMDB_M_950387,4,2026-03-01
RAT_0006506,CUST_000447,TMDB_M_985939,2,2026-02-27
RAT_0006507,CUST_000447,TMDB_T_2661,3,2025-07-03
RAT_0006508,CUST_000447,TMDB_T_31910,4,2026-01-14
RAT_0006509,CUST_000447,TMDB_T_65503,4,2025-08-04
RAT_0006510,CUST_000447,TMDB_T_85077,4,2025-08-30
RAT_0006511,CUST_000448,TMDB_M_1124,3,2025-04-29
RAT_0006512,CUST_000448,TMDB_M_1658214,2,2025-03-22
RAT_0006513,CUST_000448,TMDB_M_769,1,2025-06-16
RAT_0006514,CUST_000448,TMDB_T_17610,3,2025-04-22
RAT_0006515,CUST_000448,TMDB_T_33238,3,2025-03-20
RAT_0006516,CUST_000448,TMDB_T_4588,3,2025-04-30
RAT_0006517,CUST_000448,TMDB_T_4656,3,2025-05-29
RAT_0006518,CUST_000448,TMDB_T_85077,4,2025-05-15
RAT_0006519,CUST_000449,TMDB_M_1011477,2,2026-04-10
RAT_0006520,CUST_000449,TMDB_M_1019420,4,2025-04-01
RAT_0006521,CUST_000449,TMDB_M_1159831,3,2025-10-07
RAT_0006522,CUST_000449,TMDB_M_1168190,2,2026-03-17
RAT_0006523,CUST_000449,TMDB_M_1197306,4,2025-04-06
RAT_0006524,CUST_000449,TMDB_M_1268127,3,2024-12-28
RAT_0006525,CUST_000449,TMDB_M_1307373,2,2025-08-17
RAT_0006526,CUST_000449,TMDB_M_156022,3,2025-04-28
RAT_0006527,CUST_000449,TMDB_M_24,1,2025-05-07
RAT_0006528,CUST_000449,TMDB_M_28322,2,2025-05-28
RAT_0006529,CUST_000449,TMDB_M_62,3,2025-07-17
RAT_0006530,CUST_000449,TMDB_M_637649,5,2025-12-21
RAT_0006531,CUST_000449,TMDB_M_701387,2,2025-08-18
RAT_0006532,CUST_000449,TMDB_M_912649,4,2025-11-15
RAT_0006533,CUST_000449,TMDB_M_953,1,2025-06-06
RAT_0006534,CUST_000449,TMDB_T_127529,3,2025-04-17
RAT_0006535,CUST_000449,TMDB_T_1668,3,2024-12-10
RAT_0006536,CUST_000449,TMDB_T_4057,1,2025-08-10
RAT_0006537,CUST_000449,TMDB_T_68350,3,2025-06-17
RAT_0006538,CUST_000449,TMDB_T_79744,2,2025-01-30
RAT_0006539,CUST_000449,TMDB_T_94722,4,2025-10-03
RAT_0006540,CUST_000450,TMDB_M_1523145,2,2025-11-23
RAT_0006541,CUST_000450,TMDB_M_177572,3,2025-11-07
RAT_0006542,CUST_000450,TMDB_M_238,4,2026-03-13
RAT_0006543,CUST_000450,TMDB_M_246,2,2026-01-20
RAT_0006544,CUST_000450,TMDB_M_271110,4,2026-04-04
RAT_0006545,CUST_000450,TMDB_M_603,3,2025-11-26
RAT_0006546,CUST_000450,TMDB_M_675,4,2026-02-12
RAT_0006547,CUST_000450,TMDB_M_7451,5,2026-03-19
RAT_0006548,CUST_000450,TMDB_M_83533,3,2026-02-26
RAT_0006549,CUST_000450,TMDB_M_933260,4,2026-04-11
RAT_0006550,CUST_000450,TMDB_M_969681,2,2026-03-28
RAT_0006551,CUST_000450,TMDB_T_1402,4,2026-02-04
RAT_0006552,CUST_000450,TMDB_T_289219,4,2026-02-19
RAT_0006553,CUST_000450,TMDB_T_30984,5,2026-03-21
RAT_0006554,CUST_000450,TMDB_T_34307,3,2025-12-24
RAT_0006555,CUST_000450,TMDB_T_4057,4,2025-11-29
RAT_0006556,CUST_000450,TMDB_T_44217,4,2026-03-09
RAT_0006557,CUST_000450,TMDB_T_65334,5,2026-03-21
RAT_0006558,CUST_000450,TMDB_T_67460,4,2026-01-06
RAT_0006559,CUST_000451,TMDB_M_1325734,2,2025-04-04
RAT_0006560,CUST_000451,TMDB_M_1430,2,2024-12-30
RAT_0006561,CUST_000451,TMDB_M_1641319,3,2025-01-16
RAT_0006562,CUST_000451,TMDB_M_396535,1,2026-01-22
RAT_0006563,CUST_000451,TMDB_T_1398,2,2024-05-16
RAT_0006564,CUST_000451,TMDB_T_1399,5,2024-07-19
RAT_0006565,CUST_000451,TMDB_T_1431,4,2025-08-10
RAT_0006566,CUST_000451,TMDB_T_154770,3,2025-06-10
RAT_0006567,CUST_000451,TMDB_T_20111,1,2024-12-13
RAT_0006568,CUST_000451,TMDB_T_2661,2,2024-05-18
RAT_0006569,CUST_000451,TMDB_T_289219,3,2025-05-09
RAT_0006570,CUST_000451,TMDB_T_30984,4,2025-11-09
RAT_0006571,CUST_000451,TMDB_T_34524,2,2026-03-07
RAT_0006572,CUST_000451,TMDB_T_44217,2,2025-08-26
RAT_0006573,CUST_000451,TMDB_T_4629,4,2025-10-13
RAT_0006574,CUST_000451,TMDB_T_57243,4,2026-01-30
RAT_0006575,CUST_000451,TMDB_T_65733,3,2025-05-23
RAT_0006576,CUST_000452,TMDB_M_1191876,4,2026-02-24
RAT_0006577,CUST_000452,TMDB_M_122,2,2024-09-07
RAT_0006578,CUST_000452,TMDB_M_1317149,3,2025-08-28
RAT_0006579,CUST_000452,TMDB_M_1480382,1,2025-10-13
RAT_0006580,CUST_000452,TMDB_M_1630433,2,2025-12-15
RAT_0006581,CUST_000452,TMDB_M_1652947,3,2026-01-25
RAT_0006582,CUST_000452,TMDB_M_311,4,2025-11-22
RAT_0006583,CUST_000452,TMDB_M_335984,3,2025-07-21
RAT_0006584,CUST_000452,TMDB_M_424,3,2025-05-07
RAT_0006585,CUST_000452,TMDB_M_467905,5,2026-04-05
RAT_0006586,CUST_000452,TMDB_T_15260,4,2026-01-18
RAT_0006587,CUST_000452,TMDB_T_220150,5,2025-01-13
RAT_0006588,CUST_000452,TMDB_T_4376,4,2025-06-28
RAT_0006589,CUST_000452,TMDB_T_456,3,2025-02-12
RAT_0006590,CUST_000452,TMDB_T_63770,2,2024-09-13
RAT_0006591,CUST_000452,TMDB_T_85077,4,2025-09-07
RAT_0006592,CUST_000453,TMDB_M_1019420,5,2024-09-07
RAT_0006593,CUST_000453,TMDB_M_1171145,2,2024-07-27
RAT_0006594,CUST_000453,TMDB_M_1193501,1,2024-09-13
RAT_0006595,CUST_000453,TMDB_M_1284460,1,2024-09-08
RAT_0006596,CUST_000453,TMDB_M_1317672,2,2024-08-31
RAT_0006597,CUST_000453,TMDB_T_62223,2,2024-07-26
RAT_0006598,CUST_000454,TMDB_M_1198994,4,2025-12-10
RAT_0006599,CUST_000454,TMDB_M_1422,4,2026-02-26
RAT_0006600,CUST_000454,TMDB_M_38,3,2026-02-15
RAT_0006601,CUST_000454,TMDB_M_701387,3,2026-03-10
RAT_0006602,CUST_000454,TMDB_M_967941,4,2026-03-14
RAT_0006603,CUST_000454,TMDB_T_1398,3,2026-03-12
RAT_0006604,CUST_000454,TMDB_T_1981,2,2026-04-05
RAT_0006605,CUST_000454,TMDB_T_2171,4,2026-01-15
RAT_0006606,CUST_000454,TMDB_T_3562,4,2026-04-05
RAT_0006607,CUST_000454,TMDB_T_60625,3,2026-03-15
RAT_0006608,CUST_000455,TMDB_M_1159831,2,2026-04-10
RAT_0006609,CUST_000455,TMDB_M_1327819,4,2026-02-23
RAT_0006610,CUST_000455,TMDB_M_177572,3,2026-02-03
RAT_0006611,CUST_000455,TMDB_M_246,3,2026-03-03
RAT_0006612,CUST_000455,TMDB_M_453395,2,2026-03-07
RAT_0006613,CUST_000455,TMDB_M_675,2,2025-12-26
RAT_0006614,CUST_000455,TMDB_M_762509,2,2025-12-14
RAT_0006615,CUST_000455,TMDB_M_803796,4,2026-03-24
RAT_0006616,CUST_000455,TMDB_T_127529,1,2026-01-20
RAT_0006617,CUST_000455,TMDB_T_32692,2,2025-12-06
RAT_0006618,CUST_000455,TMDB_T_45790,2,2026-02-06
RAT_0006619,CUST_000455,TMDB_T_502,3,2026-03-09
RAT_0006620,CUST_000455,TMDB_T_61818,3,2025-12-10
RAT_0006621,CUST_000455,TMDB_T_78191,2,2026-03-17
RAT_0006622,CUST_000456,TMDB_M_10191,3,2025-12-31
RAT_0006623,CUST_000456,TMDB_M_1290417,4,2025-06-20
RAT_0006624,CUST_000456,TMDB_M_1368166,1,2025-12-25
RAT_0006625,CUST_000456,TMDB_M_14161,2,2025-10-02
RAT_0006626,CUST_000456,TMDB_M_181812,1,2025-11-10
RAT_0006627,CUST_000456,TMDB_M_1865,3,2025-10-31
RAT_0006628,CUST_000456,TMDB_M_19404,3,2025-06-25
RAT_0006629,CUST_000456,TMDB_M_285,5,2025-07-28
RAT_0006630,CUST_000456,TMDB_M_502356,2,2025-11-18
RAT_0006631,CUST_000456,TMDB_M_671,2,2025-12-30
RAT_0006632,CUST_000456,TMDB_M_803796,3,2025-11-25
RAT_0006633,CUST_000456,TMDB_M_967941,4,2025-11-06
RAT_0006634,CUST_000456,TMDB_T_117465,1,2026-01-07
RAT_0006635,CUST_000456,TMDB_T_4087,3,2026-01-08
RAT_0006636,CUST_000456,TMDB_T_4177,4,2025-10-31
RAT_0006637,CUST_000456,TMDB_T_456,1,2025-12-14
RAT_0006638,CUST_000456,TMDB_T_764,3,2025-08-17
RAT_0006639,CUST_000457,TMDB_M_1266990,4,2025-06-16
RAT_0006640,CUST_000457,TMDB_M_1327819,2,2025-04-05
RAT_0006641,CUST_000457,TMDB_M_1412598,4,2025-10-22
RAT_0006642,CUST_000457,TMDB_M_28322,5,2026-04-04
RAT_0006643,CUST_000457,TMDB_M_680,2,2026-02-23
RAT_0006644,CUST_000457,TMDB_T_1398,3,2025-03-17
RAT_0006645,CUST_000457,TMDB_T_1416,3,2025-07-05
RAT_0006646,CUST_000457,TMDB_T_154770,5,2026-02-27
RAT_0006647,CUST_000457,TMDB_T_228091,4,2025-12-23
RAT_0006648,CUST_000457,TMDB_T_2316,3,2025-09-07
RAT_0006649,CUST_000457,TMDB_T_32798,3,2024-12-07
RAT_0006650,CUST_000457,TMDB_T_71494,5,2026-02-27
RAT_0006651,CUST_000457,TMDB_T_82873,4,2026-04-01
RAT_0006652,CUST_000458,TMDB_M_1003596,2,2026-03-27
RAT_0006653,CUST_000458,TMDB_M_1010581,4,2025-08-05
RAT_0006654,CUST_000458,TMDB_M_1242898,2,2025-12-28
RAT_0006655,CUST_000458,TMDB_M_1424965,4,2025-07-19
RAT_0006656,CUST_000458,TMDB_M_240,3,2025-08-07
RAT_0006657,CUST_000458,TMDB_M_244786,3,2025-11-02
RAT_0006658,CUST_000458,TMDB_M_293660,3,2026-01-26
RAT_0006659,CUST_000458,TMDB_M_350,2,2025-09-10
RAT_0006660,CUST_000458,TMDB_M_59,3,2025-08-13
RAT_0006661,CUST_000458,TMDB_M_755898,3,2025-12-14
RAT_0006662,CUST_000458,TMDB_T_279388,2,2025-10-16
RAT_0006663,CUST_000458,TMDB_T_498,2,2026-03-04
RAT_0006664,CUST_000458,TMDB_T_60572,3,2025-09-16
RAT_0006665,CUST_000458,TMDB_T_6836,1,2025-07-04
RAT_0006666,CUST_000458,TMDB_T_71712,3,2026-04-07
RAT_0006667,CUST_000458,TMDB_T_75219,3,2025-08-05
RAT_0006668,CUST_000459,TMDB_M_1022789,2,2025-11-30
RAT_0006669,CUST_000459,TMDB_M_1419406,1,2026-03-30
RAT_0006670,CUST_000459,TMDB_M_524047,4,2025-11-25
RAT_0006671,CUST_000459,TMDB_M_541671,4,2026-03-19
RAT_0006672,CUST_000459,TMDB_M_562,2,2026-03-11
RAT_0006673,CUST_000459,TMDB_M_646315,3,2025-10-29
RAT_0006674,CUST_000459,TMDB_M_86501,4,2026-03-21
RAT_0006675,CUST_000459,TMDB_T_110075,3,2026-02-23
RAT_0006676,CUST_000459,TMDB_T_1407,2,2026-03-31
RAT_0006677,CUST_000459,TMDB_T_1705,4,2025-12-19
RAT_0006678,CUST_000459,TMDB_T_220150,3,2026-02-03
RAT_0006679,CUST_000459,TMDB_T_283123,2,2026-01-22
RAT_0006680,CUST_000459,TMDB_T_33238,3,2026-03-03
RAT_0006681,CUST_000459,TMDB_T_4604,3,2026-03-05
RAT_0006682,CUST_000459,TMDB_T_48866,5,2026-03-05
RAT_0006683,CUST_000459,TMDB_T_66732,5,2026-03-24
RAT_0006684,CUST_000459,TMDB_T_95479,2,2026-02-04
RAT_0006685,CUST_000460,TMDB_M_1084242,2,2025-03-19
RAT_0006686,CUST_000460,TMDB_M_1088434,2,2026-03-14
RAT_0006687,CUST_000460,TMDB_M_1110034,4,2025-08-08
RAT_0006688,CUST_000460,TMDB_M_1241470,3,2024-12-10
RAT_0006689,CUST_000460,TMDB_M_12445,4,2025-12-06
RAT_0006690,CUST_000460,TMDB_M_1297454,3,2025-08-21
RAT_0006691,CUST_000460,TMDB_M_1426297,4,2025-05-08
RAT_0006692,CUST_000460,TMDB_M_259694,3,2025-02-11
RAT_0006693,CUST_000460,TMDB_M_348,4,2025-06-11
RAT_0006694,CUST_000460,TMDB_M_539,1,2025-04-30
RAT_0006695,CUST_000460,TMDB_T_1421,2,2024-12-13
RAT_0006696,CUST_000460,TMDB_T_220150,3,2026-01-05
RAT_0006697,CUST_000460,TMDB_T_4177,3,2025-07-26
RAT_0006698,CUST_000460,TMDB_T_65503,3,2025-03-21
RAT_0006699,CUST_000460,TMDB_T_66732,4,2026-02-26
RAT_0006700,CUST_000460,TMDB_T_71494,1,2026-03-26
RAT_0006701,CUST_000460,TMDB_T_76572,5,2025-08-18
RAT_0006702,CUST_000461,TMDB_M_121,2,2026-03-01
RAT_0006703,CUST_000461,TMDB_M_177572,1,2026-03-06
RAT_0006704,CUST_000461,TMDB_M_181808,2,2026-03-05
RAT_0006705,CUST_000461,TMDB_M_246,2,2026-02-06
RAT_0006706,CUST_000461,TMDB_M_453395,3,2026-02-15
RAT_0006707,CUST_000461,TMDB_M_672,1,2026-01-23
RAT_0006708,CUST_000461,TMDB_M_798645,1,2026-02-24
RAT_0006709,CUST_000461,TMDB_T_1405,2,2026-03-08
RAT_0006710,CUST_000461,TMDB_T_1416,1,2026-01-06
RAT_0006711,CUST_000461,TMDB_T_1911,1,2026-02-22
RAT_0006712,CUST_000461,TMDB_T_764,2,2026-02-19
RAT_0006713,CUST_000461,TMDB_T_76572,3,2026-03-06
RAT_0006714,CUST_000461,TMDB_T_94722,3,2026-02-20
RAT_0006715,CUST_000462,TMDB_M_1007734,4,2026-04-09
RAT_0006716,CUST_000462,TMDB_M_11036,2,2025-07-24
RAT_0006717,CUST_000462,TMDB_M_1192548,5,2025-11-17
RAT_0006718,CUST_000462,TMDB_M_1317672,4,2026-01-29
RAT_0006719,CUST_000462,TMDB_M_1327862,2,2026-01-13
RAT_0006720,CUST_000462,TMDB_M_1367642,3,2026-01-02
RAT_0006721,CUST_000462,TMDB_M_1387382,4,2026-03-20
RAT_0006722,CUST_000462,TMDB_M_1584215,2,2026-04-05
RAT_0006723,CUST_000462,TMDB_M_22,3,2026-04-11
RAT_0006724,CUST_000462,TMDB_M_402431,4,2025-04-21
RAT_0006725,CUST_000462,TMDB_M_479197,4,2026-04-08
RAT_0006726,CUST_000462,TMDB_M_58,4,2025-12-17
RAT_0006727,CUST_000462,TMDB_M_86501,5,2025-03-02
RAT_0006728,CUST_000462,TMDB_T_1407,3,2025-03-07
RAT_0006729,CUST_000462,TMDB_T_1416,4,2025-04-09
RAT_0006730,CUST_000462,TMDB_T_3562,5,2026-03-01
RAT_0006731,CUST_000462,TMDB_T_4057,5,2025-11-27
RAT_0006732,CUST_000462,TMDB_T_76479,3,2025-05-27
RAT_0006733,CUST_000463,TMDB_M_1159831,1,2025-09-24
RAT_0006734,CUST_000463,TMDB_M_1167307,2,2026-03-17
RAT_0006735,CUST_000463,TMDB_M_120,3,2025-04-06
RAT_0006736,CUST_000463,TMDB_M_122,4,2026-04-06
RAT_0006737,CUST_000463,TMDB_M_177572,4,2025-07-16
RAT_0006738,CUST_000463,TMDB_M_205596,5,2025-09-14
RAT_0006739,CUST_000463,TMDB_M_246,3,2026-03-14
RAT_0006740,CUST_000463,TMDB_M_337404,2,2026-03-06
RAT_0006741,CUST_000463,TMDB_M_533533,3,2026-01-27
RAT_0006742,CUST_000463,TMDB_M_603,3,2024-12-06
RAT_0006743,CUST_000463,TMDB_T_124364,3,2025-06-25
RAT_0006744,CUST_000463,TMDB_T_1399,5,2025-12-10
RAT_0006745,CUST_000463,TMDB_T_1416,3,2025-09-18
RAT_0006746,CUST_000463,TMDB_T_1668,4,2025-08-18
RAT_0006747,CUST_000463,TMDB_T_4588,2,2025-05-11
RAT_0006748,CUST_000463,TMDB_T_4607,5,2025-12-21
RAT_0006749,CUST_000463,TMDB_T_48866,1,2025-04-25
RAT_0006750,CUST_000463,TMDB_T_78191,2,2026-01-19
RAT_0006751,CUST_000464,TMDB_M_1007734,4,2026-03-13
RAT_0006752,CUST_000464,TMDB_M_1049471,2,2025-07-14
RAT_0006753,CUST_000464,TMDB_M_1084187,4,2025-12-02
RAT_0006754,CUST_000464,TMDB_M_1192548,1,2025-12-31
RAT_0006755,CUST_000464,TMDB_M_1325734,2,2025-05-15
RAT_0006756,CUST_000464,TMDB_M_1403327,3,2025-07-30
RAT_0006757,CUST_000464,TMDB_M_1523145,2,2025-07-03
RAT_0006758,CUST_000464,TMDB_M_1620551,2,2026-03-20
RAT_0006759,CUST_000464,TMDB_M_259694,3,2025-09-29
RAT_0006760,CUST_000464,TMDB_M_284054,3,2025-05-22
RAT_0006761,CUST_000464,TMDB_M_337339,4,2025-09-16
RAT_0006762,CUST_000464,TMDB_M_62201,5,2025-11-01
RAT_0006763,CUST_000464,TMDB_M_665,1,2025-07-27
RAT_0006764,CUST_000464,TMDB_M_936075,3,2026-01-26
RAT_0006765,CUST_000464,TMDB_T_1100,3,2025-05-20
RAT_0006766,CUST_000464,TMDB_T_1416,4,2025-11-28
RAT_0006767,CUST_000464,TMDB_T_2661,2,2026-03-27
RAT_0006768,CUST_000464,TMDB_T_70672,2,2025-12-06
RAT_0006769,CUST_000464,TMDB_T_71728,1,2026-01-24
RAT_0006770,CUST_000464,TMDB_T_95479,4,2025-07-16
RAT_0006771,CUST_000465,TMDB_M_1159559,3,2024-11-10
RAT_0006772,CUST_000465,TMDB_M_1175942,1,2024-09-30
RAT_0006773,CUST_000465,TMDB_M_1197306,1,2025-04-22
RAT_0006774,CUST_000465,TMDB_M_1290821,1,2025-03-31
RAT_0006775,CUST_000465,TMDB_M_1292695,1,2024-10-06
RAT_0006776,CUST_000465,TMDB_M_1367642,1,2025-05-16
RAT_0006777,CUST_000465,TMDB_M_337404,2,2025-03-12
RAT_0006778,CUST_000465,TMDB_M_466272,1,2025-07-02
RAT_0006779,CUST_000465,TMDB_M_615,2,2025-04-28
RAT_0006780,CUST_000465,TMDB_M_82690,4,2025-03-24
RAT_0006781,CUST_000465,TMDB_M_875828,5,2025-04-02
RAT_0006782,CUST_000465,TMDB_T_1399,3,2025-03-19
RAT_0006783,CUST_000465,TMDB_T_4556,2,2025-06-12
RAT_0006784,CUST_000465,TMDB_T_4604,2,2025-05-23
RAT_0006785,CUST_000465,TMDB_T_4656,1,2025-04-07
RAT_0006786,CUST_000465,TMDB_T_8962,4,2025-01-22
RAT_0006787,CUST_000466,TMDB_M_1061474,4,2026-01-27
RAT_0006788,CUST_000466,TMDB_M_1066313,2,2026-02-05
RAT_0006789,CUST_000466,TMDB_M_107257,4,2026-02-20
RAT_0006790,CUST_000466,TMDB_M_1119449,3,2025-10-30
RAT_0006791,CUST_000466,TMDB_M_120,5,2026-03-18
RAT_0006792,CUST_000466,TMDB_M_1234731,3,2025-12-19
RAT_0006793,CUST_000466,TMDB_M_12444,4,2025-12-06
RAT_0006794,CUST_000466,TMDB_M_1290417,4,2025-11-11
RAT_0006795,CUST_000466,TMDB_M_1339876,2,2026-02-21
RAT_0006796,CUST_000466,TMDB_M_1493859,3,2026-03-23
RAT_0006797,CUST_000466,TMDB_M_157336,1,2025-12-31
RAT_0006798,CUST_000466,TMDB_M_1865,2,2026-03-19
RAT_0006799,CUST_000466,TMDB_M_4247,4,2026-03-31
RAT_0006800,CUST_000466,TMDB_M_533533,3,2026-01-27
RAT_0006801,CUST_000466,TMDB_M_840464,1,2026-02-15
RAT_0006802,CUST_000466,TMDB_M_911430,3,2026-01-27
RAT_0006803,CUST_000466,TMDB_T_117465,2,2026-01-26
RAT_0006804,CUST_000466,TMDB_T_250307,5,2026-04-04
RAT_0006805,CUST_000466,TMDB_T_2661,3,2026-01-06
RAT_0006806,CUST_000466,TMDB_T_60735,1,2025-10-23
RAT_0006807,CUST_000466,TMDB_T_75219,4,2025-12-16
RAT_0006808,CUST_000467,TMDB_M_876566,3,2026-02-05
RAT_0006809,CUST_000467,TMDB_T_154770,5,2026-02-10
RAT_0006810,CUST_000467,TMDB_T_5092,3,2026-03-19
RAT_0006811,CUST_000468,TMDB_M_10191,1,2025-11-19
RAT_0006812,CUST_000468,TMDB_M_1199193,3,2024-11-06
RAT_0006813,CUST_000468,TMDB_M_1500099,4,2026-01-25
RAT_0006814,CUST_000468,TMDB_M_177572,4,2025-08-05
RAT_0006815,CUST_000468,TMDB_M_285,4,2025-11-12
RAT_0006816,CUST_000468,TMDB_M_7451,1,2025-12-10
RAT_0006817,CUST_000468,TMDB_M_840464,4,2025-09-06
RAT_0006818,CUST_000468,TMDB_M_848116,2,2025-08-22
RAT_0006819,CUST_000468,TMDB_T_124364,4,2025-07-29
RAT_0006820,CUST_000468,TMDB_T_1408,2,2025-05-17
RAT_0006821,CUST_000468,TMDB_T_1435,3,2025-07-16
RAT_0006822,CUST_000468,TMDB_T_18165,4,2025-08-12
RAT_0006823,CUST_000468,TMDB_T_1973,2,2025-10-04
RAT_0006824,CUST_000468,TMDB_T_22980,3,2025-12-27
RAT_0006825,CUST_000468,TMDB_T_290856,2,2025-02-24
RAT_0006826,CUST_000468,TMDB_T_34524,2,2025-09-17
RAT_0006827,CUST_000468,TMDB_T_37854,4,2025-11-03
RAT_0006828,CUST_000468,TMDB_T_40663,1,2025-05-24
RAT_0006829,CUST_000468,TMDB_T_4604,3,2025-07-03
RAT_0006830,CUST_000468,TMDB_T_62223,4,2026-03-06
RAT_0006831,CUST_000468,TMDB_T_66732,3,2026-02-07
RAT_0006832,CUST_000468,TMDB_T_76479,5,2026-04-07
RAT_0006833,CUST_000469,TMDB_M_967,3,2026-04-17
RAT_0006834,CUST_000469,TMDB_T_13945,1,2026-03-31
RAT_0006835,CUST_000469,TMDB_T_1396,1,2025-10-14
RAT_0006836,CUST_000469,TMDB_T_154770,3,2026-03-01
RAT_0006837,CUST_000469,TMDB_T_19530,3,2026-03-21
RAT_0006838,CUST_000469,TMDB_T_94722,2,2025-12-13
RAT_0006839,CUST_000470,TMDB_M_1266127,2,2026-01-09
RAT_0006840,CUST_000470,TMDB_M_1272837,4,2025-05-30
RAT_0006841,CUST_000470,TMDB_M_1284120,5,2025-05-08
RAT_0006842,CUST_000470,TMDB_M_1315303,4,2025-07-28
RAT_0006843,CUST_000470,TMDB_M_1630433,1,2026-04-06
RAT_0006844,CUST_000470,TMDB_M_517302,1,2025-06-05
RAT_0006845,CUST_000470,TMDB_M_539,1,2025-12-08
RAT_0006846,CUST_000470,TMDB_M_635302,2,2025-03-23
RAT_0006847,CUST_000470,TMDB_M_672,2,2025-09-29
RAT_0006848,CUST_000470,TMDB_M_876566,4,2026-03-26
RAT_0006849,CUST_000470,TMDB_M_976573,2,2025-04-23
RAT_0006850,CUST_000470,TMDB_T_1415,2,2025-09-03
RAT_0006851,CUST_000470,TMDB_T_220150,4,2025-08-02
RAT_0006852,CUST_000470,TMDB_T_34524,3,2026-02-20
RAT_0006853,CUST_000470,TMDB_T_4604,1,2025-07-25
RAT_0006854,CUST_000470,TMDB_T_4614,5,2026-03-24
RAT_0006855,CUST_000470,TMDB_T_76479,3,2026-02-05
RAT_0006856,CUST_000471,TMDB_M_1325734,5,2025-12-04
RAT_0006857,CUST_000471,TMDB_M_1630433,5,2026-03-25
RAT_0006858,CUST_000471,TMDB_M_840464,2,2025-10-04
RAT_0006859,CUST_000471,TMDB_M_875828,5,2026-01-03
RAT_0006860,CUST_000471,TMDB_M_934433,4,2025-09-08
RAT_0006861,CUST_000471,TMDB_M_991494,2,2025-10-03
RAT_0006862,CUST_000471,TMDB_T_1402,3,2025-11-08
RAT_0006863,CUST_000471,TMDB_T_1695,3,2026-01-17
RAT_0006864,CUST_000471,TMDB_T_241609,5,2026-01-18
RAT_0006865,CUST_000471,TMDB_T_33238,4,2025-11-14
RAT_0006866,CUST_000471,TMDB_T_3562,5,2025-12-11
RAT_0006867,CUST_000471,TMDB_T_4057,3,2026-01-25
RAT_0006868,CUST_000471,TMDB_T_60574,3,2025-10-04
RAT_0006869,CUST_000471,TMDB_T_63174,5,2026-03-24
RAT_0006870,CUST_000471,TMDB_T_68350,2,2025-11-20
RAT_0006871,CUST_000471,TMDB_T_95479,3,2025-10-31
RAT_0006872,CUST_000472,TMDB_M_1192548,5,2026-03-24
RAT_0006873,CUST_000472,TMDB_M_1368166,4,2025-04-20
RAT_0006874,CUST_000472,TMDB_M_1462146,4,2026-03-08
RAT_0006875,CUST_000472,TMDB_M_1620551,3,2025-10-27
RAT_0006876,CUST_000472,TMDB_M_479197,2,2026-03-27
RAT_0006877,CUST_000472,TMDB_M_68718,3,2025-02-28
RAT_0006878,CUST_000472,TMDB_T_35007,4,2026-03-12
RAT_0006879,CUST_000473,TMDB_M_1242501,1,2026-01-07
RAT_0006880,CUST_000473,TMDB_M_1368166,4,2026-02-10
RAT_0006881,CUST_000473,TMDB_M_285,1,2026-02-20
RAT_0006882,CUST_000473,TMDB_M_52741,4,2026-01-05
RAT_0006883,CUST_000473,TMDB_M_687163,2,2026-01-07
RAT_0006884,CUST_000473,TMDB_M_98477,3,2026-03-11
RAT_0006885,CUST_000473,TMDB_T_10534,2,2026-02-04
RAT_0006886,CUST_000473,TMDB_T_124364,4,2026-04-05
RAT_0006887,CUST_000473,TMDB_T_1408,4,2026-04-01
RAT_0006888,CUST_000473,TMDB_T_1855,4,2026-04-10
RAT_0006889,CUST_000473,TMDB_T_1981,1,2026-02-02
RAT_0006890,CUST_000473,TMDB_T_34524,2,2026-04-07
RAT_0006891,CUST_000473,TMDB_T_4604,2,2026-03-05
RAT_0006892,CUST_000473,TMDB_T_59941,2,2026-02-22
RAT_0006893,CUST_000473,TMDB_T_62650,3,2026-03-08
RAT_0006894,CUST_000473,TMDB_T_66732,3,2026-03-04
RAT_0006895,CUST_000473,TMDB_T_693,5,2026-03-08
RAT_0006896,CUST_000473,TMDB_T_71728,5,2026-02-10
RAT_0006897,CUST_000474,TMDB_M_1523145,3,2025-08-01
RAT_0006898,CUST_000474,TMDB_M_330457,4,2026-01-12
RAT_0006899,CUST_000474,TMDB_M_38,4,2025-06-10
RAT_0006900,CUST_000474,TMDB_M_429,5,2026-02-21
RAT_0006901,CUST_000474,TMDB_M_502356,4,2026-03-23
RAT_0006902,CUST_000474,TMDB_M_607,2,2025-11-18
RAT_0006903,CUST_000474,TMDB_M_950387,4,2025-09-26
RAT_0006904,CUST_000474,TMDB_T_1402,4,2024-11-18
RAT_0006905,CUST_000474,TMDB_T_15260,4,2025-07-16
RAT_0006906,CUST_000474,TMDB_T_19530,3,2025-06-04
RAT_0006907,CUST_000474,TMDB_T_2221,3,2026-02-08
RAT_0006908,CUST_000474,TMDB_T_237020,3,2025-10-28
RAT_0006909,CUST_000474,TMDB_T_290856,4,2025-04-18
RAT_0006910,CUST_000474,TMDB_T_4604,3,2025-12-05
RAT_0006911,CUST_000474,TMDB_T_61818,4,2025-12-20
RAT_0006912,CUST_000474,TMDB_T_62223,2,2026-02-14
RAT_0006913,CUST_000474,TMDB_T_6836,4,2026-02-25
RAT_0006914,CUST_000475,TMDB_M_1168190,2,2026-03-31
RAT_0006915,CUST_000475,TMDB_M_49051,3,2026-01-27
RAT_0006916,CUST_000475,TMDB_M_497,1,2025-08-11
RAT_0006917,CUST_000475,TMDB_M_58,5,2025-08-27
RAT_0006918,CUST_000475,TMDB_M_607,1,2025-07-13
RAT_0006919,CUST_000475,TMDB_M_662707,4,2026-02-27
RAT_0006920,CUST_000475,TMDB_M_840464,4,2025-12-31
RAT_0006921,CUST_000475,TMDB_M_986056,3,2025-11-12
RAT_0006922,CUST_000475,TMDB_T_127529,3,2025-12-13
RAT_0006923,CUST_000475,TMDB_T_1416,4,2026-01-26
RAT_0006924,CUST_000475,TMDB_T_195670,1,2026-03-10
RAT_0006925,CUST_000475,TMDB_T_44217,3,2026-01-18
RAT_0006926,CUST_000475,TMDB_T_4556,2,2025-09-19
RAT_0006927,CUST_000475,TMDB_T_764,2,2025-09-06
RAT_0006928,CUST_000475,TMDB_T_79744,2,2026-01-22
RAT_0006929,CUST_000475,TMDB_T_82873,1,2026-02-14
RAT_0006930,CUST_000475,TMDB_T_94722,3,2026-03-30
RAT_0006931,CUST_000476,TMDB_M_1327819,3,2026-02-15
RAT_0006932,CUST_000476,TMDB_M_238,3,2025-10-25
RAT_0006933,CUST_000476,TMDB_M_466272,3,2026-02-13
RAT_0006934,CUST_000476,TMDB_T_1403,3,2025-11-22
RAT_0006935,CUST_000476,TMDB_T_62650,3,2026-03-10
RAT_0006936,CUST_000476,TMDB_T_63174,1,2026-02-15
RAT_0006937,CUST_000477,TMDB_M_1020969,3,2025-08-17
RAT_0006938,CUST_000477,TMDB_M_111,4,2025-04-18
RAT_0006939,CUST_000477,TMDB_M_1267319,3,2025-10-20
RAT_0006940,CUST_000477,TMDB_M_1305781,2,2025-09-01
RAT_0006941,CUST_000477,TMDB_M_1325734,2,2025-11-28
RAT_0006942,CUST_000477,TMDB_M_1363123,5,2025-08-16
RAT_0006943,CUST_000477,TMDB_M_1367642,3,2026-02-22
RAT_0006944,CUST_000477,TMDB_M_27205,4,2025-12-08
RAT_0006945,CUST_000477,TMDB_M_361743,3,2025-05-13
RAT_0006946,CUST_000477,TMDB_M_603,2,2025-03-06
RAT_0006947,CUST_000477,TMDB_M_615,3,2025-10-13
RAT_0006948,CUST_000477,TMDB_M_646315,2,2026-03-31
RAT_0006949,CUST_000477,TMDB_M_646380,4,2025-12-08
RAT_0006950,CUST_000477,TMDB_M_679,4,2025-09-28
RAT_0006951,CUST_000477,TMDB_M_83533,2,2026-01-25
RAT_0006952,CUST_000477,TMDB_M_86501,5,2025-09-21
RAT_0006953,CUST_000477,TMDB_T_1409,4,2025-10-09
RAT_0006954,CUST_000477,TMDB_T_2261,3,2025-09-28
RAT_0006955,CUST_000477,TMDB_T_32415,3,2026-02-07
RAT_0006956,CUST_000477,TMDB_T_35007,5,2026-02-01
RAT_0006957,CUST_000477,TMDB_T_4614,4,2026-02-18
RAT_0006958,CUST_000477,TMDB_T_502,4,2026-03-05
RAT_0006959,CUST_000477,TMDB_T_70672,3,2025-04-25
RAT_0006960,CUST_000477,TMDB_T_790,3,2026-04-01
RAT_0006961,CUST_000478,TMDB_M_10138,3,2025-10-31
RAT_0006962,CUST_000478,TMDB_M_10193,2,2024-12-26
RAT_0006963,CUST_000478,TMDB_M_1022787,3,2025-07-24
RAT_0006964,CUST_000478,TMDB_M_106,3,2025-06-09
RAT_0006965,CUST_000478,TMDB_M_1087192,5,2025-12-22
RAT_0006966,CUST_000478,TMDB_M_12,1,2026-04-05
RAT_0006967,CUST_000478,TMDB_M_1218925,3,2025-08-27
RAT_0006968,CUST_000478,TMDB_M_1234731,2,2025-05-27
RAT_0006969,CUST_000478,TMDB_M_12444,4,2025-11-18
RAT_0006970,CUST_000478,TMDB_M_1268127,1,2024-12-19
RAT_0006971,CUST_000478,TMDB_M_1284120,4,2025-04-07
RAT_0006972,CUST_000478,TMDB_M_1539104,4,2025-06-14
RAT_0006973,CUST_000478,TMDB_M_333339,4,2026-01-21
RAT_0006974,CUST_000478,TMDB_M_4935,2,2025-10-31
RAT_0006975,CUST_000478,TMDB_M_628847,2,2025-11-28
RAT_0006976,CUST_000478,TMDB_M_675,3,2026-02-22
RAT_0006977,CUST_000478,TMDB_M_677638,3,2025-01-25
RAT_0006978,CUST_000478,TMDB_M_8966,2,2026-04-02
RAT_0006979,CUST_000478,TMDB_T_119051,4,2025-12-04
RAT_0006980,CUST_000478,TMDB_T_1407,3,2025-11-21
RAT_0006981,CUST_000478,TMDB_T_2004,3,2026-01-31
RAT_0006982,CUST_000478,TMDB_T_278275,2,2025-04-03
RAT_0006983,CUST_000478,TMDB_T_279388,3,2025-05-05
RAT_0006984,CUST_000478,TMDB_T_32415,4,2025-08-19
RAT_0006985,CUST_000478,TMDB_T_35007,3,2025-04-09
RAT_0006986,CUST_000478,TMDB_T_37680,5,2024-12-15
RAT_0006987,CUST_000478,TMDB_T_4057,2,2025-12-20
RAT_0006988,CUST_000478,TMDB_T_693,5,2024-12-31
RAT_0006989,CUST_000479,TMDB_M_1054867,3,2026-02-21
RAT_0006990,CUST_000479,TMDB_M_1587035,2,2025-05-24
RAT_0006991,CUST_000479,TMDB_M_1658216,3,2025-07-17
RAT_0006992,CUST_000479,TMDB_M_177572,1,2026-01-27
RAT_0006993,CUST_000479,TMDB_M_28322,4,2026-03-12
RAT_0006994,CUST_000479,TMDB_M_62201,2,2026-03-12
RAT_0006995,CUST_000479,TMDB_M_840464,3,2025-09-17
RAT_0006996,CUST_000479,TMDB_T_2221,3,2026-01-24
RAT_0006997,CUST_000479,TMDB_T_2261,3,2026-03-17
RAT_0006998,CUST_000479,TMDB_T_237020,4,2026-02-14
RAT_0006999,CUST_000479,TMDB_T_279388,3,2025-10-02
RAT_0007000,CUST_000479,TMDB_T_5092,4,2026-03-06
RAT_0007001,CUST_000479,TMDB_T_59941,4,2026-04-09
RAT_0007002,CUST_000479,TMDB_T_61818,4,2025-12-31
RAT_0007003,CUST_000480,TMDB_M_1159559,2,2025-04-02
RAT_0007004,CUST_000480,TMDB_M_1226863,2,2026-02-15
RAT_0007005,CUST_000480,TMDB_M_259694,5,2025-03-08
RAT_0007006,CUST_000480,TMDB_M_374720,3,2026-02-24
RAT_0007007,CUST_000480,TMDB_M_479197,2,2026-03-18
RAT_0007008,CUST_000480,TMDB_M_662707,1,2025-05-17
RAT_0007009,CUST_000480,TMDB_M_77338,3,2025-09-26
RAT_0007010,CUST_000480,TMDB_M_848116,3,2025-07-04
RAT_0007011,CUST_000480,TMDB_M_969681,4,2025-08-31
RAT_0007012,CUST_000480,TMDB_T_19530,2,2025-09-29
RAT_0007013,CUST_000480,TMDB_T_250307,3,2025-01-04
RAT_0007014,CUST_000480,TMDB_T_4087,2,2025-01-10
RAT_0007015,CUST_000480,TMDB_T_65733,1,2025-03-28
RAT_0007016,CUST_000481,TMDB_M_1066313,3,2024-12-19
RAT_0007017,CUST_000481,TMDB_M_1078605,2,2026-01-06
RAT_0007018,CUST_000481,TMDB_M_1228246,4,2026-01-04
RAT_0007019,CUST_000481,TMDB_M_1234731,1,2025-12-13
RAT_0007020,CUST_000481,TMDB_M_1493859,3,2025-01-26
RAT_0007021,CUST_000481,TMDB_M_1610418,2,2024-07-16
RAT_0007022,CUST_000481,TMDB_M_177572,5,2024-09-03
RAT_0007023,CUST_000481,TMDB_M_181812,4,2025-08-10
RAT_0007024,CUST_000481,TMDB_M_299536,1,2026-04-05
RAT_0007025,CUST_000481,TMDB_M_346364,5,2025-08-22
RAT_0007026,CUST_000481,TMDB_M_396535,3,2025-01-13
RAT_0007027,CUST_000481,TMDB_M_502356,1,2026-02-04
RAT_0007028,CUST_000481,TMDB_M_672,2,2025-12-19
RAT_0007029,CUST_000481,TMDB_M_675,2,2024-09-10
RAT_0007030,CUST_000481,TMDB_M_694,4,2024-10-16
RAT_0007031,CUST_000481,TMDB_M_862739,2,2024-07-26
RAT_0007032,CUST_000481,TMDB_T_119051,3,2025-07-22
RAT_0007033,CUST_000481,TMDB_T_1433,2,2025-01-08
RAT_0007034,CUST_000481,TMDB_T_1973,2,2025-11-25
RAT_0007035,CUST_000481,TMDB_T_20111,1,2024-10-18
RAT_0007036,CUST_000481,TMDB_T_4601,2,2025-07-20
RAT_0007037,CUST_000481,TMDB_T_57243,3,2024-12-22
RAT_0007038,CUST_000481,TMDB_T_693,1,2024-12-02
RAT_0007039,CUST_000482,TMDB_M_1084187,4,2026-02-11
RAT_0007040,CUST_000482,TMDB_M_1087192,4,2025-10-26
RAT_0007041,CUST_000482,TMDB_M_1171145,2,2025-10-16
RAT_0007042,CUST_000482,TMDB_M_1192548,4,2026-04-01
RAT_0007043,CUST_000482,TMDB_M_479197,5,2026-03-28
RAT_0007044,CUST_000482,TMDB_M_83533,3,2025-07-17
RAT_0007045,CUST_000482,TMDB_T_127529,4,2025-12-28
RAT_0007046,CUST_000482,TMDB_T_4604,4,2025-10-07
RAT_0007047,CUST_000482,TMDB_T_63770,4,2026-03-03
RAT_0007048,CUST_000483,TMDB_M_1015606,3,2026-03-08
RAT_0007049,CUST_000483,TMDB_M_1290417,5,2026-02-08
RAT_0007050,CUST_000483,TMDB_M_157336,2,2026-03-21
RAT_0007051,CUST_000483,TMDB_M_1610418,3,2026-03-05
RAT_0007052,CUST_000483,TMDB_M_1630433,4,2026-04-04
RAT_0007053,CUST_000483,TMDB_M_28322,5,2026-03-31
RAT_0007054,CUST_000483,TMDB_M_680,5,2026-03-01
RAT_0007055,CUST_000483,TMDB_M_744275,5,2026-04-11
RAT_0007056,CUST_000483,TMDB_T_2734,4,2026-02-18
RAT_0007057,CUST_000483,TMDB_T_34524,4,2026-03-20
RAT_0007058,CUST_000483,TMDB_T_76479,4,2026-01-06
RAT_0007059,CUST_000483,TMDB_T_79744,5,2026-03-27
RAT_0007060,CUST_000484,TMDB_M_1191876,2,2025-07-02
RAT_0007061,CUST_000484,TMDB_M_1327819,4,2025-03-24
RAT_0007062,CUST_000484,TMDB_M_24428,1,2025-09-23
RAT_0007063,CUST_000484,TMDB_M_244786,4,2025-06-17
RAT_0007064,CUST_000484,TMDB_M_269955,4,2025-06-06
RAT_0007065,CUST_000484,TMDB_M_568,4,2026-04-05
RAT_0007066,CUST_000484,TMDB_M_615,2,2025-09-12
RAT_0007067,CUST_000484,TMDB_M_671,3,2026-03-30
RAT_0007068,CUST_000484,TMDB_M_82690,5,2025-10-24
RAT_0007069,CUST_000484,TMDB_T_2224,5,2026-03-01
RAT_0007070,CUST_000484,TMDB_T_30981,1,2026-02-25
RAT_0007071,CUST_000484,TMDB_T_59941,3,2026-01-13
RAT_0007072,CUST_000485,TMDB_M_138843,4,2026-04-07
RAT_0007073,CUST_000485,TMDB_M_1426297,2,2025-12-09
RAT_0007074,CUST_000485,TMDB_M_269149,1,2025-08-20
RAT_0007075,CUST_000485,TMDB_M_396535,4,2026-02-08
RAT_0007076,CUST_000485,TMDB_M_502356,1,2025-07-16
RAT_0007077,CUST_000485,TMDB_M_517302,4,2025-07-20
RAT_0007078,CUST_000485,TMDB_M_567609,3,2025-10-31
RAT_0007079,CUST_000485,TMDB_M_848116,1,2025-12-04
RAT_0007080,CUST_000485,TMDB_M_945961,3,2026-02-09
RAT_0007081,CUST_000485,TMDB_T_108978,1,2025-09-23
RAT_0007082,CUST_000485,TMDB_T_119051,3,2026-03-09
RAT_0007083,CUST_000485,TMDB_T_1695,4,2025-12-09
RAT_0007084,CUST_000485,TMDB_T_32692,1,2025-10-16
RAT_0007085,CUST_000485,TMDB_T_4588,4,2026-01-04
RAT_0007086,CUST_000485,TMDB_T_4656,5,2025-08-25
RAT_0007087,CUST_000485,TMDB_T_60059,2,2025-08-20
RAT_0007088,CUST_000485,TMDB_T_693,3,2025-09-16
RAT_0007089,CUST_000485,TMDB_T_70672,3,2026-03-28
RAT_0007090,CUST_000485,TMDB_T_94722,5,2026-04-06
RAT_0007091,CUST_000486,TMDB_M_1084242,1,2025-04-03
RAT_0007092,CUST_000486,TMDB_M_1192548,3,2025-04-02
RAT_0007093,CUST_000486,TMDB_M_1620551,2,2025-03-21
RAT_0007094,CUST_000486,TMDB_M_936075,1,2025-04-16
RAT_0007095,CUST_000486,TMDB_T_220150,3,2025-02-22
RAT_0007096,CUST_000486,TMDB_T_57243,1,2025-03-18
RAT_0007097,CUST_000486,TMDB_T_60735,4,2025-03-01
RAT_0007098,CUST_000486,TMDB_T_65334,4,2024-11-13
RAT_0007099,CUST_000486,TMDB_T_65733,4,2025-03-21
RAT_0007100,CUST_000486,TMDB_T_67460,1,2025-04-06
RAT_0007101,CUST_000487,TMDB_M_1117857,2,2025-12-11
RAT_0007102,CUST_000487,TMDB_M_1198994,2,2025-10-28
RAT_0007103,CUST_000487,TMDB_M_1418657,4,2025-03-02
RAT_0007104,CUST_000487,TMDB_M_1419406,4,2025-01-26
RAT_0007105,CUST_000487,TMDB_M_1470130,3,2026-01-14
RAT_0007106,CUST_000487,TMDB_M_1523145,3,2025-08-11
RAT_0007107,CUST_000487,TMDB_M_1572073,1,2025-07-10
RAT_0007108,CUST_000487,TMDB_M_539,2,2025-07-12
RAT_0007109,CUST_000487,TMDB_M_680,2,2025-02-25
RAT_0007110,CUST_000487,TMDB_M_862739,1,2025-01-25
RAT_0007111,CUST_000487,TMDB_M_933260,3,2025-05-11
RAT_0007112,CUST_000487,TMDB_T_1489,3,2026-02-05
RAT_0007113,CUST_000487,TMDB_T_1667,2,2025-03-18
RAT_0007114,CUST_000487,TMDB_T_1855,4,2026-04-04
RAT_0007115,CUST_000487,TMDB_T_19530,3,2026-04-11
RAT_0007116,CUST_000487,TMDB_T_220150,5,2025-11-17
RAT_0007117,CUST_000487,TMDB_T_2224,5,2025-12-20
RAT_0007118,CUST_000487,TMDB_T_22980,2,2026-01-31
RAT_0007119,CUST_000487,TMDB_T_45790,4,2025-05-10
RAT_0007120,CUST_000487,TMDB_T_4604,5,2025-10-28
RAT_0007121,CUST_000487,TMDB_T_4656,1,2025-07-11
RAT_0007122,CUST_000487,TMDB_T_48866,4,2026-02-22
RAT_0007123,CUST_000487,TMDB_T_5920,3,2025-02-24
RAT_0007124,CUST_000487,TMDB_T_72517,3,2025-10-09
RAT_0007125,CUST_000487,TMDB_T_82873,3,2025-06-17
RAT_0007126,CUST_000488,TMDB_M_106,3,2026-04-07
RAT_0007127,CUST_000488,TMDB_M_1066313,5,2026-01-29
RAT_0007128,CUST_000488,TMDB_M_1234821,5,2025-11-17
RAT_0007129,CUST_000488,TMDB_M_1236153,4,2026-04-10
RAT_0007130,CUST_000488,TMDB_M_1381027,3,2025-11-06
RAT_0007131,CUST_000488,TMDB_M_156022,5,2026-02-22
RAT_0007132,CUST_000488,TMDB_M_335984,3,2026-03-12
RAT_0007133,CUST_000488,TMDB_M_38,5,2026-01-26
RAT_0007134,CUST_000488,TMDB_M_533533,3,2025-07-29
RAT_0007135,CUST_000488,TMDB_M_601,3,2025-12-31
RAT_0007136,CUST_000488,TMDB_M_617126,5,2026-01-13
RAT_0007137,CUST_000488,TMDB_M_680,3,2025-12-22
RAT_0007138,CUST_000488,TMDB_M_701387,4,2026-01-07
RAT_0007139,CUST_000488,TMDB_M_82690,5,2026-03-20
RAT_0007140,CUST_000488,TMDB_M_982843,4,2025-10-25
RAT_0007141,CUST_000488,TMDB_T_2734,5,2025-12-02
RAT_0007142,CUST_000488,TMDB_T_278275,3,2026-03-22
RAT_0007143,CUST_000488,TMDB_T_279388,4,2025-11-04
RAT_0007144,CUST_000488,TMDB_T_71728,2,2025-05-29
RAT_0007145,CUST_000489,TMDB_M_1084242,3,2026-03-21
RAT_0007146,CUST_000489,TMDB_M_1159831,4,2026-03-11
RAT_0007147,CUST_000489,TMDB_M_414906,4,2025-08-27
RAT_0007148,CUST_000489,TMDB_M_453395,5,2026-01-31
RAT_0007149,CUST_000489,TMDB_M_4935,4,2025-06-28
RAT_0007150,CUST_000489,TMDB_M_497,4,2025-08-25
RAT_0007151,CUST_000489,TMDB_M_875828,5,2025-07-15
RAT_0007152,CUST_000489,TMDB_M_967941,2,2025-12-31
RAT_0007153,CUST_000489,TMDB_T_114478,4,2025-12-19
RAT_0007154,CUST_000489,TMDB_T_1911,2,2025-02-20
RAT_0007155,CUST_000489,TMDB_T_290856,3,2025-12-19
RAT_0007156,CUST_000489,TMDB_T_4614,4,2025-10-20
RAT_0007157,CUST_000489,TMDB_T_549,3,2026-03-22
RAT_0007158,CUST_000489,TMDB_T_63770,3,2025-05-19
RAT_0007159,CUST_000489,TMDB_T_74561,5,2025-12-13
RAT_0007160,CUST_000489,TMDB_T_790,3,2025-12-06
RAT_0007161,CUST_000489,TMDB_T_80748,3,2025-12-28
RAT_0007162,CUST_000490,TMDB_M_1159831,1,2026-04-07
RAT_0007163,CUST_000490,TMDB_M_1268127,1,2026-03-19
RAT_0007164,CUST_000490,TMDB_M_1305781,3,2026-04-11
RAT_0007165,CUST_000490,TMDB_M_1368166,1,2026-02-12
RAT_0007166,CUST_000490,TMDB_M_1426297,1,2025-12-28
RAT_0007167,CUST_000490,TMDB_M_1634301,4,2026-03-31
RAT_0007168,CUST_000490,TMDB_M_19995,4,2026-01-07
RAT_0007169,CUST_000490,TMDB_M_335984,4,2026-04-04
RAT_0007170,CUST_000490,TMDB_M_601,4,2026-04-06
RAT_0007171,CUST_000490,TMDB_M_62,3,2026-03-29
RAT_0007172,CUST_000490,TMDB_M_701387,4,2026-03-15
RAT_0007173,CUST_000490,TMDB_M_969681,3,2025-12-27
RAT_0007174,CUST_000490,TMDB_T_127529,3,2026-01-03
RAT_0007175,CUST_000490,TMDB_T_1417,3,2026-02-04
RAT_0007176,CUST_000490,TMDB_T_2288,2,2026-03-21
RAT_0007177,CUST_000490,TMDB_T_290856,3,2026-03-07
RAT_0007178,CUST_000490,TMDB_T_37854,1,2026-02-09
RAT_0007179,CUST_000490,TMDB_T_44217,3,2026-01-06
RAT_0007180,CUST_000491,TMDB_M_1226863,4,2025-04-05
RAT_0007181,CUST_000491,TMDB_M_1268127,3,2025-12-08
RAT_0007182,CUST_000491,TMDB_M_1403327,4,2025-02-26
RAT_0007183,CUST_000491,TMDB_M_1462146,3,2026-01-06
RAT_0007184,CUST_000491,TMDB_M_502356,4,2025-11-25
RAT_0007185,CUST_000491,TMDB_M_680493,4,2026-03-12
RAT_0007186,CUST_000491,TMDB_T_2288,3,2026-01-01
RAT_0007187,CUST_000491,TMDB_T_2661,3,2026-02-26
RAT_0007188,CUST_000491,TMDB_T_30984,4,2025-06-03
RAT_0007189,CUST_000491,TMDB_T_35674,4,2025-05-23
RAT_0007190,CUST_000491,TMDB_T_44217,5,2025-05-30
RAT_0007191,CUST_000491,TMDB_T_57243,2,2025-02-04
RAT_0007192,CUST_000491,TMDB_T_61818,4,2025-06-19
RAT_0007193,CUST_000491,TMDB_T_78191,4,2026-04-08
RAT_0007194,CUST_000492,TMDB_M_12509,5,2024-12-23
RAT_0007195,CUST_000492,TMDB_M_1297842,3,2025-09-02
RAT_0007196,CUST_000492,TMDB_M_1326106,1,2025-12-15
RAT_0007197,CUST_000492,TMDB_M_1497970,1,2026-02-14
RAT_0007198,CUST_000492,TMDB_M_545611,5,2025-01-03
RAT_0007199,CUST_000492,TMDB_M_803796,2,2025-05-01
RAT_0007200,CUST_000492,TMDB_M_863,4,2026-04-02
RAT_0007201,CUST_000492,TMDB_M_879945,3,2024-08-29
RAT_0007202,CUST_000492,TMDB_M_9502,4,2025-08-08
RAT_0007203,CUST_000492,TMDB_M_980477,4,2025-05-06
RAT_0007204,CUST_000492,TMDB_T_12225,2,2024-10-16
RAT_0007205,CUST_000492,TMDB_T_1399,3,2026-03-29
RAT_0007206,CUST_000492,TMDB_T_1431,3,2024-10-26
RAT_0007207,CUST_000492,TMDB_T_1855,4,2025-08-01
RAT_0007208,CUST_000492,TMDB_T_1911,4,2025-07-25
RAT_0007209,CUST_000492,TMDB_T_39351,3,2025-11-18
RAT_0007210,CUST_000492,TMDB_T_45790,2,2025-08-08
RAT_0007211,CUST_000492,TMDB_T_46260,2,2025-11-18
RAT_0007212,CUST_000492,TMDB_T_4629,4,2025-03-06
RAT_0007213,CUST_000492,TMDB_T_46296,1,2025-08-04
RAT_0007214,CUST_000492,TMDB_T_48866,5,2026-04-02
RAT_0007215,CUST_000492,TMDB_T_58841,1,2024-12-23
RAT_0007216,CUST_000492,TMDB_T_60574,2,2025-04-08
RAT_0007217,CUST_000492,TMDB_T_71728,1,2024-09-11
RAT_0007218,CUST_000492,TMDB_T_790,3,2024-10-22
RAT_0007219,CUST_000492,TMDB_T_95479,2,2024-12-22
RAT_0007220,CUST_000493,TMDB_M_101,3,2026-01-08
RAT_0007221,CUST_000493,TMDB_M_1317288,1,2025-06-19
RAT_0007222,CUST_000493,TMDB_M_1424965,4,2025-10-05
RAT_0007223,CUST_000493,TMDB_M_1439112,5,2025-08-24
RAT_0007224,CUST_000493,TMDB_M_228150,4,2026-04-09
RAT_0007225,CUST_000493,TMDB_M_272,3,2026-01-18
RAT_0007226,CUST_000493,TMDB_M_329865,4,2025-09-07
RAT_0007227,CUST_000493,TMDB_M_490132,3,2025-11-21
RAT_0007228,CUST_000493,TMDB_T_10534,3,2026-04-08
RAT_0007229,CUST_000493,TMDB_T_117465,1,2026-03-12
RAT_0007230,CUST_000493,TMDB_T_1398,1,2025-09-12
RAT_0007231,CUST_000493,TMDB_T_17610,4,2025-06-15
RAT_0007232,CUST_000493,TMDB_T_283123,5,2026-04-08
RAT_0007233,CUST_000493,TMDB_T_44217,2,2025-06-23
RAT_0007234,CUST_000493,TMDB_T_4604,2,2025-03-25
RAT_0007235,CUST_000493,TMDB_T_60735,3,2026-04-10
RAT_0007236,CUST_000493,TMDB_T_71712,3,2025-12-21
RAT_0007237,CUST_000493,TMDB_T_85552,3,2025-09-21
RAT_0007238,CUST_000494,TMDB_M_1038392,2,2026-02-15
RAT_0007239,CUST_000494,TMDB_M_1226863,1,2025-08-06
RAT_0007240,CUST_000494,TMDB_M_1310568,3,2025-12-06
RAT_0007241,CUST_000494,TMDB_M_1368166,3,2026-02-08
RAT_0007242,CUST_000494,TMDB_M_1470130,1,2025-10-17
RAT_0007243,CUST_000494,TMDB_M_1539104,5,2025-11-25
RAT_0007244,CUST_000494,TMDB_M_157336,2,2026-01-15
RAT_0007245,CUST_000494,TMDB_M_419430,4,2026-02-12
RAT_0007246,CUST_000494,TMDB_M_533533,3,2025-11-21
RAT_0007247,CUST_000494,TMDB_M_939243,2,2026-03-12
RAT_0007248,CUST_000494,TMDB_T_124364,3,2025-09-15
RAT_0007249,CUST_000494,TMDB_T_291,3,2026-04-07
RAT_0007250,CUST_000494,TMDB_T_30981,4,2025-11-03
RAT_0007251,CUST_000494,TMDB_T_4556,1,2025-08-29
RAT_0007252,CUST_000494,TMDB_T_4604,4,2025-06-24
RAT_0007253,CUST_000494,TMDB_T_4607,5,2026-03-31
RAT_0007254,CUST_000494,TMDB_T_549,3,2025-08-06
RAT_0007255,CUST_000494,TMDB_T_60735,3,2026-03-24
RAT_0007256,CUST_000494,TMDB_T_79744,5,2026-01-14
RAT_0007257,CUST_000495,TMDB_M_1214871,2,2026-01-09
RAT_0007258,CUST_000495,TMDB_M_1310568,5,2025-12-23
RAT_0007259,CUST_000495,TMDB_M_967941,5,2026-04-11
RAT_0007260,CUST_000495,TMDB_T_1668,4,2026-02-21
RAT_0007261,CUST_000495,TMDB_T_34307,2,2026-02-13
RAT_0007262,CUST_000495,TMDB_T_42009,2,2026-02-24
RAT_0007263,CUST_000495,TMDB_T_4607,1,2026-03-31
RAT_0007264,CUST_000495,TMDB_T_48866,2,2026-03-16
RAT_0007265,CUST_000495,TMDB_T_70672,3,2025-09-16
RAT_0007266,CUST_000496,TMDB_M_103,3,2024-11-20
RAT_0007267,CUST_000496,TMDB_M_1159831,2,2025-02-12
RAT_0007268,CUST_000496,TMDB_M_1236153,2,2024-12-11
RAT_0007269,CUST_000496,TMDB_M_1523145,2,2025-08-23
RAT_0007270,CUST_000496,TMDB_M_152742,5,2025-09-27
RAT_0007271,CUST_000496,TMDB_M_18988,5,2025-04-08
RAT_0007272,CUST_000496,TMDB_M_244786,2,2026-03-26
RAT_0007273,CUST_000496,TMDB_M_335983,4,2026-02-26
RAT_0007274,CUST_000496,TMDB_M_402431,4,2025-09-14
RAT_0007275,CUST_000496,TMDB_M_786892,2,2024-11-05
RAT_0007276,CUST_000496,TMDB_M_941109,5,2026-02-23
RAT_0007277,CUST_000496,TMDB_M_982843,4,2025-11-19
RAT_0007278,CUST_000496,TMDB_T_1396,1,2025-05-18
RAT_0007279,CUST_000496,TMDB_T_1416,2,2025-12-24
RAT_0007280,CUST_000496,TMDB_T_1668,2,2025-09-03
RAT_0007281,CUST_000496,TMDB_T_202555,3,2025-11-21
RAT_0007282,CUST_000496,TMDB_T_250307,5,2026-02-16
RAT_0007283,CUST_000496,TMDB_T_35007,2,2025-12-31
RAT_0007284,CUST_000496,TMDB_T_4656,2,2026-02-03
RAT_0007285,CUST_000496,TMDB_T_5920,2,2025-12-24
RAT_0007286,CUST_000496,TMDB_T_65334,2,2025-07-17
RAT_0007287,CUST_000496,TMDB_T_65733,1,2024-11-15
RAT_0007288,CUST_000496,TMDB_T_95479,5,2026-02-08
RAT_0007289,CUST_000497,TMDB_M_1020969,2,2026-02-11
RAT_0007290,CUST_000497,TMDB_M_103,4,2025-06-25
RAT_0007291,CUST_000497,TMDB_M_1058710,4,2025-05-31
RAT_0007292,CUST_000497,TMDB_M_106646,4,2025-11-15
RAT_0007293,CUST_000497,TMDB_M_1084242,2,2025-10-08
RAT_0007294,CUST_000497,TMDB_M_1408208,2,2025-06-24
RAT_0007295,CUST_000497,TMDB_M_1523145,2,2026-01-08
RAT_0007296,CUST_000497,TMDB_M_1572073,1,2025-08-29
RAT_0007297,CUST_000497,TMDB_M_1601243,2,2025-03-26
RAT_0007298,CUST_000497,TMDB_M_19592,1,2025-02-25
RAT_0007299,CUST_000497,TMDB_M_280,3,2025-12-17
RAT_0007300,CUST_000497,TMDB_M_346,1,2025-08-08
RAT_0007301,CUST_000497,TMDB_M_687163,2,2025-04-11
RAT_0007302,CUST_000497,TMDB_M_687259,4,2026-04-10
RAT_0007303,CUST_000497,TMDB_T_127529,3,2025-06-16
RAT_0007304,CUST_000497,TMDB_T_1408,2,2026-01-29
RAT_0007305,CUST_000497,TMDB_T_1421,1,2025-04-07
RAT_0007306,CUST_000497,TMDB_T_1855,1,2025-04-13
RAT_0007307,CUST_000497,TMDB_T_2171,5,2025-07-21
RAT_0007308,CUST_000497,TMDB_T_289219,4,2026-02-22
RAT_0007309,CUST_000497,TMDB_T_32692,2,2026-04-07
RAT_0007310,CUST_000497,TMDB_T_4607,3,2025-05-19
RAT_0007311,CUST_000497,TMDB_T_71712,4,2025-08-21
RAT_0007312,CUST_000497,TMDB_T_76479,5,2025-08-07
RAT_0007313,CUST_000497,TMDB_T_79744,2,2025-09-03
RAT_0007314,CUST_000497,TMDB_T_87917,1,2025-11-01
RAT_0007315,CUST_000498,TMDB_M_1159831,3,2025-05-14
RAT_0007316,CUST_000498,TMDB_M_1171145,3,2025-06-23
RAT_0007317,CUST_000498,TMDB_M_1197137,4,2026-02-11
RAT_0007318,CUST_000498,TMDB_M_1236153,3,2026-03-23
RAT_0007319,CUST_000498,TMDB_M_1419406,2,2025-03-13
RAT_0007320,CUST_000498,TMDB_M_1470130,5,2024-06-30
RAT_0007321,CUST_000498,TMDB_M_1582770,1,2024-08-07
RAT_0007322,CUST_000498,TMDB_M_218,3,2026-02-24
RAT_0007323,CUST_000498,TMDB_M_38,4,2025-11-28
RAT_0007324,CUST_000498,TMDB_M_436969,2,2026-03-10
RAT_0007325,CUST_000498,TMDB_M_447365,1,2025-03-17
RAT_0007326,CUST_000498,TMDB_M_786892,4,2025-01-23
RAT_0007327,CUST_000498,TMDB_M_822119,1,2025-11-18
RAT_0007328,CUST_000498,TMDB_T_1416,3,2025-02-18
RAT_0007329,CUST_000498,TMDB_T_279388,3,2025-12-14
RAT_0007330,CUST_000498,TMDB_T_32798,3,2025-11-18
RAT_0007331,CUST_000498,TMDB_T_4087,2,2025-12-26
RAT_0007332,CUST_000498,TMDB_T_764,1,2025-05-20
RAT_0007333,CUST_000498,TMDB_T_87917,4,2024-12-27
RAT_0007334,CUST_000499,TMDB_M_1038392,3,2025-08-12
RAT_0007335,CUST_000499,TMDB_M_1159559,3,2024-10-22
RAT_0007336,CUST_000499,TMDB_M_1426297,4,2024-12-28
RAT_0007337,CUST_000499,TMDB_M_1439112,4,2024-12-21
RAT_0007338,CUST_000499,TMDB_M_1572073,2,2025-05-09
RAT_0007339,CUST_000499,TMDB_M_4232,1,2025-12-24
RAT_0007340,CUST_000499,TMDB_M_4247,4,2025-02-28
RAT_0007341,CUST_000499,TMDB_M_687259,3,2025-07-05
RAT_0007342,CUST_000499,TMDB_M_945961,3,2024-12-09
RAT_0007343,CUST_000499,TMDB_T_1981,4,2025-02-04
RAT_0007344,CUST_000499,TMDB_T_202411,4,2025-08-12
RAT_0007345,CUST_000499,TMDB_T_35007,5,2026-04-09
RAT_0007346,CUST_000499,TMDB_T_498,3,2024-12-25
RAT_0007347,CUST_000499,TMDB_T_502,5,2026-04-04
RAT_0007348,CUST_000499,TMDB_T_82873,1,2026-02-10
RAT_0007349,CUST_000500,TMDB_M_1284496,3,2025-10-13
RAT_0007350,CUST_000500,TMDB_M_1307373,4,2025-07-11
RAT_0007351,CUST_000500,TMDB_M_1336770,2,2025-07-12
RAT_0007352,CUST_000500,TMDB_M_1635276,4,2025-07-12
RAT_0007353,CUST_000500,TMDB_M_259694,2,2025-11-04
RAT_0007354,CUST_000500,TMDB_M_374720,2,2025-12-21
RAT_0007355,CUST_000500,TMDB_M_857,3,2025-12-11
RAT_0007356,CUST_000500,TMDB_T_1400,1,2025-11-16
RAT_0007357,CUST_000500,TMDB_T_2004,3,2026-03-12
RAT_0007358,CUST_000500,TMDB_T_289219,3,2025-08-24
RAT_0007359,CUST_000501,TMDB_M_1192548,4,2026-02-01
RAT_0007360,CUST_000501,TMDB_M_181808,2,2025-06-13
RAT_0007361,CUST_000501,TMDB_M_646380,5,2025-12-14
RAT_0007362,CUST_000501,TMDB_M_999136,3,2025-06-17
RAT_0007363,CUST_000501,TMDB_T_1408,2,2026-03-19
RAT_0007364,CUST_000501,TMDB_T_1668,4,2026-02-23
RAT_0007365,CUST_000502,TMDB_M_1115544,4,2025-06-06
RAT_0007366,CUST_000502,TMDB_M_1198994,4,2025-05-16
RAT_0007367,CUST_000502,TMDB_M_1234731,4,2025-03-28
RAT_0007368,CUST_000502,TMDB_M_1252037,4,2026-03-03
RAT_0007369,CUST_000502,TMDB_M_128,3,2024-11-13
RAT_0007370,CUST_000502,TMDB_M_1284496,4,2025-01-27
RAT_0007371,CUST_000502,TMDB_M_271110,3,2024-08-30
RAT_0007372,CUST_000502,TMDB_M_299536,3,2024-12-19
RAT_0007373,CUST_000502,TMDB_M_333339,5,2025-10-22
RAT_0007374,CUST_000502,TMDB_M_567609,3,2025-10-03
RAT_0007375,CUST_000502,TMDB_M_630,4,2026-01-21
RAT_0007376,CUST_000502,TMDB_M_857,4,2025-01-31
RAT_0007377,CUST_000502,TMDB_M_945961,4,2025-05-05
RAT_0007378,CUST_000502,TMDB_T_2221,3,2024-09-05
RAT_0007379,CUST_000503,TMDB_M_1167307,4,2025-01-28
RAT_0007380,CUST_000503,TMDB_M_1234731,3,2025-08-14
RAT_0007381,CUST_000503,TMDB_M_12445,2,2025-11-25
RAT_0007382,CUST_000503,TMDB_M_1406657,5,2025-06-05
RAT_0007383,CUST_000503,TMDB_M_1587035,3,2026-04-03
RAT_0007384,CUST_000503,TMDB_M_2062,4,2025-08-23
RAT_0007385,CUST_000503,TMDB_M_335984,4,2026-02-20
RAT_0007386,CUST_000503,TMDB_M_539972,5,2025-01-31
RAT_0007387,CUST_000503,TMDB_M_604079,4,2026-01-10
RAT_0007388,CUST_000503,TMDB_M_677638,3,2025-07-06
RAT_0007389,CUST_000503,TMDB_M_701387,2,2026-01-28
RAT_0007390,CUST_000503,TMDB_M_969681,3,2026-03-05
RAT_0007391,CUST_000503,TMDB_T_117465,5,2025-01-19
RAT_0007392,CUST_000503,TMDB_T_1403,3,2025-11-26
RAT_0007393,CUST_000503,TMDB_T_1434,4,2025-08-21
RAT_0007394,CUST_000503,TMDB_T_1435,3,2025-06-12
RAT_0007395,CUST_000503,TMDB_T_1705,4,2026-04-04
RAT_0007396,CUST_000503,TMDB_T_2122,4,2025-02-14
RAT_0007397,CUST_000503,TMDB_T_34524,3,2025-08-28
RAT_0007398,CUST_000503,TMDB_T_42009,5,2025-12-15
RAT_0007399,CUST_000503,TMDB_T_45790,4,2025-10-19
RAT_0007400,CUST_000503,TMDB_T_46260,3,2026-03-06
RAT_0007401,CUST_000503,TMDB_T_48866,4,2025-06-15
RAT_0007402,CUST_000503,TMDB_T_61818,3,2026-03-06
RAT_0007403,CUST_000503,TMDB_T_71712,3,2025-09-16
RAT_0007404,CUST_000504,TMDB_M_193972,3,2026-03-19
RAT_0007405,CUST_000504,TMDB_T_119051,3,2026-01-14
RAT_0007406,CUST_000504,TMDB_T_1399,5,2026-01-18
RAT_0007407,CUST_000504,TMDB_T_2224,4,2026-04-05
RAT_0007408,CUST_000504,TMDB_T_48866,3,2026-03-28
RAT_0007409,CUST_000504,TMDB_T_82873,3,2026-03-17
RAT_0007410,CUST_000504,TMDB_T_8962,3,2026-02-13
RAT_0007411,CUST_000505,TMDB_M_101,5,2024-12-27
RAT_0007412,CUST_000505,TMDB_M_1119449,4,2024-07-30
RAT_0007413,CUST_000505,TMDB_M_1234821,3,2025-12-14
RAT_0007414,CUST_000505,TMDB_M_1297842,1,2025-12-25
RAT_0007415,CUST_000505,TMDB_M_286217,4,2026-02-24
RAT_0007416,CUST_000505,TMDB_T_120089,2,2025-06-28
RAT_0007417,CUST_000505,TMDB_T_250307,2,2024-11-16
RAT_0007418,CUST_000505,TMDB_T_32692,3,2025-07-27
RAT_0007419,CUST_000505,TMDB_T_33238,3,2025-08-07
RAT_0007420,CUST_000505,TMDB_T_60059,3,2025-10-03
RAT_0007421,CUST_000505,TMDB_T_95557,2,2024-08-26
RAT_0007422,CUST_000506,TMDB_M_1061474,1,2025-11-01
RAT_0007423,CUST_000506,TMDB_M_1246049,2,2025-11-18
RAT_0007424,CUST_000506,TMDB_M_1266127,3,2026-02-19
RAT_0007425,CUST_000506,TMDB_M_1276038,4,2025-08-05
RAT_0007426,CUST_000506,TMDB_M_1367642,2,2026-03-21
RAT_0007427,CUST_000506,TMDB_M_1650558,5,2026-02-16
RAT_0007428,CUST_000506,TMDB_M_346364,1,2025-05-30
RAT_0007429,CUST_000506,TMDB_M_517302,3,2026-01-04
RAT_0007430,CUST_000506,TMDB_M_567609,3,2026-02-16
RAT_0007431,CUST_000506,TMDB_T_34307,3,2025-10-05
RAT_0007432,CUST_000506,TMDB_T_35674,2,2025-07-04
RAT_0007433,CUST_000506,TMDB_T_4601,4,2025-09-13
RAT_0007434,CUST_000506,TMDB_T_5920,3,2025-12-09
RAT_0007435,CUST_000507,TMDB_M_1010581,2,2025-03-09
RAT_0007436,CUST_000507,TMDB_M_1198994,2,2024-12-28
RAT_0007437,CUST_000507,TMDB_M_1292695,4,2025-09-26
RAT_0007438,CUST_000507,TMDB_M_216015,2,2025-09-24
RAT_0007439,CUST_000507,TMDB_M_330457,3,2025-03-14
RAT_0007440,CUST_000507,TMDB_M_840464,4,2025-04-28
RAT_0007441,CUST_000507,TMDB_M_848116,4,2025-10-16
RAT_0007442,CUST_000507,TMDB_T_18165,2,2025-04-12
RAT_0007443,CUST_000507,TMDB_T_2122,2,2025-02-20
RAT_0007444,CUST_000507,TMDB_T_2190,4,2025-02-13
RAT_0007445,CUST_000507,TMDB_T_241609,4,2025-01-11
RAT_0007446,CUST_000507,TMDB_T_4087,5,2025-11-19
RAT_0007447,CUST_000507,TMDB_T_4177,2,2026-03-28
RAT_0007448,CUST_000507,TMDB_T_85552,4,2025-07-10
RAT_0007449,CUST_000508,TMDB_M_1115544,2,2026-02-28
RAT_0007450,CUST_000508,TMDB_M_1234821,3,2026-01-28
RAT_0007451,CUST_000508,TMDB_M_1620551,4,2026-03-21
RAT_0007452,CUST_000508,TMDB_M_479197,5,2026-04-10
RAT_0007453,CUST_000508,TMDB_M_875828,2,2026-03-30
RAT_0007454,CUST_000508,TMDB_M_936075,3,2026-03-07
RAT_0007455,CUST_000508,TMDB_M_949,2,2026-01-28
RAT_0007456,CUST_000508,TMDB_T_1398,3,2026-01-05
RAT_0007457,CUST_000508,TMDB_T_1421,2,2026-03-31
RAT_0007458,CUST_000508,TMDB_T_1911,4,2026-01-19
RAT_0007459,CUST_000508,TMDB_T_22980,4,2026-02-12
RAT_0007460,CUST_000508,TMDB_T_237020,4,2026-03-04
RAT_0007461,CUST_000508,TMDB_T_71790,4,2026-02-02
RAT_0007462,CUST_000508,TMDB_T_764,3,2026-04-11
RAT_0007463,CUST_000508,TMDB_T_79744,3,2026-02-14
RAT_0007464,CUST_000509,TMDB_M_1276038,2,2025-11-23
RAT_0007465,CUST_000509,TMDB_M_1297842,1,2025-10-11
RAT_0007466,CUST_000509,TMDB_M_218,2,2026-03-10
RAT_0007467,CUST_000509,TMDB_M_517302,1,2025-11-06
RAT_0007468,CUST_000509,TMDB_T_4087,4,2025-12-06
RAT_0007469,CUST_000509,TMDB_T_87917,3,2025-12-13
RAT_0007470,CUST_000510,TMDB_M_1020969,2,2026-03-24
RAT_0007471,CUST_000510,TMDB_M_1087192,1,2026-02-08
RAT_0007472,CUST_000510,TMDB_M_120,1,2026-03-14
RAT_0007473,CUST_000510,TMDB_M_150540,3,2026-01-27
RAT_0007474,CUST_000510,TMDB_M_333339,3,2026-02-08
RAT_0007475,CUST_000510,TMDB_M_475557,3,2026-02-12
RAT_0007476,CUST_000510,TMDB_M_630,3,2026-03-25
RAT_0007477,CUST_000510,TMDB_M_875828,4,2026-03-28
RAT_0007478,CUST_000510,TMDB_M_8966,4,2026-02-23
RAT_0007479,CUST_000510,TMDB_M_967941,3,2026-03-20
RAT_0007480,CUST_000510,TMDB_T_100088,2,2026-03-17
RAT_0007481,CUST_000510,TMDB_T_1435,2,2026-03-23
RAT_0007482,CUST_000510,TMDB_T_195670,4,2026-04-01
RAT_0007483,CUST_000510,TMDB_T_2734,4,2026-03-21
RAT_0007484,CUST_000510,TMDB_T_58841,1,2026-03-22
RAT_0007485,CUST_000510,TMDB_T_60059,1,2026-03-15
RAT_0007486,CUST_000510,TMDB_T_61818,2,2026-03-31
RAT_0007487,CUST_000511,TMDB_M_1015606,5,2026-02-08
RAT_0007488,CUST_000511,TMDB_M_10193,3,2025-10-11
RAT_0007489,CUST_000511,TMDB_M_12,3,2025-08-17
RAT_0007490,CUST_000511,TMDB_M_1226863,3,2026-04-08
RAT_0007491,CUST_000511,TMDB_M_1297454,3,2026-03-05
RAT_0007492,CUST_000511,TMDB_M_1326106,3,2025-10-16
RAT_0007493,CUST_000511,TMDB_M_7451,4,2026-01-07
RAT_0007494,CUST_000511,TMDB_T_1421,4,2026-01-22
RAT_0007495,CUST_000511,TMDB_T_289219,4,2026-02-16
RAT_0007496,CUST_000511,TMDB_T_502,3,2026-04-02
RAT_0007497,CUST_000511,TMDB_T_61818,4,2025-10-21
RAT_0007498,CUST_000511,TMDB_T_790,4,2026-03-25
RAT_0007499,CUST_000511,TMDB_T_95557,3,2026-02-01
RAT_0007500,CUST_000512,TMDB_M_1193501,2,2026-03-19
RAT_0007501,CUST_000512,TMDB_M_1266127,3,2025-10-15
RAT_0007502,CUST_000512,TMDB_M_1284460,2,2025-07-23
RAT_0007503,CUST_000512,TMDB_M_1572073,4,2025-10-25
RAT_0007504,CUST_000512,TMDB_M_1610418,2,2025-12-05
RAT_0007505,CUST_000512,TMDB_M_348,3,2026-01-13
RAT_0007506,CUST_000512,TMDB_T_1433,3,2025-09-21
RAT_0007507,CUST_000512,TMDB_T_1705,3,2025-10-16
RAT_0007508,CUST_000512,TMDB_T_291,4,2026-03-31
RAT_0007509,CUST_000512,TMDB_T_37854,1,2025-12-18
RAT_0007510,CUST_000512,TMDB_T_42009,3,2025-06-12
RAT_0007511,CUST_000512,TMDB_T_4604,4,2025-06-09
RAT_0007512,CUST_000512,TMDB_T_4656,4,2025-12-15
RAT_0007513,CUST_000512,TMDB_T_46952,1,2025-04-29
RAT_0007514,CUST_000512,TMDB_T_48866,3,2026-02-06
RAT_0007515,CUST_000512,TMDB_T_63770,4,2025-08-03
RAT_0007516,CUST_000512,TMDB_T_65334,1,2026-03-01
RAT_0007517,CUST_000512,TMDB_T_71494,4,2025-12-14
RAT_0007518,CUST_000513,TMDB_M_11,2,2026-02-02
RAT_0007519,CUST_000513,TMDB_M_122,3,2025-12-13
RAT_0007520,CUST_000513,TMDB_M_1865,3,2026-01-01
RAT_0007521,CUST_000513,TMDB_M_519182,2,2025-08-13
RAT_0007522,CUST_000513,TMDB_M_671,5,2026-03-08
RAT_0007523,CUST_000513,TMDB_M_762509,1,2026-03-15
RAT_0007524,CUST_000513,TMDB_M_98,4,2026-02-15
RAT_0007525,CUST_000513,TMDB_T_291,5,2026-04-05
RAT_0007526,CUST_000513,TMDB_T_32692,3,2026-04-04
RAT_0007527,CUST_000513,TMDB_T_37680,5,2026-03-07
RAT_0007528,CUST_000513,TMDB_T_60735,2,2025-12-09
RAT_0007529,CUST_000513,TMDB_T_76479,3,2025-12-22
RAT_0007530,CUST_000514,TMDB_M_1291335,1,2025-10-19
RAT_0007531,CUST_000514,TMDB_M_1325734,3,2025-06-07
RAT_0007532,CUST_000514,TMDB_M_1367642,3,2025-12-22
RAT_0007533,CUST_000514,TMDB_M_1523145,4,2026-03-13
RAT_0007534,CUST_000514,TMDB_M_1650558,2,2026-03-26
RAT_0007535,CUST_000514,TMDB_M_177572,5,2025-11-03
RAT_0007536,CUST_000514,TMDB_M_1865,1,2025-12-20
RAT_0007537,CUST_000514,TMDB_M_246,3,2026-02-23
RAT_0007538,CUST_000514,TMDB_M_271110,3,2025-12-07
RAT_0007539,CUST_000514,TMDB_M_374720,5,2026-03-10
RAT_0007540,CUST_000514,TMDB_M_564,3,2025-06-03
RAT_0007541,CUST_000514,TMDB_M_857,4,2026-03-26
RAT_0007542,CUST_000514,TMDB_T_1421,3,2025-04-05
RAT_0007543,CUST_000514,TMDB_T_2171,3,2026-02-20
RAT_0007544,CUST_000515,TMDB_M_1115544,3,2026-03-05
RAT_0007545,CUST_000515,TMDB_M_120,5,2026-04-04
RAT_0007546,CUST_000515,TMDB_M_1234731,5,2026-02-22
RAT_0007547,CUST_000515,TMDB_M_12444,2,2026-02-10
RAT_0007548,CUST_000515,TMDB_M_278,2,2026-01-27
RAT_0007549,CUST_000515,TMDB_M_49051,5,2026-04-10
RAT_0007550,CUST_000515,TMDB_M_58,1,2026-02-12
RAT_0007551,CUST_000515,TMDB_T_1402,3,2026-01-18
RAT_0007552,CUST_000515,TMDB_T_1620,5,2026-03-12
RAT_0007553,CUST_000515,TMDB_T_20111,5,2026-03-10
RAT_0007554,CUST_000515,TMDB_T_76572,3,2026-01-22
RAT_0007555,CUST_000515,TMDB_T_85077,3,2026-03-18
RAT_0007556,CUST_000516,TMDB_M_59,2,2025-08-18
RAT_0007557,CUST_000516,TMDB_M_601,2,2025-09-06
RAT_0007558,CUST_000516,TMDB_M_701387,1,2025-08-14
RAT_0007559,CUST_000516,TMDB_T_44217,2,2025-06-13
RAT_0007560,CUST_000516,TMDB_T_63770,1,2025-08-22
RAT_0007561,CUST_000517,TMDB_M_1175942,3,2025-12-04
RAT_0007562,CUST_000517,TMDB_M_19995,3,2025-12-08
RAT_0007563,CUST_000517,TMDB_M_453395,4,2025-12-20
RAT_0007564,CUST_000517,TMDB_M_8966,5,2025-12-09
RAT_0007565,CUST_000517,TMDB_T_1398,3,2025-12-06
RAT_0007566,CUST_000517,TMDB_T_1620,5,2026-02-05
RAT_0007567,CUST_000518,TMDB_M_1084187,4,2025-04-21
RAT_0007568,CUST_000518,TMDB_M_12444,2,2025-03-24
RAT_0007569,CUST_000518,TMDB_M_1523145,4,2024-12-03
RAT_0007570,CUST_000518,TMDB_M_479197,5,2025-05-02
RAT_0007571,CUST_000518,TMDB_T_1412,5,2024-09-17
RAT_0007572,CUST_000518,TMDB_T_33238,2,2024-08-20
RAT_0007573,CUST_000518,TMDB_T_456,4,2024-10-04
RAT_0007574,CUST_000518,TMDB_T_56570,3,2024-09-29
RAT_0007575,CUST_000518,TMDB_T_65942,3,2024-08-26
RAT_0007576,CUST_000519,TMDB_T_127529,3,2025-11-01
RAT_0007577,CUST_000519,TMDB_T_2171,3,2025-12-21
RAT_0007578,CUST_000519,TMDB_T_65334,4,2026-01-10
RAT_0007579,CUST_000519,TMDB_T_74561,4,2025-12-30
RAT_0007580,CUST_000519,TMDB_T_764,3,2026-01-03
RAT_0007581,CUST_000519,TMDB_T_790,3,2026-01-25
RAT_0007582,CUST_000519,TMDB_T_94722,4,2026-03-28
RAT_0007583,CUST_000520,TMDB_M_1038392,5,2025-09-01
RAT_0007584,CUST_000520,TMDB_M_1078605,2,2026-02-02
RAT_0007585,CUST_000520,TMDB_M_1159559,2,2025-11-16
RAT_0007586,CUST_000520,TMDB_M_12445,2,2026-01-08
RAT_0007587,CUST_000520,TMDB_M_1284120,2,2025-11-29
RAT_0007588,CUST_000520,TMDB_M_1284496,3,2025-11-28
RAT_0007589,CUST_000520,TMDB_M_1381216,3,2025-10-04
RAT_0007590,CUST_000520,TMDB_M_1526650,1,2026-02-18
RAT_0007591,CUST_000520,TMDB_M_329505,5,2025-12-04
RAT_0007592,CUST_000520,TMDB_M_346698,3,2026-02-15
RAT_0007593,CUST_000520,TMDB_M_405746,3,2026-03-19
RAT_0007594,CUST_000520,TMDB_M_466272,3,2026-03-04
RAT_0007595,CUST_000520,TMDB_M_615,2,2025-10-15
RAT_0007596,CUST_000520,TMDB_M_840464,3,2025-10-26
RAT_0007597,CUST_000520,TMDB_M_933260,3,2025-11-20
RAT_0007598,CUST_000520,TMDB_T_10534,4,2026-01-20
RAT_0007599,CUST_000520,TMDB_T_12225,1,2026-03-01
RAT_0007600,CUST_000520,TMDB_T_1421,2,2025-11-06
RAT_0007601,CUST_000520,TMDB_T_1855,3,2026-03-22
RAT_0007602,CUST_000520,TMDB_T_35007,4,2026-02-25
RAT_0007603,CUST_000520,TMDB_T_44217,2,2026-03-01
RAT_0007604,CUST_000520,TMDB_T_5920,2,2026-03-23
RAT_0007605,CUST_000520,TMDB_T_59941,2,2026-02-06
RAT_0007606,CUST_000520,TMDB_T_62223,3,2025-10-04
RAT_0007607,CUST_000520,TMDB_T_66732,1,2026-03-22
RAT_0007608,CUST_000520,TMDB_T_76479,1,2025-12-17
RAT_0007609,CUST_000520,TMDB_T_85552,4,2026-03-04
RAT_0007610,CUST_000521,TMDB_M_1242898,4,2026-03-30
RAT_0007611,CUST_000521,TMDB_M_1267319,4,2026-02-02
RAT_0007612,CUST_000521,TMDB_M_1291608,3,2025-10-01
RAT_0007613,CUST_000521,TMDB_M_1336770,2,2026-03-08
RAT_0007614,CUST_000521,TMDB_M_1726,5,2025-12-30
RAT_0007615,CUST_000521,TMDB_M_1930,3,2025-08-17
RAT_0007616,CUST_000521,TMDB_M_198663,3,2025-09-14
RAT_0007617,CUST_000521,TMDB_M_329505,3,2025-10-30
RAT_0007618,CUST_000521,TMDB_M_359410,4,2026-02-03
RAT_0007619,CUST_000521,TMDB_M_361743,2,2025-08-11
RAT_0007620,CUST_000521,TMDB_M_646315,2,2025-11-01
RAT_0007621,CUST_000521,TMDB_M_786892,3,2026-01-17
RAT_0007622,CUST_000521,TMDB_M_798645,5,2025-09-05
RAT_0007623,CUST_000521,TMDB_M_822119,5,2025-09-08
RAT_0007624,CUST_000521,TMDB_M_986056,4,2026-01-27
RAT_0007625,CUST_000521,TMDB_T_110075,3,2026-01-03
RAT_0007626,CUST_000521,TMDB_T_2261,4,2026-04-11
RAT_0007627,CUST_000521,TMDB_T_22980,3,2026-01-21
RAT_0007628,CUST_000521,TMDB_T_32415,3,2026-02-20
RAT_0007629,CUST_000521,TMDB_T_39351,5,2026-02-17
RAT_0007630,CUST_000521,TMDB_T_82873,5,2025-12-28
RAT_0007631,CUST_000522,TMDB_M_1193501,2,2025-11-19
RAT_0007632,CUST_000522,TMDB_M_1327819,3,2026-03-23
RAT_0007633,CUST_000522,TMDB_M_20352,5,2025-12-05
RAT_0007634,CUST_000522,TMDB_M_412117,3,2025-12-26
RAT_0007635,CUST_000522,TMDB_M_502356,5,2026-03-19
RAT_0007636,CUST_000522,TMDB_M_552524,4,2026-02-21
RAT_0007637,CUST_000522,TMDB_T_154770,4,2026-04-08
RAT_0007638,CUST_000522,TMDB_T_1911,1,2026-03-29
RAT_0007639,CUST_000522,TMDB_T_2734,1,2025-11-29
RAT_0007640,CUST_000522,TMDB_T_3562,4,2026-04-07
RAT_0007641,CUST_000522,TMDB_T_4057,3,2026-03-17
RAT_0007642,CUST_000522,TMDB_T_4588,2,2025-11-28
RAT_0007643,CUST_000522,TMDB_T_4656,4,2026-03-11
RAT_0007644,CUST_000522,TMDB_T_71494,3,2026-03-29
RAT_0007645,CUST_000522,TMDB_T_8962,4,2025-11-11
RAT_0007646,CUST_000522,TMDB_T_95897,4,2025-10-17
RAT_0007647,CUST_000523,TMDB_M_1015606,5,2026-01-10
RAT_0007648,CUST_000523,TMDB_M_1268127,2,2025-01-15
RAT_0007649,CUST_000523,TMDB_M_1462146,5,2025-01-21
RAT_0007650,CUST_000523,TMDB_M_1526650,5,2026-02-01
RAT_0007651,CUST_000523,TMDB_M_429,5,2026-02-23
RAT_0007652,CUST_000523,TMDB_M_670,2,2026-03-09
RAT_0007653,CUST_000523,TMDB_M_840464,2,2025-08-20
RAT_0007654,CUST_000523,TMDB_T_117465,3,2025-06-17
RAT_0007655,CUST_000523,TMDB_T_127529,5,2025-12-19
RAT_0007656,CUST_000523,TMDB_T_12971,5,2025-01-06
RAT_0007657,CUST_000523,TMDB_T_1667,2,2025-04-29
RAT_0007658,CUST_000523,TMDB_T_291,3,2025-12-14
RAT_0007659,CUST_000523,TMDB_T_4656,4,2025-11-24
RAT_0007660,CUST_000523,TMDB_T_5092,3,2026-02-28
RAT_0007661,CUST_000523,TMDB_T_65733,5,2025-01-10
RAT_0007662,CUST_000523,TMDB_T_73586,5,2026-02-06
RAT_0007663,CUST_000524,TMDB_M_11036,3,2026-08-26
RAT_0007664,CUST_000524,TMDB_M_1367642,5,2026-10-22
RAT_0007665,CUST_000524,TMDB_M_1470130,2,2026-05-25
RAT_0007666,CUST_000524,TMDB_M_4247,3,2026-07-23
RAT_0007667,CUST_000524,TMDB_M_62201,1,2026-11-13
RAT_0007668,CUST_000524,TMDB_M_83533,2,2026-08-09
RAT_0007669,CUST_000524,TMDB_T_228091,4,2026-07-06
RAT_0007670,CUST_000524,TMDB_T_291,5,2026-11-07
RAT_0007671,CUST_000524,TMDB_T_4376,2,2026-09-07
RAT_0007672,CUST_000524,TMDB_T_549,3,2026-05-28
RAT_0007673,CUST_000524,TMDB_T_57243,1,2026-09-22
RAT_0007674,CUST_000524,TMDB_T_59941,4,2026-08-17
RAT_0007675,CUST_000525,TMDB_M_1297842,4,2025-05-18
RAT_0007676,CUST_000525,TMDB_M_1572073,2,2026-01-19
RAT_0007677,CUST_000525,TMDB_M_181808,3,2025-11-24
RAT_0007678,CUST_000525,TMDB_M_22,3,2025-05-10
RAT_0007679,CUST_000525,TMDB_M_271110,5,2026-01-24
RAT_0007680,CUST_000525,TMDB_M_285,3,2026-01-02
RAT_0007681,CUST_000525,TMDB_M_4232,4,2025-05-03
RAT_0007682,CUST_000525,TMDB_M_674,3,2025-11-02
RAT_0007683,CUST_000525,TMDB_T_1431,5,2025-08-09
RAT_0007684,CUST_000525,TMDB_T_2221,3,2026-03-03
RAT_0007685,CUST_000525,TMDB_T_2261,5,2026-04-02
RAT_0007686,CUST_000525,TMDB_T_63174,3,2025-02-15
RAT_0007687,CUST_000525,TMDB_T_76479,5,2025-11-20
RAT_0007688,CUST_000525,TMDB_T_82873,4,2025-09-19
RAT_0007689,CUST_000526,TMDB_M_106,3,2026-03-18
RAT_0007690,CUST_000526,TMDB_M_1061474,2,2026-04-07
RAT_0007691,CUST_000526,TMDB_M_1236153,3,2026-03-07
RAT_0007692,CUST_000526,TMDB_T_4614,5,2026-03-19
RAT_0007693,CUST_000527,TMDB_M_933260,3,2025-07-12
RAT_0007694,CUST_000527,TMDB_T_4604,2,2025-08-18
RAT_0007695,CUST_000528,TMDB_M_1241982,4,2025-01-03
RAT_0007696,CUST_000528,TMDB_M_1311031,2,2024-10-03
RAT_0007697,CUST_000528,TMDB_M_1493859,3,2024-12-06
RAT_0007698,CUST_000528,TMDB_M_1572073,2,2025-01-17
RAT_0007699,CUST_000528,TMDB_M_933260,1,2024-09-30
RAT_0007700,CUST_000528,TMDB_T_1434,1,2025-01-27
RAT_0007701,CUST_000528,TMDB_T_46952,4,2024-10-13
RAT_0007702,CUST_000529,TMDB_M_1049471,4,2024-12-30
RAT_0007703,CUST_000529,TMDB_M_19592,4,2025-11-26
RAT_0007704,CUST_000529,TMDB_M_453395,4,2025-08-03
RAT_0007705,CUST_000529,TMDB_M_4935,3,2024-08-16
RAT_0007706,CUST_000529,TMDB_M_967941,3,2025-07-27
RAT_0007707,CUST_000529,TMDB_T_1417,2,2025-12-28
RAT_0007708,CUST_000529,TMDB_T_1668,3,2026-03-04
RAT_0007709,CUST_000529,TMDB_T_2224,5,2026-03-30
RAT_0007710,CUST_000529,TMDB_T_549,4,2024-11-06
RAT_0007711,CUST_000529,TMDB_T_60574,4,2026-02-14
RAT_0007712,CUST_000529,TMDB_T_94722,3,2026-03-30
RAT_0007713,CUST_000530,TMDB_M_11,3,2025-05-02
RAT_0007714,CUST_000530,TMDB_M_1119449,3,2025-04-08
RAT_0007715,CUST_000530,TMDB_M_1159559,5,2025-02-21
RAT_0007716,CUST_000530,TMDB_M_1198994,3,2025-08-25
RAT_0007717,CUST_000530,TMDB_M_1266127,4,2025-07-04
RAT_0007718,CUST_000530,TMDB_M_1418657,3,2025-10-31
RAT_0007719,CUST_000530,TMDB_M_1426297,4,2025-06-10
RAT_0007720,CUST_000530,TMDB_M_1600672,3,2026-04-08
RAT_0007721,CUST_000530,TMDB_M_1610418,2,2025-05-07
RAT_0007722,CUST_000530,TMDB_M_1653994,5,2025-05-13
RAT_0007723,CUST_000530,TMDB_M_1930,3,2026-04-08
RAT_0007724,CUST_000530,TMDB_M_324857,4,2025-06-23
RAT_0007725,CUST_000530,TMDB_M_378236,5,2025-02-23
RAT_0007726,CUST_000530,TMDB_M_424,4,2025-12-06
RAT_0007727,CUST_000530,TMDB_M_635302,4,2025-08-16
RAT_0007728,CUST_000530,TMDB_M_933260,2,2025-09-01
RAT_0007729,CUST_000530,TMDB_T_45790,3,2026-01-02
RAT_0007730,CUST_000530,TMDB_T_57243,3,2025-09-20
RAT_0007731,CUST_000530,TMDB_T_60572,4,2025-09-25
RAT_0007732,CUST_000530,TMDB_T_82873,3,2025-01-14
RAT_0007733,CUST_000530,TMDB_T_94722,2,2025-03-31
RAT_0007734,CUST_000530,TMDB_T_95557,4,2025-12-24
RAT_0007735,CUST_000530,TMDB_T_95897,4,2025-05-30
RAT_0007736,CUST_000531,TMDB_M_1038392,3,2025-11-17
RAT_0007737,CUST_000531,TMDB_M_122917,3,2025-11-19
RAT_0007738,CUST_000531,TMDB_M_1297454,3,2026-03-05
RAT_0007739,CUST_000531,TMDB_M_1297842,5,2025-08-23
RAT_0007740,CUST_000531,TMDB_M_1523145,1,2026-03-25
RAT_0007741,CUST_000531,TMDB_M_1572073,3,2026-02-22
RAT_0007742,CUST_000531,TMDB_M_1646142,3,2025-10-05
RAT_0007743,CUST_000531,TMDB_M_1646787,2,2026-03-27
RAT_0007744,CUST_000531,TMDB_M_414906,2,2026-02-22
RAT_0007745,CUST_000531,TMDB_M_876566,3,2026-04-04
RAT_0007746,CUST_000531,TMDB_T_112527,2,2025-10-25
RAT_0007747,CUST_000531,TMDB_T_127529,2,2026-01-10
RAT_0007748,CUST_000531,TMDB_T_1622,1,2026-02-22
RAT_0007749,CUST_000531,TMDB_T_2190,2,2026-02-16
RAT_0007750,CUST_000531,TMDB_T_66732,1,2026-01-22
RAT_0007751,CUST_000531,TMDB_T_790,3,2025-10-08
RAT_0007752,CUST_000531,TMDB_T_80748,3,2025-08-29
RAT_0007753,CUST_000532,TMDB_M_1078605,3,2025-05-19
RAT_0007754,CUST_000532,TMDB_M_1226863,4,2025-02-18
RAT_0007755,CUST_000532,TMDB_M_1297454,1,2025-09-21
RAT_0007756,CUST_000532,TMDB_M_19592,3,2025-11-09
RAT_0007757,CUST_000532,TMDB_M_269149,3,2025-01-23
RAT_0007758,CUST_000532,TMDB_M_346364,5,2026-04-05
RAT_0007759,CUST_000532,TMDB_M_389677,1,2026-03-03
RAT_0007760,CUST_000532,TMDB_M_447273,5,2025-12-10
RAT_0007761,CUST_000532,TMDB_M_497,1,2025-01-31
RAT_0007762,CUST_000532,TMDB_M_635302,2,2025-01-28
RAT_0007763,CUST_000532,TMDB_M_803796,3,2026-01-28
RAT_0007764,CUST_000532,TMDB_M_812,4,2026-01-06
RAT_0007765,CUST_000532,TMDB_M_879945,4,2025-11-26
RAT_0007766,CUST_000532,TMDB_M_953,5,2025-12-25
RAT_0007767,CUST_000532,TMDB_T_117465,4,2025-10-04
RAT_0007768,CUST_000532,TMDB_T_1434,4,2025-04-09
RAT_0007769,CUST_000532,TMDB_T_15260,3,2026-02-24
RAT_0007770,CUST_000532,TMDB_T_2221,3,2025-11-08
RAT_0007771,CUST_000532,TMDB_T_290856,2,2025-04-01
RAT_0007772,CUST_000532,TMDB_T_4087,1,2025-12-16
RAT_0007773,CUST_000532,TMDB_T_71728,1,2024-11-29
RAT_0007774,CUST_000532,TMDB_T_8962,3,2025-02-24
RAT_0007775,CUST_000533,TMDB_M_1268127,2,2026-03-25
RAT_0007776,CUST_000533,TMDB_M_1291335,3,2026-02-01
RAT_0007777,CUST_000533,TMDB_M_1316092,3,2025-06-16
RAT_0007778,CUST_000533,TMDB_M_1325734,4,2025-08-08
RAT_0007779,CUST_000533,TMDB_M_1408208,2,2025-12-06
RAT_0007780,CUST_000533,TMDB_M_502356,1,2026-03-03
RAT_0007781,CUST_000533,TMDB_T_241609,4,2025-06-06
RAT_0007782,CUST_000533,TMDB_T_279471,1,2025-05-28
RAT_0007783,CUST_000533,TMDB_T_549,5,2025-06-18
RAT_0007784,CUST_000534,TMDB_M_12153,3,2025-05-18
RAT_0007785,CUST_000534,TMDB_M_1523145,4,2025-10-02
RAT_0007786,CUST_000534,TMDB_M_22,3,2025-09-08
RAT_0007787,CUST_000534,TMDB_M_228150,3,2026-03-17
RAT_0007788,CUST_000534,TMDB_M_285,1,2026-03-19
RAT_0007789,CUST_000534,TMDB_M_662707,3,2025-12-12
RAT_0007790,CUST_000534,TMDB_T_1435,3,2026-02-23
RAT_0007791,CUST_000534,TMDB_T_154770,3,2025-05-16
RAT_0007792,CUST_000534,TMDB_T_2190,3,2025-05-06
RAT_0007793,CUST_000534,TMDB_T_4057,2,2025-12-12
RAT_0007794,CUST_000534,TMDB_T_4614,1,2025-11-27
RAT_0007795,CUST_000534,TMDB_T_61818,4,2025-12-29
RAT_0007796,CUST_000534,TMDB_T_66732,2,2026-02-25
RAT_0007797,CUST_000535,TMDB_M_1054867,4,2025-12-16
RAT_0007798,CUST_000535,TMDB_M_11036,2,2025-06-02
RAT_0007799,CUST_000535,TMDB_M_1159559,4,2025-11-09
RAT_0007800,CUST_000535,TMDB_M_1171145,1,2025-03-22
RAT_0007801,CUST_000535,TMDB_M_1214931,3,2025-07-27
RAT_0007802,CUST_000535,TMDB_M_1306368,3,2026-04-03
RAT_0007803,CUST_000535,TMDB_M_1317672,3,2025-11-05
RAT_0007804,CUST_000535,TMDB_M_1325734,2,2025-05-04
RAT_0007805,CUST_000535,TMDB_M_1327862,5,2024-12-24
RAT_0007806,CUST_000535,TMDB_M_1487320,1,2025-04-06
RAT_0007807,CUST_000535,TMDB_M_1630433,4,2025-11-23
RAT_0007808,CUST_000535,TMDB_M_1653994,2,2025-04-13
RAT_0007809,CUST_000535,TMDB_M_330457,4,2024-12-02
RAT_0007810,CUST_000535,TMDB_T_1431,4,2025-06-22
RAT_0007811,CUST_000535,TMDB_T_17610,2,2025-02-28
RAT_0007812,CUST_000535,TMDB_T_61818,1,2025-06-18
RAT_0007813,CUST_000535,TMDB_T_76479,5,2025-03-22
RAT_0007814,CUST_000535,TMDB_T_87917,2,2025-10-05
RAT_0007815,CUST_000536,TMDB_M_121,3,2026-02-08
RAT_0007816,CUST_000536,TMDB_M_12444,1,2026-04-04
RAT_0007817,CUST_000536,TMDB_M_1610418,3,2026-04-07
RAT_0007818,CUST_000536,TMDB_M_271110,1,2026-02-16
RAT_0007819,CUST_000536,TMDB_M_762509,2,2026-03-04
RAT_0007820,CUST_000536,TMDB_T_119051,5,2026-03-12
RAT_0007821,CUST_000536,TMDB_T_1399,5,2026-03-10
RAT_0007822,CUST_000536,TMDB_T_1705,2,2026-02-28
RAT_0007823,CUST_000536,TMDB_T_30981,2,2026-03-11
RAT_0007824,CUST_000536,TMDB_T_34524,4,2026-04-10
RAT_0007825,CUST_000536,TMDB_T_42009,2,2026-03-30
RAT_0007826,CUST_000536,TMDB_T_66732,2,2026-04-08
RAT_0007827,CUST_000537,TMDB_M_1159831,4,2026-01-01
RAT_0007828,CUST_000537,TMDB_M_313369,5,2026-02-11
RAT_0007829,CUST_000537,TMDB_M_419430,3,2026-03-28
RAT_0007830,CUST_000537,TMDB_M_429,4,2026-03-30
RAT_0007831,CUST_000537,TMDB_T_124364,5,2026-02-21
RAT_0007832,CUST_000537,TMDB_T_4177,3,2025-12-07
RAT_0007833,CUST_000537,TMDB_T_502,3,2026-04-02
RAT_0007834,CUST_000538,TMDB_M_1087891,2,2025-11-28
RAT_0007835,CUST_000538,TMDB_M_1242898,3,2024-11-27
RAT_0007836,CUST_000538,TMDB_M_1307373,3,2025-06-17
RAT_0007837,CUST_000538,TMDB_M_1381216,4,2024-08-23
RAT_0007838,CUST_000538,TMDB_M_1412598,4,2025-11-25
RAT_0007839,CUST_000538,TMDB_M_680,2,2025-05-03
RAT_0007840,CUST_000538,TMDB_T_2190,5,2025-08-31
RAT_0007841,CUST_000538,TMDB_T_34307,4,2025-09-24
RAT_0007842,CUST_000538,TMDB_T_37680,2,2024-08-15
RAT_0007843,CUST_000538,TMDB_T_790,4,2025-08-27
RAT_0007844,CUST_000538,TMDB_T_94722,4,2026-02-01
RAT_0007845,CUST_000539,TMDB_M_120,3,2026-01-27
RAT_0007846,CUST_000539,TMDB_M_4935,5,2026-02-23
RAT_0007847,CUST_000539,TMDB_M_665,4,2026-03-09
RAT_0007848,CUST_000539,TMDB_M_677638,3,2025-10-28
RAT_0007849,CUST_000539,TMDB_M_8966,2,2026-04-05
RAT_0007850,CUST_000539,TMDB_M_939243,2,2025-12-10
RAT_0007851,CUST_000539,TMDB_T_100088,2,2025-12-03
RAT_0007852,CUST_000539,TMDB_T_1408,4,2026-03-20
RAT_0007853,CUST_000539,TMDB_T_60735,5,2025-11-30
RAT_0007854,CUST_000540,TMDB_M_10681,2,2025-11-15
RAT_0007855,CUST_000540,TMDB_M_1291335,2,2026-01-13
RAT_0007856,CUST_000540,TMDB_M_1327819,1,2025-06-07
RAT_0007857,CUST_000540,TMDB_M_1635276,4,2026-03-24
RAT_0007858,CUST_000540,TMDB_T_1396,3,2025-06-18
RAT_0007859,CUST_000540,TMDB_T_15260,2,2026-01-24
RAT_0007860,CUST_000540,TMDB_T_279388,4,2025-09-21
RAT_0007861,CUST_000540,TMDB_T_30981,3,2025-11-21
RAT_0007862,CUST_000541,TMDB_M_1019420,3,2026-03-24
RAT_0007863,CUST_000541,TMDB_M_11036,4,2026-04-06
RAT_0007864,CUST_000541,TMDB_M_120,1,2026-02-21
RAT_0007865,CUST_000541,TMDB_M_1266990,3,2026-03-30
RAT_0007866,CUST_000541,TMDB_M_1268127,3,2026-02-17
RAT_0007867,CUST_000541,TMDB_M_1314786,3,2026-03-05
RAT_0007868,CUST_000541,TMDB_M_1316092,2,2026-04-10
RAT_0007869,CUST_000541,TMDB_M_1317288,2,2026-03-21
RAT_0007870,CUST_000541,TMDB_M_1367642,3,2026-03-16
RAT_0007871,CUST_000541,TMDB_M_493125,3,2026-04-07
RAT_0007872,CUST_000541,TMDB_M_510,2,2026-04-10
RAT_0007873,CUST_000541,TMDB_M_83533,3,2026-03-09
RAT_0007874,CUST_000541,TMDB_T_119051,5,2026-01-12
RAT_0007875,CUST_000541,TMDB_T_120089,4,2026-01-20
RAT_0007876,CUST_000541,TMDB_T_127529,2,2026-03-16
RAT_0007877,CUST_000541,TMDB_T_1396,4,2026-03-02
RAT_0007878,CUST_000541,TMDB_T_1415,2,2026-03-26
RAT_0007879,CUST_000541,TMDB_T_1416,5,2026-02-26
RAT_0007880,CUST_000541,TMDB_T_154770,5,2026-03-04
RAT_0007881,CUST_000541,TMDB_T_278573,2,2026-02-19
RAT_0007882,CUST_000541,TMDB_T_46296,4,2026-03-15
RAT_0007883,CUST_000541,TMDB_T_71790,3,2026-02-18
RAT_0007884,CUST_000541,TMDB_T_72517,4,2026-03-08
RAT_0007885,CUST_000542,TMDB_M_1084187,5,2025-11-23
RAT_0007886,CUST_000542,TMDB_M_1276704,1,2025-12-03
RAT_0007887,CUST_000542,TMDB_M_1284496,5,2026-03-08
RAT_0007888,CUST_000542,TMDB_M_1480382,5,2026-01-30
RAT_0007889,CUST_000542,TMDB_M_1493859,3,2025-09-23
RAT_0007890,CUST_000542,TMDB_M_1539104,2,2025-10-31
RAT_0007891,CUST_000542,TMDB_M_19404,3,2026-01-29
RAT_0007892,CUST_000542,TMDB_M_259694,4,2026-02-18
RAT_0007893,CUST_000542,TMDB_M_58008,4,2025-12-16
RAT_0007894,CUST_000542,TMDB_M_967,4,2026-03-17
RAT_0007895,CUST_000542,TMDB_M_999136,4,2025-10-31
RAT_0007896,CUST_000542,TMDB_T_1399,4,2026-04-06
RAT_0007897,CUST_000542,TMDB_T_1415,2,2026-03-13
RAT_0007898,CUST_000542,TMDB_T_1416,2,2025-11-17
RAT_0007899,CUST_000542,TMDB_T_14981,2,2025-10-18
RAT_0007900,CUST_000542,TMDB_T_195670,3,2026-01-05
RAT_0007901,CUST_000542,TMDB_T_2316,5,2026-03-07
RAT_0007902,CUST_000542,TMDB_T_278573,2,2025-12-17
RAT_0007903,CUST_000542,TMDB_T_32415,2,2025-11-05
RAT_0007904,CUST_000542,TMDB_T_32798,2,2025-12-23
RAT_0007905,CUST_000542,TMDB_T_3562,3,2026-03-04
RAT_0007906,CUST_000543,TMDB_M_1019420,3,2025-03-17
RAT_0007907,CUST_000543,TMDB_M_1022787,4,2025-04-24
RAT_0007908,CUST_000543,TMDB_M_1038392,3,2025-04-08
RAT_0007909,CUST_000543,TMDB_M_107257,3,2024-12-03
RAT_0007910,CUST_000543,TMDB_M_1100988,1,2025-09-30
RAT_0007911,CUST_000543,TMDB_M_1246049,3,2025-12-17
RAT_0007912,CUST_000543,TMDB_M_1304313,3,2025-05-15
RAT_0007913,CUST_000543,TMDB_M_1325734,5,2026-03-16
RAT_0007914,CUST_000543,TMDB_M_1327862,2,2025-08-31
RAT_0007915,CUST_000543,TMDB_M_1367642,5,2025-07-27
RAT_0007916,CUST_000543,TMDB_M_1426297,4,2026-03-21
RAT_0007917,CUST_000543,TMDB_M_1511417,5,2024-12-31
RAT_0007918,CUST_000543,TMDB_M_1523145,3,2025-06-19
RAT_0007919,CUST_000543,TMDB_M_293660,1,2026-01-19
RAT_0007920,CUST_000543,TMDB_M_348,3,2025-08-11
RAT_0007921,CUST_000543,TMDB_M_615,3,2025-09-27
RAT_0007922,CUST_000543,TMDB_M_646385,2,2025-04-10
RAT_0007923,CUST_000543,TMDB_M_8358,3,2025-10-24
RAT_0007924,CUST_000543,TMDB_M_912649,1,2025-01-16
RAT_0007925,CUST_000543,TMDB_T_202411,4,2025-03-17
RAT_0007926,CUST_000543,TMDB_T_2261,2,2024-12-03
RAT_0007927,CUST_000543,TMDB_T_34524,4,2025-11-20
RAT_0007928,CUST_000543,TMDB_T_5092,3,2024-12-25
RAT_0007929,CUST_000543,TMDB_T_60059,2,2025-05-22
RAT_0007930,CUST_000543,TMDB_T_65503,3,2025-05-14
RAT_0007931,CUST_000543,TMDB_T_95479,2,2025-09-30
RAT_0007932,CUST_000544,TMDB_M_10681,5,2024-06-20
RAT_0007933,CUST_000544,TMDB_M_12,3,2025-08-01
RAT_0007934,CUST_000544,TMDB_M_1387382,4,2026-04-11
RAT_0007935,CUST_000544,TMDB_M_1600672,4,2025-11-24
RAT_0007936,CUST_000544,TMDB_M_1653994,2,2026-02-18
RAT_0007937,CUST_000544,TMDB_M_177572,5,2025-03-15
RAT_0007938,CUST_000544,TMDB_M_429617,3,2026-02-22
RAT_0007939,CUST_000544,TMDB_M_677638,3,2024-07-23
RAT_0007940,CUST_000544,TMDB_M_863,5,2025-11-11
RAT_0007941,CUST_000544,TMDB_T_12971,3,2025-09-16
RAT_0007942,CUST_000544,TMDB_T_2734,5,2024-08-03
RAT_0007943,CUST_000544,TMDB_T_35007,5,2026-04-11
RAT_0007944,CUST_000544,TMDB_T_4588,4,2025-06-14
RAT_0007945,CUST_000544,TMDB_T_4629,5,2025-08-22
RAT_0007946,CUST_000544,TMDB_T_502,3,2026-01-20
RAT_0007947,CUST_000544,TMDB_T_57243,4,2025-08-26
RAT_0007948,CUST_000544,TMDB_T_68350,3,2024-08-24
RAT_0007949,CUST_000545,TMDB_M_10191,5,2025-11-07
RAT_0007950,CUST_000545,TMDB_M_106646,4,2025-12-01
RAT_0007951,CUST_000545,TMDB_M_11,3,2024-08-17
RAT_0007952,CUST_000545,TMDB_M_1327819,3,2024-11-07
RAT_0007953,CUST_000545,TMDB_M_1368166,4,2025-07-05
RAT_0007954,CUST_000545,TMDB_M_1865,3,2025-01-30
RAT_0007955,CUST_000545,TMDB_M_939243,2,2024-12-10
RAT_0007956,CUST_000545,TMDB_M_950387,2,2025-08-22
RAT_0007957,CUST_000545,TMDB_T_124364,2,2026-02-21
RAT_0007958,CUST_000545,TMDB_T_1705,5,2025-09-12
RAT_0007959,CUST_000545,TMDB_T_17610,2,2025-06-13
RAT_0007960,CUST_000545,TMDB_T_202411,4,2026-03-13
RAT_0007961,CUST_000545,TMDB_T_250307,4,2025-11-29
RAT_0007962,CUST_000545,TMDB_T_4177,3,2025-03-26
RAT_0007963,CUST_000545,TMDB_T_45790,3,2025-04-14
RAT_0007964,CUST_000545,TMDB_T_4607,4,2026-02-10
RAT_0007965,CUST_000545,TMDB_T_48866,5,2026-02-25
RAT_0007966,CUST_000545,TMDB_T_63770,2,2026-03-27
RAT_0007967,CUST_000545,TMDB_T_78191,4,2026-01-17
RAT_0007968,CUST_000546,TMDB_M_106646,4,2026-01-03
RAT_0007969,CUST_000546,TMDB_M_1523145,2,2026-02-26
RAT_0007970,CUST_000546,TMDB_T_1489,2,2026-02-21
RAT_0007971,CUST_000546,TMDB_T_209867,3,2026-01-02
RAT_0007972,CUST_000546,TMDB_T_32415,3,2026-01-04
RAT_0007973,CUST_000546,TMDB_T_44217,4,2025-12-16
RAT_0007974,CUST_000546,TMDB_T_5092,3,2025-12-19
RAT_0007975,CUST_000546,TMDB_T_73586,4,2026-02-26
RAT_0007976,CUST_000546,TMDB_T_790,2,2026-03-16
RAT_0007977,CUST_000546,TMDB_T_79744,4,2026-01-27
RAT_0007978,CUST_000546,TMDB_T_8962,2,2026-01-16
RAT_0007979,CUST_000547,TMDB_M_1007734,4,2026-01-02
RAT_0007980,CUST_000547,TMDB_M_102382,4,2025-12-23
RAT_0007981,CUST_000547,TMDB_M_11036,5,2026-02-25
RAT_0007982,CUST_000547,TMDB_M_1171145,2,2025-12-19
RAT_0007983,CUST_000547,TMDB_M_1192548,2,2026-03-13
RAT_0007984,CUST_000547,TMDB_M_1242501,2,2026-03-27
RAT_0007985,CUST_000547,TMDB_M_1325734,3,2026-01-28
RAT_0007986,CUST_000547,TMDB_M_1368166,3,2026-03-11
RAT_0007987,CUST_000547,TMDB_M_389,3,2026-04-01
RAT_0007988,CUST_000547,TMDB_M_402431,3,2025-12-15
RAT_0007989,CUST_000547,TMDB_M_666277,1,2026-03-29
RAT_0007990,CUST_000547,TMDB_M_773543,3,2026-02-20
RAT_0007991,CUST_000547,TMDB_M_941109,3,2026-01-27
RAT_0007992,CUST_000547,TMDB_M_98,4,2026-01-18
RAT_0007993,CUST_000547,TMDB_M_986056,3,2026-03-29
RAT_0007994,CUST_000547,TMDB_T_1412,3,2026-01-25
RAT_0007995,CUST_000547,TMDB_T_1415,1,2026-02-25
RAT_0007996,CUST_000547,TMDB_T_241609,4,2026-01-20
RAT_0007997,CUST_000547,TMDB_T_283123,2,2026-01-25
RAT_0007998,CUST_000547,TMDB_T_31910,3,2026-04-03
RAT_0007999,CUST_000547,TMDB_T_3562,3,2025-12-15
RAT_0008000,CUST_000547,TMDB_T_4177,2,2026-03-25
RAT_0008001,CUST_000547,TMDB_T_63174,1,2025-12-21
RAT_0008002,CUST_000547,TMDB_T_764,4,2026-04-01
RAT_0008003,CUST_000547,TMDB_T_79744,2,2026-01-27
RAT_0008004,CUST_000547,TMDB_T_82873,2,2026-03-31
RAT_0008005,CUST_000547,TMDB_T_85077,2,2026-02-24
RAT_0008006,CUST_000547,TMDB_T_85552,4,2026-03-22
RAT_0008007,CUST_000547,TMDB_T_8962,1,2026-02-25
RAT_0008008,CUST_000548,TMDB_M_1159559,3,2026-02-10
RAT_0008009,CUST_000548,TMDB_M_1241470,4,2025-08-05
RAT_0008010,CUST_000548,TMDB_M_999136,1,2025-07-30
RAT_0008011,CUST_000548,TMDB_T_3452,3,2025-07-22
RAT_0008012,CUST_000548,TMDB_T_60625,5,2025-11-29
RAT_0008013,CUST_000548,TMDB_T_65733,2,2025-11-17
RAT_0008014,CUST_000548,TMDB_T_94722,5,2026-04-11
RAT_0008015,CUST_000549,TMDB_M_1115544,4,2026-04-03
RAT_0008016,CUST_000549,TMDB_M_1465563,2,2026-04-01
RAT_0008017,CUST_000549,TMDB_M_1610418,3,2026-04-02
RAT_0008018,CUST_000549,TMDB_M_1611398,3,2026-03-29
RAT_0008019,CUST_000549,TMDB_M_346698,3,2026-03-28
RAT_0008020,CUST_000549,TMDB_M_466272,3,2026-03-30
RAT_0008021,CUST_000549,TMDB_M_58,4,2026-03-01
RAT_0008022,CUST_000549,TMDB_M_875828,5,2026-03-18
RAT_0008023,CUST_000549,TMDB_T_128318,2,2026-02-18
RAT_0008024,CUST_000549,TMDB_T_1399,3,2026-02-19
RAT_0008025,CUST_000549,TMDB_T_1417,1,2026-04-01
RAT_0008026,CUST_000549,TMDB_T_4614,4,2026-04-01
RAT_0008027,CUST_000549,TMDB_T_48866,3,2026-03-20
RAT_0008028,CUST_000549,TMDB_T_71790,3,2026-03-28
RAT_0008029,CUST_000550,TMDB_M_1084187,4,2025-11-18
RAT_0008030,CUST_000550,TMDB_M_1159559,3,2026-03-11
RAT_0008031,CUST_000550,TMDB_M_120,3,2026-03-01
RAT_0008032,CUST_000550,TMDB_M_1266127,5,2026-02-05
RAT_0008033,CUST_000550,TMDB_M_1646142,4,2025-09-26
RAT_0008034,CUST_000550,TMDB_M_646385,2,2026-03-25
RAT_0008035,CUST_000550,TMDB_M_83533,3,2026-02-10
RAT_0008036,CUST_000550,TMDB_M_876566,2,2025-12-03
RAT_0008037,CUST_000550,TMDB_T_1416,3,2026-04-04
RAT_0008038,CUST_000550,TMDB_T_1705,4,2026-01-31
RAT_0008039,CUST_000550,TMDB_T_17610,3,2026-03-01
RAT_0008040,CUST_000550,TMDB_T_202411,4,2026-03-15
RAT_0008041,CUST_000550,TMDB_T_202555,3,2026-02-10
RAT_0008042,CUST_000550,TMDB_T_278275,4,2025-11-21
RAT_0008043,CUST_000550,TMDB_T_34524,3,2026-02-06
RAT_0008044,CUST_000550,TMDB_T_4604,5,2026-04-05
RAT_0008045,CUST_000550,TMDB_T_4607,3,2026-03-23
RAT_0008046,CUST_000550,TMDB_T_65733,4,2025-10-12
RAT_0008047,CUST_000550,TMDB_T_79744,5,2026-02-10
RAT_0008048,CUST_000551,TMDB_M_1171145,3,2025-09-10
RAT_0008049,CUST_000551,TMDB_M_122,1,2025-10-30
RAT_0008050,CUST_000551,TMDB_M_1284496,3,2025-12-05
RAT_0008051,CUST_000551,TMDB_M_1290821,3,2026-03-15
RAT_0008052,CUST_000551,TMDB_M_1325734,1,2025-09-23
RAT_0008053,CUST_000551,TMDB_M_1635276,3,2026-01-25
RAT_0008054,CUST_000551,TMDB_M_52741,1,2025-01-31
RAT_0008055,CUST_000551,TMDB_M_62029,1,2025-09-27
RAT_0008056,CUST_000551,TMDB_T_119051,4,2025-04-04
RAT_0008057,CUST_000551,TMDB_T_1402,2,2025-01-07
RAT_0008058,CUST_000551,TMDB_T_1622,3,2025-10-21
RAT_0008059,CUST_000551,TMDB_T_17610,2,2026-03-21
RAT_0008060,CUST_000551,TMDB_T_1855,1,2026-01-19
RAT_0008061,CUST_000551,TMDB_T_2004,3,2025-03-15
RAT_0008062,CUST_000551,TMDB_T_2288,3,2025-02-13
RAT_0008063,CUST_000551,TMDB_T_32798,2,2026-02-19
RAT_0008064,CUST_000551,TMDB_T_42009,2,2025-05-26
RAT_0008065,CUST_000551,TMDB_T_4604,2,2025-11-11
RAT_0008066,CUST_000551,TMDB_T_549,3,2026-03-10
RAT_0008067,CUST_000551,TMDB_T_71728,1,2025-06-02
RAT_0008068,CUST_000551,TMDB_T_85077,4,2026-02-11
RAT_0008069,CUST_000551,TMDB_T_98031,2,2026-04-04
RAT_0008070,CUST_000552,TMDB_M_109445,4,2026-04-11
RAT_0008071,CUST_000552,TMDB_M_419430,2,2026-04-06
RAT_0008072,CUST_000552,TMDB_M_863,2,2026-04-07
RAT_0008073,CUST_000552,TMDB_T_1433,3,2026-04-04
RAT_0008074,CUST_000552,TMDB_T_237020,1,2026-04-08
RAT_0008075,CUST_000553,TMDB_M_1084187,3,2026-03-10
RAT_0008076,CUST_000553,TMDB_M_109445,2,2025-05-21
RAT_0008077,CUST_000553,TMDB_M_1191876,4,2025-12-08
RAT_0008078,CUST_000553,TMDB_M_1192548,5,2025-10-07
RAT_0008079,CUST_000553,TMDB_M_1218925,4,2026-03-10
RAT_0008080,CUST_000553,TMDB_M_1311031,5,2025-07-16
RAT_0008081,CUST_000553,TMDB_M_1620551,5,2026-03-15
RAT_0008082,CUST_000553,TMDB_M_1641319,4,2025-10-28
RAT_0008083,CUST_000553,TMDB_M_22,5,2026-02-26
RAT_0008084,CUST_000553,TMDB_M_324857,3,2025-04-26
RAT_0008085,CUST_000553,TMDB_M_337404,3,2025-04-30
RAT_0008086,CUST_000553,TMDB_M_389677,4,2026-02-09
RAT_0008087,CUST_000553,TMDB_M_630,3,2025-11-22
RAT_0008088,CUST_000553,TMDB_M_672,4,2026-03-26
RAT_0008089,CUST_000553,TMDB_M_762509,4,2025-03-24
RAT_0008090,CUST_000553,TMDB_M_8358,3,2025-11-22
RAT_0008091,CUST_000553,TMDB_M_9502,3,2026-03-25
RAT_0008092,CUST_000553,TMDB_T_33765,3,2025-07-25
RAT_0008093,CUST_000553,TMDB_T_68350,3,2026-03-23
RAT_0008094,CUST_000553,TMDB_T_71494,4,2025-10-04
RAT_0008095,CUST_000553,TMDB_T_8962,5,2026-01-27
RAT_0008096,CUST_000553,TMDB_T_95897,2,2025-06-26
RAT_0008097,CUST_000554,TMDB_T_154770,5,2024-12-17
RAT_0008098,CUST_000554,TMDB_T_32692,1,2024-12-10
RAT_0008099,CUST_000554,TMDB_T_44217,3,2024-12-13
RAT_0008100,CUST_000554,TMDB_T_4656,5,2024-12-16
RAT_0008101,CUST_000554,TMDB_T_60622,3,2024-11-18
RAT_0008102,CUST_000554,TMDB_T_70672,4,2024-12-10
RAT_0008103,CUST_000554,TMDB_T_764,1,2024-12-12
RAT_0008104,CUST_000555,TMDB_M_1167307,4,2026-01-22
RAT_0008105,CUST_000555,TMDB_M_1339876,4,2025-07-16
RAT_0008106,CUST_000555,TMDB_M_14836,4,2025-03-23
RAT_0008107,CUST_000555,TMDB_M_1523145,5,2025-10-06
RAT_0008108,CUST_000555,TMDB_M_1575337,3,2026-01-28
RAT_0008109,CUST_000555,TMDB_M_508947,5,2025-06-25
RAT_0008110,CUST_000555,TMDB_T_108978,4,2024-09-24
RAT_0008111,CUST_000555,TMDB_T_1417,2,2024-11-11
RAT_0008112,CUST_000555,TMDB_T_2224,5,2026-04-08
RAT_0008113,CUST_000555,TMDB_T_2288,5,2025-01-22
RAT_0008114,CUST_000555,TMDB_T_60735,5,2025-06-21
RAT_0008115,CUST_000555,TMDB_T_65503,5,2024-10-28
RAT_0008116,CUST_000555,TMDB_T_76479,5,2024-12-07
RAT_0008117,CUST_000556,TMDB_M_1171145,4,2026-04-08
RAT_0008118,CUST_000556,TMDB_M_1236153,3,2026-03-10
RAT_0008119,CUST_000556,TMDB_M_1526650,3,2026-04-01
RAT_0008120,CUST_000556,TMDB_M_19995,4,2026-03-24
RAT_0008121,CUST_000556,TMDB_M_24428,3,2026-04-09
RAT_0008122,CUST_000556,TMDB_M_617126,3,2026-03-14
RAT_0008123,CUST_000556,TMDB_T_2190,3,2026-03-11
RAT_0008124,CUST_000556,TMDB_T_220150,4,2026-03-13
RAT_0008125,CUST_000556,TMDB_T_4604,3,2026-04-01
RAT_0008126,CUST_000556,TMDB_T_46260,2,2026-03-24
RAT_0008127,CUST_000556,TMDB_T_76572,3,2026-03-09
RAT_0008128,CUST_000556,TMDB_T_8962,4,2026-03-31
RAT_0008129,CUST_000556,TMDB_T_95897,3,2026-04-02
RAT_0008130,CUST_000557,TMDB_M_1015606,2,2025-11-12
RAT_0008131,CUST_000557,TMDB_M_10193,2,2026-01-28
RAT_0008132,CUST_000557,TMDB_M_1218925,4,2024-06-19
RAT_0008133,CUST_000557,TMDB_M_1314481,3,2024-07-20
RAT_0008134,CUST_000557,TMDB_M_1327819,2,2026-04-01
RAT_0008135,CUST_000557,TMDB_M_1523145,4,2025-02-23
RAT_0008136,CUST_000557,TMDB_M_177572,3,2025-02-25
RAT_0008137,CUST_000557,TMDB_M_272,1,2025-02-08
RAT_0008138,CUST_000557,TMDB_M_329505,4,2024-06-28
RAT_0008139,CUST_000557,TMDB_M_502356,3,2025-03-15
RAT_0008140,CUST_000557,TMDB_M_848116,2,2025-02-05
RAT_0008141,CUST_000557,TMDB_T_1411,2,2025-03-19
RAT_0008142,CUST_000557,TMDB_T_1415,1,2026-01-06
RAT_0008143,CUST_000557,TMDB_T_202555,5,2025-02-09
RAT_0008144,CUST_000557,TMDB_T_2224,1,2025-08-03
RAT_0008145,CUST_000557,TMDB_T_278275,4,2025-09-27
RAT_0008146,CUST_000557,TMDB_T_32798,1,2024-10-29
RAT_0008147,CUST_000557,TMDB_T_44006,3,2024-09-20
RAT_0008148,CUST_000557,TMDB_T_45790,2,2024-11-09
RAT_0008149,CUST_000557,TMDB_T_56570,1,2026-02-28
RAT_0008150,CUST_000557,TMDB_T_60735,4,2024-12-03
RAT_0008151,CUST_000557,TMDB_T_76479,3,2024-09-13
RAT_0008152,CUST_000558,TMDB_M_122,5,2025-12-31
RAT_0008153,CUST_000558,TMDB_M_1234731,3,2026-03-07
RAT_0008154,CUST_000558,TMDB_M_12509,2,2026-02-14
RAT_0008155,CUST_000558,TMDB_M_1480382,3,2026-02-19
RAT_0008156,CUST_000558,TMDB_M_1630433,4,2026-04-02
RAT_0008157,CUST_000558,TMDB_M_630,3,2026-03-30
RAT_0008158,CUST_000558,TMDB_M_637649,1,2026-03-16
RAT_0008159,CUST_000558,TMDB_M_985939,2,2025-12-17
RAT_0008160,CUST_000558,TMDB_T_34307,3,2026-03-28
RAT_0008161,CUST_000558,TMDB_T_456,2,2026-02-03
RAT_0008162,CUST_000558,TMDB_T_95479,4,2026-03-14
RAT_0008163,CUST_000559,TMDB_M_106,5,2025-10-24
RAT_0008164,CUST_000559,TMDB_M_1119449,5,2026-02-18
RAT_0008165,CUST_000559,TMDB_M_11324,3,2026-02-09
RAT_0008166,CUST_000559,TMDB_M_1196067,3,2025-08-04
RAT_0008167,CUST_000559,TMDB_M_1228246,4,2025-05-25
RAT_0008168,CUST_000559,TMDB_M_12509,3,2026-02-28
RAT_0008169,CUST_000559,TMDB_M_1422,2,2025-08-18
RAT_0008170,CUST_000559,TMDB_M_1658216,3,2025-05-08
RAT_0008171,CUST_000559,TMDB_M_19995,2,2026-02-09
RAT_0008172,CUST_000559,TMDB_M_2288,2,2025-09-18
RAT_0008173,CUST_000559,TMDB_M_286217,4,2026-01-02
RAT_0008174,CUST_000559,TMDB_M_533533,2,2025-06-26
RAT_0008175,CUST_000559,TMDB_M_62,4,2025-10-09
RAT_0008176,CUST_000559,TMDB_M_634649,4,2025-04-29
RAT_0008177,CUST_000559,TMDB_M_83533,1,2025-04-30
RAT_0008178,CUST_000559,TMDB_M_872585,3,2025-09-01
RAT_0008179,CUST_000559,TMDB_M_911430,3,2025-11-23
RAT_0008180,CUST_000559,TMDB_M_969681,4,2026-01-29
RAT_0008181,CUST_000559,TMDB_T_1415,3,2025-10-29
RAT_0008182,CUST_000559,TMDB_T_2661,2,2026-01-16
RAT_0008183,CUST_000559,TMDB_T_278275,4,2025-06-22
RAT_0008184,CUST_000559,TMDB_T_44006,1,2025-05-20
RAT_0008185,CUST_000559,TMDB_T_46296,2,2025-09-13
RAT_0008186,CUST_000559,TMDB_T_60735,2,2026-01-25
RAT_0008187,CUST_000559,TMDB_T_62223,2,2025-05-04
RAT_0008188,CUST_000559,TMDB_T_72517,3,2025-12-15
RAT_0008189,CUST_000560,TMDB_M_10191,3,2025-05-26
RAT_0008190,CUST_000560,TMDB_M_1159831,3,2025-12-22
RAT_0008191,CUST_000560,TMDB_M_1214931,4,2025-06-03
RAT_0008192,CUST_000560,TMDB_M_1234731,4,2025-06-21
RAT_0008193,CUST_000560,TMDB_M_1487320,5,2025-11-29
RAT_0008194,CUST_000560,TMDB_M_350,4,2025-05-21
RAT_0008195,CUST_000560,TMDB_M_389,1,2025-07-03
RAT_0008196,CUST_000560,TMDB_M_502356,3,2025-06-30
RAT_0008197,CUST_000560,TMDB_M_533533,4,2024-10-03
RAT_0008198,CUST_000560,TMDB_M_755898,4,2025-04-21
RAT_0008199,CUST_000560,TMDB_M_803796,5,2024-07-03
RAT_0008200,CUST_000560,TMDB_M_8966,3,2025-02-15
RAT_0008201,CUST_000560,TMDB_T_127529,5,2026-02-08
RAT_0008202,CUST_000560,TMDB_T_12971,1,2025-02-16
RAT_0008203,CUST_000560,TMDB_T_1407,3,2026-04-04
RAT_0008204,CUST_000560,TMDB_T_1415,2,2025-06-12
RAT_0008205,CUST_000560,TMDB_T_1695,4,2025-02-07
RAT_0008206,CUST_000560,TMDB_T_19530,4,2025-10-08
RAT_0008207,CUST_000560,TMDB_T_290856,1,2025-05-24
RAT_0008208,CUST_000560,TMDB_T_76572,1,2024-08-20
RAT_0008209,CUST_000560,TMDB_T_85552,2,2024-11-15
RAT_0008210,CUST_000561,TMDB_M_1168190,4,2026-02-14
RAT_0008211,CUST_000561,TMDB_M_1381216,3,2026-03-28
RAT_0008212,CUST_000561,TMDB_M_1470130,5,2026-02-03
RAT_0008213,CUST_000561,TMDB_M_1641319,1,2026-03-09
RAT_0008214,CUST_000561,TMDB_M_508947,5,2026-02-17
RAT_0008215,CUST_000561,TMDB_M_812037,4,2026-03-15
RAT_0008216,CUST_000561,TMDB_T_2122,2,2026-03-06
RAT_0008217,CUST_000561,TMDB_T_35674,4,2026-02-18
RAT_0008218,CUST_000561,TMDB_T_46296,3,2026-03-13
RAT_0008219,CUST_000561,TMDB_T_73586,3,2026-04-11
RAT_0008220,CUST_000561,TMDB_T_79744,1,2026-02-17
RAT_0008221,CUST_000562,TMDB_M_1010581,4,2026-02-02
RAT_0008222,CUST_000562,TMDB_M_1084187,3,2026-04-10
RAT_0008223,CUST_000562,TMDB_M_1196067,2,2026-04-08
RAT_0008224,CUST_000562,TMDB_M_1539104,3,2026-02-26
RAT_0008225,CUST_000562,TMDB_M_19995,1,2026-03-22
RAT_0008226,CUST_000562,TMDB_M_269955,2,2026-04-07
RAT_0008227,CUST_000562,TMDB_M_335983,1,2026-02-18
RAT_0008228,CUST_000562,TMDB_M_361743,3,2026-03-07
RAT_0008229,CUST_000562,TMDB_M_490132,2,2026-02-12
RAT_0008230,CUST_000562,TMDB_M_912649,4,2026-02-03
RAT_0008231,CUST_000562,TMDB_T_119051,2,2026-03-16
RAT_0008232,CUST_000562,TMDB_T_120089,4,2026-02-19
RAT_0008233,CUST_000562,TMDB_T_1396,3,2026-01-31
RAT_0008234,CUST_000562,TMDB_T_220150,2,2026-02-24
RAT_0008235,CUST_000562,TMDB_T_40663,3,2026-03-08
RAT_0008236,CUST_000562,TMDB_T_42009,3,2026-04-09
RAT_0008237,CUST_000562,TMDB_T_61818,1,2026-02-16
RAT_0008238,CUST_000562,TMDB_T_66732,2,2026-01-29
RAT_0008239,CUST_000562,TMDB_T_76479,3,2026-03-18
RAT_0008240,CUST_000562,TMDB_T_94722,3,2026-03-29
RAT_0008241,CUST_000563,TMDB_M_1054867,5,2025-05-29
RAT_0008242,CUST_000563,TMDB_M_122,5,2025-09-11
RAT_0008243,CUST_000563,TMDB_M_12444,5,2025-12-27
RAT_0008244,CUST_000563,TMDB_M_12445,4,2025-05-09
RAT_0008245,CUST_000563,TMDB_M_1265609,5,2024-12-01
RAT_0008246,CUST_000563,TMDB_M_1268127,5,2026-02-21
RAT_0008247,CUST_000563,TMDB_M_1359,5,2025-10-08
RAT_0008248,CUST_000563,TMDB_M_1419406,3,2024-11-26
RAT_0008249,CUST_000563,TMDB_M_1511417,4,2026-02-20
RAT_0008250,CUST_000563,TMDB_M_177572,5,2025-02-10
RAT_0008251,CUST_000563,TMDB_M_198663,5,2026-04-05
RAT_0008252,CUST_000563,TMDB_M_524047,2,2025-12-20
RAT_0008253,CUST_000563,TMDB_M_562,2,2025-07-18
RAT_0008254,CUST_000563,TMDB_M_672,3,2024-11-22
RAT_0008255,CUST_000563,TMDB_M_675,3,2024-07-31
RAT_0008256,CUST_000563,TMDB_M_7451,3,2026-01-05
RAT_0008257,CUST_000563,TMDB_M_76341,5,2024-08-09
RAT_0008258,CUST_000563,TMDB_M_985939,4,2025-08-26
RAT_0008259,CUST_000563,TMDB_T_119051,4,2025-11-19
RAT_0008260,CUST_000563,TMDB_T_1399,4,2025-05-03
RAT_0008261,CUST_000563,TMDB_T_1855,4,2025-06-20
RAT_0008262,CUST_000563,TMDB_T_2316,4,2025-04-17
RAT_0008263,CUST_000563,TMDB_T_2734,5,2025-09-26
RAT_0008264,CUST_000563,TMDB_T_42009,4,2026-01-27
RAT_0008265,CUST_000563,TMDB_T_4604,5,2025-06-12
RAT_0008266,CUST_000563,TMDB_T_4629,4,2025-12-17
RAT_0008267,CUST_000563,TMDB_T_59941,4,2025-08-13
RAT_0008268,CUST_000563,TMDB_T_693,3,2026-01-17
RAT_0008269,CUST_000564,TMDB_M_1022789,1,2025-03-30
RAT_0008270,CUST_000564,TMDB_M_1083637,4,2025-03-30
RAT_0008271,CUST_000564,TMDB_M_1135873,1,2025-03-12
RAT_0008272,CUST_000564,TMDB_M_1175942,2,2026-02-10
RAT_0008273,CUST_000564,TMDB_M_1214871,1,2025-12-14
RAT_0008274,CUST_000564,TMDB_M_122917,1,2025-06-10
RAT_0008275,CUST_000564,TMDB_M_1248226,2,2025-12-03
RAT_0008276,CUST_000564,TMDB_M_1305781,3,2026-03-18
RAT_0008277,CUST_000564,TMDB_M_1439112,2,2025-05-02
RAT_0008278,CUST_000564,TMDB_M_1480382,5,2025-07-28
RAT_0008279,CUST_000564,TMDB_M_226674,4,2025-06-27
RAT_0008280,CUST_000564,TMDB_M_244786,3,2025-06-14
RAT_0008281,CUST_000564,TMDB_M_3558,3,2025-08-10
RAT_0008282,CUST_000564,TMDB_M_539972,3,2025-04-12
RAT_0008283,CUST_000564,TMDB_M_541671,3,2025-09-20
RAT_0008284,CUST_000564,TMDB_M_567609,1,2025-10-03
RAT_0008285,CUST_000564,TMDB_M_59,4,2026-01-26
RAT_0008286,CUST_000564,TMDB_M_617126,3,2025-09-12
RAT_0008287,CUST_000564,TMDB_M_798645,2,2025-03-18
RAT_0008288,CUST_000564,TMDB_M_86501,3,2025-04-28
RAT_0008289,CUST_000564,TMDB_T_18165,5,2026-01-30
RAT_0008290,CUST_000564,TMDB_T_202411,4,2025-04-22
RAT_0008291,CUST_000564,TMDB_T_2171,4,2025-04-28
RAT_0008292,CUST_000564,TMDB_T_2190,5,2025-07-02
RAT_0008293,CUST_000564,TMDB_T_2661,3,2026-01-03
RAT_0008294,CUST_000564,TMDB_T_290856,4,2026-01-22
RAT_0008295,CUST_000564,TMDB_T_291,3,2025-08-02
RAT_0008296,CUST_000564,TMDB_T_4656,2,2026-02-13
RAT_0008297,CUST_000564,TMDB_T_59941,3,2025-06-27
RAT_0008298,CUST_000564,TMDB_T_62650,2,2025-02-27
RAT_0008299,CUST_000564,TMDB_T_79744,5,2025-04-06
RAT_0008300,CUST_000564,TMDB_T_87917,3,2025-11-16
RAT_0008301,CUST_000565,TMDB_M_1084242,2,2026-02-02
RAT_0008302,CUST_000565,TMDB_M_1276038,3,2026-02-12
RAT_0008303,CUST_000565,TMDB_M_1290417,3,2026-02-16
RAT_0008304,CUST_000565,TMDB_M_1291608,4,2025-01-16
RAT_0008305,CUST_000565,TMDB_M_1297842,3,2025-01-03
RAT_0008306,CUST_000565,TMDB_M_1339876,4,2025-01-27
RAT_0008307,CUST_000565,TMDB_M_20352,4,2026-02-20
RAT_0008308,CUST_000565,TMDB_M_329505,2,2025-06-30
RAT_0008309,CUST_000565,TMDB_M_330457,4,2025-06-05
RAT_0008310,CUST_000565,TMDB_M_412117,4,2024-09-30
RAT_0008311,CUST_000565,TMDB_M_447273,2,2024-12-21
RAT_0008312,CUST_000565,TMDB_M_519182,3,2026-01-31
RAT_0008313,CUST_000565,TMDB_M_552524,2,2025-12-16
RAT_0008314,CUST_000565,TMDB_M_680493,1,2024-08-18
RAT_0008315,CUST_000565,TMDB_M_848116,1,2024-11-30
RAT_0008316,CUST_000565,TMDB_M_879945,5,2025-07-28
RAT_0008317,CUST_000565,TMDB_T_12225,3,2024-12-08
RAT_0008318,CUST_000565,TMDB_T_127529,1,2024-11-18
RAT_0008319,CUST_000565,TMDB_T_1622,3,2025-09-19
RAT_0008320,CUST_000565,TMDB_T_19530,2,2026-02-28
RAT_0008321,CUST_000565,TMDB_T_1973,2,2025-11-14
RAT_0008322,CUST_000565,TMDB_T_2661,2,2026-03-12
RAT_0008323,CUST_000565,TMDB_T_30984,4,2026-02-05
RAT_0008324,CUST_000565,TMDB_T_37854,3,2025-02-10
RAT_0008325,CUST_000565,TMDB_T_57243,3,2026-02-25
RAT_0008326,CUST_000565,TMDB_T_65733,3,2025-12-26
RAT_0008327,CUST_000565,TMDB_T_67460,2,2025-09-10
RAT_0008328,CUST_000565,TMDB_T_87917,1,2024-11-27
RAT_0008329,CUST_000566,TMDB_M_10138,2,2026-01-06
RAT_0008330,CUST_000566,TMDB_M_1084187,2,2026-03-21
RAT_0008331,CUST_000566,TMDB_M_11,4,2025-12-02
RAT_0008332,CUST_000566,TMDB_M_122,4,2025-09-27
RAT_0008333,CUST_000566,TMDB_M_1226863,3,2026-03-16
RAT_0008334,CUST_000566,TMDB_M_20352,2,2026-01-30
RAT_0008335,CUST_000566,TMDB_M_412117,4,2025-11-21
RAT_0008336,CUST_000566,TMDB_M_447273,2,2025-11-13
RAT_0008337,CUST_000566,TMDB_M_453395,4,2026-02-13
RAT_0008338,CUST_000566,TMDB_M_545611,3,2025-11-29
RAT_0008339,CUST_000566,TMDB_M_773543,2,2025-09-28
RAT_0008340,CUST_000566,TMDB_T_110075,3,2026-02-28
RAT_0008341,CUST_000566,TMDB_T_1402,3,2026-01-02
RAT_0008342,CUST_000566,TMDB_T_1433,4,2026-02-27
RAT_0008343,CUST_000566,TMDB_T_2288,4,2026-04-02
RAT_0008344,CUST_000566,TMDB_T_34524,3,2025-09-27
RAT_0008345,CUST_000566,TMDB_T_62223,4,2025-11-14
RAT_0008346,CUST_000566,TMDB_T_78191,4,2026-04-03
RAT_0008347,CUST_000567,TMDB_M_1167307,4,2025-12-24
RAT_0008348,CUST_000567,TMDB_M_157336,5,2025-11-08
RAT_0008349,CUST_000567,TMDB_M_1650558,3,2026-03-31
RAT_0008350,CUST_000567,TMDB_M_181812,4,2025-12-29
RAT_0008351,CUST_000567,TMDB_M_1865,3,2026-01-27
RAT_0008352,CUST_000567,TMDB_M_564,4,2025-11-27
RAT_0008353,CUST_000567,TMDB_M_665,5,2026-03-29
RAT_0008354,CUST_000567,TMDB_M_840464,3,2026-04-05
RAT_0008355,CUST_000567,TMDB_M_9502,4,2025-10-06
RAT_0008356,CUST_000567,TMDB_M_991494,5,2026-01-31
RAT_0008357,CUST_000567,TMDB_T_108978,5,2026-04-03
RAT_0008358,CUST_000567,TMDB_T_1435,4,2025-10-15
RAT_0008359,CUST_000567,TMDB_T_1622,4,2026-02-13
RAT_0008360,CUST_000567,TMDB_T_2122,2,2026-02-18
RAT_0008361,CUST_000567,TMDB_T_31910,3,2025-10-14
RAT_0008362,CUST_000567,TMDB_T_60572,4,2026-03-19
RAT_0008363,CUST_000567,TMDB_T_65334,3,2025-11-10
RAT_0008364,CUST_000567,TMDB_T_76572,4,2026-03-31
RAT_0008365,CUST_000567,TMDB_T_8962,5,2026-02-25
RAT_0008366,CUST_000567,TMDB_T_98031,4,2025-11-11
RAT_0008367,CUST_000568,TMDB_M_1083637,2,2025-05-16
RAT_0008368,CUST_000568,TMDB_M_1110034,3,2025-11-11
RAT_0008369,CUST_000568,TMDB_M_1197137,3,2026-02-16
RAT_0008370,CUST_000568,TMDB_M_1268127,4,2025-12-17
RAT_0008371,CUST_000568,TMDB_M_1291608,3,2026-02-20
RAT_0008372,CUST_000568,TMDB_M_1315303,4,2025-05-22
RAT_0008373,CUST_000568,TMDB_M_1316092,2,2026-03-26
RAT_0008374,CUST_000568,TMDB_M_1327819,4,2024-10-20
RAT_0008375,CUST_000568,TMDB_M_138843,4,2026-02-09
RAT_0008376,CUST_000568,TMDB_M_1630433,3,2026-03-14
RAT_0008377,CUST_000568,TMDB_M_293660,4,2024-09-11
RAT_0008378,CUST_000568,TMDB_M_637649,4,2026-02-27
RAT_0008379,CUST_000568,TMDB_M_679,4,2025-02-13
RAT_0008380,CUST_000568,TMDB_M_680,3,2026-03-15
RAT_0008381,CUST_000568,TMDB_T_32798,2,2024-09-28
RAT_0008382,CUST_000568,TMDB_T_456,4,2024-09-08
RAT_0008383,CUST_000568,TMDB_T_45790,2,2025-08-06
RAT_0008384,CUST_000568,TMDB_T_46260,2,2024-10-02
RAT_0008385,CUST_000569,TMDB_M_121,5,2026-04-11
RAT_0008386,CUST_000569,TMDB_M_1327819,3,2026-01-21
RAT_0008387,CUST_000569,TMDB_M_1426297,2,2025-12-12
RAT_0008388,CUST_000569,TMDB_M_1582770,4,2025-07-28
RAT_0008389,CUST_000569,TMDB_M_177572,3,2025-06-05
RAT_0008390,CUST_000569,TMDB_M_181812,4,2026-02-20
RAT_0008391,CUST_000569,TMDB_M_58,5,2025-05-02
RAT_0008392,CUST_000569,TMDB_M_672,4,2026-02-24
RAT_0008393,CUST_000569,TMDB_M_674,3,2025-12-06
RAT_0008394,CUST_000569,TMDB_M_840464,5,2026-02-03
RAT_0008395,CUST_000569,TMDB_T_18165,3,2025-09-09
RAT_0008396,CUST_000569,TMDB_T_241609,5,2025-04-04
RAT_0008397,CUST_000569,TMDB_T_40663,5,2025-09-16
RAT_0008398,CUST_000569,TMDB_T_5092,5,2026-03-05
RAT_0008399,CUST_000569,TMDB_T_60625,5,2026-03-07
RAT_0008400,CUST_000569,TMDB_T_71494,5,2026-04-09
RAT_0008401,CUST_000569,TMDB_T_95557,3,2025-08-05
RAT_0008402,CUST_000570,TMDB_M_101,3,2025-02-22
RAT_0008403,CUST_000570,TMDB_M_11036,3,2026-04-05
RAT_0008404,CUST_000570,TMDB_M_122,4,2025-10-26
RAT_0008405,CUST_000570,TMDB_M_1272837,2,2025-08-10
RAT_0008406,CUST_000570,TMDB_M_1276704,4,2025-05-06
RAT_0008407,CUST_000570,TMDB_M_1316092,3,2025-09-27
RAT_0008408,CUST_000570,TMDB_M_1367642,5,2025-05-22
RAT_0008409,CUST_000570,TMDB_M_193972,3,2025-05-06
RAT_0008410,CUST_000570,TMDB_M_20352,2,2025-11-28
RAT_0008411,CUST_000570,TMDB_M_259694,3,2025-08-15
RAT_0008412,CUST_000570,TMDB_M_313369,2,2026-01-02
RAT_0008413,CUST_000570,TMDB_M_346364,3,2025-05-01
RAT_0008414,CUST_000570,TMDB_M_519182,1,2025-09-16
RAT_0008415,CUST_000570,TMDB_M_545611,3,2025-06-24
RAT_0008416,CUST_000570,TMDB_M_646380,3,2026-02-28
RAT_0008417,CUST_000570,TMDB_M_98477,4,2025-07-26
RAT_0008418,CUST_000570,TMDB_T_128318,1,2025-11-09
RAT_0008419,CUST_000570,TMDB_T_1434,3,2025-05-17
RAT_0008420,CUST_000570,TMDB_T_18165,2,2026-02-27
RAT_0008421,CUST_000570,TMDB_T_2171,2,2025-09-16
RAT_0008422,CUST_000570,TMDB_T_30984,2,2025-09-05
RAT_0008423,CUST_000570,TMDB_T_33765,3,2025-09-18
RAT_0008424,CUST_000570,TMDB_T_3562,4,2025-10-24
RAT_0008425,CUST_000570,TMDB_T_456,4,2025-03-26
RAT_0008426,CUST_000570,TMDB_T_498,3,2026-03-09
RAT_0008427,CUST_000570,TMDB_T_790,5,2025-08-19
RAT_0008428,CUST_000571,TMDB_M_1291335,3,2026-04-03
RAT_0008429,CUST_000571,TMDB_M_1381216,2,2026-02-11
RAT_0008430,CUST_000571,TMDB_M_269955,3,2026-03-26
RAT_0008431,CUST_000571,TMDB_M_77338,2,2026-01-05
RAT_0008432,CUST_000571,TMDB_M_936075,4,2026-03-11
RAT_0008433,CUST_000571,TMDB_T_290856,4,2026-01-10
RAT_0008434,CUST_000571,TMDB_T_70672,4,2026-03-08
RAT_0008435,CUST_000571,TMDB_T_76479,3,2026-01-31
RAT_0008436,CUST_000571,TMDB_T_87917,1,2026-01-08
RAT_0008437,CUST_000572,TMDB_M_10191,3,2025-08-18
RAT_0008438,CUST_000572,TMDB_M_1054867,2,2026-03-16
RAT_0008439,CUST_000572,TMDB_M_1087192,4,2026-03-16
RAT_0008440,CUST_000572,TMDB_M_1117857,3,2026-02-08
RAT_0008441,CUST_000572,TMDB_M_1180831,2,2025-10-30
RAT_0008442,CUST_000572,TMDB_M_1198994,3,2025-11-04
RAT_0008443,CUST_000572,TMDB_M_1381027,4,2025-11-12
RAT_0008444,CUST_000572,TMDB_M_1401778,1,2024-12-06
RAT_0008445,CUST_000572,TMDB_M_637649,3,2025-12-22
RAT_0008446,CUST_000572,TMDB_M_680,3,2025-11-21
RAT_0008447,CUST_000572,TMDB_M_967941,4,2025-12-12
RAT_0008448,CUST_000572,TMDB_T_76479,4,2025-10-12
RAT_0008449,CUST_000573,TMDB_M_103,3,2025-03-27
RAT_0008450,CUST_000573,TMDB_M_1297842,2,2026-04-02
RAT_0008451,CUST_000573,TMDB_M_269955,2,2025-05-01
RAT_0008452,CUST_000573,TMDB_M_374720,3,2025-10-29
RAT_0008453,CUST_000573,TMDB_M_405746,1,2024-10-15
RAT_0008454,CUST_000573,TMDB_T_112527,3,2026-03-29
RAT_0008455,CUST_000573,TMDB_T_1402,1,2026-03-30
RAT_0008456,CUST_000573,TMDB_T_1911,2,2025-06-29
RAT_0008457,CUST_000573,TMDB_T_2288,4,2025-11-12
RAT_0008458,CUST_000573,TMDB_T_291,2,2024-10-14
RAT_0008459,CUST_000573,TMDB_T_33765,2,2024-11-02
RAT_0008460,CUST_000573,TMDB_T_37854,3,2025-09-19
RAT_0008461,CUST_000573,TMDB_T_4614,4,2025-11-11
RAT_0008462,CUST_000573,TMDB_T_57243,2,2025-07-28
RAT_0008463,CUST_000573,TMDB_T_61818,1,2024-07-15
RAT_0008464,CUST_000573,TMDB_T_63174,4,2025-07-22
RAT_0008465,CUST_000573,TMDB_T_71790,4,2025-12-08
RAT_0008466,CUST_000573,TMDB_T_790,4,2024-12-15
RAT_0008467,CUST_000573,TMDB_T_79744,4,2026-01-13
RAT_0008468,CUST_000573,TMDB_T_82873,4,2026-03-11
RAT_0008469,CUST_000573,TMDB_T_85077,3,2025-03-16
RAT_0008470,CUST_000574,TMDB_M_1066313,4,2025-07-05
RAT_0008471,CUST_000574,TMDB_M_1159831,4,2025-09-17
RAT_0008472,CUST_000574,TMDB_M_1196067,4,2026-03-15
RAT_0008473,CUST_000574,TMDB_M_1266127,4,2025-08-29
RAT_0008474,CUST_000574,TMDB_M_1339876,4,2026-03-22
RAT_0008475,CUST_000574,TMDB_M_1523145,4,2025-12-26
RAT_0008476,CUST_000574,TMDB_M_1620551,1,2026-03-27
RAT_0008477,CUST_000574,TMDB_M_238,3,2025-06-19
RAT_0008478,CUST_000574,TMDB_M_24428,3,2026-03-13
RAT_0008479,CUST_000574,TMDB_M_601,4,2025-11-24
RAT_0008480,CUST_000574,TMDB_M_982843,1,2026-03-29
RAT_0008481,CUST_000574,TMDB_T_108978,5,2025-11-20
RAT_0008482,CUST_000574,TMDB_T_1911,3,2025-08-08
RAT_0008483,CUST_000574,TMDB_T_2224,3,2026-01-08
RAT_0008484,CUST_000574,TMDB_T_2288,4,2025-10-07
RAT_0008485,CUST_000574,TMDB_T_285469,1,2025-12-04
RAT_0008486,CUST_000574,TMDB_T_34307,4,2026-02-04
RAT_0008487,CUST_000574,TMDB_T_5920,2,2025-12-13
RAT_0008488,CUST_000574,TMDB_T_65733,3,2025-07-14
RAT_0008489,CUST_000574,TMDB_T_76479,2,2025-12-14
RAT_0008490,CUST_000574,TMDB_T_8962,3,2025-09-07
RAT_0008491,CUST_000574,TMDB_T_94722,5,2026-01-16
RAT_0008492,CUST_000575,TMDB_M_1115544,4,2026-03-22
RAT_0008493,CUST_000575,TMDB_M_1228246,4,2026-03-13
RAT_0008494,CUST_000575,TMDB_M_1242898,2,2025-08-13
RAT_0008495,CUST_000575,TMDB_M_1248226,3,2025-07-30
RAT_0008496,CUST_000575,TMDB_M_1291608,2,2025-08-24
RAT_0008497,CUST_000575,TMDB_M_1480382,2,2025-01-11
RAT_0008498,CUST_000575,TMDB_M_337339,3,2025-04-04
RAT_0008499,CUST_000575,TMDB_M_346,3,2026-01-20
RAT_0008500,CUST_000575,TMDB_M_4232,1,2026-01-20
RAT_0008501,CUST_000575,TMDB_T_1695,2,2024-06-20
RAT_0008502,CUST_000575,TMDB_T_1911,3,2026-04-07
RAT_0008503,CUST_000575,TMDB_T_4656,4,2026-03-08
RAT_0008504,CUST_000575,TMDB_T_46952,1,2025-06-02
RAT_0008505,CUST_000575,TMDB_T_70672,3,2025-08-17
RAT_0008506,CUST_000575,TMDB_T_764,1,2024-09-11
RAT_0008507,CUST_000575,TMDB_T_94722,5,2026-03-09
RAT_0008508,CUST_000576,TMDB_M_1087891,5,2026-04-07
RAT_0008509,CUST_000576,TMDB_M_1430,4,2026-03-14
RAT_0008510,CUST_000576,TMDB_M_1462146,4,2026-01-26
RAT_0008511,CUST_000576,TMDB_M_59,3,2026-02-10
RAT_0008512,CUST_000576,TMDB_M_615,4,2026-01-30
RAT_0008513,CUST_000576,TMDB_T_127529,4,2026-02-08
RAT_0008514,CUST_000576,TMDB_T_1622,3,2026-02-05
RAT_0008515,CUST_000576,TMDB_T_76479,3,2026-03-10
RAT_0008516,CUST_000577,TMDB_M_1038392,5,2026-01-19
RAT_0008517,CUST_000577,TMDB_M_1234731,5,2025-11-27
RAT_0008518,CUST_000577,TMDB_M_52741,3,2025-11-28
RAT_0008519,CUST_000577,TMDB_M_840464,4,2025-12-21
RAT_0008520,CUST_000577,TMDB_M_967941,3,2026-02-21
RAT_0008521,CUST_000577,TMDB_T_1973,4,2026-01-15
RAT_0008522,CUST_000577,TMDB_T_60625,3,2025-11-19
RAT_0008523,CUST_000577,TMDB_T_60735,4,2025-09-29
RAT_0008524,CUST_000578,TMDB_M_101,4,2026-04-10
RAT_0008525,CUST_000578,TMDB_M_674,2,2026-03-28
RAT_0008526,CUST_000578,TMDB_M_687163,4,2026-03-23
RAT_0008527,CUST_000578,TMDB_M_941109,1,2026-03-27
RAT_0008528,CUST_000578,TMDB_T_1409,3,2026-04-09
RAT_0008529,CUST_000578,TMDB_T_1421,4,2026-03-30
RAT_0008530,CUST_000578,TMDB_T_14981,3,2026-03-11
RAT_0008531,CUST_000578,TMDB_T_19530,3,2026-03-11
RAT_0008532,CUST_000578,TMDB_T_37854,2,2026-03-11
RAT_0008533,CUST_000578,TMDB_T_4057,1,2026-04-04
RAT_0008534,CUST_000579,TMDB_M_103,2,2024-10-28
RAT_0008535,CUST_000579,TMDB_M_1088434,4,2024-06-12
RAT_0008536,CUST_000579,TMDB_M_1327819,4,2024-09-19
RAT_0008537,CUST_000579,TMDB_M_205596,4,2025-10-11
RAT_0008538,CUST_000579,TMDB_M_665,5,2025-12-27
RAT_0008539,CUST_000579,TMDB_M_875828,4,2026-01-09
RAT_0008540,CUST_000579,TMDB_T_1402,1,2024-08-02
RAT_0008541,CUST_000579,TMDB_T_1622,3,2024-11-08
RAT_0008542,CUST_000579,TMDB_T_1911,2,2025-09-12
RAT_0008543,CUST_000579,TMDB_T_35007,4,2026-01-31
RAT_0008544,CUST_000579,TMDB_T_3562,4,2026-04-09
RAT_0008545,CUST_000579,TMDB_T_44006,3,2025-09-26
RAT_0008546,CUST_000579,TMDB_T_4604,4,2025-07-06
RAT_0008547,CUST_000579,TMDB_T_502,5,2026-04-07
RAT_0008548,CUST_000579,TMDB_T_60572,3,2024-12-01
RAT_0008549,CUST_000579,TMDB_T_60622,4,2025-04-01
RAT_0008550,CUST_000579,TMDB_T_63174,2,2024-07-24
RAT_0008551,CUST_000579,TMDB_T_71790,1,2024-05-17
RAT_0008552,CUST_000579,TMDB_T_8962,2,2025-01-06
RAT_0008553,CUST_000580,TMDB_M_1078605,5,2026-03-03
RAT_0008554,CUST_000580,TMDB_M_1110034,3,2026-04-04
RAT_0008555,CUST_000580,TMDB_M_1228246,1,2025-12-05
RAT_0008556,CUST_000580,TMDB_M_1297454,1,2025-04-08
RAT_0008557,CUST_000580,TMDB_M_1304313,2,2025-06-29
RAT_0008558,CUST_000580,TMDB_M_1470130,4,2025-06-20
RAT_0008559,CUST_000580,TMDB_M_1526650,2,2026-03-16
RAT_0008560,CUST_000580,TMDB_M_1572073,2,2025-07-28
RAT_0008561,CUST_000580,TMDB_M_24428,1,2025-03-25
RAT_0008562,CUST_000580,TMDB_M_27205,3,2025-05-12
RAT_0008563,CUST_000580,TMDB_M_286217,2,2025-10-23
RAT_0008564,CUST_000580,TMDB_M_293660,3,2026-01-21
RAT_0008565,CUST_000580,TMDB_M_425274,3,2025-12-12
RAT_0008566,CUST_000580,TMDB_M_447365,1,2025-06-07
RAT_0008567,CUST_000580,TMDB_M_545611,1,2025-10-26
RAT_0008568,CUST_000580,TMDB_M_601,4,2025-08-04
RAT_0008569,CUST_000580,TMDB_M_604079,1,2025-05-12
RAT_0008570,CUST_000580,TMDB_M_862739,2,2026-04-03
RAT_0008571,CUST_000580,TMDB_M_86501,2,2025-09-28
RAT_0008572,CUST_000580,TMDB_T_1431,3,2026-04-09
RAT_0008573,CUST_000580,TMDB_T_1433,4,2025-11-12
RAT_0008574,CUST_000580,TMDB_T_154770,2,2026-03-17
RAT_0008575,CUST_000580,TMDB_T_1973,2,2025-11-13
RAT_0008576,CUST_000580,TMDB_T_279388,2,2025-04-27
RAT_0008577,CUST_000580,TMDB_T_4556,5,2025-12-10
RAT_0008578,CUST_000580,TMDB_T_4656,5,2026-03-16
RAT_0008579,CUST_000580,TMDB_T_48866,3,2025-07-18
RAT_0008580,CUST_000581,TMDB_M_1064213,1,2025-02-10
RAT_0008581,CUST_000581,TMDB_M_11036,1,2025-05-19
RAT_0008582,CUST_000581,TMDB_M_1268127,3,2025-03-29
RAT_0008583,CUST_000581,TMDB_M_1317672,5,2025-06-25
RAT_0008584,CUST_000581,TMDB_M_1327862,2,2025-01-19
RAT_0008585,CUST_000581,TMDB_M_1367642,5,2025-06-27
RAT_0008586,CUST_000581,TMDB_M_226674,2,2025-06-20
RAT_0008587,CUST_000581,TMDB_M_2288,2,2025-03-06
RAT_0008588,CUST_000581,TMDB_M_299536,2,2025-04-28
RAT_0008589,CUST_000581,TMDB_M_502356,1,2025-06-25
RAT_0008590,CUST_000581,TMDB_T_1100,4,2025-02-15
RAT_0008591,CUST_000581,TMDB_T_1419,2,2025-06-17
RAT_0008592,CUST_000581,TMDB_T_2734,3,2025-03-02
RAT_0008593,CUST_000581,TMDB_T_278275,1,2025-05-21
RAT_0008594,CUST_000581,TMDB_T_30981,1,2025-05-25
RAT_0008595,CUST_000581,TMDB_T_45790,4,2025-01-15
RAT_0008596,CUST_000581,TMDB_T_72517,2,2025-06-05
RAT_0008597,CUST_000582,TMDB_M_1015606,4,2025-03-21
RAT_0008598,CUST_000582,TMDB_M_1115544,3,2024-12-10
RAT_0008599,CUST_000582,TMDB_M_1234821,2,2025-02-21
RAT_0008600,CUST_000582,TMDB_M_1430,4,2024-12-21
RAT_0008601,CUST_000582,TMDB_M_1462146,2,2025-04-01
RAT_0008602,CUST_000582,TMDB_M_1523145,2,2025-01-22
RAT_0008603,CUST_000582,TMDB_M_1584215,1,2025-02-06
RAT_0008604,CUST_000582,TMDB_M_687163,2,2025-01-20
RAT_0008605,CUST_000582,TMDB_M_7451,4,2024-06-11
RAT_0008606,CUST_000582,TMDB_M_840464,4,2024-09-27
RAT_0008607,CUST_000582,TMDB_M_999136,3,2024-08-20
RAT_0008608,CUST_000582,TMDB_T_1403,3,2024-08-11
RAT_0008609,CUST_000582,TMDB_T_30984,3,2025-03-29
RAT_0008610,CUST_000582,TMDB_T_3562,4,2025-02-09
RAT_0008611,CUST_000582,TMDB_T_57243,5,2025-02-03
RAT_0008612,CUST_000582,TMDB_T_59941,4,2024-05-25
RAT_0008613,CUST_000582,TMDB_T_75219,3,2024-12-15
RAT_0008614,CUST_000582,TMDB_T_85552,1,2025-04-03
RAT_0008615,CUST_000583,TMDB_M_1290821,4,2025-02-15
RAT_0008616,CUST_000583,TMDB_M_1291335,5,2025-06-02
RAT_0008617,CUST_000583,TMDB_M_1311031,5,2025-02-14
RAT_0008618,CUST_000583,TMDB_M_1325734,3,2025-02-14
RAT_0008619,CUST_000583,TMDB_M_1327862,3,2026-02-16
RAT_0008620,CUST_000583,TMDB_M_1368166,3,2026-02-02
RAT_0008621,CUST_000583,TMDB_M_1523145,4,2026-03-29
RAT_0008622,CUST_000583,TMDB_M_1582770,4,2024-11-15
RAT_0008623,CUST_000583,TMDB_M_1630433,2,2026-02-08
RAT_0008624,CUST_000583,TMDB_M_1641319,3,2025-10-24
RAT_0008625,CUST_000583,TMDB_M_1650558,5,2026-03-28
RAT_0008626,CUST_000583,TMDB_M_24,3,2025-06-28
RAT_0008627,CUST_000583,TMDB_T_124364,4,2025-08-13
RAT_0008628,CUST_000583,TMDB_T_2261,5,2026-02-03
RAT_0008629,CUST_000583,TMDB_T_693,2,2026-01-29
RAT_0008630,CUST_000583,TMDB_T_79744,3,2025-08-28
RAT_0008631,CUST_000583,TMDB_T_82873,3,2025-09-20
RAT_0008632,CUST_000584,TMDB_M_240,2,2026-03-24
RAT_0008633,CUST_000584,TMDB_T_4087,2,2026-03-10
RAT_0008634,CUST_000584,TMDB_T_59941,1,2026-03-14
RAT_0008635,CUST_000585,TMDB_M_1011477,4,2026-02-03
RAT_0008636,CUST_000585,TMDB_M_111,3,2025-12-29
RAT_0008637,CUST_000585,TMDB_M_1175942,4,2026-04-02
RAT_0008638,CUST_000585,TMDB_M_1305781,4,2025-12-20
RAT_0008639,CUST_000585,TMDB_M_20352,4,2026-03-21
RAT_0008640,CUST_000585,TMDB_M_615,4,2026-03-15
RAT_0008641,CUST_000585,TMDB_M_7451,4,2026-03-19
RAT_0008642,CUST_000585,TMDB_M_939243,4,2026-02-15
RAT_0008643,CUST_000585,TMDB_T_291,4,2026-04-04
RAT_0008644,CUST_000586,TMDB_M_1119878,4,2025-04-04
RAT_0008645,CUST_000586,TMDB_M_1511417,4,2025-05-10
RAT_0008646,CUST_000586,TMDB_M_1539104,2,2025-07-02
RAT_0008647,CUST_000586,TMDB_M_1579,4,2025-02-01
RAT_0008648,CUST_000586,TMDB_M_1584215,4,2025-06-22
RAT_0008649,CUST_000586,TMDB_M_1610418,4,2025-10-20
RAT_0008650,CUST_000586,TMDB_M_218,4,2025-12-14
RAT_0008651,CUST_000586,TMDB_M_617126,3,2026-02-28
RAT_0008652,CUST_000586,TMDB_M_76341,3,2026-01-04
RAT_0008653,CUST_000586,TMDB_M_786892,3,2025-10-09
RAT_0008654,CUST_000586,TMDB_M_936075,5,2024-12-29
RAT_0008655,CUST_000586,TMDB_M_967,5,2026-01-11
RAT_0008656,CUST_000586,TMDB_M_986056,2,2025-10-12
RAT_0008657,CUST_000586,TMDB_T_117465,5,2025-08-03
RAT_0008658,CUST_000586,TMDB_T_278573,5,2025-05-28
RAT_0008659,CUST_000586,TMDB_T_57243,3,2025-10-06
RAT_0008660,CUST_000586,TMDB_T_60622,2,2025-04-19
RAT_0008661,CUST_000586,TMDB_T_62223,4,2025-11-28
RAT_0008662,CUST_000586,TMDB_T_8962,2,2025-10-15
RAT_0008663,CUST_000587,TMDB_M_1078605,3,2026-02-18
RAT_0008664,CUST_000587,TMDB_M_1197306,2,2025-04-08
RAT_0008665,CUST_000587,TMDB_M_1198994,1,2025-05-06
RAT_0008666,CUST_000587,TMDB_M_1242501,4,2025-02-27
RAT_0008667,CUST_000587,TMDB_M_1265609,2,2026-03-08
RAT_0008668,CUST_000587,TMDB_M_1359,2,2025-06-08
RAT_0008669,CUST_000587,TMDB_M_1396,3,2025-05-31
RAT_0008670,CUST_000587,TMDB_M_1523145,3,2025-07-22
RAT_0008671,CUST_000587,TMDB_M_156022,5,2025-10-14
RAT_0008672,CUST_000587,TMDB_M_1584215,4,2025-01-22
RAT_0008673,CUST_000587,TMDB_M_324857,2,2026-04-01
RAT_0008674,CUST_000587,TMDB_M_361743,1,2025-02-10
RAT_0008675,CUST_000587,TMDB_M_533535,3,2025-06-07
RAT_0008676,CUST_000587,TMDB_M_637649,4,2026-04-02
RAT_0008677,CUST_000587,TMDB_M_680,3,2026-03-24
RAT_0008678,CUST_000587,TMDB_M_76600,2,2025-04-09
RAT_0008679,CUST_000587,TMDB_T_1398,3,2025-08-03
RAT_0008680,CUST_000587,TMDB_T_290856,2,2025-02-11
RAT_0008681,CUST_000587,TMDB_T_60572,3,2026-01-09
RAT_0008682,CUST_000587,TMDB_T_65942,2,2025-11-30
RAT_0008683,CUST_000587,TMDB_T_70672,4,2024-11-11
RAT_0008684,CUST_000588,TMDB_M_1276704,5,2025-06-02
RAT_0008685,CUST_000588,TMDB_M_1284496,4,2025-08-20
RAT_0008686,CUST_000588,TMDB_M_193972,5,2025-10-15
RAT_0008687,CUST_000588,TMDB_M_214756,3,2025-12-14
RAT_0008688,CUST_000588,TMDB_M_313369,2,2025-11-16
RAT_0008689,CUST_000588,TMDB_M_479197,4,2026-03-03
RAT_0008690,CUST_000588,TMDB_M_58008,2,2025-10-08
RAT_0008691,CUST_000588,TMDB_T_128318,4,2025-09-20
RAT_0008692,CUST_000588,TMDB_T_1408,2,2025-08-07
RAT_0008693,CUST_000588,TMDB_T_1421,3,2025-05-31
RAT_0008694,CUST_000588,TMDB_T_2004,4,2026-04-01
RAT_0008695,CUST_000588,TMDB_T_209867,3,2025-09-27
RAT_0008696,CUST_000588,TMDB_T_278573,2,2026-04-09
RAT_0008697,CUST_000588,TMDB_T_33238,3,2025-07-04
RAT_0008698,CUST_000588,TMDB_T_3452,4,2026-04-06
RAT_0008699,CUST_000588,TMDB_T_4629,3,2025-12-19
RAT_0008700,CUST_000588,TMDB_T_73586,3,2025-10-18
RAT_0008701,CUST_000588,TMDB_T_76479,4,2025-08-28
RAT_0008702,CUST_000589,TMDB_M_1265609,2,2025-12-09
RAT_0008703,CUST_000589,TMDB_M_330457,3,2026-03-06
RAT_0008704,CUST_000589,TMDB_M_337339,4,2026-03-14
RAT_0008705,CUST_000589,TMDB_M_429,1,2026-03-22
RAT_0008706,CUST_000589,TMDB_T_1911,2,2026-02-27
RAT_0008707,CUST_000589,TMDB_T_1973,1,2026-02-12
RAT_0008708,CUST_000589,TMDB_T_2224,5,2026-04-04
RAT_0008709,CUST_000589,TMDB_T_237020,2,2025-12-12
RAT_0008710,CUST_000589,TMDB_T_285469,3,2025-09-13
RAT_0008711,CUST_000589,TMDB_T_30981,3,2025-09-11
RAT_0008712,CUST_000589,TMDB_T_456,4,2026-01-11
RAT_0008713,CUST_000589,TMDB_T_60572,2,2025-09-30
RAT_0008714,CUST_000589,TMDB_T_65503,4,2026-03-22
RAT_0008715,CUST_000589,TMDB_T_76479,2,2025-10-27
RAT_0008716,CUST_000590,TMDB_M_1020969,5,2026-04-07
RAT_0008717,CUST_000590,TMDB_M_1192548,3,2026-02-23
RAT_0008718,CUST_000590,TMDB_M_1252037,3,2026-04-11
RAT_0008719,CUST_000590,TMDB_M_20352,4,2025-12-29
RAT_0008720,CUST_000590,TMDB_M_228150,5,2026-03-05
RAT_0008721,CUST_000590,TMDB_M_238,2,2026-01-04
RAT_0008722,CUST_000590,TMDB_M_286217,3,2026-03-26
RAT_0008723,CUST_000590,TMDB_M_335983,3,2025-11-27
RAT_0008724,CUST_000590,TMDB_M_475557,4,2025-12-01
RAT_0008725,CUST_000590,TMDB_M_479197,3,2026-03-16
RAT_0008726,CUST_000590,TMDB_M_502356,4,2026-02-04
RAT_0008727,CUST_000590,TMDB_M_680,4,2026-01-15
RAT_0008728,CUST_000590,TMDB_M_857,3,2026-01-08
RAT_0008729,CUST_000590,TMDB_T_110075,3,2025-12-16
RAT_0008730,CUST_000590,TMDB_T_2288,3,2026-04-03
RAT_0008731,CUST_000591,TMDB_M_857,4,2026-04-07
RAT_0008732,CUST_000591,TMDB_T_76572,4,2026-04-09
RAT_0008733,CUST_000592,TMDB_M_1523145,4,2026-01-14
RAT_0008734,CUST_000592,TMDB_M_19592,2,2025-09-27
RAT_0008735,CUST_000592,TMDB_M_20352,3,2026-01-23
RAT_0008736,CUST_000592,TMDB_M_396535,3,2025-03-02
RAT_0008737,CUST_000592,TMDB_M_677638,4,2026-03-22
RAT_0008738,CUST_000592,TMDB_M_986056,3,2025-10-20
RAT_0008739,CUST_000592,TMDB_T_1622,2,2025-07-03
RAT_0008740,CUST_000592,TMDB_T_32798,3,2025-02-16
RAT_0008741,CUST_000592,TMDB_T_34524,1,2025-06-05
RAT_0008742,CUST_000592,TMDB_T_5920,3,2025-07-17
RAT_0008743,CUST_000593,TMDB_M_1010581,3,2024-08-25
RAT_0008744,CUST_000593,TMDB_M_1119449,4,2025-03-15
RAT_0008745,CUST_000593,TMDB_M_1234821,2,2025-01-03
RAT_0008746,CUST_000593,TMDB_M_207,5,2025-06-01
RAT_0008747,CUST_000593,TMDB_M_38,2,2025-12-18
RAT_0008748,CUST_000593,TMDB_M_412117,2,2025-05-21
RAT_0008749,CUST_000593,TMDB_M_493125,2,2025-06-14
RAT_0008750,CUST_000593,TMDB_M_59,3,2024-12-25
RAT_0008751,CUST_000593,TMDB_M_803796,2,2024-12-18
RAT_0008752,CUST_000593,TMDB_M_875828,3,2024-08-30
RAT_0008753,CUST_000593,TMDB_M_912649,3,2025-12-15
RAT_0008754,CUST_000593,TMDB_M_982843,2,2025-08-09
RAT_0008755,CUST_000593,TMDB_T_120089,1,2025-07-14
RAT_0008756,CUST_000593,TMDB_T_18165,2,2025-09-18
RAT_0008757,CUST_000593,TMDB_T_32692,3,2025-09-22
RAT_0008758,CUST_000593,TMDB_T_35007,3,2025-02-18
RAT_0008759,CUST_000593,TMDB_T_44006,2,2026-03-20
RAT_0008760,CUST_000593,TMDB_T_4588,2,2025-08-04
RAT_0008761,CUST_000593,TMDB_T_60059,1,2025-11-02
RAT_0008762,CUST_000593,TMDB_T_62223,5,2024-11-25
RAT_0008763,CUST_000593,TMDB_T_76572,2,2025-08-15
RAT_0008764,CUST_000594,TMDB_M_1087192,1,2025-06-03
RAT_0008765,CUST_000594,TMDB_M_1284496,5,2025-08-15
RAT_0008766,CUST_000594,TMDB_M_1336770,3,2025-04-12
RAT_0008767,CUST_000594,TMDB_M_1403327,4,2025-11-14
RAT_0008768,CUST_000594,TMDB_M_1465563,3,2026-04-01
RAT_0008769,CUST_000594,TMDB_M_240,2,2025-07-21
RAT_0008770,CUST_000594,TMDB_M_335983,3,2026-03-23
RAT_0008771,CUST_000594,TMDB_M_346698,5,2026-03-13
RAT_0008772,CUST_000594,TMDB_M_4247,4,2025-10-25
RAT_0008773,CUST_000594,TMDB_T_120089,1,2026-02-11
RAT_0008774,CUST_000594,TMDB_T_154770,5,2026-04-01
RAT_0008775,CUST_000594,TMDB_T_228091,3,2025-11-11
RAT_0008776,CUST_000594,TMDB_T_3452,4,2025-10-11
RAT_0008777,CUST_000594,TMDB_T_62650,1,2025-05-19
RAT_0008778,CUST_000594,TMDB_T_71728,3,2025-06-11
RAT_0008779,CUST_000594,TMDB_T_95557,3,2024-12-12
RAT_0008780,CUST_000595,TMDB_M_1646787,4,2024-10-26
RAT_0008781,CUST_000595,TMDB_M_419430,2,2024-10-13
RAT_0008782,CUST_000595,TMDB_M_677638,3,2024-10-25
RAT_0008783,CUST_000595,TMDB_T_124364,2,2024-11-03
RAT_0008784,CUST_000595,TMDB_T_1431,1,2024-11-08
RAT_0008785,CUST_000595,TMDB_T_237020,4,2024-10-27
RAT_0008786,CUST_000595,TMDB_T_76572,2,2024-10-25
RAT_0008787,CUST_000596,TMDB_M_1054867,3,2026-03-23
RAT_0008788,CUST_000596,TMDB_M_1199193,4,2026-03-10
RAT_0008789,CUST_000596,TMDB_M_1291608,3,2026-02-16
RAT_0008790,CUST_000596,TMDB_M_1363123,4,2026-04-03
RAT_0008791,CUST_000596,TMDB_M_1426964,3,2026-03-20
RAT_0008792,CUST_000596,TMDB_M_559,5,2026-01-07
RAT_0008793,CUST_000596,TMDB_T_119051,5,2026-01-03
RAT_0008794,CUST_000596,TMDB_T_209867,5,2026-02-11
RAT_0008795,CUST_000596,TMDB_T_30981,3,2026-02-15
RAT_0008796,CUST_000596,TMDB_T_4614,4,2026-03-15
RAT_0008797,CUST_000596,TMDB_T_65942,3,2026-03-09
RAT_0008798,CUST_000596,TMDB_T_76479,3,2026-02-07
RAT_0008799,CUST_000596,TMDB_T_94722,5,2026-03-23
RAT_0008800,CUST_000596,TMDB_T_95479,4,2026-01-05
RAT_0008801,CUST_000597,TMDB_M_1650558,5,2026-04-03
RAT_0008802,CUST_000597,TMDB_M_389,4,2025-12-13
RAT_0008803,CUST_000597,TMDB_T_19530,2,2024-11-13
RAT_0008804,CUST_000597,TMDB_T_2004,5,2025-02-11
RAT_0008805,CUST_000597,TMDB_T_220150,4,2024-06-24
RAT_0008806,CUST_000597,TMDB_T_4087,3,2025-01-24
RAT_0008807,CUST_000597,TMDB_T_95557,4,2024-09-05
RAT_0008808,CUST_000598,TMDB_M_359410,2,2026-04-07
RAT_0008809,CUST_000598,TMDB_M_533533,2,2026-03-29
RAT_0008810,CUST_000598,TMDB_T_1973,4,2026-02-09
RAT_0008811,CUST_000598,TMDB_T_279471,2,2026-03-20
RAT_0008812,CUST_000598,TMDB_T_291,4,2026-04-06
RAT_0008813,CUST_000598,TMDB_T_4607,4,2026-03-07
RAT_0008814,CUST_000598,TMDB_T_85077,2,2026-03-30
RAT_0008815,CUST_000599,TMDB_M_1020969,4,2026-03-25
RAT_0008816,CUST_000599,TMDB_M_102382,4,2025-02-04
RAT_0008817,CUST_000599,TMDB_M_1054867,3,2025-04-20
RAT_0008818,CUST_000599,TMDB_M_1135873,3,2025-01-16
RAT_0008819,CUST_000599,TMDB_M_1470130,2,2025-02-14
RAT_0008820,CUST_000599,TMDB_M_1646787,2,2025-02-07
RAT_0008821,CUST_000599,TMDB_M_59,3,2025-01-07
RAT_0008822,CUST_000599,TMDB_M_773543,2,2025-06-22
RAT_0008823,CUST_000599,TMDB_M_82690,3,2026-01-30
RAT_0008824,CUST_000599,TMDB_T_1407,5,2026-01-20
RAT_0008825,CUST_000599,TMDB_T_1419,1,2026-03-10
RAT_0008826,CUST_000599,TMDB_T_154770,5,2026-01-07
RAT_0008827,CUST_000599,TMDB_T_56570,3,2025-01-17
RAT_0008828,CUST_000599,TMDB_T_60622,3,2025-11-20
RAT_0008829,CUST_000599,TMDB_T_63770,2,2025-12-17
RAT_0008830,CUST_000599,TMDB_T_79744,2,2025-12-16
RAT_0008831,CUST_000600,TMDB_M_10681,4,2025-09-21
RAT_0008832,CUST_000600,TMDB_M_1430,4,2025-09-29
RAT_0008833,CUST_000600,TMDB_M_1582770,4,2025-09-24
RAT_0008834,CUST_000600,TMDB_M_568,3,2025-09-14
RAT_0008835,CUST_000600,TMDB_M_83533,5,2025-09-05
RAT_0008836,CUST_000600,TMDB_T_1431,4,2025-09-06
RAT_0008837,CUST_000600,TMDB_T_228091,5,2025-09-21
RAT_0008838,CUST_000600,TMDB_T_3562,5,2025-10-12
RAT_0008839,CUST_000600,TMDB_T_4556,2,2025-10-03
RAT_0008840,CUST_000600,TMDB_T_70672,5,2025-10-04
RAT_0008841,CUST_000600,TMDB_T_73586,2,2025-10-03
RAT_0008842,CUST_000601,TMDB_M_1084187,4,2025-10-16
RAT_0008843,CUST_000601,TMDB_M_1193501,4,2026-01-19
RAT_0008844,CUST_000601,TMDB_M_1290417,3,2026-03-27
RAT_0008845,CUST_000601,TMDB_M_1307373,5,2025-09-26
RAT_0008846,CUST_000601,TMDB_M_1336770,3,2026-03-29
RAT_0008847,CUST_000601,TMDB_M_1403327,5,2026-04-03
RAT_0008848,CUST_000601,TMDB_M_1465563,4,2025-11-23
RAT_0008849,CUST_000601,TMDB_M_1523145,5,2025-09-23
RAT_0008850,CUST_000601,TMDB_M_1611398,4,2026-01-16
RAT_0008851,CUST_000601,TMDB_M_264980,2,2025-12-03
RAT_0008852,CUST_000601,TMDB_M_4247,2,2026-04-02
RAT_0008853,CUST_000601,TMDB_T_114478,3,2026-02-26
RAT_0008854,CUST_000601,TMDB_T_549,3,2026-01-25
RAT_0008855,CUST_000601,TMDB_T_57243,5,2026-01-22
RAT_0008856,CUST_000601,TMDB_T_68350,2,2025-12-08
RAT_0008857,CUST_000601,TMDB_T_76572,4,2025-12-14
RAT_0008858,CUST_000601,TMDB_T_79744,4,2025-11-06
RAT_0008859,CUST_000602,TMDB_M_1115544,3,2025-04-25
RAT_0008860,CUST_000602,TMDB_M_1235877,2,2025-07-30
RAT_0008861,CUST_000602,TMDB_M_615,1,2024-11-18
RAT_0008862,CUST_000602,TMDB_T_154770,2,2025-09-08
RAT_0008863,CUST_000602,TMDB_T_34307,2,2024-10-16
RAT_0008864,CUST_000602,TMDB_T_44006,2,2024-10-19
RAT_0008865,CUST_000602,TMDB_T_4656,4,2026-04-10
RAT_0008866,CUST_000602,TMDB_T_549,3,2024-08-30
RAT_0008867,CUST_000602,TMDB_T_70672,5,2026-01-04
RAT_0008868,CUST_000602,TMDB_T_71494,3,2026-04-08
RAT_0008869,CUST_000602,TMDB_T_73586,2,2025-05-23
RAT_0008870,CUST_000602,TMDB_T_790,1,2025-02-11
RAT_0008871,CUST_000602,TMDB_T_95557,3,2025-06-04
RAT_0008872,CUST_000603,TMDB_M_12153,5,2025-09-10
RAT_0008873,CUST_000603,TMDB_M_412117,3,2025-11-18
RAT_0008874,CUST_000603,TMDB_M_429,5,2026-01-27
RAT_0008875,CUST_000603,TMDB_M_447273,3,2025-07-03
RAT_0008876,CUST_000603,TMDB_M_568,5,2025-10-07
RAT_0008877,CUST_000603,TMDB_M_936075,2,2024-10-05
RAT_0008878,CUST_000603,TMDB_T_100088,4,2026-03-24
RAT_0008879,CUST_000603,TMDB_T_127529,3,2024-07-10
RAT_0008880,CUST_000603,TMDB_T_1417,3,2024-09-17
RAT_0008881,CUST_000603,TMDB_T_1668,3,2025-04-22
RAT_0008882,CUST_000603,TMDB_T_1705,5,2026-02-21
RAT_0008883,CUST_000603,TMDB_T_1855,5,2026-01-05
RAT_0008884,CUST_000603,TMDB_T_2004,4,2025-12-19
RAT_0008885,CUST_000603,TMDB_T_202411,5,2026-03-20
RAT_0008886,CUST_000603,TMDB_T_2734,4,2024-12-28
RAT_0008887,CUST_000603,TMDB_T_48866,3,2025-11-13
RAT_0008888,CUST_000603,TMDB_T_65942,3,2025-06-16
RAT_0008889,CUST_000603,TMDB_T_74561,4,2025-11-06
RAT_0008890,CUST_000603,TMDB_T_8962,3,2025-11-15
RAT_0008891,CUST_000604,TMDB_M_1252037,3,2025-12-12
RAT_0008892,CUST_000604,TMDB_M_1266127,2,2025-12-27
RAT_0008893,CUST_000604,TMDB_M_1424965,3,2025-12-06
RAT_0008894,CUST_000604,TMDB_M_429617,3,2025-11-06
RAT_0008895,CUST_000604,TMDB_T_291,5,2025-12-31
RAT_0008896,CUST_000604,TMDB_T_74561,2,2025-12-25
RAT_0008897,CUST_000605,TMDB_M_1084187,2,2026-04-11
RAT_0008898,CUST_000605,TMDB_M_12153,2,2024-12-23
RAT_0008899,CUST_000605,TMDB_M_1284496,5,2024-12-22
RAT_0008900,CUST_000605,TMDB_M_1317288,3,2026-01-22
RAT_0008901,CUST_000605,TMDB_M_1403735,3,2025-09-17
RAT_0008902,CUST_000605,TMDB_M_1426297,3,2025-11-09
RAT_0008903,CUST_000605,TMDB_M_1575337,1,2025-11-21
RAT_0008904,CUST_000605,TMDB_M_1650558,3,2025-06-02
RAT_0008905,CUST_000605,TMDB_M_467905,4,2025-04-30
RAT_0008906,CUST_000605,TMDB_M_822119,4,2024-12-12
RAT_0008907,CUST_000605,TMDB_T_1416,2,2024-12-21
RAT_0008908,CUST_000605,TMDB_T_1421,4,2026-01-17
RAT_0008909,CUST_000605,TMDB_T_2316,4,2025-11-21
RAT_0008910,CUST_000605,TMDB_T_283123,3,2025-11-16
RAT_0008911,CUST_000605,TMDB_T_291,3,2026-04-06
RAT_0008912,CUST_000605,TMDB_T_35007,1,2025-06-05
RAT_0008913,CUST_000605,TMDB_T_58841,2,2026-01-09
RAT_0008914,CUST_000605,TMDB_T_60572,4,2024-12-07
RAT_0008915,CUST_000605,TMDB_T_98031,3,2025-01-03
RAT_0008916,CUST_000606,TMDB_M_103,3,2025-09-01
RAT_0008917,CUST_000606,TMDB_M_106646,1,2025-10-01
RAT_0008918,CUST_000606,TMDB_M_11036,3,2025-11-08
RAT_0008919,CUST_000606,TMDB_M_1276038,2,2025-10-04
RAT_0008920,CUST_000606,TMDB_M_1314481,1,2026-01-17
RAT_0008921,CUST_000606,TMDB_M_329505,2,2025-12-08
RAT_0008922,CUST_000606,TMDB_M_374720,4,2026-02-11
RAT_0008923,CUST_000606,TMDB_M_414906,2,2026-02-14
RAT_0008924,CUST_000606,TMDB_M_4232,4,2026-03-21
RAT_0008925,CUST_000606,TMDB_T_1399,2,2026-03-25
RAT_0008926,CUST_000606,TMDB_T_1400,3,2025-12-16
RAT_0008927,CUST_000606,TMDB_T_1405,4,2025-12-13
RAT_0008928,CUST_000606,TMDB_T_1434,1,2025-12-29
RAT_0008929,CUST_000606,TMDB_T_32692,3,2026-01-14
RAT_0008930,CUST_000606,TMDB_T_39351,4,2025-10-12
RAT_0008931,CUST_000606,TMDB_T_4057,5,2025-11-12
RAT_0008932,CUST_000606,TMDB_T_78191,2,2025-08-29
RAT_0008933,CUST_000607,TMDB_M_1084187,2,2025-05-15
RAT_0008934,CUST_000607,TMDB_M_1192548,2,2025-05-06
RAT_0008935,CUST_000607,TMDB_M_1620551,1,2025-04-28
RAT_0008936,CUST_000607,TMDB_M_315162,1,2025-01-26
RAT_0008937,CUST_000607,TMDB_M_479197,5,2025-05-16
RAT_0008938,CUST_000607,TMDB_M_502356,4,2024-07-14
RAT_0008939,CUST_000607,TMDB_M_812,3,2025-01-14
RAT_0008940,CUST_000607,TMDB_T_120089,2,2025-04-17
RAT_0008941,CUST_000607,TMDB_T_12225,2,2025-05-19
RAT_0008942,CUST_000607,TMDB_T_1396,1,2024-07-25
RAT_0008943,CUST_000607,TMDB_T_1402,3,2024-11-04
RAT_0008944,CUST_000607,TMDB_T_1421,1,2025-01-20
RAT_0008945,CUST_000607,TMDB_T_1433,4,2024-07-18
RAT_0008946,CUST_000607,TMDB_T_1434,2,2024-09-15
RAT_0008947,CUST_000607,TMDB_T_220542,2,2024-12-10
RAT_0008948,CUST_000607,TMDB_T_46260,3,2025-01-27
RAT_0008949,CUST_000607,TMDB_T_57532,3,2025-02-01
RAT_0008950,CUST_000607,TMDB_T_60622,1,2024-06-14
RAT_0008951,CUST_000607,TMDB_T_74561,3,2025-01-26
RAT_0008952,CUST_000608,TMDB_M_1159831,3,2025-11-09
RAT_0008953,CUST_000608,TMDB_M_1192548,4,2026-01-10
RAT_0008954,CUST_000608,TMDB_M_1297842,5,2025-08-12
RAT_0008955,CUST_000608,TMDB_M_1327819,3,2025-08-28
RAT_0008956,CUST_000608,TMDB_M_1620551,3,2025-12-23
RAT_0008957,CUST_000608,TMDB_M_425274,2,2025-05-06
RAT_0008958,CUST_000608,TMDB_M_687163,4,2025-12-14
RAT_0008959,CUST_000608,TMDB_M_803796,4,2026-02-02
RAT_0008960,CUST_000608,TMDB_M_879945,4,2025-12-13
RAT_0008961,CUST_000608,TMDB_T_1421,1,2026-03-30
RAT_0008962,CUST_000608,TMDB_T_278275,3,2025-03-25
RAT_0008963,CUST_000608,TMDB_T_289219,2,2025-08-26
RAT_0008964,CUST_000608,TMDB_T_46260,3,2025-10-02
RAT_0008965,CUST_000608,TMDB_T_68350,3,2025-10-16
RAT_0008966,CUST_000608,TMDB_T_94722,3,2025-11-07
RAT_0008967,CUST_000609,TMDB_M_1015606,1,2025-07-28
RAT_0008968,CUST_000609,TMDB_M_1119449,4,2025-03-09
RAT_0008969,CUST_000609,TMDB_M_1297842,2,2025-04-27
RAT_0008970,CUST_000609,TMDB_M_1403327,2,2025-08-24
RAT_0008971,CUST_000609,TMDB_M_193972,2,2025-09-27
RAT_0008972,CUST_000609,TMDB_M_329505,1,2025-08-25
RAT_0008973,CUST_000609,TMDB_M_37165,2,2025-07-31
RAT_0008974,CUST_000609,TMDB_M_949,2,2025-09-21
RAT_0008975,CUST_000609,TMDB_M_98477,1,2025-09-06
RAT_0008976,CUST_000609,TMDB_T_1620,1,2025-09-25
RAT_0008977,CUST_000609,TMDB_T_2691,2,2025-06-28
RAT_0008978,CUST_000609,TMDB_T_60059,4,2025-08-22
RAT_0008979,CUST_000609,TMDB_T_74561,2,2025-05-01
RAT_0008980,CUST_000610,TMDB_M_1326106,2,2026-04-26
RAT_0008981,CUST_000610,TMDB_M_14160,3,2026-03-22
RAT_0008982,CUST_000610,TMDB_M_1430,2,2026-01-30
RAT_0008983,CUST_000610,TMDB_M_14836,1,2026-05-03
RAT_0008984,CUST_000610,TMDB_M_269149,3,2026-04-07
RAT_0008985,CUST_000610,TMDB_M_569094,2,2026-01-08
RAT_0008986,CUST_000610,TMDB_M_662707,1,2026-05-02
RAT_0008987,CUST_000610,TMDB_M_666277,2,2026-02-05
RAT_0008988,CUST_000610,TMDB_M_803796,2,2026-04-23
RAT_0008989,CUST_000610,TMDB_T_1489,1,2026-05-26
RAT_0008990,CUST_000610,TMDB_T_19530,5,2026-05-17
RAT_0008991,CUST_000610,TMDB_T_202411,3,2026-03-27
RAT_0008992,CUST_000610,TMDB_T_2261,2,2026-04-06
RAT_0008993,CUST_000610,TMDB_T_2288,2,2026-04-07
RAT_0008994,CUST_000610,TMDB_T_22980,4,2026-04-13
RAT_0008995,CUST_000610,TMDB_T_34307,2,2026-01-15
RAT_0008996,CUST_000610,TMDB_T_37680,2,2025-11-23
RAT_0008997,CUST_000610,TMDB_T_4057,1,2025-12-15
RAT_0008998,CUST_000610,TMDB_T_46260,3,2026-04-21
RAT_0008999,CUST_000610,TMDB_T_57243,2,2026-02-21
RAT_0009000,CUST_000610,TMDB_T_61818,1,2026-05-02
RAT_0009001,CUST_000610,TMDB_T_65942,2,2026-03-27
RAT_0009002,CUST_000610,TMDB_T_67460,3,2026-03-19
RAT_0009003,CUST_000610,TMDB_T_6836,2,2026-04-07
RAT_0009004,CUST_000610,TMDB_T_76479,3,2026-05-29
RAT_0009005,CUST_000610,TMDB_T_85077,1,2026-05-25
RAT_0009006,CUST_000611,TMDB_M_1650558,3,2024-08-10
RAT_0009007,CUST_000611,TMDB_T_1419,3,2024-04-28
RAT_0009008,CUST_000611,TMDB_T_2261,4,2024-09-28
RAT_0009009,CUST_000611,TMDB_T_456,1,2024-10-11
RAT_0009010,CUST_000612,TMDB_M_1011985,3,2026-11-13
RAT_0009011,CUST_000612,TMDB_M_1084187,3,2027-01-01
RAT_0009012,CUST_000612,TMDB_M_1171145,1,2026-04-29
RAT_0009013,CUST_000612,TMDB_M_1192548,4,2026-12-08
RAT_0009014,CUST_000612,TMDB_M_1297842,1,2026-08-12
RAT_0009015,CUST_000612,TMDB_M_1572073,2,2026-09-23
RAT_0009016,CUST_000612,TMDB_M_1631917,2,2026-11-11
RAT_0009017,CUST_000612,TMDB_M_1641319,2,2026-06-03
RAT_0009018,CUST_000612,TMDB_M_2062,1,2026-06-17
RAT_0009019,CUST_000612,TMDB_M_389677,3,2026-10-04
RAT_0009020,CUST_000612,TMDB_M_677638,5,2026-11-04
RAT_0009021,CUST_000612,TMDB_M_701387,5,2026-08-13
RAT_0009022,CUST_000612,TMDB_M_936075,4,2026-12-04
RAT_0009023,CUST_000612,TMDB_M_980477,3,2026-10-24
RAT_0009024,CUST_000612,TMDB_T_112527,3,2026-11-19
RAT_0009025,CUST_000612,TMDB_T_114478,2,2026-09-08
RAT_0009026,CUST_000612,TMDB_T_1399,1,2026-12-24
RAT_0009027,CUST_000612,TMDB_T_283123,3,2026-09-25
RAT_0009028,CUST_000612,TMDB_T_46260,1,2027-01-03
RAT_0009029,CUST_000612,TMDB_T_60625,4,2026-04-28
RAT_0009030,CUST_000612,TMDB_T_68350,3,2026-09-16
RAT_0009031,CUST_000613,TMDB_M_1011477,3,2025-07-23
RAT_0009032,CUST_000613,TMDB_M_1242898,2,2025-04-12
RAT_0009033,CUST_000613,TMDB_M_1265609,5,2025-08-01
RAT_0009034,CUST_000613,TMDB_M_1266127,4,2025-12-02
RAT_0009035,CUST_000613,TMDB_M_1266990,4,2025-01-28
RAT_0009036,CUST_000613,TMDB_M_1292695,3,2026-01-07
RAT_0009037,CUST_000613,TMDB_M_1403735,2,2025-03-10
RAT_0009038,CUST_000613,TMDB_M_1493859,4,2026-03-24
RAT_0009039,CUST_000613,TMDB_M_157336,4,2026-01-16
RAT_0009040,CUST_000613,TMDB_M_1641319,5,2025-09-11
RAT_0009041,CUST_000613,TMDB_M_177572,5,2025-09-22
RAT_0009042,CUST_000613,TMDB_M_19592,5,2025-04-03
RAT_0009043,CUST_000613,TMDB_M_22,4,2026-01-10
RAT_0009044,CUST_000613,TMDB_M_672,3,2025-10-30
RAT_0009045,CUST_000613,TMDB_M_687259,3,2025-05-24
RAT_0009046,CUST_000613,TMDB_M_7451,2,2025-04-12
RAT_0009047,CUST_000613,TMDB_M_76341,5,2025-10-27
RAT_0009048,CUST_000613,TMDB_M_862739,3,2025-07-01
RAT_0009049,CUST_000613,TMDB_M_945961,2,2025-08-08
RAT_0009050,CUST_000613,TMDB_T_1405,3,2025-02-18
RAT_0009051,CUST_000613,TMDB_T_1981,3,2025-04-07
RAT_0009052,CUST_000613,TMDB_T_4057,5,2026-03-29
RAT_0009053,CUST_000613,TMDB_T_4614,4,2025-05-10
RAT_0009054,CUST_000613,TMDB_T_60625,4,2025-09-08
RAT_0009055,CUST_000614,TMDB_M_1058710,2,2025-09-05
RAT_0009056,CUST_000614,TMDB_M_1087891,2,2025-08-11
RAT_0009057,CUST_000614,TMDB_M_1272837,4,2026-02-20
RAT_0009058,CUST_000614,TMDB_M_1523145,3,2025-12-19
RAT_0009059,CUST_000614,TMDB_M_28322,1,2025-08-28
RAT_0009060,CUST_000614,TMDB_M_348,4,2025-11-20
RAT_0009061,CUST_000614,TMDB_M_429,5,2026-03-16
RAT_0009062,CUST_000614,TMDB_M_533535,3,2026-01-25
RAT_0009063,CUST_000614,TMDB_M_635302,4,2025-10-03
RAT_0009064,CUST_000614,TMDB_M_646385,2,2025-12-03
RAT_0009065,CUST_000614,TMDB_M_694,1,2025-12-08
RAT_0009066,CUST_000614,TMDB_M_876566,4,2025-12-20
RAT_0009067,CUST_000614,TMDB_M_985939,5,2026-02-27
RAT_0009068,CUST_000614,TMDB_T_1416,3,2026-02-25
RAT_0009069,CUST_000614,TMDB_T_19530,3,2025-07-27
RAT_0009070,CUST_000614,TMDB_T_279471,3,2025-08-10
RAT_0009071,CUST_000614,TMDB_T_289219,2,2025-09-11
RAT_0009072,CUST_000614,TMDB_T_34524,1,2025-10-18
RAT_0009073,CUST_000614,TMDB_T_60572,3,2025-09-10
RAT_0009074,CUST_000614,TMDB_T_73586,5,2026-02-19
RAT_0009075,CUST_000615,TMDB_M_1110034,1,2025-03-03
RAT_0009076,CUST_000615,TMDB_M_1193501,3,2025-01-16
RAT_0009077,CUST_000615,TMDB_M_1268127,3,2025-01-02
RAT_0009078,CUST_000615,TMDB_M_1367763,4,2024-10-21
RAT_0009079,CUST_000615,TMDB_M_348,4,2024-11-03
RAT_0009080,CUST_000615,TMDB_M_934433,1,2025-03-09
RAT_0009081,CUST_000615,TMDB_T_1412,4,2024-12-30
RAT_0009082,CUST_000615,TMDB_T_4588,3,2025-03-02
RAT_0009083,CUST_000615,TMDB_T_4607,1,2024-11-15
RAT_0009084,CUST_000615,TMDB_T_74561,2,2024-12-17
RAT_0009085,CUST_000615,TMDB_T_790,5,2025-01-25
RAT_0009086,CUST_000615,TMDB_T_80748,4,2024-10-28
RAT_0009087,CUST_000616,TMDB_M_10191,4,2024-12-20
RAT_0009088,CUST_000616,TMDB_M_1084242,2,2024-12-15
RAT_0009089,CUST_000616,TMDB_M_1117857,2,2024-12-29
RAT_0009090,CUST_000616,TMDB_M_2062,2,2024-12-18
RAT_0009091,CUST_000616,TMDB_T_1412,3,2024-12-21
RAT_0009092,CUST_000616,TMDB_T_2190,4,2024-11-27
RAT_0009093,CUST_000616,TMDB_T_279471,2,2024-12-12
RAT_0009094,CUST_000616,TMDB_T_34307,3,2024-11-15
RAT_0009095,CUST_000616,TMDB_T_5920,2,2025-01-06
RAT_0009096,CUST_000617,TMDB_M_1015606,2,2026-02-19
RAT_0009097,CUST_000617,TMDB_M_1064213,2,2025-07-29
RAT_0009098,CUST_000617,TMDB_M_1191876,1,2026-02-14
RAT_0009099,CUST_000617,TMDB_M_1487320,2,2025-07-13
RAT_0009100,CUST_000617,TMDB_M_453395,1,2025-10-11
RAT_0009101,CUST_000617,TMDB_M_615,2,2026-03-05
RAT_0009102,CUST_000617,TMDB_M_670,3,2025-11-02
RAT_0009103,CUST_000617,TMDB_M_687163,2,2025-12-13
RAT_0009104,CUST_000617,TMDB_M_769,4,2025-09-09
RAT_0009105,CUST_000617,TMDB_M_857,4,2026-03-24
RAT_0009106,CUST_000617,TMDB_T_13945,2,2026-03-23
RAT_0009107,CUST_000617,TMDB_T_1620,1,2025-11-13
RAT_0009108,CUST_000617,TMDB_T_1622,2,2026-03-14
RAT_0009109,CUST_000617,TMDB_T_3562,5,2026-01-18
RAT_0009110,CUST_000617,TMDB_T_5920,3,2025-11-17
RAT_0009111,CUST_000618,TMDB_M_1020969,4,2025-09-09
RAT_0009112,CUST_000618,TMDB_M_1175942,5,2026-04-10
RAT_0009113,CUST_000618,TMDB_M_1430,3,2026-03-10
RAT_0009114,CUST_000618,TMDB_M_1470130,3,2025-08-14
RAT_0009115,CUST_000618,TMDB_M_1526650,2,2024-07-19
RAT_0009116,CUST_000618,TMDB_M_20352,4,2024-11-27
RAT_0009117,CUST_000618,TMDB_M_519182,4,2026-03-01
RAT_0009118,CUST_000618,TMDB_T_110075,4,2025-10-14
RAT_0009119,CUST_000618,TMDB_T_120089,1,2025-05-03
RAT_0009120,CUST_000618,TMDB_T_237020,4,2026-02-05
RAT_0009121,CUST_000618,TMDB_T_59941,2,2025-03-08
RAT_0009122,CUST_000618,TMDB_T_65733,1,2025-11-29
RAT_0009123,CUST_000619,TMDB_M_1054867,3,2025-07-01
RAT_0009124,CUST_000619,TMDB_M_1291608,4,2025-10-26
RAT_0009125,CUST_000619,TMDB_M_637649,4,2024-10-11
RAT_0009126,CUST_000619,TMDB_M_680493,2,2025-12-01
RAT_0009127,CUST_000619,TMDB_T_12225,4,2025-11-05
RAT_0009128,CUST_000619,TMDB_T_4607,3,2026-01-16
RAT_0009129,CUST_000619,TMDB_T_76479,4,2024-05-09
RAT_0009130,CUST_000619,TMDB_T_78191,1,2025-08-04
RAT_0009131,CUST_000620,TMDB_M_1038392,4,2026-02-26
RAT_0009132,CUST_000620,TMDB_M_1049471,2,2026-04-14
RAT_0009133,CUST_000620,TMDB_M_11036,4,2026-04-04
RAT_0009134,CUST_000620,TMDB_M_1192548,3,2026-03-24
RAT_0009135,CUST_000620,TMDB_M_1236153,5,2026-02-15
RAT_0009136,CUST_000620,TMDB_M_1276038,2,2026-04-20
RAT_0009137,CUST_000620,TMDB_M_1291335,4,2026-03-26
RAT_0009138,CUST_000620,TMDB_M_1325734,4,2026-02-09
RAT_0009139,CUST_000620,TMDB_M_1381216,4,2026-01-31
RAT_0009140,CUST_000620,TMDB_M_1408208,1,2026-04-12
RAT_0009141,CUST_000620,TMDB_M_1470130,4,2026-02-22
RAT_0009142,CUST_000620,TMDB_M_1634301,2,2026-04-09
RAT_0009143,CUST_000620,TMDB_M_374720,5,2026-01-26
RAT_0009144,CUST_000620,TMDB_M_696393,2,2026-04-08
RAT_0009145,CUST_000620,TMDB_M_936075,3,2026-04-13
RAT_0009146,CUST_000620,TMDB_T_1400,4,2026-03-02
RAT_0009147,CUST_000620,TMDB_T_1431,1,2026-04-04
RAT_0009148,CUST_000620,TMDB_T_456,5,2026-01-29
RAT_0009149,CUST_000621,TMDB_M_1117857,1,2025-12-12
RAT_0009150,CUST_000621,TMDB_M_1167307,3,2025-08-30
RAT_0009151,CUST_000621,TMDB_M_1193501,3,2025-11-18
RAT_0009152,CUST_000621,TMDB_M_1265609,3,2025-08-23
RAT_0009153,CUST_000621,TMDB_M_14160,3,2025-05-03
RAT_0009154,CUST_000621,TMDB_M_1575337,3,2025-11-06
RAT_0009155,CUST_000621,TMDB_M_677638,5,2025-11-20
RAT_0009156,CUST_000621,TMDB_T_117465,1,2025-05-27
RAT_0009157,CUST_000621,TMDB_T_12971,2,2025-04-19
RAT_0009158,CUST_000621,TMDB_T_13945,1,2025-09-03
RAT_0009159,CUST_000621,TMDB_T_209867,2,2024-11-26
RAT_0009160,CUST_000621,TMDB_T_31910,1,2026-04-04
RAT_0009161,CUST_000621,TMDB_T_4614,4,2025-10-11
RAT_0009162,CUST_000621,TMDB_T_76479,3,2026-02-09
RAT_0009163,CUST_000621,TMDB_T_94722,3,2026-01-26
RAT_0009164,CUST_000622,TMDB_M_1038392,3,2025-10-02
RAT_0009165,CUST_000622,TMDB_M_1175942,5,2026-02-25
RAT_0009166,CUST_000622,TMDB_M_12509,4,2025-11-19
RAT_0009167,CUST_000622,TMDB_M_1268127,5,2025-11-25
RAT_0009168,CUST_000622,TMDB_M_1317149,4,2025-12-11
RAT_0009169,CUST_000622,TMDB_M_1526650,3,2025-11-17
RAT_0009170,CUST_000622,TMDB_M_1646142,4,2026-03-09
RAT_0009171,CUST_000622,TMDB_M_226674,3,2025-07-05
RAT_0009172,CUST_000622,TMDB_M_424,4,2026-04-01
RAT_0009173,CUST_000622,TMDB_M_519182,3,2025-12-17
RAT_0009174,CUST_000622,TMDB_M_662707,4,2025-03-06
RAT_0009175,CUST_000622,TMDB_M_679,3,2026-02-24
RAT_0009176,CUST_000622,TMDB_M_77338,4,2025-08-26
RAT_0009177,CUST_000622,TMDB_T_100088,4,2025-11-29
RAT_0009178,CUST_000622,TMDB_T_1416,3,2025-08-29
RAT_0009179,CUST_000622,TMDB_T_1705,3,2025-07-18
RAT_0009180,CUST_000622,TMDB_T_202555,3,2025-08-28
RAT_0009181,CUST_000622,TMDB_T_34307,2,2025-06-14
RAT_0009182,CUST_000622,TMDB_T_3562,3,2025-10-03
RAT_0009183,CUST_000622,TMDB_T_46296,3,2025-11-26
RAT_0009184,CUST_000622,TMDB_T_60574,4,2025-07-22
RAT_0009185,CUST_000622,TMDB_T_65503,5,2025-03-09
RAT_0009186,CUST_000623,TMDB_M_1066313,4,2025-02-13
RAT_0009187,CUST_000623,TMDB_M_1119449,2,2026-03-06
RAT_0009188,CUST_000623,TMDB_M_1214871,3,2026-03-23
RAT_0009189,CUST_000623,TMDB_M_1487320,2,2026-01-14
RAT_0009190,CUST_000623,TMDB_M_1646787,3,2025-05-20
RAT_0009191,CUST_000623,TMDB_M_19995,4,2025-02-12
RAT_0009192,CUST_000623,TMDB_M_228150,3,2026-03-17
RAT_0009193,CUST_000623,TMDB_M_62,2,2025-08-15
RAT_0009194,CUST_000623,TMDB_M_680493,4,2025-05-14
RAT_0009195,CUST_000623,TMDB_M_857,3,2026-02-04
RAT_0009196,CUST_000623,TMDB_T_124364,2,2025-07-09
RAT_0009197,CUST_000623,TMDB_T_1622,3,2025-05-13
RAT_0009198,CUST_000623,TMDB_T_285469,4,2025-09-05
RAT_0009199,CUST_000623,TMDB_T_44006,2,2025-06-06
RAT_0009200,CUST_000623,TMDB_T_78191,2,2025-10-13
RAT_0009201,CUST_000623,TMDB_T_85552,5,2024-12-17
RAT_0009202,CUST_000624,TMDB_M_1084187,1,2025-04-28
RAT_0009203,CUST_000624,TMDB_M_1192548,2,2025-04-18
RAT_0009204,CUST_000624,TMDB_M_1226863,2,2025-03-04
RAT_0009205,CUST_000624,TMDB_M_280,2,2025-01-31
RAT_0009206,CUST_000624,TMDB_M_335983,3,2025-03-08
RAT_0009207,CUST_000624,TMDB_M_425274,2,2025-02-23
RAT_0009208,CUST_000624,TMDB_M_475557,3,2025-03-09
RAT_0009209,CUST_000624,TMDB_M_67395,1,2025-03-20
RAT_0009210,CUST_000624,TMDB_T_108978,1,2025-04-12
RAT_0009211,CUST_000624,TMDB_T_124364,3,2025-03-03
RAT_0009212,CUST_000624,TMDB_T_1911,1,2025-04-14
RAT_0009213,CUST_000624,TMDB_T_2171,5,2025-03-28
RAT_0009214,CUST_000624,TMDB_T_2734,2,2025-02-11
RAT_0009215,CUST_000624,TMDB_T_71790,4,2025-02-20
RAT_0009216,CUST_000624,TMDB_T_80748,1,2025-04-02
RAT_0009217,CUST_000625,TMDB_M_1022789,3,2025-03-11
RAT_0009218,CUST_000625,TMDB_M_1054867,3,2024-11-05
RAT_0009219,CUST_000625,TMDB_M_1084242,3,2025-10-05
RAT_0009220,CUST_000625,TMDB_M_122,5,2025-08-13
RAT_0009221,CUST_000625,TMDB_M_1241982,4,2025-04-13
RAT_0009222,CUST_000625,TMDB_M_1326106,4,2026-03-16
RAT_0009223,CUST_000625,TMDB_M_1601243,4,2025-10-22
RAT_0009224,CUST_000625,TMDB_M_285,5,2025-11-27
RAT_0009225,CUST_000625,TMDB_M_381288,2,2025-01-19
RAT_0009226,CUST_000625,TMDB_M_62029,2,2024-08-03
RAT_0009227,CUST_000625,TMDB_M_675,4,2025-03-07
RAT_0009228,CUST_000625,TMDB_M_812,2,2024-09-23
RAT_0009229,CUST_000625,TMDB_M_8358,5,2026-01-19
RAT_0009230,CUST_000625,TMDB_M_875828,2,2025-08-12
RAT_0009231,CUST_000625,TMDB_M_98477,2,2024-07-12
RAT_0009232,CUST_000625,TMDB_T_114478,3,2024-07-01
RAT_0009233,CUST_000625,TMDB_T_1400,2,2025-06-04
RAT_0009234,CUST_000625,TMDB_T_1403,4,2026-03-29
RAT_0009235,CUST_000625,TMDB_T_1421,4,2026-04-06
RAT_0009236,CUST_000625,TMDB_T_1489,4,2025-10-31
RAT_0009237,CUST_000625,TMDB_T_2171,4,2024-06-27
RAT_0009238,CUST_000625,TMDB_T_2261,4,2026-03-29
RAT_0009239,CUST_000625,TMDB_T_2734,1,2025-05-07
RAT_0009240,CUST_000625,TMDB_T_498,5,2026-01-29
RAT_0009241,CUST_000625,TMDB_T_61818,3,2026-03-26
RAT_0009242,CUST_000625,TMDB_T_66732,4,2026-04-04
RAT_0009243,CUST_000625,TMDB_T_78191,1,2025-06-09
RAT_0009244,CUST_000625,TMDB_T_82873,4,2026-02-17
RAT_0009245,CUST_000625,TMDB_T_95557,3,2025-10-18
RAT_0009246,CUST_000626,TMDB_M_1084187,2,2026-04-05
RAT_0009247,CUST_000626,TMDB_M_1192548,4,2026-02-25
RAT_0009248,CUST_000626,TMDB_M_1620551,2,2026-02-18
RAT_0009249,CUST_000626,TMDB_T_154770,4,2026-03-21
RAT_0009250,CUST_000626,TMDB_T_70672,4,2026-04-06
RAT_0009251,CUST_000627,TMDB_M_1084187,3,2025-10-20
RAT_0009252,CUST_000627,TMDB_M_1192548,4,2026-02-24
RAT_0009253,CUST_000627,TMDB_M_1327819,1,2024-10-27
RAT_0009254,CUST_000627,TMDB_M_1523145,3,2024-12-26
RAT_0009255,CUST_000627,TMDB_M_1620551,4,2025-08-20
RAT_0009256,CUST_000627,TMDB_M_533533,1,2026-04-07
RAT_0009257,CUST_000627,TMDB_M_862739,4,2024-10-02
RAT_0009258,CUST_000627,TMDB_M_936075,3,2026-02-25
RAT_0009259,CUST_000627,TMDB_T_110075,4,2024-07-25
RAT_0009260,CUST_000627,TMDB_T_1431,3,2024-12-20
RAT_0009261,CUST_000627,TMDB_T_237020,5,2025-12-27
RAT_0009262,CUST_000627,TMDB_T_291,4,2026-04-05
RAT_0009263,CUST_000627,TMDB_T_65503,2,2024-09-03
RAT_0009264,CUST_000627,TMDB_T_873,4,2026-02-04
RAT_0009265,CUST_000628,TMDB_M_1072699,3,2025-08-05
RAT_0009266,CUST_000628,TMDB_M_1119878,3,2025-10-19
RAT_0009267,CUST_000628,TMDB_M_12153,4,2026-02-28
RAT_0009268,CUST_000628,TMDB_M_1290821,3,2026-01-27
RAT_0009269,CUST_000628,TMDB_M_680493,3,2026-01-22
RAT_0009270,CUST_000628,TMDB_M_807,2,2026-02-12
RAT_0009271,CUST_000628,TMDB_M_949,3,2025-08-06
RAT_0009272,CUST_000628,TMDB_T_1405,2,2026-01-28
RAT_0009273,CUST_000628,TMDB_T_1409,2,2025-12-25
RAT_0009274,CUST_000628,TMDB_T_1695,2,2025-12-09
RAT_0009275,CUST_000628,TMDB_T_2171,3,2025-12-09
RAT_0009276,CUST_000628,TMDB_T_4087,3,2026-03-07
RAT_0009277,CUST_000628,TMDB_T_4177,1,2025-08-07
RAT_0009278,CUST_000628,TMDB_T_4607,1,2026-03-04
RAT_0009279,CUST_000628,TMDB_T_5092,5,2025-12-29
RAT_0009280,CUST_000628,TMDB_T_57532,1,2025-09-18
RAT_0009281,CUST_000628,TMDB_T_63770,2,2026-02-08
RAT_0009282,CUST_000628,TMDB_T_70672,4,2025-10-18
RAT_0009283,CUST_000629,TMDB_M_1015606,3,2025-12-29
RAT_0009284,CUST_000629,TMDB_M_1119449,1,2024-12-14
RAT_0009285,CUST_000629,TMDB_M_1290417,3,2026-02-22
RAT_0009286,CUST_000629,TMDB_M_1304313,3,2024-10-27
RAT_0009287,CUST_000629,TMDB_M_1430,3,2025-08-18
RAT_0009288,CUST_000629,TMDB_M_1470130,2,2025-12-04
RAT_0009289,CUST_000629,TMDB_M_24428,2,2025-06-12
RAT_0009290,CUST_000629,TMDB_M_286217,4,2026-03-23
RAT_0009291,CUST_000629,TMDB_M_381288,1,2025-09-29
RAT_0009292,CUST_000629,TMDB_M_567609,3,2025-02-27
RAT_0009293,CUST_000629,TMDB_M_694,4,2025-08-03
RAT_0009294,CUST_000629,TMDB_M_769,2,2025-01-12
RAT_0009295,CUST_000629,TMDB_M_945961,4,2025-03-03
RAT_0009296,CUST_000629,TMDB_T_1622,1,2024-11-14
RAT_0009297,CUST_000629,TMDB_T_1667,2,2026-03-30
RAT_0009298,CUST_000629,TMDB_T_3562,5,2026-01-02
RAT_0009299,CUST_000629,TMDB_T_4588,2,2024-11-25
RAT_0009300,CUST_000629,TMDB_T_46296,2,2025-02-26
RAT_0009301,CUST_000629,TMDB_T_76479,2,2025-08-01
RAT_0009302,CUST_000630,TMDB_M_101,1,2025-08-22
RAT_0009303,CUST_000630,TMDB_M_103,4,2025-08-15
RAT_0009304,CUST_000630,TMDB_M_11,2,2026-03-18
RAT_0009305,CUST_000630,TMDB_M_1168190,4,2025-09-29
RAT_0009306,CUST_000630,TMDB_M_414906,4,2025-06-27
RAT_0009307,CUST_000630,TMDB_M_4232,4,2026-03-31
RAT_0009308,CUST_000630,TMDB_M_425274,3,2025-09-10
RAT_0009309,CUST_000630,TMDB_M_687163,3,2024-12-12
RAT_0009310,CUST_000630,TMDB_M_807,2,2026-03-27
RAT_0009311,CUST_000630,TMDB_M_875828,4,2025-01-11
RAT_0009312,CUST_000630,TMDB_T_1405,3,2026-01-31
RAT_0009313,CUST_000630,TMDB_T_1431,3,2025-03-30
RAT_0009314,CUST_000630,TMDB_T_17610,3,2024-10-08
RAT_0009315,CUST_000630,TMDB_T_2261,4,2024-10-29
RAT_0009316,CUST_000630,TMDB_T_4604,4,2025-10-02
RAT_0009317,CUST_000630,TMDB_T_4614,3,2025-07-02
RAT_0009318,CUST_000630,TMDB_T_498,5,2024-10-16
RAT_0009319,CUST_000630,TMDB_T_549,3,2026-04-01
RAT_0009320,CUST_000630,TMDB_T_60622,3,2025-10-13
RAT_0009321,CUST_000630,TMDB_T_65733,3,2025-09-13
RAT_0009322,CUST_000630,TMDB_T_764,2,2025-10-04
RAT_0009323,CUST_000630,TMDB_T_95479,4,2025-11-14
RAT_0009324,CUST_000631,TMDB_M_11036,4,2024-12-18
RAT_0009325,CUST_000631,TMDB_M_1276704,3,2025-04-15
RAT_0009326,CUST_000631,TMDB_M_1297454,1,2025-11-16
RAT_0009327,CUST_000631,TMDB_M_1327819,3,2024-12-26
RAT_0009328,CUST_000631,TMDB_M_1327862,3,2025-01-25
RAT_0009329,CUST_000631,TMDB_M_1403327,2,2026-01-09
RAT_0009330,CUST_000631,TMDB_M_14160,1,2025-08-08
RAT_0009331,CUST_000631,TMDB_M_1650558,5,2025-10-16
RAT_0009332,CUST_000631,TMDB_M_337404,4,2025-08-19
RAT_0009333,CUST_000631,TMDB_M_58008,4,2024-08-20
RAT_0009334,CUST_000631,TMDB_M_62029,2,2024-10-24
RAT_0009335,CUST_000631,TMDB_M_848116,5,2025-08-01
RAT_0009336,CUST_000631,TMDB_M_876566,2,2025-01-13
RAT_0009337,CUST_000631,TMDB_T_120089,2,2025-01-20
RAT_0009338,CUST_000631,TMDB_T_128318,2,2025-01-02
RAT_0009339,CUST_000631,TMDB_T_2224,3,2026-02-21
RAT_0009340,CUST_000631,TMDB_T_65334,1,2025-09-22
RAT_0009341,CUST_000631,TMDB_T_67460,3,2024-08-03
RAT_0009342,CUST_000631,TMDB_T_85077,4,2026-01-10
RAT_0009343,CUST_000631,TMDB_T_85552,2,2025-12-09
RAT_0009344,CUST_000632,TMDB_M_1019420,2,2026-02-19
RAT_0009345,CUST_000632,TMDB_M_1087891,4,2025-12-08
RAT_0009346,CUST_000632,TMDB_M_1317672,3,2026-02-11
RAT_0009347,CUST_000632,TMDB_M_1325734,3,2026-04-12
RAT_0009348,CUST_000632,TMDB_M_1327862,2,2025-09-21
RAT_0009349,CUST_000632,TMDB_M_1367642,4,2026-02-22
RAT_0009350,CUST_000632,TMDB_M_1401778,1,2025-06-22
RAT_0009351,CUST_000632,TMDB_M_156022,1,2026-03-09
RAT_0009352,CUST_000632,TMDB_M_1630433,3,2026-04-23
RAT_0009353,CUST_000632,TMDB_M_687163,1,2025-10-13
RAT_0009354,CUST_000632,TMDB_T_108978,3,2026-04-10
RAT_0009355,CUST_000632,TMDB_T_1405,1,2026-01-24
RAT_0009356,CUST_000632,TMDB_T_1408,1,2025-12-17
RAT_0009357,CUST_000632,TMDB_T_30984,5,2026-04-14
RAT_0009358,CUST_000632,TMDB_T_37854,2,2026-04-08
RAT_0009359,CUST_000632,TMDB_T_65334,4,2025-11-01
RAT_0009360,CUST_000634,TMDB_M_1064213,3,2026-02-20
RAT_0009361,CUST_000634,TMDB_M_1265609,1,2025-12-20
RAT_0009362,CUST_000634,TMDB_M_1381027,3,2025-09-20
RAT_0009363,CUST_000634,TMDB_M_1430,2,2026-03-13
RAT_0009364,CUST_000634,TMDB_M_150540,1,2026-04-08
RAT_0009365,CUST_000634,TMDB_M_181812,4,2025-09-09
RAT_0009366,CUST_000634,TMDB_M_425274,2,2026-03-26
RAT_0009367,CUST_000634,TMDB_T_1409,1,2025-07-27
RAT_0009368,CUST_000634,TMDB_T_1412,1,2025-07-19
RAT_0009369,CUST_000634,TMDB_T_1431,4,2025-08-01
RAT_0009370,CUST_000634,TMDB_T_1911,1,2026-01-05
RAT_0009371,CUST_000634,TMDB_T_2221,1,2026-01-26
RAT_0009372,CUST_000634,TMDB_T_2261,2,2025-11-01
RAT_0009373,CUST_000634,TMDB_T_2691,1,2025-10-06
RAT_0009374,CUST_000634,TMDB_T_2734,4,2025-12-09
RAT_0009375,CUST_000634,TMDB_T_4057,3,2026-01-11
RAT_0009376,CUST_000634,TMDB_T_46952,4,2026-01-07
RAT_0009377,CUST_000634,TMDB_T_60735,3,2026-02-17
RAT_0009378,CUST_000634,TMDB_T_61818,2,2025-08-06
RAT_0009379,CUST_000634,TMDB_T_6836,3,2026-01-14
RAT_0009380,CUST_000634,TMDB_T_74561,1,2025-08-19
RAT_0009381,CUST_000634,TMDB_T_80748,2,2025-12-29
RAT_0009382,CUST_000635,TMDB_M_1084242,3,2026-04-10
RAT_0009383,CUST_000635,TMDB_M_1310568,4,2026-04-11
RAT_0009384,CUST_000635,TMDB_M_419430,5,2026-04-09
RAT_0009385,CUST_000635,TMDB_M_519182,4,2026-04-11
RAT_0009386,CUST_000635,TMDB_M_680493,2,2026-02-20
RAT_0009387,CUST_000635,TMDB_M_769,5,2026-02-18
RAT_0009388,CUST_000635,TMDB_T_15260,4,2026-03-16
RAT_0009389,CUST_000635,TMDB_T_4087,2,2026-02-22
RAT_0009390,CUST_000635,TMDB_T_4177,5,2026-03-25
RAT_0009391,CUST_000635,TMDB_T_78191,4,2026-04-03
RAT_0009392,CUST_000635,TMDB_T_95557,4,2026-03-05
RAT_0009393,CUST_000636,TMDB_M_101,3,2026-02-03
RAT_0009394,CUST_000636,TMDB_M_1290821,3,2025-10-08
RAT_0009395,CUST_000636,TMDB_M_680,4,2025-11-27
RAT_0009396,CUST_000636,TMDB_M_941109,3,2025-12-11
RAT_0009397,CUST_000636,TMDB_M_982843,3,2026-03-21
RAT_0009398,CUST_000636,TMDB_T_127529,4,2025-11-27
RAT_0009399,CUST_000636,TMDB_T_60059,4,2025-10-23
RAT_0009400,CUST_000636,TMDB_T_60572,3,2025-12-24
RAT_0009401,CUST_000636,TMDB_T_63174,4,2026-03-08
RAT_0009402,CUST_000636,TMDB_T_71790,2,2025-08-17
RAT_0009403,CUST_000636,TMDB_T_790,3,2025-11-15
RAT_0009404,CUST_000637,TMDB_M_106,4,2025-11-22
RAT_0009405,CUST_000637,TMDB_M_1061474,2,2025-12-20
RAT_0009406,CUST_000637,TMDB_M_1066313,5,2025-12-05
RAT_0009407,CUST_000637,TMDB_M_1119449,3,2025-12-02
RAT_0009408,CUST_000637,TMDB_M_1327819,3,2025-10-26
RAT_0009409,CUST_000637,TMDB_M_207,5,2026-03-27
RAT_0009410,CUST_000637,TMDB_M_335984,3,2026-03-22
RAT_0009411,CUST_000637,TMDB_M_604079,4,2026-01-23
RAT_0009412,CUST_000637,TMDB_M_912649,3,2026-03-24
RAT_0009413,CUST_000637,TMDB_T_1399,3,2026-03-05
RAT_0009414,CUST_000637,TMDB_T_1705,3,2026-01-18
RAT_0009415,CUST_000637,TMDB_T_4057,2,2025-10-13
RAT_0009416,CUST_000637,TMDB_T_4604,5,2026-04-01
RAT_0009417,CUST_000637,TMDB_T_59941,3,2025-10-08
RAT_0009418,CUST_000637,TMDB_T_76572,4,2025-11-10
RAT_0009419,CUST_000638,TMDB_M_1084242,3,2024-06-11
RAT_0009420,CUST_000638,TMDB_M_1487320,3,2026-02-08
RAT_0009421,CUST_000638,TMDB_M_597,3,2025-08-12
RAT_0009422,CUST_000638,TMDB_M_967941,2,2025-02-03
RAT_0009423,CUST_000638,TMDB_T_1622,1,2025-02-10
RAT_0009424,CUST_000638,TMDB_T_2224,5,2026-01-14
RAT_0009425,CUST_000638,TMDB_T_2316,1,2024-10-29
RAT_0009426,CUST_000638,TMDB_T_32692,1,2024-06-25
RAT_0009427,CUST_000638,TMDB_T_4556,2,2025-12-07
RAT_0009428,CUST_000638,TMDB_T_60622,4,2025-02-18
RAT_0009429,CUST_000638,TMDB_T_68350,3,2024-10-02
RAT_0009430,CUST_000638,TMDB_T_94722,4,2025-10-05
RAT_0009431,CUST_000639,TMDB_M_1252037,4,2026-04-11
RAT_0009432,CUST_000639,TMDB_M_1470130,2,2026-03-10
RAT_0009433,CUST_000639,TMDB_M_37165,4,2026-01-08
RAT_0009434,CUST_000639,TMDB_M_374720,3,2026-03-10
RAT_0009435,CUST_000639,TMDB_M_646380,2,2026-02-06
RAT_0009436,CUST_000639,TMDB_M_665,4,2026-03-01
RAT_0009437,CUST_000639,TMDB_M_798645,3,2026-01-07
RAT_0009438,CUST_000639,TMDB_M_83533,2,2026-01-15
RAT_0009439,CUST_000639,TMDB_M_967,4,2026-03-22
RAT_0009440,CUST_000639,TMDB_T_1431,1,2026-03-07
RAT_0009441,CUST_000639,TMDB_T_1667,2,2026-01-26
RAT_0009442,CUST_000639,TMDB_T_2004,3,2026-01-24
RAT_0009443,CUST_000639,TMDB_T_2734,3,2026-03-24
RAT_0009444,CUST_000639,TMDB_T_62223,4,2026-02-08
RAT_0009445,CUST_000639,TMDB_T_76479,4,2026-04-02
RAT_0009446,CUST_000640,TMDB_M_106,3,2025-09-04
RAT_0009447,CUST_000640,TMDB_M_1061474,4,2026-03-19
RAT_0009448,CUST_000640,TMDB_M_1196067,4,2025-08-13
RAT_0009449,CUST_000640,TMDB_M_12153,2,2025-04-15
RAT_0009450,CUST_000640,TMDB_M_1327819,5,2025-05-24
RAT_0009451,CUST_000640,TMDB_M_1387382,3,2024-12-19
RAT_0009452,CUST_000640,TMDB_M_335983,1,2025-05-21
RAT_0009453,CUST_000640,TMDB_M_3558,4,2025-05-06
RAT_0009454,CUST_000640,TMDB_M_83533,4,2026-02-10
RAT_0009455,CUST_000640,TMDB_M_969681,4,2026-03-22
RAT_0009456,CUST_000640,TMDB_T_202555,1,2025-08-25
RAT_0009457,CUST_000640,TMDB_T_2221,3,2024-12-29
RAT_0009458,CUST_000640,TMDB_T_2661,2,2026-02-17
RAT_0009459,CUST_000640,TMDB_T_76572,4,2025-08-31
RAT_0009460,CUST_000641,TMDB_M_101,1,2026-01-21
RAT_0009461,CUST_000641,TMDB_M_1087192,4,2026-02-12
RAT_0009462,CUST_000641,TMDB_M_1406657,5,2026-01-27
RAT_0009463,CUST_000641,TMDB_M_803796,2,2025-11-24
RAT_0009464,CUST_000641,TMDB_M_980477,3,2025-07-05
RAT_0009465,CUST_000641,TMDB_T_1434,1,2025-05-10
RAT_0009466,CUST_000641,TMDB_T_1695,2,2025-04-29
RAT_0009467,CUST_000641,TMDB_T_19530,3,2025-11-26
RAT_0009468,CUST_000641,TMDB_T_2661,3,2025-12-25
RAT_0009469,CUST_000641,TMDB_T_3562,5,2026-03-06
RAT_0009470,CUST_000641,TMDB_T_60059,3,2025-10-06
RAT_0009471,CUST_000641,TMDB_T_60622,2,2026-03-09
RAT_0009472,CUST_000641,TMDB_T_65942,3,2025-06-18
RAT_0009473,CUST_000641,TMDB_T_79744,4,2026-02-23
RAT_0009474,CUST_000641,TMDB_T_98031,2,2025-07-05
RAT_0009475,CUST_000642,TMDB_M_1252037,5,2026-03-22
RAT_0009476,CUST_000642,TMDB_M_1268127,3,2025-10-01
RAT_0009477,CUST_000642,TMDB_M_1297454,3,2026-02-12
RAT_0009478,CUST_000642,TMDB_M_1523145,3,2025-12-22
RAT_0009479,CUST_000642,TMDB_M_419430,3,2025-06-29
RAT_0009480,CUST_000642,TMDB_M_687259,3,2026-03-28
RAT_0009481,CUST_000642,TMDB_M_694,2,2025-12-02
RAT_0009482,CUST_000642,TMDB_M_857,3,2026-01-04
RAT_0009483,CUST_000642,TMDB_M_862739,3,2025-10-16
RAT_0009484,CUST_000642,TMDB_T_1973,3,2025-05-22
RAT_0009485,CUST_000642,TMDB_T_20111,3,2025-06-17
RAT_0009486,CUST_000642,TMDB_T_39351,2,2025-08-09
RAT_0009487,CUST_000642,TMDB_T_74561,4,2025-06-09
RAT_0009488,CUST_000643,TMDB_M_10138,5,2025-11-10
RAT_0009489,CUST_000643,TMDB_M_122,5,2026-04-11
RAT_0009490,CUST_000643,TMDB_M_128,2,2025-10-18
RAT_0009491,CUST_000643,TMDB_M_177572,3,2025-12-04
RAT_0009492,CUST_000643,TMDB_M_181812,4,2026-02-13
RAT_0009493,CUST_000643,TMDB_M_193972,2,2026-04-05
RAT_0009494,CUST_000643,TMDB_M_424,4,2026-04-10
RAT_0009495,CUST_000643,TMDB_M_52741,4,2026-03-15
RAT_0009496,CUST_000643,TMDB_M_58,3,2026-02-18
RAT_0009497,CUST_000643,TMDB_M_73861,4,2026-04-07
RAT_0009498,CUST_000643,TMDB_M_8358,3,2026-02-27
RAT_0009499,CUST_000643,TMDB_M_840464,4,2026-03-30
RAT_0009500,CUST_000643,TMDB_T_1398,3,2026-03-02
RAT_0009501,CUST_000643,TMDB_T_1489,4,2025-10-28
RAT_0009502,CUST_000643,TMDB_T_14981,2,2026-02-14
RAT_0009503,CUST_000643,TMDB_T_2224,5,2026-04-05
RAT_0009504,CUST_000643,TMDB_T_549,4,2026-03-29
RAT_0009505,CUST_000643,TMDB_T_58841,4,2025-10-22
RAT_0009506,CUST_000643,TMDB_T_61818,3,2026-04-10
RAT_0009507,CUST_000643,TMDB_T_63174,5,2026-03-01
RAT_0009508,CUST_000643,TMDB_T_71790,5,2026-02-22
RAT_0009509,CUST_000643,TMDB_T_74561,4,2026-03-24
RAT_0009510,CUST_000643,TMDB_T_82873,5,2025-12-20
RAT_0009511,CUST_000643,TMDB_T_94722,4,2026-03-16
RAT_0009512,CUST_000644,TMDB_M_1010581,2,2024-10-07
RAT_0009513,CUST_000644,TMDB_M_1462146,2,2024-10-23
RAT_0009514,CUST_000644,TMDB_M_24428,2,2024-10-17
RAT_0009515,CUST_000644,TMDB_M_617126,2,2024-10-06
RAT_0009516,CUST_000644,TMDB_M_798645,3,2024-10-08
RAT_0009517,CUST_000645,TMDB_M_1054867,4,2025-04-29
RAT_0009518,CUST_000645,TMDB_M_1199193,3,2026-01-20
RAT_0009519,CUST_000645,TMDB_M_1290417,3,2026-01-09
RAT_0009520,CUST_000645,TMDB_M_1412598,2,2025-12-09
RAT_0009521,CUST_000645,TMDB_M_1419406,3,2025-07-14
RAT_0009522,CUST_000645,TMDB_M_359410,2,2025-02-19
RAT_0009523,CUST_000645,TMDB_M_479197,4,2026-02-27
RAT_0009524,CUST_000645,TMDB_M_637649,4,2024-08-15
RAT_0009525,CUST_000645,TMDB_M_876566,3,2026-03-08
RAT_0009526,CUST_000645,TMDB_M_936075,2,2026-01-21
RAT_0009527,CUST_000645,TMDB_T_13945,5,2024-11-19
RAT_0009528,CUST_000645,TMDB_T_1489,2,2024-07-15
RAT_0009529,CUST_000645,TMDB_T_17610,5,2025-12-10
RAT_0009530,CUST_000645,TMDB_T_2661,5,2025-10-01
RAT_0009531,CUST_000645,TMDB_T_291,4,2026-02-09
RAT_0009532,CUST_000645,TMDB_T_3562,4,2025-04-24
RAT_0009533,CUST_000645,TMDB_T_57243,3,2024-10-03
RAT_0009534,CUST_000645,TMDB_T_764,2,2026-02-28
RAT_0009535,CUST_000645,TMDB_T_76479,5,2025-07-22
RAT_0009536,CUST_000645,TMDB_T_85077,3,2025-04-16
RAT_0009537,CUST_000646,TMDB_M_1084187,3,2026-01-03
RAT_0009538,CUST_000646,TMDB_M_1087192,3,2025-04-18
RAT_0009539,CUST_000646,TMDB_M_1115544,4,2025-05-19
RAT_0009540,CUST_000646,TMDB_M_1214931,2,2026-03-31
RAT_0009541,CUST_000646,TMDB_M_1368166,3,2025-01-28
RAT_0009542,CUST_000646,TMDB_M_205596,3,2026-02-05
RAT_0009543,CUST_000646,TMDB_M_615,3,2025-12-08
RAT_0009544,CUST_000646,TMDB_T_456,5,2025-05-15
RAT_0009545,CUST_000646,TMDB_T_76479,1,2025-06-13
RAT_0009546,CUST_000647,TMDB_M_1167307,5,2026-02-12
RAT_0009547,CUST_000647,TMDB_M_1236153,3,2025-10-23
RAT_0009548,CUST_000647,TMDB_M_1291335,3,2026-04-10
RAT_0009549,CUST_000647,TMDB_M_1311031,1,2025-11-03
RAT_0009550,CUST_000647,TMDB_M_1327862,3,2026-01-31
RAT_0009551,CUST_000647,TMDB_M_1396,1,2026-01-09
RAT_0009552,CUST_000647,TMDB_M_157336,5,2025-12-27
RAT_0009553,CUST_000647,TMDB_M_1650558,3,2026-03-29
RAT_0009554,CUST_000647,TMDB_M_226674,1,2026-02-12
RAT_0009555,CUST_000647,TMDB_M_8966,3,2026-03-19
RAT_0009556,CUST_000647,TMDB_M_912649,1,2025-12-25
RAT_0009557,CUST_000647,TMDB_T_1403,2,2026-01-08
RAT_0009558,CUST_000647,TMDB_T_30984,3,2026-03-31
RAT_0009559,CUST_000647,TMDB_T_32692,5,2026-02-05
RAT_0009560,CUST_000647,TMDB_T_57532,3,2025-11-02
RAT_0009561,CUST_000647,TMDB_T_72517,2,2026-04-03
RAT_0009562,CUST_000647,TMDB_T_76572,2,2025-11-15
RAT_0009563,CUST_000647,TMDB_T_8962,1,2025-11-10
RAT_0009564,CUST_000647,TMDB_T_95557,4,2025-10-06
RAT_0009565,CUST_000648,TMDB_T_19530,4,2026-03-10
RAT_0009566,CUST_000648,TMDB_T_95897,2,2026-02-15
RAT_0009567,CUST_000649,TMDB_M_1087192,2,2026-01-24
RAT_0009568,CUST_000649,TMDB_M_24,2,2026-03-21
RAT_0009569,CUST_000649,TMDB_M_361743,4,2026-04-06
RAT_0009570,CUST_000649,TMDB_M_604079,2,2026-03-26
RAT_0009571,CUST_000650,TMDB_M_453395,3,2024-08-20
RAT_0009572,CUST_000650,TMDB_M_967941,2,2024-08-03
RAT_0009573,CUST_000650,TMDB_T_124364,2,2024-08-13
RAT_0009574,CUST_000650,TMDB_T_42009,1,2024-08-04
RAT_0009575,CUST_000650,TMDB_T_8962,4,2024-06-10
RAT_0009576,CUST_000651,TMDB_M_1007734,2,2026-01-26
RAT_0009577,CUST_000651,TMDB_M_1084242,3,2025-10-09
RAT_0009578,CUST_000651,TMDB_M_1192548,3,2026-04-08
RAT_0009579,CUST_000651,TMDB_M_1363123,4,2025-09-03
RAT_0009580,CUST_000651,TMDB_M_1634301,2,2026-01-22
RAT_0009581,CUST_000651,TMDB_M_52741,2,2025-09-02
RAT_0009582,CUST_000651,TMDB_M_675,3,2025-09-03
RAT_0009583,CUST_000651,TMDB_T_127529,3,2026-03-02
RAT_0009584,CUST_000651,TMDB_T_1405,3,2026-01-31
RAT_0009585,CUST_000651,TMDB_T_1408,2,2025-12-04
RAT_0009586,CUST_000651,TMDB_T_2661,3,2026-03-07
RAT_0009587,CUST_000651,TMDB_T_289219,3,2025-10-21
RAT_0009588,CUST_000652,TMDB_M_1233413,1,2025-07-28
RAT_0009589,CUST_000652,TMDB_M_1297842,2,2024-06-29
RAT_0009590,CUST_000652,TMDB_M_205596,4,2025-04-24
RAT_0009591,CUST_000652,TMDB_M_350,2,2024-06-13
RAT_0009592,CUST_000652,TMDB_M_502356,1,2026-01-02
RAT_0009593,CUST_000652,TMDB_M_665,4,2026-03-16
RAT_0009594,CUST_000652,TMDB_M_967,3,2026-03-30
RAT_0009595,CUST_000652,TMDB_T_12971,3,2025-09-04
RAT_0009596,CUST_000652,TMDB_T_31910,3,2024-06-19
RAT_0009597,CUST_000652,TMDB_T_498,2,2026-03-25
RAT_0009598,CUST_000652,TMDB_T_57532,2,2024-11-26
RAT_0009599,CUST_000652,TMDB_T_65942,2,2025-11-03
RAT_0009600,CUST_000652,TMDB_T_76479,2,2025-05-15
RAT_0009601,CUST_000652,TMDB_T_76572,2,2025-10-14
RAT_0009602,CUST_000653,TMDB_M_1087192,1,2026-06-02
RAT_0009603,CUST_000653,TMDB_M_1168190,3,2026-02-09
RAT_0009604,CUST_000653,TMDB_M_1199193,2,2026-06-20
RAT_0009605,CUST_000653,TMDB_M_12153,1,2026-05-19
RAT_0009606,CUST_000653,TMDB_M_1327819,3,2026-02-27
RAT_0009607,CUST_000653,TMDB_M_1359,1,2026-05-28
RAT_0009608,CUST_000653,TMDB_M_1630433,4,2026-04-22
RAT_0009609,CUST_000653,TMDB_M_177572,1,2026-03-22
RAT_0009610,CUST_000653,TMDB_M_290098,4,2026-05-08
RAT_0009611,CUST_000653,TMDB_M_412117,1,2026-06-05
RAT_0009612,CUST_000653,TMDB_M_453395,1,2026-07-11
RAT_0009613,CUST_000653,TMDB_M_615,4,2026-03-31
RAT_0009614,CUST_000653,TMDB_M_803796,4,2026-01-04
RAT_0009615,CUST_000653,TMDB_M_876566,3,2026-04-10
RAT_0009616,CUST_000653,TMDB_M_967941,5,2026-05-02
RAT_0009617,CUST_000653,TMDB_T_12971,5,2026-04-27
RAT_0009618,CUST_000653,TMDB_T_2004,2,2026-06-04
RAT_0009619,CUST_000653,TMDB_T_58841,3,2026-04-20
RAT_0009620,CUST_000653,TMDB_T_60574,2,2026-05-14
RAT_0009621,CUST_000653,TMDB_T_63770,1,2026-07-04
RAT_0009622,CUST_000653,TMDB_T_68350,5,2026-05-08
RAT_0009623,CUST_000654,TMDB_M_1236153,3,2026-02-28
RAT_0009624,CUST_000654,TMDB_M_1367763,5,2026-03-24
RAT_0009625,CUST_000654,TMDB_M_419430,2,2026-02-20
RAT_0009626,CUST_000654,TMDB_M_429,2,2026-04-05
RAT_0009627,CUST_000654,TMDB_T_12225,3,2025-10-29
RAT_0009628,CUST_000654,TMDB_T_124364,4,2026-01-21
RAT_0009629,CUST_000654,TMDB_T_4087,2,2026-04-07
RAT_0009630,CUST_000654,TMDB_T_4177,3,2025-12-03
RAT_0009631,CUST_000654,TMDB_T_57243,4,2026-02-21
RAT_0009632,CUST_000654,TMDB_T_73586,4,2026-04-03
RAT_0009633,CUST_000655,TMDB_M_1015606,3,2025-04-21
RAT_0009634,CUST_000655,TMDB_M_1049471,1,2025-07-23
RAT_0009635,CUST_000655,TMDB_M_1462146,4,2026-04-05
RAT_0009636,CUST_000655,TMDB_M_1523145,5,2025-05-07
RAT_0009637,CUST_000655,TMDB_M_1635276,2,2024-11-21
RAT_0009638,CUST_000655,TMDB_M_313369,3,2025-07-02
RAT_0009639,CUST_000655,TMDB_M_467905,3,2026-01-10
RAT_0009640,CUST_000655,TMDB_M_502356,3,2025-02-27
RAT_0009641,CUST_000655,TMDB_M_848116,4,2025-05-21
RAT_0009642,CUST_000655,TMDB_T_1421,3,2026-02-20
RAT_0009643,CUST_000655,TMDB_T_220150,2,2025-07-28
RAT_0009644,CUST_000655,TMDB_T_2691,3,2025-01-05
RAT_0009645,CUST_000655,TMDB_T_33765,3,2024-11-26
RAT_0009646,CUST_000655,TMDB_T_37680,3,2026-01-15
RAT_0009647,CUST_000655,TMDB_T_4057,2,2024-11-09
RAT_0009648,CUST_000655,TMDB_T_79744,3,2026-01-03
RAT_0009649,CUST_000655,TMDB_T_98031,4,2025-05-27
RAT_0009650,CUST_000656,TMDB_M_1020969,3,2025-12-23
RAT_0009651,CUST_000656,TMDB_M_11324,3,2026-01-12
RAT_0009652,CUST_000656,TMDB_M_12509,4,2025-12-29
RAT_0009653,CUST_000656,TMDB_M_1266127,3,2026-01-02
RAT_0009654,CUST_000656,TMDB_M_412117,3,2025-11-13
RAT_0009655,CUST_000656,TMDB_M_502356,3,2026-01-17
RAT_0009656,CUST_000656,TMDB_M_950387,4,2025-09-11
RAT_0009657,CUST_000656,TMDB_T_1408,2,2026-03-28
RAT_0009658,CUST_000656,TMDB_T_1415,3,2025-12-04
RAT_0009659,CUST_000656,TMDB_T_1705,5,2025-12-04
RAT_0009660,CUST_000656,TMDB_T_2171,3,2025-07-25
RAT_0009661,CUST_000656,TMDB_T_2224,5,2026-04-06
RAT_0009662,CUST_000656,TMDB_T_279388,4,2025-12-24
RAT_0009663,CUST_000656,TMDB_T_40663,4,2025-08-07
RAT_0009664,CUST_000656,TMDB_T_46952,4,2026-01-08
RAT_0009665,CUST_000656,TMDB_T_58841,3,2025-10-10
RAT_0009666,CUST_000656,TMDB_T_68350,3,2025-12-26
RAT_0009667,CUST_000656,TMDB_T_8962,4,2025-07-15
RAT_0009668,CUST_000657,TMDB_M_1284120,4,2026-01-03
RAT_0009669,CUST_000657,TMDB_M_1284460,3,2026-01-13
RAT_0009670,CUST_000657,TMDB_M_1290417,4,2026-02-18
RAT_0009671,CUST_000657,TMDB_M_1635276,3,2025-11-17
RAT_0009672,CUST_000657,TMDB_M_38,4,2025-12-13
RAT_0009673,CUST_000657,TMDB_M_533533,3,2025-09-23
RAT_0009674,CUST_000657,TMDB_M_59,3,2026-02-28
RAT_0009675,CUST_000657,TMDB_M_617126,2,2025-12-07
RAT_0009676,CUST_000657,TMDB_M_62029,2,2025-12-26
RAT_0009677,CUST_000657,TMDB_M_822119,4,2026-03-05
RAT_0009678,CUST_000657,TMDB_M_848116,3,2025-10-26
RAT_0009679,CUST_000657,TMDB_T_10534,2,2025-10-07
RAT_0009680,CUST_000657,TMDB_T_1431,3,2026-01-13
RAT_0009681,CUST_000657,TMDB_T_1489,4,2025-09-08
RAT_0009682,CUST_000657,TMDB_T_1667,3,2025-08-28
RAT_0009683,CUST_000657,TMDB_T_285469,3,2026-01-21
RAT_0009684,CUST_000657,TMDB_T_35007,3,2026-03-15
RAT_0009685,CUST_000657,TMDB_T_4556,2,2025-12-26
RAT_0009686,CUST_000657,TMDB_T_549,2,2025-11-26
RAT_0009687,CUST_000657,TMDB_T_76479,2,2026-01-24
RAT_0009688,CUST_000658,TMDB_M_1022787,2,2025-01-25
RAT_0009689,CUST_000658,TMDB_M_1115544,3,2025-10-01
RAT_0009690,CUST_000658,TMDB_M_1242501,4,2025-11-10
RAT_0009691,CUST_000658,TMDB_M_1297842,4,2026-04-03
RAT_0009692,CUST_000658,TMDB_M_1316092,4,2025-11-23
RAT_0009693,CUST_000658,TMDB_M_1325734,5,2026-01-22
RAT_0009694,CUST_000658,TMDB_M_14160,5,2026-02-14
RAT_0009695,CUST_000658,TMDB_M_14836,4,2025-04-09
RAT_0009696,CUST_000658,TMDB_M_28975,3,2025-01-10
RAT_0009697,CUST_000658,TMDB_M_680,4,2025-07-20
RAT_0009698,CUST_000658,TMDB_M_953,5,2024-11-22
RAT_0009699,CUST_000658,TMDB_T_1405,4,2025-06-02
RAT_0009700,CUST_000658,TMDB_T_1981,4,2025-04-14
RAT_0009701,CUST_000658,TMDB_T_2691,4,2025-09-16
RAT_0009702,CUST_000658,TMDB_T_37854,4,2025-11-19
RAT_0009703,CUST_000658,TMDB_T_45790,5,2026-02-08
RAT_0009704,CUST_000658,TMDB_T_46260,2,2026-01-24
RAT_0009705,CUST_000658,TMDB_T_60735,5,2025-03-24
RAT_0009706,CUST_000658,TMDB_T_65942,4,2026-01-08
RAT_0009707,CUST_000658,TMDB_T_72517,2,2025-04-22
RAT_0009708,CUST_000659,TMDB_M_1267319,2,2025-11-15
RAT_0009709,CUST_000659,TMDB_M_1424965,4,2026-03-06
RAT_0009710,CUST_000659,TMDB_M_1523145,3,2025-11-05
RAT_0009711,CUST_000659,TMDB_M_156022,1,2025-12-27
RAT_0009712,CUST_000659,TMDB_M_177572,4,2026-03-15
RAT_0009713,CUST_000659,TMDB_M_181808,2,2026-02-02
RAT_0009714,CUST_000659,TMDB_M_271110,4,2025-07-01
RAT_0009715,CUST_000659,TMDB_T_13945,1,2025-10-08
RAT_0009716,CUST_000659,TMDB_T_1403,2,2025-11-11
RAT_0009717,CUST_000659,TMDB_T_1695,4,2025-08-02
RAT_0009718,CUST_000659,TMDB_T_2004,3,2025-07-08
RAT_0009719,CUST_000659,TMDB_T_202555,3,2026-04-11
RAT_0009720,CUST_000659,TMDB_T_220150,5,2026-02-28
RAT_0009721,CUST_000659,TMDB_T_44006,4,2026-03-06
RAT_0009722,CUST_000659,TMDB_T_63770,2,2025-12-04
RAT_0009723,CUST_000659,TMDB_T_79744,3,2026-04-10
RAT_0009724,CUST_000660,TMDB_M_1019420,4,2026-01-13
RAT_0009725,CUST_000660,TMDB_M_1119449,2,2026-08-03
RAT_0009726,CUST_000660,TMDB_M_1192548,5,2026-07-08
RAT_0009727,CUST_000660,TMDB_M_1284460,3,2026-05-28
RAT_0009728,CUST_000660,TMDB_M_1317672,2,2026-04-22
RAT_0009729,CUST_000660,TMDB_M_1327862,2,2026-07-03
RAT_0009730,CUST_000660,TMDB_M_1470130,1,2025-10-16
RAT_0009731,CUST_000660,TMDB_M_157336,3,2026-01-13
RAT_0009732,CUST_000660,TMDB_M_1650558,5,2025-11-26
RAT_0009733,CUST_000660,TMDB_M_177572,3,2026-02-15
RAT_0009734,CUST_000660,TMDB_M_24428,1,2026-06-01
RAT_0009735,CUST_000660,TMDB_M_58,1,2026-05-19
RAT_0009736,CUST_000660,TMDB_M_83533,3,2026-07-03
RAT_0009737,CUST_000660,TMDB_T_2734,2,2026-07-24
RAT_0009738,CUST_000660,TMDB_T_279471,2,2025-09-30
RAT_0009739,CUST_000660,TMDB_T_33765,2,2026-05-18
RAT_0009740,CUST_000660,TMDB_T_456,1,2026-06-17
RAT_0009741,CUST_000660,TMDB_T_4604,1,2026-05-30
RAT_0009742,CUST_000660,TMDB_T_48866,3,2026-04-29
RAT_0009743,CUST_000660,TMDB_T_76479,3,2025-12-07
RAT_0009744,CUST_000661,TMDB_M_1387382,3,2026-03-28
RAT_0009745,CUST_000661,TMDB_M_156022,4,2026-04-03
RAT_0009746,CUST_000661,TMDB_M_419430,4,2026-03-25
RAT_0009747,CUST_000661,TMDB_M_637649,3,2026-03-17
RAT_0009748,CUST_000661,TMDB_M_687163,1,2026-03-26
RAT_0009749,CUST_000661,TMDB_T_110075,3,2026-04-09
RAT_0009750,CUST_000661,TMDB_T_78191,4,2026-04-07
RAT_0009751,CUST_000662,TMDB_M_1290821,3,2025-10-20
RAT_0009752,CUST_000662,TMDB_M_378236,3,2026-03-18
RAT_0009753,CUST_000662,TMDB_M_419430,5,2026-03-01
RAT_0009754,CUST_000662,TMDB_T_1489,1,2026-03-04
RAT_0009755,CUST_000662,TMDB_T_4087,4,2025-12-14
RAT_0009756,CUST_000662,TMDB_T_4376,3,2026-02-07
RAT_0009757,CUST_000662,TMDB_T_4604,1,2026-03-10
RAT_0009758,CUST_000662,TMDB_T_79744,4,2026-03-29
RAT_0009759,CUST_000663,TMDB_M_1078605,3,2026-03-06
RAT_0009760,CUST_000663,TMDB_M_1171145,5,2025-10-16
RAT_0009761,CUST_000663,TMDB_M_1297454,3,2025-10-12
RAT_0009762,CUST_000663,TMDB_M_1367763,2,2026-03-09
RAT_0009763,CUST_000663,TMDB_M_1426297,4,2026-02-15
RAT_0009764,CUST_000663,TMDB_M_1572073,4,2025-10-15
RAT_0009765,CUST_000663,TMDB_M_19592,5,2025-10-19
RAT_0009766,CUST_000663,TMDB_M_539,5,2026-04-03
RAT_0009767,CUST_000663,TMDB_M_67395,2,2025-10-03
RAT_0009768,CUST_000663,TMDB_M_694,4,2025-12-02
RAT_0009769,CUST_000663,TMDB_M_82690,3,2025-12-21
RAT_0009770,CUST_000663,TMDB_M_872585,4,2026-01-30
RAT_0009771,CUST_000663,TMDB_T_114478,4,2025-09-13
RAT_0009772,CUST_000663,TMDB_T_1435,3,2026-03-01
RAT_0009773,CUST_000663,TMDB_T_14981,4,2025-11-14
RAT_0009774,CUST_000663,TMDB_T_17610,4,2026-01-12
RAT_0009775,CUST_000663,TMDB_T_18165,4,2025-10-28
RAT_0009776,CUST_000663,TMDB_T_202555,5,2025-12-08
RAT_0009777,CUST_000663,TMDB_T_4588,5,2026-01-31
RAT_0009778,CUST_000663,TMDB_T_4629,4,2026-03-16
RAT_0009779,CUST_000663,TMDB_T_764,2,2025-10-17
RAT_0009780,CUST_000664,TMDB_M_1290417,4,2024-12-20
RAT_0009781,CUST_000664,TMDB_M_1290821,3,2025-09-06
RAT_0009782,CUST_000664,TMDB_M_205596,4,2025-10-06
RAT_0009783,CUST_000664,TMDB_M_378236,2,2025-07-02
RAT_0009784,CUST_000664,TMDB_M_675,3,2025-02-05
RAT_0009785,CUST_000664,TMDB_M_812037,4,2025-03-10
RAT_0009786,CUST_000664,TMDB_T_1434,5,2024-12-22
RAT_0009787,CUST_000664,TMDB_T_1695,2,2025-07-23
RAT_0009788,CUST_000665,TMDB_M_1317149,3,2025-03-07
RAT_0009789,CUST_000665,TMDB_M_1341137,1,2025-12-01
RAT_0009790,CUST_000665,TMDB_M_1930,3,2026-01-17
RAT_0009791,CUST_000665,TMDB_M_207,2,2024-06-25
RAT_0009792,CUST_000665,TMDB_M_278,3,2024-10-25
RAT_0009793,CUST_000665,TMDB_M_311,3,2025-04-21
RAT_0009794,CUST_000665,TMDB_T_1421,2,2024-10-07
RAT_0009795,CUST_000665,TMDB_T_1981,4,2025-10-26
RAT_0009796,CUST_000665,TMDB_T_291,3,2026-02-28
RAT_0009797,CUST_000665,TMDB_T_46952,2,2025-09-02
RAT_0009798,CUST_000665,TMDB_T_60572,2,2025-10-15
RAT_0009799,CUST_000665,TMDB_T_65733,3,2025-12-04
RAT_0009800,CUST_000666,TMDB_M_1310568,4,2026-09-13
RAT_0009801,CUST_000666,TMDB_M_157336,3,2026-07-26
RAT_0009802,CUST_000666,TMDB_M_680493,4,2026-07-19
RAT_0009803,CUST_000666,TMDB_T_209867,3,2026-01-27
RAT_0009804,CUST_000666,TMDB_T_67460,5,2026-11-10
RAT_0009805,CUST_000666,TMDB_T_78191,5,2026-09-12
RAT_0009806,CUST_000666,TMDB_T_85077,1,2026-11-02
RAT_0009807,CUST_000667,TMDB_M_1020969,4,2025-04-13
RAT_0009808,CUST_000667,TMDB_M_1084187,4,2025-12-22
RAT_0009809,CUST_000667,TMDB_M_1284496,3,2025-08-07
RAT_0009810,CUST_000667,TMDB_M_152742,4,2025-09-03
RAT_0009811,CUST_000667,TMDB_M_329865,2,2026-02-01
RAT_0009812,CUST_000667,TMDB_M_533535,4,2025-10-19
RAT_0009813,CUST_000667,TMDB_M_876566,3,2025-06-22
RAT_0009814,CUST_000667,TMDB_M_945961,1,2025-07-25
RAT_0009815,CUST_000667,TMDB_T_284058,2,2025-06-30
RAT_0009816,CUST_000667,TMDB_T_35007,5,2026-01-12
RAT_0009817,CUST_000667,TMDB_T_46296,2,2025-04-26
RAT_0009818,CUST_000667,TMDB_T_61818,5,2025-05-01
RAT_0009819,CUST_000667,TMDB_T_693,4,2025-05-20
RAT_0009820,CUST_000668,TMDB_M_1192548,4,2025-12-31
RAT_0009821,CUST_000668,TMDB_M_1267319,4,2025-03-26
RAT_0009822,CUST_000668,TMDB_M_1292695,3,2025-08-14
RAT_0009823,CUST_000668,TMDB_M_1387382,2,2025-01-26
RAT_0009824,CUST_000668,TMDB_M_1511417,5,2025-10-24
RAT_0009825,CUST_000668,TMDB_M_1584215,2,2025-10-16
RAT_0009826,CUST_000668,TMDB_M_218,3,2025-07-29
RAT_0009827,CUST_000668,TMDB_M_24428,4,2026-03-07
RAT_0009828,CUST_000668,TMDB_M_293660,4,2025-09-25
RAT_0009829,CUST_000668,TMDB_M_348,4,2025-11-14
RAT_0009830,CUST_000668,TMDB_M_68721,4,2025-01-14
RAT_0009831,CUST_000668,TMDB_M_86501,2,2024-10-31
RAT_0009832,CUST_000668,TMDB_M_911430,1,2025-12-15
RAT_0009833,CUST_000668,TMDB_T_17610,4,2026-01-21
RAT_0009834,CUST_000668,TMDB_T_279388,4,2024-12-31
RAT_0009835,CUST_000668,TMDB_T_32415,2,2025-07-29
RAT_0009836,CUST_000668,TMDB_T_32798,5,2026-01-27
RAT_0009837,CUST_000668,TMDB_T_34307,2,2025-02-10
RAT_0009838,CUST_000668,TMDB_T_790,3,2026-02-16
RAT_0009839,CUST_000669,TMDB_M_107257,1,2025-11-07
RAT_0009840,CUST_000669,TMDB_M_1252037,4,2026-02-21
RAT_0009841,CUST_000669,TMDB_M_1523145,5,2026-01-16
RAT_0009842,CUST_000669,TMDB_M_1650558,1,2026-02-28
RAT_0009843,CUST_000669,TMDB_M_59,4,2025-09-19
RAT_0009844,CUST_000669,TMDB_M_967,5,2026-04-08
RAT_0009845,CUST_000669,TMDB_T_110075,1,2026-01-10
RAT_0009846,CUST_000669,TMDB_T_2221,4,2026-03-17
RAT_0009847,CUST_000669,TMDB_T_498,1,2025-10-16
RAT_0009848,CUST_000669,TMDB_T_76479,2,2026-01-11
RAT_0009849,CUST_000670,TMDB_M_1120911,4,2025-03-31
RAT_0009850,CUST_000670,TMDB_M_12445,1,2025-05-18
RAT_0009851,CUST_000670,TMDB_M_1265609,2,2025-09-11
RAT_0009852,CUST_000670,TMDB_M_177572,2,2025-05-03
RAT_0009853,CUST_000670,TMDB_M_181812,4,2025-07-08
RAT_0009854,CUST_000670,TMDB_M_22,3,2025-06-10
RAT_0009855,CUST_000670,TMDB_M_271110,3,2026-01-09
RAT_0009856,CUST_000670,TMDB_M_346,4,2026-02-21
RAT_0009857,CUST_000670,TMDB_M_414906,2,2026-01-09
RAT_0009858,CUST_000670,TMDB_M_425274,1,2026-01-14
RAT_0009859,CUST_000670,TMDB_M_453395,3,2025-10-15
RAT_0009860,CUST_000670,TMDB_M_49051,4,2025-12-15
RAT_0009861,CUST_000670,TMDB_M_502356,5,2025-07-24
RAT_0009862,CUST_000670,TMDB_M_762509,4,2025-09-02
RAT_0009863,CUST_000670,TMDB_M_941109,2,2026-01-15
RAT_0009864,CUST_000670,TMDB_M_949,4,2025-11-01
RAT_0009865,CUST_000670,TMDB_M_967941,2,2025-06-19
RAT_0009866,CUST_000670,TMDB_T_22980,3,2026-02-14
RAT_0009867,CUST_000670,TMDB_T_32798,2,2026-04-08
RAT_0009868,CUST_000670,TMDB_T_33238,3,2026-03-11
RAT_0009869,CUST_000670,TMDB_T_4656,5,2025-06-12
RAT_0009870,CUST_000670,TMDB_T_60572,3,2025-05-29
RAT_0009871,CUST_000670,TMDB_T_71728,2,2025-03-04
RAT_0009872,CUST_000670,TMDB_T_72517,4,2025-05-26
RAT_0009873,CUST_000671,TMDB_T_1407,1,2025-04-03
RAT_0009874,CUST_000671,TMDB_T_279388,1,2025-03-31
RAT_0009875,CUST_000671,TMDB_T_502,4,2025-04-12
RAT_0009876,CUST_000672,TMDB_M_1175942,4,2026-03-26
RAT_0009877,CUST_000672,TMDB_M_1196067,1,2025-08-11
RAT_0009878,CUST_000672,TMDB_M_1601243,2,2026-03-25
RAT_0009879,CUST_000672,TMDB_M_1634301,4,2025-10-24
RAT_0009880,CUST_000672,TMDB_M_1726,2,2025-12-04
RAT_0009881,CUST_000672,TMDB_M_293660,2,2025-06-04
RAT_0009882,CUST_000672,TMDB_M_539972,3,2025-07-27
RAT_0009883,CUST_000672,TMDB_M_541671,1,2025-11-22
RAT_0009884,CUST_000672,TMDB_M_552524,3,2026-02-07
RAT_0009885,CUST_000672,TMDB_M_646315,4,2025-10-10
RAT_0009886,CUST_000672,TMDB_M_76341,4,2025-06-03
RAT_0009887,CUST_000672,TMDB_M_98,3,2026-02-01
RAT_0009888,CUST_000672,TMDB_T_1412,1,2025-06-21
RAT_0009889,CUST_000672,TMDB_T_202411,3,2025-06-28
RAT_0009890,CUST_000672,TMDB_T_2691,2,2025-07-10
RAT_0009891,CUST_000672,TMDB_T_32415,1,2026-03-24
RAT_0009892,CUST_000672,TMDB_T_4057,2,2025-07-18
RAT_0009893,CUST_000672,TMDB_T_65733,2,2025-11-20
RAT_0009894,CUST_000672,TMDB_T_71712,1,2025-12-22
RAT_0009895,CUST_000673,TMDB_M_1236153,3,2025-08-31
RAT_0009896,CUST_000673,TMDB_M_20352,4,2025-01-14
RAT_0009897,CUST_000673,TMDB_M_83533,3,2025-06-20
RAT_0009898,CUST_000673,TMDB_T_502,5,2026-03-08
RAT_0009899,CUST_000673,TMDB_T_65334,2,2024-09-27
RAT_0009900,CUST_000673,TMDB_T_78191,2,2025-05-30
RAT_0009901,CUST_000674,TMDB_M_1234731,4,2026-01-20
RAT_0009902,CUST_000674,TMDB_M_1426964,3,2026-03-16
RAT_0009903,CUST_000674,TMDB_M_1430,4,2026-04-10
RAT_0009904,CUST_000674,TMDB_M_240,1,2026-03-05
RAT_0009905,CUST_000674,TMDB_M_62,2,2026-03-19
RAT_0009906,CUST_000674,TMDB_M_687163,2,2026-02-05
RAT_0009907,CUST_000674,TMDB_M_876566,4,2025-12-29
RAT_0009908,CUST_000674,TMDB_T_1396,3,2026-02-18
RAT_0009909,CUST_000674,TMDB_T_1911,2,2026-03-20
RAT_0009910,CUST_000674,TMDB_T_2734,2,2025-12-05
RAT_0009911,CUST_000675,TMDB_M_1020969,5,2026-04-29
RAT_0009912,CUST_000675,TMDB_M_1214931,4,2026-04-14
RAT_0009913,CUST_000675,TMDB_M_150540,4,2025-11-19
RAT_0009914,CUST_000675,TMDB_M_1652947,2,2025-11-10
RAT_0009915,CUST_000675,TMDB_M_1865,3,2025-12-22
RAT_0009916,CUST_000675,TMDB_M_330457,4,2026-02-03
RAT_0009917,CUST_000675,TMDB_M_412117,4,2026-03-19
RAT_0009918,CUST_000675,TMDB_M_447273,2,2026-04-22
RAT_0009919,CUST_000675,TMDB_M_665,3,2026-04-19
RAT_0009920,CUST_000675,TMDB_M_673,3,2025-12-29
RAT_0009921,CUST_000675,TMDB_M_67395,3,2026-05-02
RAT_0009922,CUST_000675,TMDB_M_812,3,2025-11-19
RAT_0009923,CUST_000675,TMDB_M_950387,2,2026-05-04
RAT_0009924,CUST_000675,TMDB_T_12971,4,2025-12-15
RAT_0009925,CUST_000675,TMDB_T_2288,2,2026-04-06
RAT_0009926,CUST_000675,TMDB_T_456,5,2026-01-19
RAT_0009927,CUST_000675,TMDB_T_764,3,2025-10-15
RAT_0009928,CUST_000675,TMDB_T_76479,4,2026-02-25
RAT_0009929,CUST_000676,TMDB_M_1022787,2,2026-03-28
RAT_0009930,CUST_000676,TMDB_M_1171145,3,2025-04-03
RAT_0009931,CUST_000676,TMDB_M_150540,3,2025-05-04
RAT_0009932,CUST_000676,TMDB_M_1572073,1,2026-03-06
RAT_0009933,CUST_000676,TMDB_M_378236,3,2025-11-21
RAT_0009934,CUST_000676,TMDB_M_807,3,2025-12-16
RAT_0009935,CUST_000676,TMDB_M_976573,2,2025-10-02
RAT_0009936,CUST_000676,TMDB_T_114478,2,2025-03-18
RAT_0009937,CUST_000676,TMDB_T_2261,2,2025-08-14
RAT_0009938,CUST_000676,TMDB_T_2288,2,2025-06-24
RAT_0009939,CUST_000676,TMDB_T_2661,4,2026-03-23
RAT_0009940,CUST_000676,TMDB_T_32692,1,2025-06-14
RAT_0009941,CUST_000676,TMDB_T_4556,4,2025-03-01
RAT_0009942,CUST_000676,TMDB_T_60622,3,2025-09-29
RAT_0009943,CUST_000676,TMDB_T_62223,5,2025-10-22
RAT_0009944,CUST_000676,TMDB_T_65503,3,2025-08-28
RAT_0009945,CUST_000676,TMDB_T_68350,3,2025-11-23
RAT_0009946,CUST_000676,TMDB_T_6836,4,2026-01-16
RAT_0009947,CUST_000676,TMDB_T_85077,3,2025-07-20
RAT_0009948,CUST_000677,TMDB_M_1620551,4,2026-04-05
RAT_0009949,CUST_000677,TMDB_M_493125,3,2026-03-12
RAT_0009950,CUST_000677,TMDB_M_879945,5,2026-04-07
RAT_0009951,CUST_000677,TMDB_T_39351,5,2026-03-19
RAT_0009952,CUST_000678,TMDB_M_1159831,3,2025-09-17
RAT_0009953,CUST_000678,TMDB_M_8966,2,2025-04-26
RAT_0009954,CUST_000678,TMDB_M_941109,1,2025-04-25
RAT_0009955,CUST_000678,TMDB_T_19530,3,2024-07-29
RAT_0009956,CUST_000678,TMDB_T_33765,4,2024-07-01
RAT_0009957,CUST_000678,TMDB_T_35007,2,2024-07-22
RAT_0009958,CUST_000678,TMDB_T_456,4,2024-06-01
RAT_0009959,CUST_000678,TMDB_T_4629,5,2024-08-27
RAT_0009960,CUST_000678,TMDB_T_46952,2,2025-11-08
RAT_0009961,CUST_000678,TMDB_T_95557,2,2025-11-25
RAT_0009962,CUST_000679,TMDB_M_1058710,4,2025-01-21
RAT_0009963,CUST_000679,TMDB_M_1290821,1,2025-08-10
RAT_0009964,CUST_000679,TMDB_M_1304313,3,2024-12-09
RAT_0009965,CUST_000679,TMDB_M_1307373,4,2025-03-13
RAT_0009966,CUST_000679,TMDB_M_1315303,5,2025-09-17
RAT_0009967,CUST_000679,TMDB_M_1367763,4,2026-03-14
RAT_0009968,CUST_000679,TMDB_M_156022,5,2024-12-27
RAT_0009969,CUST_000679,TMDB_M_1572073,2,2025-09-28
RAT_0009970,CUST_000679,TMDB_M_1610418,3,2025-02-02
RAT_0009971,CUST_000679,TMDB_M_28322,4,2026-02-17
RAT_0009972,CUST_000679,TMDB_M_646385,1,2024-10-24
RAT_0009973,CUST_000679,TMDB_M_687259,3,2025-09-30
RAT_0009974,CUST_000679,TMDB_M_694,2,2025-10-06
RAT_0009975,CUST_000679,TMDB_T_127529,3,2025-02-06
RAT_0009976,CUST_000679,TMDB_T_1412,1,2025-08-31
RAT_0009977,CUST_000679,TMDB_T_1489,2,2024-07-20
RAT_0009978,CUST_000679,TMDB_T_250307,4,2025-09-16
RAT_0009979,CUST_000679,TMDB_T_61818,2,2025-02-16
RAT_0009980,CUST_000679,TMDB_T_68350,5,2026-01-15
RAT_0009981,CUST_000679,TMDB_T_72517,2,2024-09-03
RAT_0009982,CUST_000680,TMDB_M_1242898,5,2026-02-25
RAT_0009983,CUST_000680,TMDB_M_1268127,1,2026-04-07
RAT_0009984,CUST_000680,TMDB_M_1292695,4,2026-02-16
RAT_0009985,CUST_000680,TMDB_M_1307373,2,2026-01-27
RAT_0009986,CUST_000680,TMDB_M_1630433,4,2026-04-11
RAT_0009987,CUST_000680,TMDB_M_238,3,2026-03-29
RAT_0009988,CUST_000680,TMDB_M_985939,4,2026-04-03
RAT_0009989,CUST_000680,TMDB_T_30984,3,2026-03-11
RAT_0009990,CUST_000680,TMDB_T_35007,5,2026-04-11
RAT_0009991,CUST_000680,TMDB_T_66732,1,2026-01-22
RAT_0009992,CUST_000681,TMDB_M_1066313,4,2026-03-12
RAT_0009993,CUST_000681,TMDB_M_1226863,3,2026-03-27
RAT_0009994,CUST_000681,TMDB_M_1327819,2,2025-10-28
RAT_0009995,CUST_000681,TMDB_M_967,2,2026-03-28
RAT_0009996,CUST_000681,TMDB_T_112527,3,2025-12-03
RAT_0009997,CUST_000681,TMDB_T_1695,2,2025-08-31
RAT_0009998,CUST_000681,TMDB_T_19530,3,2026-04-03
RAT_0009999,CUST_000681,TMDB_T_209867,4,2025-12-12
RAT_0010000,CUST_000681,TMDB_T_2224,4,2025-08-01
RAT_0010001,CUST_000681,TMDB_T_2734,3,2026-03-18
RAT_0010002,CUST_000681,TMDB_T_4614,2,2025-09-24
RAT_0010003,CUST_000681,TMDB_T_46296,2,2025-12-11
RAT_0010004,CUST_000681,TMDB_T_73586,5,2026-03-15
RAT_0010005,CUST_000681,TMDB_T_764,4,2025-10-13
RAT_0010006,CUST_000681,TMDB_T_76572,1,2026-02-04
RAT_0010007,CUST_000682,TMDB_M_1314786,3,2026-01-25
RAT_0010008,CUST_000682,TMDB_M_1317672,3,2025-12-12
RAT_0010009,CUST_000682,TMDB_M_1325734,2,2026-01-09
RAT_0010010,CUST_000682,TMDB_M_552524,4,2026-02-21
RAT_0010011,CUST_000682,TMDB_T_1403,3,2026-03-14
RAT_0010012,CUST_000682,TMDB_T_19530,3,2025-11-27
RAT_0010013,CUST_000682,TMDB_T_2661,3,2025-12-25
RAT_0010014,CUST_000682,TMDB_T_37680,3,2026-02-27
RAT_0010015,CUST_000682,TMDB_T_39351,4,2026-01-22
RAT_0010016,CUST_000682,TMDB_T_67460,5,2026-02-23
RAT_0010017,CUST_000683,TMDB_M_1226863,4,2025-11-11
RAT_0010018,CUST_000683,TMDB_M_1327819,1,2026-03-22
RAT_0010019,CUST_000683,TMDB_M_1601243,3,2024-11-02
RAT_0010020,CUST_000683,TMDB_M_1865,3,2026-02-28
RAT_0010021,CUST_000683,TMDB_M_216015,3,2024-11-17
RAT_0010022,CUST_000683,TMDB_M_49051,3,2025-02-08
RAT_0010023,CUST_000683,TMDB_M_941109,2,2025-10-15
RAT_0010024,CUST_000683,TMDB_M_949,4,2025-09-04
RAT_0010025,CUST_000683,TMDB_T_1409,3,2025-06-21
RAT_0010026,CUST_000683,TMDB_T_1412,4,2025-03-15
RAT_0010027,CUST_000683,TMDB_T_1421,5,2024-10-09
RAT_0010028,CUST_000683,TMDB_T_195670,2,2024-10-07
RAT_0010029,CUST_000683,TMDB_T_4614,4,2025-08-08
RAT_0010030,CUST_000683,TMDB_T_60059,3,2025-08-13
RAT_0010031,CUST_000683,TMDB_T_62650,3,2026-03-22
RAT_0010032,CUST_000683,TMDB_T_65503,1,2025-12-09
RAT_0010033,CUST_000683,TMDB_T_74561,3,2025-01-18
RAT_0010034,CUST_000684,TMDB_M_1003596,1,2025-12-18
RAT_0010035,CUST_000684,TMDB_M_1171145,3,2025-10-30
RAT_0010036,CUST_000684,TMDB_M_28322,2,2025-11-13
RAT_0010037,CUST_000684,TMDB_M_285,2,2025-12-03
RAT_0010038,CUST_000684,TMDB_M_333339,2,2025-12-26
RAT_0010039,CUST_000684,TMDB_M_335984,4,2025-08-31
RAT_0010040,CUST_000684,TMDB_M_38,2,2026-01-02
RAT_0010041,CUST_000684,TMDB_M_62,4,2025-12-21
RAT_0010042,CUST_000684,TMDB_T_12971,3,2025-12-31
RAT_0010043,CUST_000685,TMDB_M_941109,4,2026-04-02
RAT_0010044,CUST_000685,TMDB_T_20111,4,2026-03-10
RAT_0010045,CUST_000685,TMDB_T_71790,5,2026-03-15
RAT_0010046,CUST_000686,TMDB_M_1066313,3,2026-01-16
RAT_0010047,CUST_000686,TMDB_M_1119449,5,2026-04-06
RAT_0010048,CUST_000686,TMDB_M_1159831,4,2025-09-30
RAT_0010049,CUST_000686,TMDB_M_1470130,3,2025-10-25
RAT_0010050,CUST_000686,TMDB_M_150540,4,2025-10-25
RAT_0010051,CUST_000686,TMDB_M_1539104,3,2026-03-27
RAT_0010052,CUST_000686,TMDB_M_157336,5,2025-11-20
RAT_0010053,CUST_000686,TMDB_M_1610418,3,2026-02-27
RAT_0010054,CUST_000686,TMDB_M_19995,4,2025-10-02
RAT_0010055,CUST_000686,TMDB_M_374720,4,2026-03-02
RAT_0010056,CUST_000686,TMDB_M_533533,4,2026-01-24
RAT_0010057,CUST_000686,TMDB_M_953,3,2026-01-03
RAT_0010058,CUST_000686,TMDB_M_969681,5,2026-02-21
RAT_0010059,CUST_000686,TMDB_T_100088,4,2025-11-17
RAT_0010060,CUST_000686,TMDB_T_124364,3,2025-12-18
RAT_0010061,CUST_000686,TMDB_T_1407,3,2025-10-24
RAT_0010062,CUST_000686,TMDB_T_1911,4,2026-03-08
RAT_0010063,CUST_000686,TMDB_T_4607,4,2025-11-26
RAT_0010064,CUST_000686,TMDB_T_58841,5,2026-01-05
RAT_0010065,CUST_000686,TMDB_T_68350,3,2025-10-19
RAT_0010066,CUST_000686,TMDB_T_78191,4,2025-12-08
RAT_0010067,CUST_000686,TMDB_T_79744,5,2026-03-08
RAT_0010068,CUST_000686,TMDB_T_8962,2,2025-10-20
RAT_0010069,CUST_000687,TMDB_M_1011477,5,2025-12-14
RAT_0010070,CUST_000687,TMDB_M_1038392,5,2025-09-07
RAT_0010071,CUST_000687,TMDB_M_1083637,4,2025-08-02
RAT_0010072,CUST_000687,TMDB_M_1110034,4,2025-03-02
RAT_0010073,CUST_000687,TMDB_M_1180831,5,2025-09-26
RAT_0010074,CUST_000687,TMDB_M_1192548,5,2026-04-02
RAT_0010075,CUST_000687,TMDB_M_1193501,5,2025-03-15
RAT_0010076,CUST_000687,TMDB_M_1246049,4,2025-08-14
RAT_0010077,CUST_000687,TMDB_M_1267319,4,2025-04-04
RAT_0010078,CUST_000687,TMDB_M_1426297,4,2025-07-08
RAT_0010079,CUST_000687,TMDB_M_1579,3,2026-04-03
RAT_0010080,CUST_000687,TMDB_M_1620551,5,2025-10-10
RAT_0010081,CUST_000687,TMDB_M_293660,5,2026-04-10
RAT_0010082,CUST_000687,TMDB_M_405746,3,2025-12-02
RAT_0010083,CUST_000687,TMDB_M_508947,3,2025-08-02
RAT_0010084,CUST_000687,TMDB_M_545611,5,2025-11-29
RAT_0010085,CUST_000687,TMDB_M_575265,5,2025-10-19
RAT_0010086,CUST_000687,TMDB_M_607,4,2026-03-21
RAT_0010087,CUST_000687,TMDB_M_671,3,2025-06-01
RAT_0010088,CUST_000687,TMDB_T_22980,5,2025-07-20
RAT_0010089,CUST_000687,TMDB_T_4604,3,2025-09-19
RAT_0010090,CUST_000687,TMDB_T_70672,5,2025-03-21
RAT_0010091,CUST_000688,TMDB_M_1306368,1,2026-02-03
RAT_0010092,CUST_000688,TMDB_M_848116,4,2025-12-20
RAT_0010093,CUST_000688,TMDB_T_12225,2,2025-10-10
RAT_0010094,CUST_000688,TMDB_T_12971,3,2025-12-27
RAT_0010095,CUST_000688,TMDB_T_1405,2,2026-03-04
RAT_0010096,CUST_000688,TMDB_T_22980,1,2026-01-21
RAT_0010097,CUST_000688,TMDB_T_3562,4,2026-02-25
RAT_0010098,CUST_000688,TMDB_T_46260,3,2026-02-07
RAT_0010099,CUST_000688,TMDB_T_4656,5,2026-01-16
RAT_0010100,CUST_000688,TMDB_T_70672,3,2026-03-19
RAT_0010101,CUST_000688,TMDB_T_71494,2,2026-02-22
RAT_0010102,CUST_000689,TMDB_M_1159559,2,2025-08-12
RAT_0010103,CUST_000689,TMDB_T_120089,2,2025-10-23
RAT_0010104,CUST_000689,TMDB_T_1667,2,2026-01-29
RAT_0010105,CUST_000689,TMDB_T_22980,3,2025-07-05
RAT_0010106,CUST_000689,TMDB_T_237020,2,2025-09-03
RAT_0010107,CUST_000689,TMDB_T_37854,5,2026-04-11
RAT_0010108,CUST_000689,TMDB_T_4629,3,2025-06-17
RAT_0010109,CUST_000689,TMDB_T_46952,3,2025-05-13
RAT_0010110,CUST_000689,TMDB_T_62223,4,2026-02-14
RAT_0010111,CUST_000689,TMDB_T_65334,4,2025-09-01
RAT_0010112,CUST_000689,TMDB_T_6836,2,2025-03-08
RAT_0010113,CUST_000689,TMDB_T_72517,4,2025-08-30
RAT_0010114,CUST_000689,TMDB_T_85077,3,2026-02-13
RAT_0010115,CUST_000690,TMDB_M_122,3,2024-10-28
RAT_0010116,CUST_000690,TMDB_M_1523145,1,2025-04-29
RAT_0010117,CUST_000690,TMDB_M_157336,4,2025-10-08
RAT_0010118,CUST_000690,TMDB_M_181812,1,2025-11-21
RAT_0010119,CUST_000690,TMDB_M_1865,4,2024-12-23
RAT_0010120,CUST_000690,TMDB_M_467905,3,2026-02-08
RAT_0010121,CUST_000690,TMDB_M_662707,1,2024-11-30
RAT_0010122,CUST_000690,TMDB_M_687163,2,2025-03-02
RAT_0010123,CUST_000690,TMDB_M_8358,3,2024-10-22
RAT_0010124,CUST_000690,TMDB_M_862739,2,2025-11-18
RAT_0010125,CUST_000690,TMDB_T_1431,3,2025-05-24
RAT_0010126,CUST_000690,TMDB_T_4057,5,2024-10-06
RAT_0010127,CUST_000690,TMDB_T_4629,4,2026-01-22
RAT_0010128,CUST_000690,TMDB_T_5920,5,2024-11-24
RAT_0010129,CUST_000690,TMDB_T_60572,3,2026-01-18
RAT_0010130,CUST_000690,TMDB_T_65503,3,2025-02-18
RAT_0010131,CUST_000690,TMDB_T_693,2,2025-11-01
RAT_0010132,CUST_000690,TMDB_T_73586,3,2026-03-27
RAT_0010133,CUST_000691,TMDB_M_10191,2,2025-11-29
RAT_0010134,CUST_000691,TMDB_M_120,5,2025-08-23
RAT_0010135,CUST_000691,TMDB_M_122,2,2025-10-05
RAT_0010136,CUST_000691,TMDB_M_12444,3,2025-09-13
RAT_0010137,CUST_000691,TMDB_M_1493859,4,2026-02-19
RAT_0010138,CUST_000691,TMDB_M_181808,4,2026-02-13
RAT_0010139,CUST_000691,TMDB_M_1865,2,2025-11-26
RAT_0010140,CUST_000691,TMDB_M_4247,2,2025-09-26
RAT_0010141,CUST_000691,TMDB_M_429,4,2026-04-08
RAT_0010142,CUST_000691,TMDB_M_4935,3,2026-01-02
RAT_0010143,CUST_000691,TMDB_M_502356,2,2026-02-26
RAT_0010144,CUST_000691,TMDB_M_673,4,2026-01-09
RAT_0010145,CUST_000691,TMDB_M_674,4,2025-10-04
RAT_0010146,CUST_000691,TMDB_M_762509,3,2025-12-18
RAT_0010147,CUST_000691,TMDB_M_967941,1,2025-09-14
RAT_0010148,CUST_000691,TMDB_T_195670,1,2025-10-24
RAT_0010149,CUST_000691,TMDB_T_2261,3,2026-02-28
RAT_0010150,CUST_000691,TMDB_T_22980,2,2026-03-13
RAT_0010151,CUST_000691,TMDB_T_237020,3,2026-03-10
RAT_0010152,CUST_000691,TMDB_T_290856,5,2026-02-20
RAT_0010153,CUST_000691,TMDB_T_456,3,2026-03-12
RAT_0010154,CUST_000691,TMDB_T_4614,3,2025-09-17
RAT_0010155,CUST_000691,TMDB_T_46952,2,2025-12-11
RAT_0010156,CUST_000691,TMDB_T_65334,1,2026-03-28
RAT_0010157,CUST_000692,TMDB_M_103,4,2026-02-05
RAT_0010158,CUST_000692,TMDB_M_1226863,1,2026-03-26
RAT_0010159,CUST_000692,TMDB_M_1493859,3,2025-10-04
RAT_0010160,CUST_000692,TMDB_M_1539104,2,2026-01-13
RAT_0010161,CUST_000692,TMDB_M_361743,3,2025-08-07
RAT_0010162,CUST_000692,TMDB_T_1409,4,2026-02-24
RAT_0010163,CUST_000692,TMDB_T_32415,4,2025-08-20
RAT_0010164,CUST_000692,TMDB_T_34524,2,2026-04-05
RAT_0010165,CUST_000692,TMDB_T_35007,5,2026-04-06
RAT_0010166,CUST_000692,TMDB_T_4656,4,2026-03-27
RAT_0010167,CUST_000692,TMDB_T_502,5,2026-04-23
RAT_0010168,CUST_000692,TMDB_T_5092,4,2026-04-17
RAT_0010169,CUST_000692,TMDB_T_58841,3,2025-12-27
RAT_0010170,CUST_000692,TMDB_T_5920,5,2026-02-12
RAT_0010171,CUST_000692,TMDB_T_62223,2,2026-04-21
RAT_0010172,CUST_000692,TMDB_T_65503,4,2026-01-31
RAT_0010173,CUST_000692,TMDB_T_74561,3,2026-01-24
RAT_0010174,CUST_000692,TMDB_T_790,1,2026-04-06
RAT_0010175,CUST_000692,TMDB_T_873,3,2025-08-12
RAT_0010176,CUST_000693,TMDB_M_1084187,4,2025-11-16
RAT_0010177,CUST_000693,TMDB_M_1462146,3,2026-03-12
RAT_0010178,CUST_000693,TMDB_M_278,1,2025-12-06
RAT_0010179,CUST_000693,TMDB_M_419430,3,2026-02-24
RAT_0010180,CUST_000693,TMDB_T_1433,3,2026-01-20
RAT_0010181,CUST_000693,TMDB_T_31910,3,2025-12-31
RAT_0010182,CUST_000693,TMDB_T_3562,2,2026-03-16
RAT_0010183,CUST_000693,TMDB_T_78191,1,2026-04-11
RAT_0010184,CUST_000694,TMDB_T_57243,2,2026-04-01
RAT_0010185,CUST_000695,TMDB_M_1228246,4,2026-03-11
RAT_0010186,CUST_000695,TMDB_M_1268127,5,2025-10-29
RAT_0010187,CUST_000695,TMDB_M_1325734,3,2025-01-07
RAT_0010188,CUST_000695,TMDB_M_193972,4,2024-12-28
RAT_0010189,CUST_000695,TMDB_M_205596,4,2026-04-11
RAT_0010190,CUST_000695,TMDB_M_24428,3,2025-02-02
RAT_0010191,CUST_000695,TMDB_M_337404,3,2025-02-12
RAT_0010192,CUST_000695,TMDB_M_37165,3,2025-04-23
RAT_0010193,CUST_000695,TMDB_M_848116,3,2025-01-19
RAT_0010194,CUST_000695,TMDB_M_982843,3,2025-06-22
RAT_0010195,CUST_000695,TMDB_T_10534,3,2025-10-18
RAT_0010196,CUST_000695,TMDB_T_128318,1,2026-03-24
RAT_0010197,CUST_000695,TMDB_T_1417,3,2025-02-21
RAT_0010198,CUST_000695,TMDB_T_1667,2,2025-12-01
RAT_0010199,CUST_000695,TMDB_T_1695,2,2024-09-02
RAT_0010200,CUST_000695,TMDB_T_202555,4,2024-04-28
RAT_0010201,CUST_000695,TMDB_T_2171,3,2024-06-23
RAT_0010202,CUST_000695,TMDB_T_32692,3,2024-05-03
RAT_0010203,CUST_000695,TMDB_T_764,3,2024-06-21
RAT_0010204,CUST_000696,TMDB_M_1020969,4,2025-06-15
RAT_0010205,CUST_000696,TMDB_M_1066313,2,2025-11-01
RAT_0010206,CUST_000696,TMDB_M_1245347,2,2025-10-28
RAT_0010207,CUST_000696,TMDB_M_1252037,4,2026-03-09
RAT_0010208,CUST_000696,TMDB_M_335983,2,2024-08-15
RAT_0010209,CUST_000696,TMDB_M_38,1,2025-11-13
RAT_0010210,CUST_000696,TMDB_M_4247,4,2026-03-13
RAT_0010211,CUST_000696,TMDB_M_857,3,2026-02-03
RAT_0010212,CUST_000696,TMDB_M_950387,3,2024-12-16
RAT_0010213,CUST_000696,TMDB_T_1400,2,2025-05-07
RAT_0010214,CUST_000696,TMDB_T_14981,4,2025-05-08
RAT_0010215,CUST_000696,TMDB_T_154770,1,2026-02-02
RAT_0010216,CUST_000696,TMDB_T_1668,2,2025-08-31
RAT_0010217,CUST_000696,TMDB_T_2316,4,2025-09-06
RAT_0010218,CUST_000696,TMDB_T_285469,4,2024-10-03
RAT_0010219,CUST_000696,TMDB_T_693,2,2024-10-19
RAT_0010220,CUST_000696,TMDB_T_71712,2,2024-09-10
RAT_0010221,CUST_000697,TMDB_M_1066313,5,2026-03-29
RAT_0010222,CUST_000697,TMDB_M_1268127,2,2026-04-02
RAT_0010223,CUST_000697,TMDB_M_62,3,2026-04-04
RAT_0010224,CUST_000697,TMDB_M_969681,2,2026-04-07
RAT_0010225,CUST_000697,TMDB_M_980477,3,2026-03-25
RAT_0010226,CUST_000697,TMDB_T_12971,3,2026-04-04
RAT_0010227,CUST_000697,TMDB_T_209867,2,2026-03-23
RAT_0010228,CUST_000698,TMDB_M_1327819,3,2024-09-27
RAT_0010229,CUST_000698,TMDB_M_1368166,4,2026-03-02
RAT_0010230,CUST_000698,TMDB_M_1403327,3,2025-02-11
RAT_0010231,CUST_000698,TMDB_M_1465563,4,2025-09-06
RAT_0010232,CUST_000698,TMDB_M_238,2,2024-05-23
RAT_0010233,CUST_000698,TMDB_M_259694,4,2026-03-15
RAT_0010234,CUST_000698,TMDB_M_62029,3,2025-05-08
RAT_0010235,CUST_000698,TMDB_T_1400,3,2025-11-20
RAT_0010236,CUST_000698,TMDB_T_1417,1,2024-08-27
RAT_0010237,CUST_000698,TMDB_T_1421,4,2025-09-26
RAT_0010238,CUST_000698,TMDB_T_19530,3,2026-02-14
RAT_0010239,CUST_000698,TMDB_T_1973,4,2025-06-24
RAT_0010240,CUST_000698,TMDB_T_2316,2,2025-11-02
RAT_0010241,CUST_000698,TMDB_T_2691,3,2025-12-22
RAT_0010242,CUST_000698,TMDB_T_37854,2,2025-07-13
RAT_0010243,CUST_000698,TMDB_T_44217,5,2025-10-24
RAT_0010244,CUST_000698,TMDB_T_57532,2,2025-06-23
RAT_0010245,CUST_000698,TMDB_T_59941,4,2025-12-23
RAT_0010246,CUST_000698,TMDB_T_65733,4,2026-02-10
RAT_0010247,CUST_000698,TMDB_T_67460,2,2025-11-21
RAT_0010248,CUST_000699,TMDB_M_1226863,4,2026-01-02
RAT_0010249,CUST_000699,TMDB_M_1465563,1,2026-01-06
RAT_0010250,CUST_000699,TMDB_T_100088,2,2026-03-24
RAT_0010251,CUST_000699,TMDB_T_15260,3,2026-03-19
RAT_0010252,CUST_000699,TMDB_T_237020,4,2026-03-25
RAT_0010253,CUST_000699,TMDB_T_498,1,2026-03-20
RAT_0010254,CUST_000699,TMDB_T_57532,2,2026-03-04
RAT_0010255,CUST_000699,TMDB_T_62223,5,2026-04-10
RAT_0010256,CUST_000699,TMDB_T_82873,3,2026-02-04
RAT_0010257,CUST_000700,TMDB_M_1197137,2,2026-02-27
RAT_0010258,CUST_000700,TMDB_M_1620551,5,2026-03-20
RAT_0010259,CUST_000700,TMDB_M_936075,1,2026-03-23
RAT_0010260,CUST_000700,TMDB_T_108978,2,2026-04-07
RAT_0010261,CUST_000700,TMDB_T_1415,2,2026-04-04
RAT_0010262,CUST_000700,TMDB_T_1433,4,2026-04-11
RAT_0010263,CUST_000700,TMDB_T_20111,2,2026-02-10
RAT_0010264,CUST_000700,TMDB_T_2661,4,2026-04-07
RAT_0010265,CUST_000700,TMDB_T_30984,4,2026-02-24
RAT_0010266,CUST_000700,TMDB_T_37854,1,2026-02-06
RAT_0010267,CUST_000700,TMDB_T_76572,1,2026-02-13
RAT_0010268,CUST_000700,TMDB_T_8962,3,2026-01-31
RAT_0010269,CUST_000701,TMDB_M_101,4,2025-10-21
RAT_0010270,CUST_000701,TMDB_M_103,5,2025-10-10
RAT_0010271,CUST_000701,TMDB_M_1087891,1,2025-11-20
RAT_0010272,CUST_000701,TMDB_M_28322,3,2025-10-26
RAT_0010273,CUST_000701,TMDB_M_734286,2,2025-11-27
RAT_0010274,CUST_000701,TMDB_M_807,4,2025-08-20
RAT_0010275,CUST_000701,TMDB_T_1411,3,2025-12-07
RAT_0010276,CUST_000702,TMDB_M_1246049,3,2024-11-03
RAT_0010277,CUST_000702,TMDB_M_1631917,3,2025-12-09
RAT_0010278,CUST_000702,TMDB_M_226674,3,2025-04-24
RAT_0010279,CUST_000702,TMDB_M_311,4,2026-03-02
RAT_0010280,CUST_000702,TMDB_M_4232,5,2025-12-11
RAT_0010281,CUST_000702,TMDB_T_1396,3,2025-02-01
RAT_0010282,CUST_000702,TMDB_T_1489,2,2026-03-07
RAT_0010283,CUST_000702,TMDB_T_1695,4,2024-11-12
RAT_0010284,CUST_000702,TMDB_T_18165,1,2025-05-03
RAT_0010285,CUST_000702,TMDB_T_1911,3,2025-09-13
RAT_0010286,CUST_000702,TMDB_T_2734,5,2024-12-21
RAT_0010287,CUST_000702,TMDB_T_32798,1,2024-08-20
RAT_0010288,CUST_000702,TMDB_T_40663,3,2026-04-03
RAT_0010289,CUST_000702,TMDB_T_46296,2,2024-08-19
RAT_0010290,CUST_000702,TMDB_T_58841,3,2025-01-28
RAT_0010291,CUST_000702,TMDB_T_60059,2,2024-08-20
RAT_0010292,CUST_000702,TMDB_T_71494,1,2024-12-02
RAT_0010293,CUST_000702,TMDB_T_78191,4,2025-02-08
RAT_0010294,CUST_000702,TMDB_T_790,1,2025-12-22
RAT_0010295,CUST_000703,TMDB_M_107257,3,2025-10-09
RAT_0010296,CUST_000703,TMDB_M_1087192,4,2026-01-28
RAT_0010297,CUST_000703,TMDB_M_11324,3,2025-11-04
RAT_0010298,CUST_000703,TMDB_M_1266992,2,2025-10-09
RAT_0010299,CUST_000703,TMDB_M_1341137,4,2026-01-19
RAT_0010300,CUST_000703,TMDB_M_1487320,2,2026-03-13
RAT_0010301,CUST_000703,TMDB_M_1511417,4,2025-10-11
RAT_0010302,CUST_000703,TMDB_M_1526650,2,2026-01-21
RAT_0010303,CUST_000703,TMDB_M_207,2,2025-11-20
RAT_0010304,CUST_000703,TMDB_M_244786,4,2025-10-28
RAT_0010305,CUST_000703,TMDB_M_497,4,2026-01-24
RAT_0010306,CUST_000703,TMDB_M_803796,4,2026-03-24
RAT_0010307,CUST_000703,TMDB_M_858024,1,2026-04-01
RAT_0010308,CUST_000703,TMDB_T_128318,4,2025-10-30
RAT_0010309,CUST_000703,TMDB_T_1403,2,2025-10-19
RAT_0010310,CUST_000703,TMDB_T_1408,4,2026-01-21
RAT_0010311,CUST_000703,TMDB_T_1855,2,2025-10-24
RAT_0010312,CUST_000703,TMDB_T_209867,2,2025-10-15
RAT_0010313,CUST_000703,TMDB_T_2171,2,2025-10-18
RAT_0010314,CUST_000703,TMDB_T_4376,3,2025-10-29
RAT_0010315,CUST_000704,TMDB_M_1084187,4,2026-01-05
RAT_0010316,CUST_000704,TMDB_M_1159831,4,2025-10-18
RAT_0010317,CUST_000704,TMDB_M_1197306,3,2024-08-16
RAT_0010318,CUST_000704,TMDB_M_1233413,4,2025-06-17
RAT_0010319,CUST_000704,TMDB_M_1387382,4,2024-11-05
RAT_0010320,CUST_000704,TMDB_M_1523145,5,2025-06-18
RAT_0010321,CUST_000704,TMDB_M_286217,1,2025-02-09
RAT_0010322,CUST_000704,TMDB_M_335983,1,2025-05-02
RAT_0010323,CUST_000704,TMDB_M_37165,1,2025-04-28
RAT_0010324,CUST_000704,TMDB_M_479197,4,2025-12-20
RAT_0010325,CUST_000704,TMDB_M_687163,5,2024-11-18
RAT_0010326,CUST_000704,TMDB_M_858024,1,2025-09-10
RAT_0010327,CUST_000704,TMDB_T_195670,2,2025-01-19
RAT_0010328,CUST_000704,TMDB_T_1981,4,2025-05-25
RAT_0010329,CUST_000704,TMDB_T_60625,2,2024-09-30
RAT_0010330,CUST_000705,TMDB_M_1620551,4,2026-04-11
RAT_0010331,CUST_000705,TMDB_M_429,1,2026-03-25
RAT_0010332,CUST_000705,TMDB_M_479197,2,2026-04-11
RAT_0010333,CUST_000705,TMDB_M_936075,4,2026-04-09
RAT_0010334,CUST_000705,TMDB_T_291,5,2026-04-06
RAT_0010335,CUST_000705,TMDB_T_73586,5,2026-04-02
RAT_0010336,CUST_000705,TMDB_T_76479,3,2026-03-31
RAT_0010337,CUST_000706,TMDB_M_1007734,4,2026-02-15
RAT_0010338,CUST_000706,TMDB_M_103,4,2025-09-05
RAT_0010339,CUST_000706,TMDB_M_1268127,2,2025-12-02
RAT_0010340,CUST_000706,TMDB_M_128,3,2026-04-09
RAT_0010341,CUST_000706,TMDB_M_1327819,3,2025-08-02
RAT_0010342,CUST_000706,TMDB_M_1357633,4,2026-03-19
RAT_0010343,CUST_000706,TMDB_M_177572,5,2026-04-08
RAT_0010344,CUST_000706,TMDB_M_359410,4,2025-11-16
RAT_0010345,CUST_000706,TMDB_M_414906,4,2025-11-30
RAT_0010346,CUST_000706,TMDB_M_673,4,2025-12-03
RAT_0010347,CUST_000706,TMDB_M_73861,5,2026-04-08
RAT_0010348,CUST_000706,TMDB_M_840464,3,2025-07-31
RAT_0010349,CUST_000706,TMDB_T_128318,5,2026-02-20
RAT_0010350,CUST_000706,TMDB_T_4057,2,2025-11-02
RAT_0010351,CUST_000706,TMDB_T_65503,3,2025-08-09
RAT_0010352,CUST_000707,TMDB_M_181808,1,2026-02-23
RAT_0010353,CUST_000707,TMDB_T_202411,1,2026-04-09
RAT_0010354,CUST_000707,TMDB_T_59941,3,2026-03-25
RAT_0010355,CUST_000708,TMDB_M_1066313,4,2025-08-15
RAT_0010356,CUST_000708,TMDB_M_1339876,4,2024-12-15
RAT_0010357,CUST_000708,TMDB_M_1726,4,2026-02-14
RAT_0010358,CUST_000708,TMDB_M_539972,3,2025-12-15
RAT_0010359,CUST_000708,TMDB_M_634649,1,2026-01-01
RAT_0010360,CUST_000708,TMDB_M_76600,3,2024-09-24
RAT_0010361,CUST_000708,TMDB_T_110075,4,2025-10-31
RAT_0010362,CUST_000708,TMDB_T_1408,3,2025-11-14
RAT_0010363,CUST_000708,TMDB_T_1431,4,2025-06-06
RAT_0010364,CUST_000708,TMDB_T_290856,3,2026-01-28
RAT_0010365,CUST_000708,TMDB_T_291,3,2024-06-09
RAT_0010366,CUST_000708,TMDB_T_5092,1,2025-06-10
RAT_0010367,CUST_000708,TMDB_T_73586,3,2026-03-17
RAT_0010368,CUST_000708,TMDB_T_76479,3,2025-11-27
RAT_0010369,CUST_000708,TMDB_T_95557,2,2026-03-16
RAT_0010370,CUST_000709,TMDB_M_1117857,5,2025-09-23
RAT_0010371,CUST_000709,TMDB_M_1291335,3,2025-11-30
RAT_0010372,CUST_000709,TMDB_M_1497970,3,2026-01-27
RAT_0010373,CUST_000709,TMDB_M_157336,2,2025-10-30
RAT_0010374,CUST_000709,TMDB_M_1635276,5,2025-08-08
RAT_0010375,CUST_000709,TMDB_M_244786,4,2025-12-31
RAT_0010376,CUST_000709,TMDB_M_424,2,2025-07-16
RAT_0010377,CUST_000709,TMDB_M_857,2,2026-02-20
RAT_0010378,CUST_000709,TMDB_T_112527,2,2025-12-30
RAT_0010379,CUST_000709,TMDB_T_1411,4,2026-03-28
RAT_0010380,CUST_000709,TMDB_T_1434,4,2026-03-02
RAT_0010381,CUST_000709,TMDB_T_19530,2,2025-06-02
RAT_0010382,CUST_000709,TMDB_T_2221,3,2026-02-20
RAT_0010383,CUST_000709,TMDB_T_45790,5,2025-07-05
RAT_0010384,CUST_000709,TMDB_T_549,4,2026-04-03
RAT_0010385,CUST_000709,TMDB_T_62223,4,2025-12-23
RAT_0010386,CUST_000709,TMDB_T_6836,5,2025-11-28
RAT_0010387,CUST_000710,TMDB_M_106646,3,2026-01-08
RAT_0010388,CUST_000710,TMDB_M_1245347,3,2025-08-03
RAT_0010389,CUST_000710,TMDB_M_1292695,3,2025-12-04
RAT_0010390,CUST_000710,TMDB_M_193972,2,2026-01-03
RAT_0010391,CUST_000710,TMDB_M_4232,2,2025-12-30
RAT_0010392,CUST_000710,TMDB_M_665,1,2025-12-24
RAT_0010393,CUST_000710,TMDB_T_1411,2,2026-01-09
RAT_0010394,CUST_000710,TMDB_T_1981,1,2025-11-27
RAT_0010395,CUST_000710,TMDB_T_2224,3,2025-11-07
RAT_0010396,CUST_000710,TMDB_T_4057,2,2025-12-29
RAT_0010397,CUST_000710,TMDB_T_456,2,2025-07-27
RAT_0010398,CUST_000710,TMDB_T_56570,2,2025-07-13
RAT_0010399,CUST_000710,TMDB_T_5920,1,2025-10-28
RAT_0010400,CUST_000711,TMDB_M_1020969,3,2026-03-23
RAT_0010401,CUST_000711,TMDB_M_1115544,2,2025-12-19
RAT_0010402,CUST_000711,TMDB_M_1175942,3,2026-02-27
RAT_0010403,CUST_000711,TMDB_M_1234731,2,2026-03-24
RAT_0010404,CUST_000711,TMDB_M_1635276,2,2026-02-22
RAT_0010405,CUST_000711,TMDB_M_259694,3,2025-11-08
RAT_0010406,CUST_000711,TMDB_M_466272,3,2025-09-21
RAT_0010407,CUST_000711,TMDB_M_552524,4,2026-01-09
RAT_0010408,CUST_000711,TMDB_M_82690,5,2025-12-05
RAT_0010409,CUST_000711,TMDB_T_127529,3,2026-03-07
RAT_0010410,CUST_000711,TMDB_T_1402,4,2026-01-20
RAT_0010411,CUST_000711,TMDB_T_1407,3,2025-10-24
RAT_0010412,CUST_000711,TMDB_T_1421,1,2025-11-09
RAT_0010413,CUST_000711,TMDB_T_1695,3,2026-03-11
RAT_0010414,CUST_000711,TMDB_T_2004,4,2026-01-20
RAT_0010415,CUST_000711,TMDB_T_2224,2,2025-12-31
RAT_0010416,CUST_000711,TMDB_T_278573,4,2026-01-02
RAT_0010417,CUST_000711,TMDB_T_4057,4,2026-02-10
RAT_0010418,CUST_000711,TMDB_T_65733,3,2026-02-23
RAT_0010419,CUST_000712,TMDB_M_1087192,2,2024-10-31
RAT_0010420,CUST_000712,TMDB_M_1252037,4,2025-06-03
RAT_0010421,CUST_000712,TMDB_M_1310568,4,2024-05-07
RAT_0010422,CUST_000712,TMDB_M_1523145,2,2026-03-24
RAT_0010423,CUST_000712,TMDB_M_615,3,2025-05-10
RAT_0010424,CUST_000712,TMDB_M_875828,4,2026-02-15
RAT_0010425,CUST_000712,TMDB_T_100088,3,2024-11-15
RAT_0010426,CUST_000712,TMDB_T_4629,3,2024-07-08
RAT_0010427,CUST_000712,TMDB_T_57243,1,2024-08-21
RAT_0010428,CUST_000712,TMDB_T_61818,2,2024-08-17
RAT_0010429,CUST_000712,TMDB_T_78191,3,2025-01-10
RAT_0010430,CUST_000713,TMDB_M_1115544,4,2025-03-06
RAT_0010431,CUST_000713,TMDB_M_1523145,5,2024-12-19
RAT_0010432,CUST_000713,TMDB_M_20352,4,2025-09-23
RAT_0010433,CUST_000713,TMDB_M_216015,4,2025-02-14
RAT_0010434,CUST_000713,TMDB_M_405746,4,2024-10-09
RAT_0010435,CUST_000713,TMDB_M_673,4,2024-09-06
RAT_0010436,CUST_000713,TMDB_M_82690,5,2025-02-25
RAT_0010437,CUST_000713,TMDB_T_1622,4,2025-12-07
RAT_0010438,CUST_000713,TMDB_T_1973,4,2024-07-27
RAT_0010439,CUST_000713,TMDB_T_20111,4,2024-12-22
RAT_0010440,CUST_000713,TMDB_T_2734,3,2024-06-19
RAT_0010441,CUST_000713,TMDB_T_278275,3,2025-08-31
RAT_0010442,CUST_000713,TMDB_T_279471,4,2025-08-28
RAT_0010443,CUST_000713,TMDB_T_44006,3,2024-09-24
RAT_0010444,CUST_000713,TMDB_T_45789,4,2024-11-29
RAT_0010445,CUST_000713,TMDB_T_46952,2,2024-09-23
RAT_0010446,CUST_000713,TMDB_T_65334,2,2025-02-24
RAT_0010447,CUST_000713,TMDB_T_65503,2,2026-02-12
RAT_0010448,CUST_000713,TMDB_T_67460,4,2025-07-14
RAT_0010449,CUST_000713,TMDB_T_71790,3,2024-07-30
RAT_0010450,CUST_000714,TMDB_M_1054867,3,2025-12-01
RAT_0010451,CUST_000714,TMDB_M_1087891,4,2025-11-15
RAT_0010452,CUST_000714,TMDB_M_1120911,3,2025-11-27
RAT_0010453,CUST_000714,TMDB_M_12153,4,2025-08-12
RAT_0010454,CUST_000714,TMDB_M_1276704,5,2025-09-13
RAT_0010455,CUST_000714,TMDB_M_1314786,4,2025-09-11
RAT_0010456,CUST_000714,TMDB_M_1359,3,2026-03-05
RAT_0010457,CUST_000714,TMDB_M_1403735,5,2025-09-30
RAT_0010458,CUST_000714,TMDB_M_1526650,2,2025-09-30
RAT_0010459,CUST_000714,TMDB_M_1635276,4,2025-12-28
RAT_0010460,CUST_000714,TMDB_M_4247,2,2026-02-19
RAT_0010461,CUST_000714,TMDB_M_539972,3,2026-02-07
RAT_0010462,CUST_000714,TMDB_T_10534,2,2025-05-11
RAT_0010463,CUST_000714,TMDB_T_108978,2,2026-03-14
RAT_0010464,CUST_000714,TMDB_T_195670,3,2025-10-06
RAT_0010465,CUST_000714,TMDB_T_48866,5,2026-01-15
RAT_0010466,CUST_000714,TMDB_T_59941,4,2026-04-11
RAT_0010467,CUST_000714,TMDB_T_60572,3,2025-11-13
RAT_0010468,CUST_000714,TMDB_T_79744,5,2025-07-23
RAT_0010469,CUST_000714,TMDB_T_95557,1,2025-12-26
RAT_0010470,CUST_000715,TMDB_M_1061474,4,2025-09-12
RAT_0010471,CUST_000715,TMDB_M_1066313,2,2026-01-12
RAT_0010472,CUST_000715,TMDB_M_1159559,2,2025-08-17
RAT_0010473,CUST_000715,TMDB_M_1196067,5,2025-08-02
RAT_0010474,CUST_000715,TMDB_M_1268127,1,2025-06-21
RAT_0010475,CUST_000715,TMDB_M_1314786,1,2026-02-12
RAT_0010476,CUST_000715,TMDB_M_447273,2,2025-12-02
RAT_0010477,CUST_000715,TMDB_M_601,3,2026-02-01
RAT_0010478,CUST_000715,TMDB_M_912649,5,2025-05-20
RAT_0010479,CUST_000715,TMDB_T_119051,5,2025-05-07
RAT_0010480,CUST_000715,TMDB_T_127529,2,2025-06-13
RAT_0010481,CUST_000715,TMDB_T_1622,1,2026-01-12
RAT_0010482,CUST_000715,TMDB_T_30981,4,2026-04-08
RAT_0010483,CUST_000715,TMDB_T_33238,2,2026-01-02
RAT_0010484,CUST_000715,TMDB_T_35007,4,2026-04-11
RAT_0010485,CUST_000715,TMDB_T_4057,2,2026-03-09
RAT_0010486,CUST_000716,TMDB_M_1087192,2,2025-11-29
RAT_0010487,CUST_000716,TMDB_M_1284496,5,2026-02-03
RAT_0010488,CUST_000716,TMDB_M_228150,5,2026-03-02
RAT_0010489,CUST_000716,TMDB_M_374720,4,2026-04-02
RAT_0010490,CUST_000716,TMDB_M_497,4,2025-10-09
RAT_0010491,CUST_000716,TMDB_M_564,1,2025-06-13
RAT_0010492,CUST_000716,TMDB_M_83533,2,2026-01-05
RAT_0010493,CUST_000716,TMDB_M_8966,4,2025-11-29
RAT_0010494,CUST_000716,TMDB_M_949,3,2026-01-30
RAT_0010495,CUST_000716,TMDB_T_1421,4,2025-10-12
RAT_0010496,CUST_000716,TMDB_T_2261,2,2025-11-29
RAT_0010497,CUST_000716,TMDB_T_2734,1,2025-07-21
RAT_0010498,CUST_000716,TMDB_T_31910,3,2025-09-20
RAT_0010499,CUST_000716,TMDB_T_46260,3,2025-04-03
RAT_0010500,CUST_000716,TMDB_T_80748,3,2026-03-31
RAT_0010501,CUST_000717,TMDB_M_1003596,5,2026-01-11
RAT_0010502,CUST_000717,TMDB_M_10193,5,2025-11-16
RAT_0010503,CUST_000717,TMDB_M_1119449,4,2025-04-24
RAT_0010504,CUST_000717,TMDB_M_1196067,4,2025-03-03
RAT_0010505,CUST_000717,TMDB_M_1226863,4,2026-02-06
RAT_0010506,CUST_000717,TMDB_M_1297842,1,2025-08-26
RAT_0010507,CUST_000717,TMDB_M_284054,1,2025-10-07
RAT_0010508,CUST_000717,TMDB_M_286217,4,2026-03-20
RAT_0010509,CUST_000717,TMDB_M_311,1,2025-08-15
RAT_0010510,CUST_000717,TMDB_M_646380,2,2025-06-01
RAT_0010511,CUST_000717,TMDB_M_701387,3,2026-02-07
RAT_0010512,CUST_000717,TMDB_M_912649,4,2025-08-11
RAT_0010513,CUST_000717,TMDB_T_1399,4,2026-02-16
RAT_0010514,CUST_000717,TMDB_T_1433,2,2025-12-29
RAT_0010515,CUST_000717,TMDB_T_1911,2,2025-06-17
RAT_0010516,CUST_000717,TMDB_T_2004,1,2025-09-17
RAT_0010517,CUST_000717,TMDB_T_202411,3,2025-10-22
RAT_0010518,CUST_000717,TMDB_T_2734,4,2025-09-02
RAT_0010519,CUST_000717,TMDB_T_4057,1,2025-09-07
RAT_0010520,CUST_000717,TMDB_T_46260,2,2026-04-01
RAT_0010521,CUST_000717,TMDB_T_48866,2,2025-06-21
RAT_0010522,CUST_000717,TMDB_T_68350,3,2025-09-25
RAT_0010523,CUST_000718,TMDB_M_1019420,3,2025-08-31
RAT_0010524,CUST_000718,TMDB_M_1310568,3,2026-02-02
RAT_0010525,CUST_000718,TMDB_M_680493,4,2025-09-20
RAT_0010526,CUST_000718,TMDB_T_114478,3,2026-03-23
RAT_0010527,CUST_000718,TMDB_T_2288,5,2026-04-09
RAT_0010528,CUST_000718,TMDB_T_237020,3,2026-01-03
RAT_0010529,CUST_000718,TMDB_T_30984,2,2025-11-24
RAT_0010530,CUST_000718,TMDB_T_34524,3,2026-03-14
RAT_0010531,CUST_000718,TMDB_T_4604,4,2025-10-24
RAT_0010532,CUST_000718,TMDB_T_46260,4,2026-01-03
RAT_0010533,CUST_000718,TMDB_T_4629,4,2026-02-02
RAT_0010534,CUST_000718,TMDB_T_48866,3,2026-04-04
RAT_0010535,CUST_000718,TMDB_T_5920,4,2025-11-08
RAT_0010536,CUST_000718,TMDB_T_65334,3,2026-03-19
RAT_0010537,CUST_000718,TMDB_T_67460,4,2026-04-06
RAT_0010538,CUST_000718,TMDB_T_71712,3,2026-01-18
RAT_0010539,CUST_000718,TMDB_T_76479,4,2025-11-01
RAT_0010540,CUST_000719,TMDB_M_11036,3,2025-10-05
RAT_0010541,CUST_000719,TMDB_M_1470130,3,2025-09-07
RAT_0010542,CUST_000719,TMDB_T_1705,2,2025-06-18
RAT_0010543,CUST_000719,TMDB_T_2122,1,2025-09-06
RAT_0010544,CUST_000719,TMDB_T_33238,2,2025-10-21
RAT_0010545,CUST_000719,TMDB_T_34524,3,2025-10-06
RAT_0010546,CUST_000719,TMDB_T_4607,4,2025-05-18
RAT_0010547,CUST_000719,TMDB_T_76479,1,2025-10-11
RAT_0010548,CUST_000719,TMDB_T_8962,2,2025-10-10
RAT_0010549,CUST_000720,TMDB_M_1175942,5,2025-09-27
RAT_0010550,CUST_000720,TMDB_M_1226863,4,2026-03-20
RAT_0010551,CUST_000720,TMDB_M_12445,3,2025-12-09
RAT_0010552,CUST_000720,TMDB_M_1367763,3,2025-11-12
RAT_0010553,CUST_000720,TMDB_M_20352,5,2026-04-04
RAT_0010554,CUST_000720,TMDB_M_330457,1,2025-08-08
RAT_0010555,CUST_000720,TMDB_M_502356,3,2026-03-01
RAT_0010556,CUST_000720,TMDB_M_552524,4,2026-01-15
RAT_0010557,CUST_000720,TMDB_T_124364,3,2026-02-08
RAT_0010558,CUST_000720,TMDB_T_1407,2,2025-12-25
RAT_0010559,CUST_000720,TMDB_T_154770,3,2026-04-10
RAT_0010560,CUST_000720,TMDB_T_5092,4,2026-02-24
RAT_0010561,CUST_000720,TMDB_T_5920,2,2025-06-19
RAT_0010562,CUST_000721,TMDB_M_1470130,3,2025-10-26
RAT_0010563,CUST_000721,TMDB_M_214756,4,2025-09-07
RAT_0010564,CUST_000721,TMDB_M_62029,3,2025-06-21
RAT_0010565,CUST_000721,TMDB_T_1398,2,2025-05-01
RAT_0010566,CUST_000721,TMDB_T_1981,2,2026-03-29
RAT_0010567,CUST_000721,TMDB_T_202411,2,2026-01-23
RAT_0010568,CUST_000721,TMDB_T_2224,3,2025-02-09
RAT_0010569,CUST_000721,TMDB_T_2691,2,2025-03-20
RAT_0010570,CUST_000721,TMDB_T_279388,3,2026-01-01
RAT_0010571,CUST_000721,TMDB_T_3562,5,2025-10-12
RAT_0010572,CUST_000721,TMDB_T_4057,3,2024-07-27
RAT_0010573,CUST_000721,TMDB_T_4604,3,2026-02-07
RAT_0010574,CUST_000721,TMDB_T_4614,4,2025-06-08
RAT_0010575,CUST_000721,TMDB_T_4629,4,2026-01-06
RAT_0010576,CUST_000721,TMDB_T_71728,3,2024-07-21
RAT_0010577,CUST_000721,TMDB_T_72517,2,2024-11-12
RAT_0010578,CUST_000721,TMDB_T_79744,2,2026-01-15
RAT_0010579,CUST_000722,TMDB_M_1191876,2,2026-04-04
RAT_0010580,CUST_000722,TMDB_M_1226863,4,2026-03-17
RAT_0010581,CUST_000722,TMDB_M_1266990,4,2026-03-02
RAT_0010582,CUST_000722,TMDB_M_1523145,1,2026-02-22
RAT_0010583,CUST_000722,TMDB_M_1646787,2,2026-01-14
RAT_0010584,CUST_000722,TMDB_M_1653994,2,2026-01-16
RAT_0010585,CUST_000722,TMDB_M_324786,2,2026-02-05
RAT_0010586,CUST_000722,TMDB_M_490132,1,2026-01-30
RAT_0010587,CUST_000722,TMDB_T_278275,4,2026-02-11
RAT_0010588,CUST_000722,TMDB_T_279388,4,2026-04-02
RAT_0010589,CUST_000722,TMDB_T_46952,4,2026-02-23
RAT_0010590,CUST_000723,TMDB_M_1175942,5,2025-08-13
RAT_0010591,CUST_000723,TMDB_M_1214871,3,2026-01-22
RAT_0010592,CUST_000723,TMDB_M_1641319,5,2026-03-08
RAT_0010593,CUST_000723,TMDB_M_447273,2,2025-12-02
RAT_0010594,CUST_000723,TMDB_M_615,2,2025-04-29
RAT_0010595,CUST_000723,TMDB_M_840464,5,2025-06-23
RAT_0010596,CUST_000723,TMDB_M_950387,1,2025-05-09
RAT_0010597,CUST_000723,TMDB_T_14981,5,2025-10-10
RAT_0010598,CUST_000723,TMDB_T_22980,3,2025-05-02
RAT_0010599,CUST_000723,TMDB_T_30981,4,2025-08-16
RAT_0010600,CUST_000723,TMDB_T_3452,2,2025-06-05
RAT_0010601,CUST_000724,TMDB_M_10191,5,2026-02-14
RAT_0010602,CUST_000724,TMDB_M_1049471,3,2025-02-27
RAT_0010603,CUST_000724,TMDB_M_1159559,4,2026-03-01
RAT_0010604,CUST_000724,TMDB_M_1175942,2,2025-01-04
RAT_0010605,CUST_000724,TMDB_M_1192548,5,2026-01-21
RAT_0010606,CUST_000724,TMDB_M_1233413,5,2026-03-06
RAT_0010607,CUST_000724,TMDB_M_1297454,5,2025-02-26
RAT_0010608,CUST_000724,TMDB_M_1408208,5,2025-03-08
RAT_0010609,CUST_000724,TMDB_M_1572073,4,2025-03-13
RAT_0010610,CUST_000724,TMDB_M_1610418,3,2025-12-12
RAT_0010611,CUST_000724,TMDB_M_1620551,5,2026-02-09
RAT_0010612,CUST_000724,TMDB_M_19592,2,2026-02-11
RAT_0010613,CUST_000724,TMDB_M_8966,3,2025-09-21
RAT_0010614,CUST_000724,TMDB_M_934433,4,2025-03-06
RAT_0010615,CUST_000724,TMDB_M_945961,5,2025-03-22
RAT_0010616,CUST_000724,TMDB_M_999136,3,2026-02-16
RAT_0010617,CUST_000724,TMDB_T_1973,4,2024-12-31
RAT_0010618,CUST_000724,TMDB_T_279471,2,2024-11-27
RAT_0010619,CUST_000725,TMDB_M_1192548,3,2025-11-11
RAT_0010620,CUST_000725,TMDB_M_1284120,3,2026-02-04
RAT_0010621,CUST_000725,TMDB_M_1314786,2,2025-06-24
RAT_0010622,CUST_000725,TMDB_M_59,2,2025-05-26
RAT_0010623,CUST_000725,TMDB_M_744275,3,2025-04-12
RAT_0010624,CUST_000725,TMDB_M_936075,2,2026-04-03
RAT_0010625,CUST_000725,TMDB_M_9502,5,2025-10-09
RAT_0010626,CUST_000725,TMDB_M_9769,5,2025-06-06
RAT_0010627,CUST_000725,TMDB_T_100088,3,2026-04-09
RAT_0010628,CUST_000725,TMDB_T_1620,1,2025-12-18
RAT_0010629,CUST_000725,TMDB_T_1668,2,2025-12-19
RAT_0010630,CUST_000725,TMDB_T_17610,1,2025-07-11
RAT_0010631,CUST_000725,TMDB_T_1911,1,2025-06-13
RAT_0010632,CUST_000725,TMDB_T_2734,2,2026-01-13
RAT_0010633,CUST_000725,TMDB_T_37854,4,2025-10-23
RAT_0010634,CUST_000725,TMDB_T_4588,2,2025-05-08
RAT_0010635,CUST_000725,TMDB_T_61818,4,2025-08-06
RAT_0010636,CUST_000725,TMDB_T_65733,3,2026-01-21
RAT_0010637,CUST_000725,TMDB_T_95557,1,2025-09-10
RAT_0010638,CUST_000726,TMDB_T_2224,4,2026-04-11
RAT_0010639,CUST_000726,TMDB_T_57243,4,2026-04-08
RAT_0010640,CUST_000726,TMDB_T_94722,1,2026-04-06
RAT_0010641,CUST_000727,TMDB_M_1252037,2,2025-06-26
RAT_0010642,CUST_000727,TMDB_M_419430,3,2025-07-05
RAT_0010643,CUST_000727,TMDB_T_4087,3,2025-05-30
RAT_0010644,CUST_000728,TMDB_M_102382,5,2025-10-21
RAT_0010645,CUST_000728,TMDB_M_1049471,3,2025-12-25
RAT_0010646,CUST_000728,TMDB_M_1284460,4,2025-08-05
RAT_0010647,CUST_000728,TMDB_M_1480382,4,2025-07-18
RAT_0010648,CUST_000728,TMDB_M_1523145,4,2025-08-26
RAT_0010649,CUST_000728,TMDB_M_502356,2,2025-12-17
RAT_0010650,CUST_000728,TMDB_M_552524,4,2025-10-12
RAT_0010651,CUST_000728,TMDB_M_634649,3,2026-03-23
RAT_0010652,CUST_000728,TMDB_M_875828,5,2026-01-31
RAT_0010653,CUST_000728,TMDB_T_291,5,2026-04-07
RAT_0010654,CUST_000728,TMDB_T_46296,4,2025-10-03
RAT_0010655,CUST_000728,TMDB_T_4656,4,2026-04-09
RAT_0010656,CUST_000728,TMDB_T_693,4,2025-12-24
RAT_0010657,CUST_000728,TMDB_T_74561,5,2026-01-16
RAT_0010658,CUST_000729,TMDB_M_1284460,4,2025-10-06
RAT_0010659,CUST_000729,TMDB_M_1291335,5,2026-02-04
RAT_0010660,CUST_000729,TMDB_M_1367642,5,2026-03-11
RAT_0010661,CUST_000729,TMDB_M_1368166,5,2026-01-11
RAT_0010662,CUST_000729,TMDB_M_1403735,3,2025-11-25
RAT_0010663,CUST_000729,TMDB_M_1582770,4,2026-01-23
RAT_0010664,CUST_000729,TMDB_M_1726,3,2026-01-14
RAT_0010665,CUST_000729,TMDB_M_193972,4,2025-11-05
RAT_0010666,CUST_000729,TMDB_M_264980,3,2026-01-18
RAT_0010667,CUST_000729,TMDB_M_381288,4,2026-04-05
RAT_0010668,CUST_000729,TMDB_M_419430,5,2026-03-24
RAT_0010669,CUST_000729,TMDB_M_52741,4,2025-12-21
RAT_0010670,CUST_000729,TMDB_M_83533,3,2026-01-14
RAT_0010671,CUST_000729,TMDB_T_278573,3,2025-10-25
RAT_0010672,CUST_000729,TMDB_T_4087,3,2026-02-08
RAT_0010673,CUST_000729,TMDB_T_4604,2,2025-12-16
RAT_0010674,CUST_000729,TMDB_T_873,4,2026-02-04
RAT_0010675,CUST_000730,TMDB_M_1015606,3,2026-04-10
RAT_0010676,CUST_000730,TMDB_M_1115544,2,2026-04-09
RAT_0010677,CUST_000730,TMDB_M_1314786,1,2025-08-05
RAT_0010678,CUST_000730,TMDB_M_19995,4,2025-09-10
RAT_0010679,CUST_000730,TMDB_T_2288,4,2026-02-23
RAT_0010680,CUST_000730,TMDB_T_65334,3,2026-03-31
RAT_0010681,CUST_000730,TMDB_T_65733,1,2025-11-15
RAT_0010682,CUST_000730,TMDB_T_71712,3,2025-09-29
RAT_0010683,CUST_000730,TMDB_T_94722,3,2026-02-22
RAT_0010684,CUST_000731,TMDB_M_10191,5,2026-04-09
RAT_0010685,CUST_000731,TMDB_M_1087192,5,2026-04-03
RAT_0010686,CUST_000731,TMDB_M_1115544,3,2026-03-21
RAT_0010687,CUST_000731,TMDB_M_1159831,2,2025-12-05
RAT_0010688,CUST_000731,TMDB_M_1199193,2,2026-02-10
RAT_0010689,CUST_000731,TMDB_M_1465563,4,2025-12-16
RAT_0010690,CUST_000731,TMDB_M_1493859,4,2026-02-10
RAT_0010691,CUST_000731,TMDB_M_803796,3,2026-02-20
RAT_0010692,CUST_000731,TMDB_T_1489,4,2025-12-14
RAT_0010693,CUST_000731,TMDB_T_40663,5,2026-03-31
RAT_0010694,CUST_000731,TMDB_T_549,2,2026-01-18
RAT_0010695,CUST_000731,TMDB_T_60622,4,2026-02-03
RAT_0010696,CUST_000732,TMDB_M_1015606,5,2025-12-29
RAT_0010697,CUST_000732,TMDB_M_1175942,2,2026-03-21
RAT_0010698,CUST_000732,TMDB_M_228150,2,2026-04-17
RAT_0010699,CUST_000732,TMDB_M_497,3,2026-03-09
RAT_0010700,CUST_000732,TMDB_T_154770,3,2026-04-11
RAT_0010701,CUST_000732,TMDB_T_2316,3,2026-04-20
RAT_0010702,CUST_000732,TMDB_T_4656,4,2026-02-10
RAT_0010703,CUST_000732,TMDB_T_71494,4,2026-04-05
RAT_0010704,CUST_000733,TMDB_M_1526650,1,2025-08-02
RAT_0010705,CUST_000733,TMDB_M_361743,2,2025-02-25
RAT_0010706,CUST_000733,TMDB_M_479197,5,2025-10-11
RAT_0010707,CUST_000733,TMDB_M_68721,1,2025-09-19
RAT_0010708,CUST_000733,TMDB_M_912649,3,2025-07-22
RAT_0010709,CUST_000733,TMDB_M_936075,4,2025-06-08
RAT_0010710,CUST_000733,TMDB_T_19530,2,2025-09-16
RAT_0010711,CUST_000733,TMDB_T_2190,1,2025-09-22
RAT_0010712,CUST_000733,TMDB_T_75219,3,2025-07-15
RAT_0010713,CUST_000733,TMDB_T_76572,1,2025-09-03
RAT_0010714,CUST_000734,TMDB_M_1064213,4,2026-03-20
RAT_0010715,CUST_000734,TMDB_M_1267319,2,2026-02-17
RAT_0010716,CUST_000734,TMDB_M_1290821,2,2026-03-27
RAT_0010717,CUST_000734,TMDB_M_1493859,2,2025-08-15
RAT_0010718,CUST_000734,TMDB_M_1523145,3,2025-10-21
RAT_0010719,CUST_000734,TMDB_M_1539104,5,2026-01-10
RAT_0010720,CUST_000734,TMDB_M_1600672,2,2025-12-11
RAT_0010721,CUST_000734,TMDB_M_1620551,3,2025-10-21
RAT_0010722,CUST_000734,TMDB_M_396535,2,2025-12-15
RAT_0010723,CUST_000734,TMDB_M_508947,2,2025-09-06
RAT_0010724,CUST_000734,TMDB_M_823219,1,2026-03-06
RAT_0010725,CUST_000734,TMDB_M_83533,2,2026-03-24
RAT_0010726,CUST_000734,TMDB_M_840464,5,2025-10-03
RAT_0010727,CUST_000734,TMDB_T_1433,3,2025-10-10
RAT_0010728,CUST_000734,TMDB_T_1435,4,2025-10-13
RAT_0010729,CUST_000734,TMDB_T_1622,1,2026-04-06
RAT_0010730,CUST_000734,TMDB_T_220542,2,2025-08-22
RAT_0010731,CUST_000734,TMDB_T_237020,4,2025-12-20
RAT_0010732,CUST_000734,TMDB_T_32415,3,2026-02-23
RAT_0010733,CUST_000734,TMDB_T_5092,4,2025-11-30
RAT_0010734,CUST_000734,TMDB_T_65334,3,2025-10-20
RAT_0010735,CUST_000734,TMDB_T_68350,3,2025-12-12
RAT_0010736,CUST_000734,TMDB_T_71790,3,2025-12-01
RAT_0010737,CUST_000734,TMDB_T_76479,4,2026-02-24
RAT_0010738,CUST_000734,TMDB_T_76572,2,2026-02-27
RAT_0010739,CUST_000734,TMDB_T_79744,2,2025-09-14
RAT_0010740,CUST_000734,TMDB_T_82873,4,2026-02-19
RAT_0010741,CUST_000734,TMDB_T_98031,3,2026-02-05
RAT_0010742,CUST_000735,TMDB_M_1357633,1,2025-11-17
RAT_0010743,CUST_000735,TMDB_M_1611398,2,2026-02-05
RAT_0010744,CUST_000735,TMDB_T_4607,3,2026-04-02
RAT_0010745,CUST_000735,TMDB_T_57243,4,2026-01-04
RAT_0010746,CUST_000735,TMDB_T_63174,3,2025-11-15
RAT_0010747,CUST_000735,TMDB_T_71790,1,2025-11-07
RAT_0010748,CUST_000735,TMDB_T_790,4,2026-04-04
RAT_0010749,CUST_000736,TMDB_M_14161,5,2025-07-28
RAT_0010750,CUST_000736,TMDB_T_70672,2,2026-01-18
RAT_0010751,CUST_000736,TMDB_T_73586,3,2026-03-31
RAT_0010752,CUST_000736,TMDB_T_82873,4,2025-08-16
RAT_0010753,CUST_000737,TMDB_M_1100988,4,2026-02-15
RAT_0010754,CUST_000737,TMDB_M_1159559,3,2025-12-28
RAT_0010755,CUST_000737,TMDB_M_1214931,4,2026-03-16
RAT_0010756,CUST_000737,TMDB_M_122,4,2026-03-03
RAT_0010757,CUST_000737,TMDB_M_1315303,5,2026-03-14
RAT_0010758,CUST_000737,TMDB_M_1426297,1,2025-12-29
RAT_0010759,CUST_000737,TMDB_M_1470130,3,2026-03-16
RAT_0010760,CUST_000737,TMDB_M_333339,3,2026-02-06
RAT_0010761,CUST_000737,TMDB_M_58,1,2026-01-22
RAT_0010762,CUST_000737,TMDB_M_665,1,2026-01-27
RAT_0010763,CUST_000737,TMDB_M_674,1,2026-01-08
RAT_0010764,CUST_000737,TMDB_M_734286,3,2026-04-06
RAT_0010765,CUST_000737,TMDB_M_762509,3,2026-04-08
RAT_0010766,CUST_000737,TMDB_M_967,5,2026-01-21
RAT_0010767,CUST_000737,TMDB_T_1911,2,2026-03-28
RAT_0010768,CUST_000737,TMDB_T_209867,2,2026-01-18
RAT_0010769,CUST_000737,TMDB_T_60622,1,2026-04-05
RAT_0010770,CUST_000737,TMDB_T_76479,3,2026-04-10
RAT_0010771,CUST_000738,TMDB_M_1252037,3,2026-04-02
RAT_0010772,CUST_000738,TMDB_M_1523145,2,2026-04-08
RAT_0010773,CUST_000738,TMDB_M_1526650,3,2025-09-30
RAT_0010774,CUST_000738,TMDB_M_1539104,3,2025-11-23
RAT_0010775,CUST_000738,TMDB_M_374720,4,2026-03-22
RAT_0010776,CUST_000738,TMDB_T_1402,4,2025-11-10
RAT_0010777,CUST_000738,TMDB_T_17610,4,2026-04-07
RAT_0010778,CUST_000738,TMDB_T_19530,5,2026-04-06
RAT_0010779,CUST_000738,TMDB_T_2261,4,2025-09-14
RAT_0010780,CUST_000738,TMDB_T_2734,1,2025-12-08
RAT_0010781,CUST_000738,TMDB_T_37680,3,2026-02-09
RAT_0010782,CUST_000738,TMDB_T_37854,4,2026-03-27
RAT_0010783,CUST_000738,TMDB_T_74561,4,2025-09-26
RAT_0010784,CUST_000739,TMDB_M_1314786,4,2026-03-09
RAT_0010785,CUST_000739,TMDB_M_1439112,4,2026-03-24
RAT_0010786,CUST_000739,TMDB_M_1487320,1,2025-11-11
RAT_0010787,CUST_000739,TMDB_M_43347,2,2025-12-19
RAT_0010788,CUST_000739,TMDB_T_1431,4,2025-10-19
RAT_0010789,CUST_000739,TMDB_T_2261,2,2025-10-26
RAT_0010790,CUST_000739,TMDB_T_2288,3,2025-10-29
RAT_0010791,CUST_000739,TMDB_T_31910,2,2026-03-06
RAT_0010792,CUST_000739,TMDB_T_456,2,2026-01-20
RAT_0010793,CUST_000739,TMDB_T_62223,2,2026-02-09
RAT_0010794,CUST_000740,TMDB_M_1526650,5,2026-02-08
RAT_0010795,CUST_000740,TMDB_T_1396,2,2026-01-16
RAT_0010796,CUST_000740,TMDB_T_1408,4,2025-06-30
RAT_0010797,CUST_000740,TMDB_T_1412,2,2026-01-11
RAT_0010798,CUST_000740,TMDB_T_2221,3,2026-04-05
RAT_0010799,CUST_000740,TMDB_T_2261,5,2026-02-08
RAT_0010800,CUST_000740,TMDB_T_4087,4,2025-11-23
RAT_0010801,CUST_000740,TMDB_T_4177,4,2025-09-22
RAT_0010802,CUST_000740,TMDB_T_4607,4,2025-10-05
RAT_0010803,CUST_000740,TMDB_T_46296,4,2026-01-26
RAT_0010804,CUST_000740,TMDB_T_46952,5,2025-09-12
RAT_0010805,CUST_000740,TMDB_T_498,4,2026-02-19
RAT_0010806,CUST_000740,TMDB_T_58841,3,2026-03-15
RAT_0010807,CUST_000740,TMDB_T_61818,3,2026-01-11
RAT_0010808,CUST_000740,TMDB_T_68350,2,2025-12-22
RAT_0010809,CUST_000741,TMDB_M_1218925,1,2026-06-28
RAT_0010810,CUST_000741,TMDB_M_1267319,2,2026-05-22
RAT_0010811,CUST_000741,TMDB_M_28975,3,2026-05-20
RAT_0010812,CUST_000741,TMDB_M_346,2,2026-09-06
RAT_0010813,CUST_000741,TMDB_T_110075,3,2026-08-23
RAT_0010814,CUST_000741,TMDB_T_1416,2,2026-07-29
RAT_0010815,CUST_000741,TMDB_T_1421,1,2026-08-05
RAT_0010816,CUST_000741,TMDB_T_2224,4,2026-08-23
RAT_0010817,CUST_000741,TMDB_T_4629,4,2026-05-28
RAT_0010818,CUST_000741,TMDB_T_502,5,2026-09-26
RAT_0010819,CUST_000741,TMDB_T_65334,1,2026-09-20
RAT_0010820,CUST_000741,TMDB_T_66732,2,2026-04-14
RAT_0010821,CUST_000741,TMDB_T_94722,5,2026-08-19
RAT_0010822,CUST_000742,TMDB_M_1007734,4,2026-04-01
RAT_0010823,CUST_000742,TMDB_M_1015606,5,2026-03-31
RAT_0010824,CUST_000742,TMDB_M_1291608,2,2026-04-08
RAT_0010825,CUST_000742,TMDB_M_1327819,4,2026-02-25
RAT_0010826,CUST_000742,TMDB_M_1462146,4,2026-04-02
RAT_0010827,CUST_000742,TMDB_M_1523145,4,2026-01-28
RAT_0010828,CUST_000742,TMDB_M_1582770,5,2026-01-12
RAT_0010829,CUST_000742,TMDB_M_329505,1,2026-03-10
RAT_0010830,CUST_000742,TMDB_M_383498,5,2026-01-14
RAT_0010831,CUST_000742,TMDB_M_436969,4,2026-02-13
RAT_0010832,CUST_000742,TMDB_M_559,3,2026-02-27
RAT_0010833,CUST_000742,TMDB_M_76600,4,2026-01-04
RAT_0010834,CUST_000742,TMDB_T_502,4,2026-04-05
RAT_0010835,CUST_000742,TMDB_T_95557,2,2026-01-25
RAT_0010836,CUST_000743,TMDB_M_1236153,5,2026-01-18
RAT_0010837,CUST_000743,TMDB_M_1641319,4,2026-03-28
RAT_0010838,CUST_000743,TMDB_M_1726,4,2026-03-11
RAT_0010839,CUST_000743,TMDB_M_52741,3,2026-03-04
RAT_0010840,CUST_000743,TMDB_T_1405,3,2026-02-18
RAT_0010841,CUST_000743,TMDB_T_1408,4,2026-02-05
RAT_0010842,CUST_000743,TMDB_T_202411,3,2026-01-26
RAT_0010843,CUST_000743,TMDB_T_48866,4,2026-03-22
RAT_0010844,CUST_000744,TMDB_M_1015606,4,2025-12-30
RAT_0010845,CUST_000744,TMDB_M_1171145,3,2025-06-10
RAT_0010846,CUST_000744,TMDB_M_1199193,2,2025-05-13
RAT_0010847,CUST_000744,TMDB_M_12445,1,2025-04-14
RAT_0010848,CUST_000744,TMDB_T_32415,3,2025-02-06
RAT_0010849,CUST_000744,TMDB_T_46952,4,2026-01-09
RAT_0010850,CUST_000744,TMDB_T_502,4,2026-03-17
RAT_0010851,CUST_000745,TMDB_M_1007734,3,2025-09-20
RAT_0010852,CUST_000745,TMDB_M_10191,3,2026-04-03
RAT_0010853,CUST_000745,TMDB_M_1168190,1,2025-10-24
RAT_0010854,CUST_000745,TMDB_M_1634301,1,2026-02-20
RAT_0010855,CUST_000745,TMDB_M_1930,2,2026-03-21
RAT_0010856,CUST_000745,TMDB_M_28975,2,2026-02-07
RAT_0010857,CUST_000745,TMDB_M_502356,4,2025-12-27
RAT_0010858,CUST_000745,TMDB_M_607,1,2026-03-03
RAT_0010859,CUST_000745,TMDB_M_967941,1,2025-11-06
RAT_0010860,CUST_000745,TMDB_T_291,5,2026-02-26
RAT_0010861,CUST_000745,TMDB_T_37854,3,2025-12-02
RAT_0010862,CUST_000745,TMDB_T_44217,3,2026-04-08
RAT_0010863,CUST_000745,TMDB_T_6836,2,2025-12-02
RAT_0010864,CUST_000745,TMDB_T_71790,4,2026-02-07
RAT_0010865,CUST_000746,TMDB_M_1078605,5,2025-07-29
RAT_0010866,CUST_000746,TMDB_M_1193501,2,2025-03-23
RAT_0010867,CUST_000746,TMDB_M_1198994,1,2024-09-18
RAT_0010868,CUST_000746,TMDB_M_1266127,4,2025-09-07
RAT_0010869,CUST_000746,TMDB_M_1272837,1,2024-10-30
RAT_0010870,CUST_000746,TMDB_M_346364,2,2025-10-19
RAT_0010871,CUST_000746,TMDB_M_396535,4,2026-04-03
RAT_0010872,CUST_000746,TMDB_M_405746,1,2024-10-15
RAT_0010873,CUST_000746,TMDB_M_634649,1,2024-10-26
RAT_0010874,CUST_000746,TMDB_T_289219,2,2024-10-17
RAT_0010875,CUST_000746,TMDB_T_30984,4,2024-09-13
RAT_0010876,CUST_000746,TMDB_T_34524,3,2026-03-17
RAT_0010877,CUST_000746,TMDB_T_48866,4,2025-05-28
RAT_0010878,CUST_000746,TMDB_T_60572,4,2025-05-02
RAT_0010879,CUST_000746,TMDB_T_60735,3,2025-12-23
RAT_0010880,CUST_000746,TMDB_T_70672,4,2026-03-12
RAT_0010881,CUST_000746,TMDB_T_75219,3,2025-04-13
RAT_0010882,CUST_000747,TMDB_M_1171145,5,2026-04-04
RAT_0010883,CUST_000747,TMDB_M_1268127,1,2026-03-30
RAT_0010884,CUST_000747,TMDB_M_14161,4,2026-03-13
RAT_0010885,CUST_000747,TMDB_M_1526650,4,2026-01-26
RAT_0010886,CUST_000747,TMDB_M_286217,3,2025-06-03
RAT_0010887,CUST_000747,TMDB_M_4232,2,2026-02-24
RAT_0010888,CUST_000747,TMDB_M_475557,3,2025-12-02
RAT_0010889,CUST_000747,TMDB_M_62029,4,2025-06-24
RAT_0010890,CUST_000747,TMDB_M_807,4,2025-12-27
RAT_0010891,CUST_000747,TMDB_M_83533,4,2025-12-06
RAT_0010892,CUST_000747,TMDB_M_863,3,2026-04-10
RAT_0010893,CUST_000747,TMDB_M_976573,4,2025-10-02
RAT_0010894,CUST_000747,TMDB_M_991494,5,2025-11-04
RAT_0010895,CUST_000747,TMDB_T_1405,4,2025-07-24
RAT_0010896,CUST_000747,TMDB_T_154770,4,2025-10-10
RAT_0010897,CUST_000747,TMDB_T_1668,3,2026-02-06
RAT_0010898,CUST_000747,TMDB_T_209867,4,2025-06-19
RAT_0010899,CUST_000747,TMDB_T_44006,1,2026-02-27
RAT_0010900,CUST_000747,TMDB_T_4614,3,2026-02-13
RAT_0010901,CUST_000747,TMDB_T_60622,4,2026-01-15
RAT_0010902,CUST_000747,TMDB_T_71790,3,2025-09-29
RAT_0010903,CUST_000747,TMDB_T_72517,4,2026-03-24
RAT_0010904,CUST_000747,TMDB_T_74561,3,2025-08-20
RAT_0010905,CUST_000747,TMDB_T_764,2,2026-03-22
RAT_0010906,CUST_000748,TMDB_M_1430,2,2024-10-06
RAT_0010907,CUST_000748,TMDB_M_1620551,3,2024-10-09
RAT_0010908,CUST_000748,TMDB_M_259694,1,2024-09-28
RAT_0010909,CUST_000748,TMDB_M_37165,2,2024-10-10
RAT_0010910,CUST_000749,TMDB_M_10138,2,2026-04-04
RAT_0010911,CUST_000749,TMDB_M_1038392,3,2026-02-03
RAT_0010912,CUST_000749,TMDB_M_1078605,5,2025-12-28
RAT_0010913,CUST_000749,TMDB_M_1159831,2,2026-01-23
RAT_0010914,CUST_000749,TMDB_M_1197137,3,2026-04-05
RAT_0010915,CUST_000749,TMDB_M_1226863,3,2025-11-09
RAT_0010916,CUST_000749,TMDB_M_1228246,4,2026-03-28
RAT_0010917,CUST_000749,TMDB_M_1233413,1,2026-02-25
RAT_0010918,CUST_000749,TMDB_M_1412598,3,2025-12-15
RAT_0010919,CUST_000749,TMDB_M_1430,1,2025-12-26
RAT_0010920,CUST_000749,TMDB_M_1611398,2,2026-04-08
RAT_0010921,CUST_000749,TMDB_M_19592,3,2026-03-20
RAT_0010922,CUST_000749,TMDB_M_350,2,2026-03-22
RAT_0010923,CUST_000749,TMDB_M_517302,2,2025-12-22
RAT_0010924,CUST_000749,TMDB_M_687163,1,2025-12-17
RAT_0010925,CUST_000749,TMDB_M_934433,4,2026-02-16
RAT_0010926,CUST_000749,TMDB_T_1433,3,2026-03-21
RAT_0010927,CUST_000749,TMDB_T_283123,2,2026-03-11
RAT_0010928,CUST_000749,TMDB_T_3562,4,2026-03-02
RAT_0010929,CUST_000749,TMDB_T_40663,2,2025-12-06
RAT_0010930,CUST_000750,TMDB_M_1054867,4,2026-01-06
RAT_0010931,CUST_000750,TMDB_M_1117857,1,2026-04-08
RAT_0010932,CUST_000750,TMDB_M_1198994,4,2025-12-02
RAT_0010933,CUST_000750,TMDB_M_1267319,5,2026-03-16
RAT_0010934,CUST_000750,TMDB_M_1290821,3,2026-01-02
RAT_0010935,CUST_000750,TMDB_M_1297842,4,2026-02-17
RAT_0010936,CUST_000750,TMDB_M_1526650,3,2025-12-02
RAT_0010937,CUST_000750,TMDB_M_1584215,2,2026-03-27
RAT_0010938,CUST_000750,TMDB_M_1630433,2,2025-12-10
RAT_0010939,CUST_000750,TMDB_M_1653994,3,2026-03-16
RAT_0010940,CUST_000750,TMDB_M_389677,2,2026-01-17
RAT_0010941,CUST_000750,TMDB_M_502356,4,2026-01-11
RAT_0010942,CUST_000750,TMDB_M_569094,5,2026-04-06
RAT_0010943,CUST_000750,TMDB_M_628847,5,2026-01-29
RAT_0010944,CUST_000750,TMDB_M_637649,3,2026-03-28
RAT_0010945,CUST_000750,TMDB_M_863,5,2026-03-11
RAT_0010946,CUST_000750,TMDB_M_976573,2,2025-12-09
RAT_0010947,CUST_000750,TMDB_M_986056,3,2026-03-09
RAT_0010948,CUST_000750,TMDB_T_10534,1,2025-12-04
RAT_0010949,CUST_000750,TMDB_T_120089,3,2025-12-17
RAT_0010950,CUST_000750,TMDB_T_1408,2,2025-12-19
RAT_0010951,CUST_000750,TMDB_T_1695,3,2026-03-25
RAT_0010952,CUST_000750,TMDB_T_46260,2,2026-04-06
RAT_0010953,CUST_000750,TMDB_T_76479,2,2026-01-29
RAT_0010954,CUST_000750,TMDB_T_873,2,2026-01-25
RAT_0010955,CUST_000751,TMDB_M_1171145,4,2025-12-11
RAT_0010956,CUST_000751,TMDB_M_1487320,3,2026-09-17
RAT_0010957,CUST_000751,TMDB_M_329505,1,2026-08-29
RAT_0010958,CUST_000751,TMDB_M_672,2,2026-09-24
RAT_0010959,CUST_000751,TMDB_M_77338,4,2026-04-29
RAT_0010960,CUST_000751,TMDB_M_82693,5,2025-12-18
RAT_0010961,CUST_000751,TMDB_M_9769,4,2026-05-16
RAT_0010962,CUST_000751,TMDB_T_1419,2,2026-08-31
RAT_0010963,CUST_000751,TMDB_T_2221,4,2026-06-23
RAT_0010964,CUST_000751,TMDB_T_2261,4,2026-10-10
RAT_0010965,CUST_000751,TMDB_T_237020,3,2026-09-13
RAT_0010966,CUST_000751,TMDB_T_241609,3,2026-07-23
RAT_0010967,CUST_000751,TMDB_T_32415,3,2025-12-18
RAT_0010968,CUST_000751,TMDB_T_46296,2,2026-10-21
RAT_0010969,CUST_000751,TMDB_T_498,2,2026-06-07
RAT_0010970,CUST_000751,TMDB_T_60735,1,2026-09-07
RAT_0010971,CUST_000751,TMDB_T_82873,1,2026-10-19
RAT_0010972,CUST_000752,TMDB_M_1214931,4,2024-12-23
RAT_0010973,CUST_000752,TMDB_M_1291335,4,2024-10-31
RAT_0010974,CUST_000752,TMDB_M_1317672,3,2025-01-06
RAT_0010975,CUST_000752,TMDB_M_662707,1,2024-08-28
RAT_0010976,CUST_000752,TMDB_M_665,4,2024-12-06
RAT_0010977,CUST_000752,TMDB_M_803796,1,2024-12-14
RAT_0010978,CUST_000752,TMDB_M_999136,3,2024-10-04
RAT_0010979,CUST_000752,TMDB_T_22980,3,2024-12-28
RAT_0010980,CUST_000752,TMDB_T_237020,4,2025-01-07
RAT_0010981,CUST_000752,TMDB_T_32415,3,2024-11-24
RAT_0010982,CUST_000752,TMDB_T_62223,5,2025-01-07
RAT_0010983,CUST_000752,TMDB_T_76479,3,2024-11-30
RAT_0010984,CUST_000753,TMDB_M_1084242,4,2025-01-10
RAT_0010985,CUST_000753,TMDB_M_1159559,2,2025-06-15
RAT_0010986,CUST_000753,TMDB_M_12153,4,2026-02-28
RAT_0010987,CUST_000753,TMDB_M_1316092,3,2025-09-26
RAT_0010988,CUST_000753,TMDB_M_1611398,1,2024-12-28
RAT_0010989,CUST_000753,TMDB_M_969681,2,2026-01-03
RAT_0010990,CUST_000753,TMDB_T_1400,2,2024-10-31
RAT_0010991,CUST_000753,TMDB_T_1411,4,2025-10-02
RAT_0010992,CUST_000753,TMDB_T_1622,3,2025-08-04
RAT_0010993,CUST_000753,TMDB_T_58841,3,2026-03-30
RAT_0010994,CUST_000753,TMDB_T_75219,4,2024-12-09
RAT_0010995,CUST_000754,TMDB_M_1199193,5,2026-02-21
RAT_0010996,CUST_000754,TMDB_M_1234821,3,2026-04-10
RAT_0010997,CUST_000754,TMDB_M_156022,2,2026-03-02
RAT_0010998,CUST_000754,TMDB_M_1630433,4,2026-02-28
RAT_0010999,CUST_000754,TMDB_M_840464,3,2026-01-18
RAT_0011000,CUST_000754,TMDB_M_967,4,2026-02-16
RAT_0011001,CUST_000754,TMDB_M_985939,3,2026-01-22
RAT_0011002,CUST_000754,TMDB_T_18165,4,2026-01-31
RAT_0011003,CUST_000754,TMDB_T_4656,4,2026-02-24
RAT_0011004,CUST_000754,TMDB_T_60625,3,2026-01-08
RAT_0011005,CUST_000754,TMDB_T_70672,4,2026-03-29
RAT_0011006,CUST_000754,TMDB_T_71494,3,2026-03-13
RAT_0011007,CUST_000754,TMDB_T_764,1,2026-02-21
RAT_0011008,CUST_000754,TMDB_T_95557,4,2026-01-22
RAT_0011009,CUST_000755,TMDB_M_1054867,3,2025-07-07
RAT_0011010,CUST_000755,TMDB_M_1326106,5,2025-09-28
RAT_0011011,CUST_000755,TMDB_M_1426964,3,2026-03-24
RAT_0011012,CUST_000755,TMDB_M_156022,4,2024-07-29
RAT_0011013,CUST_000755,TMDB_M_2062,2,2025-02-16
RAT_0011014,CUST_000755,TMDB_M_569094,3,2026-03-18
RAT_0011015,CUST_000755,TMDB_M_615,2,2024-12-10
RAT_0011016,CUST_000755,TMDB_M_985939,3,2025-07-29
RAT_0011017,CUST_000755,TMDB_T_114478,4,2025-04-15
RAT_0011018,CUST_000755,TMDB_T_120089,5,2025-08-09
RAT_0011019,CUST_000755,TMDB_T_1435,1,2025-07-04
RAT_0011020,CUST_000755,TMDB_T_279388,3,2025-02-24
RAT_0011021,CUST_000755,TMDB_T_33765,4,2024-07-26
RAT_0011022,CUST_000755,TMDB_T_73586,5,2026-01-29
RAT_0011023,CUST_000756,TMDB_M_1087192,2,2026-01-25
RAT_0011024,CUST_000756,TMDB_M_1290417,2,2025-11-12
RAT_0011025,CUST_000756,TMDB_M_1523145,2,2026-03-24
RAT_0011026,CUST_000756,TMDB_M_259694,3,2025-12-05
RAT_0011027,CUST_000756,TMDB_M_4935,3,2025-11-24
RAT_0011028,CUST_000756,TMDB_M_803796,3,2026-01-03
RAT_0011029,CUST_000756,TMDB_M_967941,4,2026-02-15
RAT_0011030,CUST_000756,TMDB_T_1421,3,2026-02-12
RAT_0011031,CUST_000756,TMDB_T_154770,3,2026-03-19
RAT_0011032,CUST_000756,TMDB_T_228091,3,2026-02-20
RAT_0011033,CUST_000756,TMDB_T_278573,4,2025-11-28
RAT_0011034,CUST_000756,TMDB_T_456,3,2026-02-13
RAT_0011035,CUST_000756,TMDB_T_48866,4,2026-04-04
RAT_0011036,CUST_000756,TMDB_T_65733,2,2025-10-29
RAT_0011037,CUST_000756,TMDB_T_70672,5,2026-03-03
RAT_0011038,CUST_000756,TMDB_T_74561,3,2026-02-22
RAT_0011039,CUST_000757,TMDB_M_1159831,2,2026-02-20
RAT_0011040,CUST_000757,TMDB_M_1193501,5,2025-11-11
RAT_0011041,CUST_000757,TMDB_M_1297454,4,2026-04-02
RAT_0011042,CUST_000757,TMDB_M_1582770,4,2026-02-18
RAT_0011043,CUST_000757,TMDB_M_1584215,2,2025-12-16
RAT_0011044,CUST_000757,TMDB_M_687163,4,2025-12-01
RAT_0011045,CUST_000757,TMDB_M_701387,2,2026-02-27
RAT_0011046,CUST_000757,TMDB_M_7451,2,2026-01-30
RAT_0011047,CUST_000757,TMDB_M_755898,4,2026-03-06
RAT_0011048,CUST_000757,TMDB_M_83533,4,2025-11-23
RAT_0011049,CUST_000757,TMDB_M_969681,3,2025-12-30
RAT_0011050,CUST_000757,TMDB_T_2122,5,2026-02-19
RAT_0011051,CUST_000757,TMDB_T_4057,4,2025-11-05
RAT_0011052,CUST_000757,TMDB_T_44217,1,2026-01-19
RAT_0011053,CUST_000757,TMDB_T_46952,2,2026-03-27
RAT_0011054,CUST_000757,TMDB_T_60574,2,2026-04-04
RAT_0011055,CUST_000758,TMDB_M_1120911,1,2025-08-19
RAT_0011056,CUST_000758,TMDB_M_1245347,1,2026-01-31
RAT_0011057,CUST_000758,TMDB_M_1265609,1,2025-10-20
RAT_0011058,CUST_000758,TMDB_M_1307373,3,2026-04-06
RAT_0011059,CUST_000758,TMDB_M_1526650,3,2025-05-20
RAT_0011060,CUST_000758,TMDB_M_313369,2,2025-11-15
RAT_0011061,CUST_000758,TMDB_M_37165,2,2025-05-18
RAT_0011062,CUST_000758,TMDB_M_62029,4,2025-05-25
RAT_0011063,CUST_000758,TMDB_M_876566,3,2025-04-14
RAT_0011064,CUST_000758,TMDB_T_100088,3,2025-06-23
RAT_0011065,CUST_000758,TMDB_T_1100,2,2026-04-03
RAT_0011066,CUST_000758,TMDB_T_128318,4,2025-11-18
RAT_0011067,CUST_000758,TMDB_T_1403,2,2025-08-29
RAT_0011068,CUST_000758,TMDB_T_1408,2,2025-10-22
RAT_0011069,CUST_000758,TMDB_T_1434,1,2025-09-13
RAT_0011070,CUST_000758,TMDB_T_14981,4,2025-04-23
RAT_0011071,CUST_000758,TMDB_T_1667,4,2025-04-29
RAT_0011072,CUST_000758,TMDB_T_1911,2,2025-06-12
RAT_0011073,CUST_000758,TMDB_T_1981,3,2026-04-10
RAT_0011074,CUST_000758,TMDB_T_31910,3,2025-08-03
RAT_0011075,CUST_000758,TMDB_T_549,5,2025-07-03
RAT_0011076,CUST_000758,TMDB_T_98031,2,2025-12-27
RAT_0011077,CUST_000759,TMDB_M_1199193,5,2026-01-05
RAT_0011078,CUST_000759,TMDB_M_1246049,3,2026-03-21
RAT_0011079,CUST_000759,TMDB_M_1268127,3,2026-01-19
RAT_0011080,CUST_000759,TMDB_M_177572,2,2025-05-30
RAT_0011081,CUST_000759,TMDB_M_28322,4,2025-12-03
RAT_0011082,CUST_000759,TMDB_M_405746,2,2025-05-18
RAT_0011083,CUST_000759,TMDB_M_637649,3,2026-02-06
RAT_0011084,CUST_000759,TMDB_M_680,5,2025-12-30
RAT_0011085,CUST_000759,TMDB_M_687163,4,2025-12-22
RAT_0011086,CUST_000759,TMDB_M_876566,5,2026-03-14
RAT_0011087,CUST_000759,TMDB_M_9502,3,2025-07-19
RAT_0011088,CUST_000759,TMDB_M_985939,2,2025-11-21
RAT_0011089,CUST_000759,TMDB_T_2316,4,2026-01-06
RAT_0011090,CUST_000759,TMDB_T_285469,1,2025-09-30
RAT_0011091,CUST_000759,TMDB_T_71494,2,2026-01-09
RAT_0011092,CUST_000759,TMDB_T_8962,2,2025-09-04
RAT_0011093,CUST_000760,TMDB_M_1245347,3,2025-11-03
RAT_0011094,CUST_000760,TMDB_M_1290821,2,2026-02-20
RAT_0011095,CUST_000760,TMDB_M_19995,4,2025-01-12
RAT_0011096,CUST_000760,TMDB_M_24428,4,2025-06-12
RAT_0011097,CUST_000760,TMDB_M_38,4,2025-01-22
RAT_0011098,CUST_000760,TMDB_M_604079,3,2025-11-24
RAT_0011099,CUST_000760,TMDB_M_62029,2,2024-10-21
RAT_0011100,CUST_000760,TMDB_M_687163,5,2026-01-11
RAT_0011101,CUST_000760,TMDB_M_969681,3,2025-03-23
RAT_0011102,CUST_000760,TMDB_T_124364,2,2025-01-07
RAT_0011103,CUST_000760,TMDB_T_1408,5,2025-09-14
RAT_0011104,CUST_000760,TMDB_T_1416,3,2024-11-16
RAT_0011105,CUST_000760,TMDB_T_19530,3,2026-03-18
RAT_0011106,CUST_000760,TMDB_T_1981,3,2025-07-11
RAT_0011107,CUST_000760,TMDB_T_37854,2,2024-11-13
RAT_0011108,CUST_000760,TMDB_T_45790,4,2025-09-21
RAT_0011109,CUST_000760,TMDB_T_46260,3,2025-09-08
RAT_0011110,CUST_000760,TMDB_T_60735,3,2025-09-02
RAT_0011111,CUST_000760,TMDB_T_71728,3,2026-01-03
RAT_0011112,CUST_000761,TMDB_M_1193501,4,2026-01-04
RAT_0011113,CUST_000761,TMDB_M_1265609,4,2025-10-09
RAT_0011114,CUST_000761,TMDB_M_1297454,1,2025-10-28
RAT_0011115,CUST_000761,TMDB_M_1381216,2,2025-07-29
RAT_0011116,CUST_000761,TMDB_M_1396,3,2025-12-07
RAT_0011117,CUST_000761,TMDB_M_1584215,3,2025-03-18
RAT_0011118,CUST_000761,TMDB_M_1641319,3,2025-06-26
RAT_0011119,CUST_000761,TMDB_M_1726,2,2026-03-18
RAT_0011120,CUST_000761,TMDB_M_198663,2,2026-02-18
RAT_0011121,CUST_000761,TMDB_M_329505,2,2025-03-26
RAT_0011122,CUST_000761,TMDB_M_662707,1,2025-10-19
RAT_0011123,CUST_000761,TMDB_M_969681,4,2025-10-31
RAT_0011124,CUST_000761,TMDB_T_1433,3,2025-05-11
RAT_0011125,CUST_000761,TMDB_T_1855,3,2026-03-18
RAT_0011126,CUST_000761,TMDB_T_34524,3,2025-03-15
RAT_0011127,CUST_000761,TMDB_T_42009,4,2025-12-04
RAT_0011128,CUST_000761,TMDB_T_5092,4,2026-02-03
RAT_0011129,CUST_000761,TMDB_T_68350,3,2025-10-01
RAT_0011130,CUST_000761,TMDB_T_74561,3,2026-02-17
RAT_0011131,CUST_000761,TMDB_T_76479,3,2025-07-26
RAT_0011132,CUST_000762,TMDB_M_1226863,5,2025-11-28
RAT_0011133,CUST_000762,TMDB_M_156022,4,2025-09-30
RAT_0011134,CUST_000762,TMDB_M_502356,5,2026-03-06
RAT_0011135,CUST_000762,TMDB_M_552524,5,2026-04-09
RAT_0011136,CUST_000762,TMDB_M_803796,3,2025-11-26
RAT_0011137,CUST_000762,TMDB_T_108978,3,2025-11-17
RAT_0011138,CUST_000762,TMDB_T_1416,2,2025-08-28
RAT_0011139,CUST_000762,TMDB_T_1419,4,2026-03-27
RAT_0011140,CUST_000762,TMDB_T_19530,5,2026-01-06
RAT_0011141,CUST_000762,TMDB_T_1981,2,2025-10-01
RAT_0011142,CUST_000762,TMDB_T_20111,4,2025-10-05
RAT_0011143,CUST_000762,TMDB_T_209867,4,2025-11-09
RAT_0011144,CUST_000762,TMDB_T_30984,4,2025-09-05
RAT_0011145,CUST_000762,TMDB_T_3452,3,2026-03-25
RAT_0011146,CUST_000762,TMDB_T_3562,5,2025-09-06
RAT_0011147,CUST_000762,TMDB_T_37854,3,2025-09-01
RAT_0011148,CUST_000762,TMDB_T_44006,2,2025-10-14
RAT_0011149,CUST_000762,TMDB_T_76572,3,2025-10-14
RAT_0011150,CUST_000762,TMDB_T_98031,5,2026-04-08
RAT_0011151,CUST_000763,TMDB_M_10191,1,2025-06-19
RAT_0011152,CUST_000763,TMDB_M_1054867,3,2025-11-09
RAT_0011153,CUST_000763,TMDB_M_1087891,1,2025-11-04
RAT_0011154,CUST_000763,TMDB_M_1214931,2,2025-05-30
RAT_0011155,CUST_000763,TMDB_M_1368166,4,2024-12-23
RAT_0011156,CUST_000763,TMDB_M_1419406,4,2025-01-26
RAT_0011157,CUST_000763,TMDB_M_405746,3,2025-05-17
RAT_0011158,CUST_000763,TMDB_M_497,4,2025-03-24
RAT_0011159,CUST_000763,TMDB_M_8966,2,2025-07-08
RAT_0011160,CUST_000763,TMDB_M_967941,5,2026-01-13
RAT_0011161,CUST_000763,TMDB_T_19530,2,2025-10-21
RAT_0011162,CUST_000763,TMDB_T_22980,2,2024-12-29
RAT_0011163,CUST_000763,TMDB_T_4376,2,2025-04-12
RAT_0011164,CUST_000763,TMDB_T_60625,5,2026-03-12
RAT_0011165,CUST_000764,TMDB_M_1650558,2,2025-01-20
RAT_0011166,CUST_000764,TMDB_T_1981,4,2024-10-04
RAT_0011167,CUST_000764,TMDB_T_250307,2,2024-11-21
RAT_0011168,CUST_000764,TMDB_T_291,3,2024-07-10
RAT_0011169,CUST_000764,TMDB_T_4607,3,2024-10-09
RAT_0011170,CUST_000764,TMDB_T_8962,2,2024-12-13
RAT_0011171,CUST_000765,TMDB_M_1119449,3,2025-09-21
RAT_0011172,CUST_000765,TMDB_M_1236153,1,2025-04-21
RAT_0011173,CUST_000765,TMDB_M_24428,2,2025-11-28
RAT_0011174,CUST_000765,TMDB_M_335983,1,2025-09-22
RAT_0011175,CUST_000765,TMDB_M_4247,1,2025-08-17
RAT_0011176,CUST_000765,TMDB_M_524047,2,2025-09-05
RAT_0011177,CUST_000765,TMDB_M_617126,4,2025-12-17
RAT_0011178,CUST_000765,TMDB_M_687163,3,2025-12-01
RAT_0011179,CUST_000765,TMDB_T_10534,1,2025-03-19
RAT_0011180,CUST_000765,TMDB_T_154770,1,2026-02-10
RAT_0011181,CUST_000765,TMDB_T_1667,3,2025-05-15
RAT_0011182,CUST_000765,TMDB_T_42009,3,2025-03-24
RAT_0011183,CUST_000765,TMDB_T_44217,4,2025-08-01
RAT_0011184,CUST_000765,TMDB_T_63770,2,2025-06-17
RAT_0011185,CUST_000765,TMDB_T_71712,3,2025-05-14
RAT_0011186,CUST_000766,TMDB_M_1327819,1,2026-01-11
RAT_0011187,CUST_000766,TMDB_M_14836,2,2025-07-12
RAT_0011188,CUST_000766,TMDB_M_330457,1,2026-01-29
RAT_0011189,CUST_000766,TMDB_M_447273,4,2026-01-22
RAT_0011190,CUST_000766,TMDB_M_519182,3,2026-02-08
RAT_0011191,CUST_000766,TMDB_M_857,5,2026-04-06
RAT_0011192,CUST_000766,TMDB_M_950387,3,2026-02-03
RAT_0011193,CUST_000766,TMDB_T_1408,4,2026-02-17
RAT_0011194,CUST_000766,TMDB_T_1415,3,2025-12-25
RAT_0011195,CUST_000766,TMDB_T_2221,2,2026-02-14
RAT_0011196,CUST_000766,TMDB_T_279388,4,2025-10-29
RAT_0011197,CUST_000766,TMDB_T_456,4,2026-03-16
RAT_0011198,CUST_000766,TMDB_T_73586,1,2025-06-20
RAT_0011199,CUST_000767,TMDB_M_1019420,3,2024-10-30
RAT_0011200,CUST_000767,TMDB_M_1022787,3,2025-08-23
RAT_0011201,CUST_000767,TMDB_M_1159831,3,2025-09-30
RAT_0011202,CUST_000767,TMDB_M_1214931,2,2026-01-03
RAT_0011203,CUST_000767,TMDB_M_1241470,2,2024-08-22
RAT_0011204,CUST_000767,TMDB_M_1290417,4,2024-08-12
RAT_0011205,CUST_000767,TMDB_M_1367642,3,2026-03-26
RAT_0011206,CUST_000767,TMDB_M_1523145,4,2026-02-02
RAT_0011207,CUST_000767,TMDB_M_19995,4,2024-09-02
RAT_0011208,CUST_000767,TMDB_M_335984,5,2025-11-04
RAT_0011209,CUST_000767,TMDB_M_604079,4,2026-02-08
RAT_0011210,CUST_000767,TMDB_M_755898,3,2026-03-24
RAT_0011211,CUST_000767,TMDB_M_911430,1,2025-01-02
RAT_0011212,CUST_000767,TMDB_M_967,3,2026-02-15
RAT_0011213,CUST_000767,TMDB_T_112527,4,2025-11-06
RAT_0011214,CUST_000767,TMDB_T_1400,4,2025-09-01
RAT_0011215,CUST_000767,TMDB_T_2004,4,2025-09-10
RAT_0011216,CUST_000767,TMDB_T_250307,1,2024-10-30
RAT_0011217,CUST_000767,TMDB_T_39351,3,2024-05-30
RAT_0011218,CUST_000767,TMDB_T_57243,2,2025-12-20
RAT_0011219,CUST_000767,TMDB_T_59941,3,2025-04-28
RAT_0011220,CUST_000767,TMDB_T_66732,2,2025-12-08
RAT_0011221,CUST_000767,TMDB_T_76479,3,2025-05-14
RAT_0011222,CUST_000768,TMDB_M_1197137,2,2026-01-27
RAT_0011223,CUST_000768,TMDB_M_1246049,2,2025-02-23
RAT_0011224,CUST_000768,TMDB_M_1284460,2,2025-10-23
RAT_0011225,CUST_000768,TMDB_M_1297454,5,2025-04-17
RAT_0011226,CUST_000768,TMDB_M_1316092,3,2025-09-22
RAT_0011227,CUST_000768,TMDB_M_1462146,4,2025-10-09
RAT_0011228,CUST_000768,TMDB_M_1610418,3,2025-11-25
RAT_0011229,CUST_000768,TMDB_M_1635276,2,2025-04-23
RAT_0011230,CUST_000768,TMDB_M_19592,2,2024-11-30
RAT_0011231,CUST_000768,TMDB_M_615,1,2025-07-27
RAT_0011232,CUST_000768,TMDB_T_108978,1,2025-09-26
RAT_0011233,CUST_000768,TMDB_T_1100,1,2026-02-13
RAT_0011234,CUST_000768,TMDB_T_1398,2,2025-08-01
RAT_0011235,CUST_000768,TMDB_T_1417,3,2026-04-11
RAT_0011236,CUST_000768,TMDB_T_20111,3,2026-03-14
RAT_0011237,CUST_000768,TMDB_T_2261,3,2025-09-13
RAT_0011238,CUST_000768,TMDB_T_2288,2,2025-05-15
RAT_0011239,CUST_000768,TMDB_T_289219,3,2026-03-02
RAT_0011240,CUST_000768,TMDB_T_3562,5,2026-04-02
RAT_0011241,CUST_000768,TMDB_T_35674,3,2026-03-30
RAT_0011242,CUST_000768,TMDB_T_498,1,2025-09-02
RAT_0011243,CUST_000769,TMDB_M_1088434,3,2026-04-03
RAT_0011244,CUST_000769,TMDB_M_1311031,2,2026-03-26
RAT_0011245,CUST_000769,TMDB_M_1317288,3,2026-01-28
RAT_0011246,CUST_000769,TMDB_M_27205,5,2026-03-21
RAT_0011247,CUST_000769,TMDB_M_567609,2,2026-04-05
RAT_0011248,CUST_000769,TMDB_M_634649,3,2026-04-11
RAT_0011249,CUST_000769,TMDB_T_1855,3,2026-03-16
RAT_0011250,CUST_000769,TMDB_T_73586,5,2026-04-01
RAT_0011251,CUST_000770,TMDB_M_1228246,4,2025-03-19
RAT_0011252,CUST_000770,TMDB_M_1241982,3,2025-07-10
RAT_0011253,CUST_000770,TMDB_M_150540,3,2025-09-29
RAT_0011254,CUST_000770,TMDB_M_1575337,3,2025-07-10
RAT_0011255,CUST_000770,TMDB_M_324857,3,2026-03-31
RAT_0011256,CUST_000770,TMDB_M_361743,1,2025-05-19
RAT_0011257,CUST_000770,TMDB_M_809,3,2025-07-05
RAT_0011258,CUST_000770,TMDB_M_840464,2,2026-04-01
RAT_0011259,CUST_000770,TMDB_M_879945,4,2025-08-30
RAT_0011260,CUST_000770,TMDB_T_100088,1,2025-07-21
RAT_0011261,CUST_000770,TMDB_T_112527,4,2025-05-18
RAT_0011262,CUST_000770,TMDB_T_119051,3,2025-09-15
RAT_0011263,CUST_000770,TMDB_T_1433,3,2026-04-10
RAT_0011264,CUST_000770,TMDB_T_15260,2,2025-11-01
RAT_0011265,CUST_000770,TMDB_T_209867,2,2025-12-16
RAT_0011266,CUST_000770,TMDB_T_30981,2,2025-12-02
RAT_0011267,CUST_000770,TMDB_T_35007,3,2026-02-26
RAT_0011268,CUST_000770,TMDB_T_456,5,2025-12-15
RAT_0011269,CUST_000770,TMDB_T_65503,2,2025-04-11
RAT_0011270,CUST_000770,TMDB_T_764,3,2025-09-03
RAT_0011271,CUST_000770,TMDB_T_76479,2,2025-03-10
RAT_0011272,CUST_000770,TMDB_T_8962,3,2026-03-05
RAT_0011273,CUST_000771,TMDB_M_1015606,4,2026-04-06
RAT_0011274,CUST_000771,TMDB_M_1159559,3,2025-09-08
RAT_0011275,CUST_000771,TMDB_M_1198994,1,2025-12-23
RAT_0011276,CUST_000771,TMDB_M_1430,4,2025-10-10
RAT_0011277,CUST_000771,TMDB_M_330457,3,2026-02-06
RAT_0011278,CUST_000771,TMDB_T_1622,3,2025-11-20
RAT_0011279,CUST_000771,TMDB_T_2122,4,2025-12-20
RAT_0011280,CUST_000771,TMDB_T_2224,3,2025-12-03
RAT_0011281,CUST_000771,TMDB_T_31910,2,2025-12-14
RAT_0011282,CUST_000771,TMDB_T_35007,4,2025-11-04
RAT_0011283,CUST_000771,TMDB_T_3562,2,2026-04-07
RAT_0011284,CUST_000771,TMDB_T_4656,4,2026-02-10
RAT_0011285,CUST_000771,TMDB_T_70672,5,2026-04-04
RAT_0011286,CUST_000772,TMDB_M_1007734,3,2025-12-06
RAT_0011287,CUST_000772,TMDB_M_102382,5,2024-11-07
RAT_0011288,CUST_000772,TMDB_M_1242501,1,2025-01-12
RAT_0011289,CUST_000772,TMDB_M_1267319,3,2025-11-11
RAT_0011290,CUST_000772,TMDB_M_1284460,3,2025-10-07
RAT_0011291,CUST_000772,TMDB_M_1387382,4,2024-10-27
RAT_0011292,CUST_000772,TMDB_M_361743,3,2025-03-15
RAT_0011293,CUST_000772,TMDB_M_533535,2,2024-08-19
RAT_0011294,CUST_000772,TMDB_M_539972,2,2025-11-14
RAT_0011295,CUST_000772,TMDB_M_607,2,2025-03-20
RAT_0011296,CUST_000772,TMDB_M_62201,4,2025-01-13
RAT_0011297,CUST_000772,TMDB_M_67395,3,2025-08-20
RAT_0011298,CUST_000772,TMDB_M_786892,2,2025-03-05
RAT_0011299,CUST_000772,TMDB_M_911430,2,2024-08-23
RAT_0011300,CUST_000772,TMDB_M_939243,3,2025-03-25
RAT_0011301,CUST_000772,TMDB_M_98,1,2025-09-08
RAT_0011302,CUST_000772,TMDB_M_99861,4,2025-07-12
RAT_0011303,CUST_000772,TMDB_T_1416,4,2025-12-14
RAT_0011304,CUST_000772,TMDB_T_1433,2,2025-02-03
RAT_0011305,CUST_000772,TMDB_T_19530,5,2025-09-19
RAT_0011306,CUST_000772,TMDB_T_2734,3,2026-02-13
RAT_0011307,CUST_000772,TMDB_T_74561,4,2024-09-13
RAT_0011308,CUST_000773,TMDB_M_1175942,4,2026-03-13
RAT_0011309,CUST_000773,TMDB_M_121,3,2025-12-09
RAT_0011310,CUST_000773,TMDB_M_1359,1,2025-12-22
RAT_0011311,CUST_000773,TMDB_M_1493859,2,2025-09-26
RAT_0011312,CUST_000773,TMDB_M_20352,4,2025-11-06
RAT_0011313,CUST_000773,TMDB_M_333339,3,2025-08-14
RAT_0011314,CUST_000773,TMDB_M_662707,2,2025-03-25
RAT_0011315,CUST_000773,TMDB_M_671,4,2024-06-15
RAT_0011316,CUST_000773,TMDB_M_82690,3,2026-04-11
RAT_0011317,CUST_000773,TMDB_M_840464,2,2024-11-30
RAT_0011318,CUST_000773,TMDB_M_967,4,2026-04-05
RAT_0011319,CUST_000773,TMDB_T_128318,1,2025-11-18
RAT_0011320,CUST_000773,TMDB_T_63770,4,2025-02-02
RAT_0011321,CUST_000773,TMDB_T_70672,4,2024-08-06
RAT_0011322,CUST_000773,TMDB_T_76479,5,2025-02-26
RAT_0011323,CUST_000773,TMDB_T_94722,4,2025-12-26
RAT_0011324,CUST_000774,TMDB_M_1019420,4,2026-03-13
RAT_0011325,CUST_000774,TMDB_M_1290417,2,2026-02-15
RAT_0011326,CUST_000774,TMDB_M_405746,1,2026-03-13
RAT_0011327,CUST_000774,TMDB_T_202555,3,2026-03-13
RAT_0011328,CUST_000774,TMDB_T_2224,3,2026-03-07
RAT_0011329,CUST_000774,TMDB_T_2261,2,2026-02-11
RAT_0011330,CUST_000774,TMDB_T_32415,4,2026-02-05
RAT_0011331,CUST_000774,TMDB_T_61818,3,2026-04-04
RAT_0011332,CUST_000775,TMDB_M_1084187,4,2025-01-23
RAT_0011333,CUST_000775,TMDB_M_1115544,4,2024-09-29
RAT_0011334,CUST_000775,TMDB_M_1226863,1,2024-11-06
RAT_0011335,CUST_000775,TMDB_M_1241470,4,2024-09-09
RAT_0011336,CUST_000775,TMDB_M_12509,5,2025-02-04
RAT_0011337,CUST_000775,TMDB_M_1266990,3,2025-04-08
RAT_0011338,CUST_000775,TMDB_M_1291335,4,2026-01-20
RAT_0011339,CUST_000775,TMDB_M_1314481,4,2025-07-17
RAT_0011340,CUST_000775,TMDB_M_1419406,3,2024-07-15
RAT_0011341,CUST_000775,TMDB_M_1480382,2,2025-02-22
RAT_0011342,CUST_000775,TMDB_M_14836,2,2025-01-29
RAT_0011343,CUST_000775,TMDB_M_1523145,1,2025-10-03
RAT_0011344,CUST_000775,TMDB_M_240,2,2025-03-24
RAT_0011345,CUST_000775,TMDB_M_272,5,2024-11-28
RAT_0011346,CUST_000775,TMDB_M_615,3,2025-08-19
RAT_0011347,CUST_000775,TMDB_M_680493,3,2024-12-28
RAT_0011348,CUST_000775,TMDB_M_840464,1,2025-11-24
RAT_0011349,CUST_000775,TMDB_T_119051,2,2025-09-23
RAT_0011350,CUST_000775,TMDB_T_1433,5,2025-04-18
RAT_0011351,CUST_000775,TMDB_T_15260,3,2024-11-20
RAT_0011352,CUST_000775,TMDB_T_1855,3,2026-01-05
RAT_0011353,CUST_000775,TMDB_T_220150,4,2026-02-13
RAT_0011354,CUST_000775,TMDB_T_40663,4,2026-04-10
RAT_0011355,CUST_000775,TMDB_T_66732,3,2025-06-02
RAT_0011356,CUST_000775,TMDB_T_71712,1,2025-11-16
RAT_0011357,CUST_000775,TMDB_T_76479,3,2025-08-28
RAT_0011358,CUST_000775,TMDB_T_87917,2,2025-11-21
RAT_0011359,CUST_000776,TMDB_M_479197,1,2026-04-06
RAT_0011360,CUST_000776,TMDB_T_3562,2,2026-04-07
RAT_0011361,CUST_000776,TMDB_T_70672,3,2026-04-11
RAT_0011362,CUST_000777,TMDB_M_1084242,3,2025-04-25
RAT_0011363,CUST_000777,TMDB_M_1193501,1,2024-08-14
RAT_0011364,CUST_000777,TMDB_M_1315303,3,2025-07-23
RAT_0011365,CUST_000777,TMDB_M_1316092,1,2024-08-20
RAT_0011366,CUST_000777,TMDB_M_1430,3,2026-03-05
RAT_0011367,CUST_000777,TMDB_M_62,4,2025-09-13
RAT_0011368,CUST_000777,TMDB_M_848116,4,2025-10-29
RAT_0011369,CUST_000777,TMDB_M_936075,3,2026-02-03
RAT_0011370,CUST_000777,TMDB_M_986056,3,2025-11-01
RAT_0011371,CUST_000777,TMDB_T_2221,4,2025-10-10
RAT_0011372,CUST_000777,TMDB_T_22980,4,2025-03-27
RAT_0011373,CUST_000777,TMDB_T_237020,4,2024-08-26
RAT_0011374,CUST_000777,TMDB_T_30984,1,2024-09-24
RAT_0011375,CUST_000777,TMDB_T_32415,3,2026-02-02
RAT_0011376,CUST_000778,TMDB_M_102382,2,2024-10-23
RAT_0011377,CUST_000778,TMDB_M_1049471,5,2025-05-22
RAT_0011378,CUST_000778,TMDB_M_1368166,4,2026-04-08
RAT_0011379,CUST_000778,TMDB_M_1401778,2,2025-03-01
RAT_0011380,CUST_000778,TMDB_M_1403327,2,2025-05-11
RAT_0011381,CUST_000778,TMDB_M_278,4,2026-04-09
RAT_0011382,CUST_000778,TMDB_M_329505,3,2025-04-18
RAT_0011383,CUST_000778,TMDB_M_687163,4,2025-09-19
RAT_0011384,CUST_000778,TMDB_T_1400,4,2026-01-04
RAT_0011385,CUST_000778,TMDB_T_1408,3,2024-08-21
RAT_0011386,CUST_000778,TMDB_T_1667,3,2024-12-01
RAT_0011387,CUST_000778,TMDB_T_202411,5,2025-06-01
RAT_0011388,CUST_000778,TMDB_T_220150,4,2024-12-31
RAT_0011389,CUST_000778,TMDB_T_279471,2,2024-11-29
RAT_0011390,CUST_000778,TMDB_T_290856,4,2025-06-28
RAT_0011391,CUST_000778,TMDB_T_4087,3,2025-02-26
RAT_0011392,CUST_000778,TMDB_T_4604,5,2026-03-01
RAT_0011393,CUST_000778,TMDB_T_4614,1,2024-10-22
RAT_0011394,CUST_000778,TMDB_T_60622,2,2025-03-22
RAT_0011395,CUST_000778,TMDB_T_66732,3,2025-05-09
RAT_0011396,CUST_000778,TMDB_T_76572,3,2025-01-02
RAT_0011397,CUST_000779,TMDB_M_1049471,2,2026-02-03
RAT_0011398,CUST_000779,TMDB_M_106,4,2025-09-02
RAT_0011399,CUST_000779,TMDB_M_1061474,2,2026-03-10
RAT_0011400,CUST_000779,TMDB_M_106646,4,2025-11-28
RAT_0011401,CUST_000779,TMDB_M_1119449,2,2025-06-11
RAT_0011402,CUST_000779,TMDB_M_1159559,1,2025-12-29
RAT_0011403,CUST_000779,TMDB_M_1159831,3,2025-11-04
RAT_0011404,CUST_000779,TMDB_M_1268127,3,2025-10-24
RAT_0011405,CUST_000779,TMDB_M_1327819,4,2025-04-29
RAT_0011406,CUST_000779,TMDB_M_1381216,3,2025-06-07
RAT_0011407,CUST_000779,TMDB_M_181808,4,2026-01-27
RAT_0011408,CUST_000779,TMDB_M_335984,1,2025-11-11
RAT_0011409,CUST_000779,TMDB_M_475557,4,2026-04-08
RAT_0011410,CUST_000779,TMDB_M_564,2,2025-05-19
RAT_0011411,CUST_000779,TMDB_M_701387,4,2025-10-04
RAT_0011412,CUST_000779,TMDB_M_73861,4,2026-03-20
RAT_0011413,CUST_000779,TMDB_M_809,4,2025-04-28
RAT_0011414,CUST_000779,TMDB_T_220150,4,2026-03-31
RAT_0011415,CUST_000779,TMDB_T_228091,2,2025-05-20
RAT_0011416,CUST_000779,TMDB_T_39351,3,2025-11-23
RAT_0011417,CUST_000779,TMDB_T_456,3,2025-11-15
RAT_0011418,CUST_000779,TMDB_T_4614,4,2025-09-21
RAT_0011419,CUST_000779,TMDB_T_549,2,2025-10-01
RAT_0011420,CUST_000779,TMDB_T_5920,3,2026-04-01
RAT_0011421,CUST_000779,TMDB_T_60622,1,2025-08-19
RAT_0011422,CUST_000779,TMDB_T_63174,3,2025-05-07
RAT_0011423,CUST_000779,TMDB_T_71790,3,2025-11-26
RAT_0011424,CUST_000779,TMDB_T_74561,4,2025-07-21
RAT_0011425,CUST_000779,TMDB_T_790,3,2025-07-04
RAT_0011426,CUST_000780,TMDB_M_1159559,4,2025-11-21
RAT_0011427,CUST_000780,TMDB_M_597,3,2025-12-15
RAT_0011428,CUST_000780,TMDB_M_76600,3,2025-11-03
RAT_0011429,CUST_000780,TMDB_M_99861,2,2025-07-31
RAT_0011430,CUST_000780,TMDB_T_1622,3,2026-03-02
RAT_0011431,CUST_000780,TMDB_T_35007,4,2026-03-04
RAT_0011432,CUST_000780,TMDB_T_46952,3,2026-03-27
RAT_0011433,CUST_000780,TMDB_T_60622,2,2026-04-11
RAT_0011434,CUST_000780,TMDB_T_65733,2,2026-03-22
RAT_0011435,CUST_000781,TMDB_M_1072699,3,2025-05-18
RAT_0011436,CUST_000781,TMDB_M_1368166,1,2025-06-30
RAT_0011437,CUST_000781,TMDB_M_1381216,3,2024-12-06
RAT_0011438,CUST_000781,TMDB_M_1424965,4,2025-07-30
RAT_0011439,CUST_000781,TMDB_M_198663,3,2025-07-17
RAT_0011440,CUST_000781,TMDB_M_603,3,2025-05-08
RAT_0011441,CUST_000781,TMDB_T_124364,4,2026-03-30
RAT_0011442,CUST_000781,TMDB_T_1409,4,2025-06-01
RAT_0011443,CUST_000781,TMDB_T_1695,3,2026-02-12
RAT_0011444,CUST_000781,TMDB_T_1981,2,2025-12-16
RAT_0011445,CUST_000781,TMDB_T_22980,4,2025-07-06
RAT_0011446,CUST_000781,TMDB_T_289219,2,2026-03-31
RAT_0011447,CUST_000781,TMDB_T_4087,4,2025-10-14
RAT_0011448,CUST_000781,TMDB_T_45790,5,2025-07-04
RAT_0011449,CUST_000781,TMDB_T_4607,5,2025-11-06
RAT_0011450,CUST_000781,TMDB_T_498,2,2025-04-13
RAT_0011451,CUST_000781,TMDB_T_65334,1,2024-09-04
RAT_0011452,CUST_000781,TMDB_T_6836,2,2025-05-22
RAT_0011453,CUST_000781,TMDB_T_82873,3,2025-03-03
RAT_0011454,CUST_000782,TMDB_M_106,5,2026-03-22
RAT_0011455,CUST_000782,TMDB_M_1171145,1,2026-06-05
RAT_0011456,CUST_000782,TMDB_M_1236153,2,2026-03-02
RAT_0011457,CUST_000782,TMDB_M_1470130,5,2025-10-07
RAT_0011458,CUST_000782,TMDB_M_552524,3,2025-11-23
RAT_0011459,CUST_000782,TMDB_M_969681,3,2026-03-27
RAT_0011460,CUST_000782,TMDB_M_982843,2,2026-06-22
RAT_0011461,CUST_000782,TMDB_T_108978,2,2026-04-08
RAT_0011462,CUST_000782,TMDB_T_1695,1,2026-06-23
RAT_0011463,CUST_000782,TMDB_T_2661,1,2026-06-12
RAT_0011464,CUST_000782,TMDB_T_32692,5,2026-01-12
RAT_0011465,CUST_000782,TMDB_T_56570,2,2026-06-19
RAT_0011466,CUST_000782,TMDB_T_71712,4,2026-04-24
RAT_0011467,CUST_000783,TMDB_M_1630433,4,2026-04-06
RAT_0011468,CUST_000783,TMDB_T_1695,4,2026-01-09
RAT_0011469,CUST_000783,TMDB_T_4177,3,2026-02-18
RAT_0011470,CUST_000783,TMDB_T_44217,3,2026-02-08
RAT_0011471,CUST_000783,TMDB_T_4607,3,2026-04-02
RAT_0011472,CUST_000783,TMDB_T_63770,1,2026-02-22
RAT_0011473,CUST_000783,TMDB_T_71712,3,2025-11-09
RAT_0011474,CUST_000784,TMDB_M_103,2,2025-09-20
RAT_0011475,CUST_000784,TMDB_M_1084242,4,2025-09-23
RAT_0011476,CUST_000784,TMDB_M_1228246,2,2026-01-21
RAT_0011477,CUST_000784,TMDB_M_12444,4,2025-07-07
RAT_0011478,CUST_000784,TMDB_M_1284496,5,2026-03-09
RAT_0011479,CUST_000784,TMDB_M_1327819,4,2025-11-03
RAT_0011480,CUST_000784,TMDB_M_425274,5,2025-09-13
RAT_0011481,CUST_000784,TMDB_M_83533,4,2025-04-26
RAT_0011482,CUST_000784,TMDB_M_875828,4,2025-08-30
RAT_0011483,CUST_000784,TMDB_T_18165,3,2026-03-07
RAT_0011484,CUST_000784,TMDB_T_202555,2,2025-11-07
RAT_0011485,CUST_000784,TMDB_T_35007,4,2026-03-20
RAT_0011486,CUST_000784,TMDB_T_5920,3,2026-01-02
RAT_0011487,CUST_000784,TMDB_T_74561,4,2025-11-08
RAT_0011488,CUST_000784,TMDB_T_76479,4,2025-09-05
RAT_0011489,CUST_000784,TMDB_T_79744,3,2025-05-17
RAT_0011490,CUST_000784,TMDB_T_94722,5,2026-04-10
RAT_0011491,CUST_000785,TMDB_M_1167307,4,2026-03-28
RAT_0011492,CUST_000785,TMDB_M_14836,2,2026-04-05
RAT_0011493,CUST_000785,TMDB_M_1600672,3,2026-04-10
RAT_0011494,CUST_000785,TMDB_M_634649,3,2026-03-10
RAT_0011495,CUST_000785,TMDB_M_677638,3,2026-03-07
RAT_0011496,CUST_000785,TMDB_T_1411,3,2026-04-11
RAT_0011497,CUST_000785,TMDB_T_17610,4,2026-04-02
RAT_0011498,CUST_000785,TMDB_T_19530,2,2026-03-19
RAT_0011499,CUST_000785,TMDB_T_1973,4,2026-03-24
RAT_0011500,CUST_000785,TMDB_T_2221,3,2026-04-11
RAT_0011501,CUST_000785,TMDB_T_32415,4,2026-04-03
RAT_0011502,CUST_000785,TMDB_T_44217,4,2026-04-02
RAT_0011503,CUST_000785,TMDB_T_85077,3,2026-04-08
RAT_0011504,CUST_000786,TMDB_M_1234731,3,2025-12-25
RAT_0011505,CUST_000786,TMDB_M_1276038,2,2024-11-04
RAT_0011506,CUST_000786,TMDB_M_1493859,3,2025-09-03
RAT_0011507,CUST_000786,TMDB_M_1526650,3,2025-05-14
RAT_0011508,CUST_000786,TMDB_M_246,2,2025-06-13
RAT_0011509,CUST_000786,TMDB_M_271110,2,2024-08-13
RAT_0011510,CUST_000786,TMDB_M_286217,2,2025-05-01
RAT_0011511,CUST_000786,TMDB_M_335983,3,2025-10-20
RAT_0011512,CUST_000786,TMDB_M_447365,5,2025-11-05
RAT_0011513,CUST_000786,TMDB_M_49051,3,2025-08-10
RAT_0011514,CUST_000786,TMDB_M_646315,3,2025-03-28
RAT_0011515,CUST_000786,TMDB_M_673,2,2025-01-14
RAT_0011516,CUST_000786,TMDB_M_674,2,2025-02-05
RAT_0011517,CUST_000786,TMDB_M_675,1,2025-10-15
RAT_0011518,CUST_000786,TMDB_M_76600,5,2026-02-17
RAT_0011519,CUST_000786,TMDB_M_969681,5,2024-07-01
RAT_0011520,CUST_000786,TMDB_T_1409,3,2025-03-07
RAT_0011521,CUST_000786,TMDB_T_1489,3,2025-05-03
RAT_0011522,CUST_000786,TMDB_T_237020,5,2026-03-03
RAT_0011523,CUST_000786,TMDB_T_290856,3,2024-12-24
RAT_0011524,CUST_000786,TMDB_T_4177,2,2025-05-19
RAT_0011525,CUST_000787,TMDB_M_1010581,4,2026-02-22
RAT_0011526,CUST_000787,TMDB_M_10191,3,2025-09-09
RAT_0011527,CUST_000787,TMDB_M_1064213,4,2026-03-16
RAT_0011528,CUST_000787,TMDB_M_1267319,4,2026-02-18
RAT_0011529,CUST_000787,TMDB_M_1290821,2,2025-05-31
RAT_0011530,CUST_000787,TMDB_M_1317288,4,2025-03-28
RAT_0011531,CUST_000787,TMDB_M_14161,3,2025-05-03
RAT_0011532,CUST_000787,TMDB_M_1511417,5,2025-04-25
RAT_0011533,CUST_000787,TMDB_M_1634301,4,2025-07-04
RAT_0011534,CUST_000787,TMDB_M_1653994,5,2025-06-16
RAT_0011535,CUST_000787,TMDB_M_226674,3,2025-11-08
RAT_0011536,CUST_000787,TMDB_M_278,4,2026-04-05
RAT_0011537,CUST_000787,TMDB_M_346,4,2026-03-09
RAT_0011538,CUST_000787,TMDB_M_361743,4,2026-03-13
RAT_0011539,CUST_000787,TMDB_M_545611,4,2026-01-30
RAT_0011540,CUST_000787,TMDB_M_607,5,2025-05-10
RAT_0011541,CUST_000787,TMDB_M_773543,4,2025-09-07
RAT_0011542,CUST_000787,TMDB_M_872585,4,2025-12-11
RAT_0011543,CUST_000787,TMDB_T_4376,4,2025-08-14
RAT_0011544,CUST_000787,TMDB_T_46260,4,2025-09-17
RAT_0011545,CUST_000787,TMDB_T_66732,4,2025-05-19
RAT_0011546,CUST_000787,TMDB_T_76479,5,2025-08-29
RAT_0011547,CUST_000788,TMDB_M_1087192,2,2025-07-31
RAT_0011548,CUST_000788,TMDB_M_497,1,2025-05-13
RAT_0011549,CUST_000788,TMDB_M_803796,4,2025-05-02
RAT_0011550,CUST_000788,TMDB_M_967,2,2025-08-19
RAT_0011551,CUST_000789,TMDB_M_1156593,2,2026-02-08
RAT_0011552,CUST_000789,TMDB_M_1175942,2,2026-04-01
RAT_0011553,CUST_000789,TMDB_M_1487320,4,2026-04-02
RAT_0011554,CUST_000789,TMDB_M_1631917,3,2026-03-19
RAT_0011555,CUST_000789,TMDB_M_1658214,1,2026-03-01
RAT_0011556,CUST_000789,TMDB_M_1658216,3,2026-03-18
RAT_0011557,CUST_000789,TMDB_M_205596,5,2026-04-07
RAT_0011558,CUST_000789,TMDB_T_1399,3,2026-03-15
RAT_0011559,CUST_000789,TMDB_T_1408,2,2026-04-07
RAT_0011560,CUST_000789,TMDB_T_2316,3,2026-03-19
RAT_0011561,CUST_000789,TMDB_T_278275,1,2026-02-16
RAT_0011562,CUST_000789,TMDB_T_4087,3,2026-02-12
RAT_0011563,CUST_000789,TMDB_T_87917,1,2026-03-14
RAT_0011564,CUST_000790,TMDB_M_1252037,4,2026-04-08
RAT_0011565,CUST_000790,TMDB_M_1265609,2,2025-02-20
RAT_0011566,CUST_000790,TMDB_M_1276704,3,2026-01-22
RAT_0011567,CUST_000790,TMDB_M_1284496,5,2025-09-23
RAT_0011568,CUST_000790,TMDB_M_228150,4,2026-03-19
RAT_0011569,CUST_000790,TMDB_M_37165,1,2025-06-05
RAT_0011570,CUST_000790,TMDB_M_58008,1,2025-02-17
RAT_0011571,CUST_000790,TMDB_T_1489,3,2025-06-10
RAT_0011572,CUST_000790,TMDB_T_1667,4,2025-12-12
RAT_0011573,CUST_000790,TMDB_T_20111,1,2025-10-02
RAT_0011574,CUST_000790,TMDB_T_278573,2,2025-01-22
RAT_0011575,CUST_000790,TMDB_T_33765,2,2025-11-17
RAT_0011576,CUST_000790,TMDB_T_34307,3,2025-02-10
RAT_0011577,CUST_000790,TMDB_T_63770,5,2025-07-28
RAT_0011578,CUST_000790,TMDB_T_71494,4,2025-07-15
RAT_0011579,CUST_000790,TMDB_T_71728,2,2025-07-01
RAT_0011580,CUST_000791,TMDB_M_1003596,5,2026-03-18
RAT_0011581,CUST_000791,TMDB_M_1265609,4,2025-08-13
RAT_0011582,CUST_000791,TMDB_M_1327819,1,2024-09-25
RAT_0011583,CUST_000791,TMDB_M_228150,5,2026-04-08
RAT_0011584,CUST_000791,TMDB_M_680493,5,2025-10-17
RAT_0011585,CUST_000791,TMDB_M_687163,2,2024-12-07
RAT_0011586,CUST_000791,TMDB_M_73861,3,2024-12-22
RAT_0011587,CUST_000791,TMDB_T_110075,3,2025-06-14
RAT_0011588,CUST_000791,TMDB_T_2221,4,2025-02-01
RAT_0011589,CUST_000791,TMDB_T_4087,2,2025-04-18
RAT_0011590,CUST_000791,TMDB_T_4614,2,2025-12-30
RAT_0011591,CUST_000791,TMDB_T_693,3,2024-12-26
RAT_0011592,CUST_000791,TMDB_T_790,4,2025-03-19
RAT_0011593,CUST_000791,TMDB_T_79744,3,2026-01-23
RAT_0011594,CUST_000792,TMDB_M_1011477,4,2026-03-18
RAT_0011595,CUST_000792,TMDB_M_1083637,1,2026-03-02
RAT_0011596,CUST_000792,TMDB_M_840464,3,2026-04-06
RAT_0011597,CUST_000792,TMDB_T_94722,3,2026-03-09
RAT_0011598,CUST_000793,TMDB_M_1007734,4,2025-06-23
RAT_0011599,CUST_000793,TMDB_M_1115544,4,2024-12-31
RAT_0011600,CUST_000793,TMDB_M_1168190,5,2025-03-24
RAT_0011601,CUST_000793,TMDB_M_1311031,4,2025-10-02
RAT_0011602,CUST_000793,TMDB_M_218,5,2025-11-26
RAT_0011603,CUST_000793,TMDB_M_24,3,2026-03-13
RAT_0011604,CUST_000793,TMDB_M_284054,3,2025-11-04
RAT_0011605,CUST_000793,TMDB_M_414906,3,2024-11-04
RAT_0011606,CUST_000793,TMDB_M_628847,3,2025-10-10
RAT_0011607,CUST_000793,TMDB_M_939243,2,2025-11-14
RAT_0011608,CUST_000793,TMDB_T_10534,4,2026-01-16
RAT_0011609,CUST_000793,TMDB_T_12225,5,2025-10-20
RAT_0011610,CUST_000793,TMDB_T_1399,5,2025-06-06
RAT_0011611,CUST_000793,TMDB_T_1419,4,2026-02-18
RAT_0011612,CUST_000793,TMDB_T_1489,3,2025-03-13
RAT_0011613,CUST_000793,TMDB_T_202411,3,2025-09-07
RAT_0011614,CUST_000793,TMDB_T_237020,3,2025-07-18
RAT_0011615,CUST_000793,TMDB_T_30981,4,2024-12-10
RAT_0011616,CUST_000793,TMDB_T_32415,5,2025-12-07
RAT_0011617,CUST_000793,TMDB_T_3562,5,2026-02-18
RAT_0011618,CUST_000793,TMDB_T_456,4,2026-03-13
RAT_0011619,CUST_000793,TMDB_T_71494,3,2026-01-15
RAT_0011620,CUST_000793,TMDB_T_82873,5,2026-02-26
RAT_0011621,CUST_000793,TMDB_T_95557,5,2025-05-26
RAT_0011622,CUST_000794,TMDB_M_1015606,5,2026-02-01
RAT_0011623,CUST_000794,TMDB_M_1117857,4,2025-04-03
RAT_0011624,CUST_000794,TMDB_M_1276704,3,2024-09-05
RAT_0011625,CUST_000794,TMDB_M_1403327,4,2024-11-17
RAT_0011626,CUST_000794,TMDB_M_1430,3,2025-10-03
RAT_0011627,CUST_000794,TMDB_M_1500099,2,2024-10-21
RAT_0011628,CUST_000794,TMDB_M_150540,4,2025-09-09
RAT_0011629,CUST_000794,TMDB_M_269149,2,2025-09-24
RAT_0011630,CUST_000794,TMDB_M_628847,1,2025-01-30
RAT_0011631,CUST_000794,TMDB_M_812,2,2025-03-10
RAT_0011632,CUST_000794,TMDB_M_9502,3,2026-02-01
RAT_0011633,CUST_000794,TMDB_T_114478,1,2025-07-23
RAT_0011634,CUST_000794,TMDB_T_127529,4,2024-07-18
RAT_0011635,CUST_000794,TMDB_T_1402,4,2025-01-28
RAT_0011636,CUST_000794,TMDB_T_228091,1,2025-06-25
RAT_0011637,CUST_000794,TMDB_T_2691,2,2025-11-25
RAT_0011638,CUST_000794,TMDB_T_63770,3,2025-03-04
RAT_0011639,CUST_000794,TMDB_T_65942,1,2025-12-27
RAT_0011640,CUST_000794,TMDB_T_71728,3,2025-08-26
RAT_0011641,CUST_000795,TMDB_M_429,1,2026-04-03
RAT_0011642,CUST_000795,TMDB_T_100088,2,2026-03-31
RAT_0011643,CUST_000796,TMDB_M_1019420,3,2026-01-08
RAT_0011644,CUST_000796,TMDB_M_120,1,2025-05-30
RAT_0011645,CUST_000796,TMDB_M_1246049,1,2025-06-23
RAT_0011646,CUST_000796,TMDB_M_1327862,3,2024-12-27
RAT_0011647,CUST_000796,TMDB_M_1367763,5,2025-01-25
RAT_0011648,CUST_000796,TMDB_M_1480382,3,2024-10-16
RAT_0011649,CUST_000796,TMDB_M_1523145,5,2026-04-08
RAT_0011650,CUST_000796,TMDB_M_244786,4,2025-10-10
RAT_0011651,CUST_000796,TMDB_M_510,4,2025-11-07
RAT_0011652,CUST_000796,TMDB_M_598,3,2025-06-18
RAT_0011653,CUST_000796,TMDB_T_127529,4,2024-12-25
RAT_0011654,CUST_000796,TMDB_T_1409,1,2025-04-06
RAT_0011655,CUST_000796,TMDB_T_1431,1,2026-02-18
RAT_0011656,CUST_000796,TMDB_T_1435,4,2024-08-05
RAT_0011657,CUST_000796,TMDB_T_18165,3,2024-12-28
RAT_0011658,CUST_000796,TMDB_T_19530,2,2025-02-28
RAT_0011659,CUST_000796,TMDB_T_290856,1,2026-03-29
RAT_0011660,CUST_000797,TMDB_M_1083637,3,2025-09-06
RAT_0011661,CUST_000797,TMDB_M_1159831,4,2025-06-27
RAT_0011662,CUST_000797,TMDB_M_1265609,2,2026-03-03
RAT_0011663,CUST_000797,TMDB_M_1306368,3,2026-01-18
RAT_0011664,CUST_000797,TMDB_M_1511417,2,2025-08-11
RAT_0011665,CUST_000797,TMDB_M_280,1,2026-02-07
RAT_0011666,CUST_000797,TMDB_M_381288,3,2026-01-26
RAT_0011667,CUST_000797,TMDB_M_424,5,2024-09-14
RAT_0011668,CUST_000797,TMDB_M_453395,3,2025-03-28
RAT_0011669,CUST_000797,TMDB_M_524047,2,2026-03-29
RAT_0011670,CUST_000797,TMDB_M_7451,3,2025-10-01
RAT_0011671,CUST_000797,TMDB_M_76341,5,2026-01-06
RAT_0011672,CUST_000797,TMDB_M_76600,3,2024-11-20
RAT_0011673,CUST_000797,TMDB_M_803796,2,2025-10-12
RAT_0011674,CUST_000797,TMDB_M_83533,2,2025-11-23
RAT_0011675,CUST_000797,TMDB_M_986056,4,2025-10-26
RAT_0011676,CUST_000797,TMDB_T_1416,5,2026-02-18
RAT_0011677,CUST_000797,TMDB_T_202411,5,2025-05-14
RAT_0011678,CUST_000797,TMDB_T_44006,2,2025-04-06
RAT_0011679,CUST_000797,TMDB_T_48866,2,2026-01-05
RAT_0011680,CUST_000797,TMDB_T_5092,4,2026-01-11
RAT_0011681,CUST_000797,TMDB_T_66732,3,2025-07-09
RAT_0011682,CUST_000798,TMDB_M_361743,4,2026-03-18
RAT_0011683,CUST_000798,TMDB_M_405746,4,2026-03-23
RAT_0011684,CUST_000798,TMDB_M_562,4,2026-04-04
RAT_0011685,CUST_000799,TMDB_M_1327862,2,2025-10-18
RAT_0011686,CUST_000799,TMDB_M_1523145,4,2025-10-28
RAT_0011687,CUST_000799,TMDB_M_1650558,2,2025-11-14
RAT_0011688,CUST_000799,TMDB_M_911430,2,2025-08-09
RAT_0011689,CUST_000799,TMDB_T_31910,1,2025-10-07
RAT_0011690,CUST_000799,TMDB_T_3452,2,2025-08-31
RAT_0011691,CUST_000799,TMDB_T_63174,1,2025-09-23
RAT_0011692,CUST_000800,TMDB_M_479197,4,2024-07-15
RAT_0011693,CUST_000800,TMDB_T_35007,2,2024-07-28
RAT_0011694,CUST_000800,TMDB_T_65334,1,2024-07-20
RAT_0011695,CUST_000801,TMDB_M_122917,2,2025-12-21
RAT_0011696,CUST_000801,TMDB_M_346,4,2025-06-06
RAT_0011697,CUST_000801,TMDB_M_662707,3,2025-01-18
RAT_0011698,CUST_000801,TMDB_M_7451,3,2026-02-02
RAT_0011699,CUST_000801,TMDB_M_912649,2,2025-11-04
RAT_0011700,CUST_000801,TMDB_T_1398,3,2026-02-02
RAT_0011701,CUST_000801,TMDB_T_1419,4,2025-06-16
RAT_0011702,CUST_000801,TMDB_T_17610,3,2026-01-25
RAT_0011703,CUST_000801,TMDB_T_1973,2,2025-07-30
RAT_0011704,CUST_000801,TMDB_T_202555,4,2024-12-21
RAT_0011705,CUST_000801,TMDB_T_241609,3,2025-06-23
RAT_0011706,CUST_000801,TMDB_T_285469,4,2025-06-16
RAT_0011707,CUST_000801,TMDB_T_4057,4,2025-11-05
RAT_0011708,CUST_000801,TMDB_T_46296,4,2025-06-19
RAT_0011709,CUST_000801,TMDB_T_70672,5,2026-02-17
RAT_0011710,CUST_000802,TMDB_M_497,2,2026-03-28
RAT_0011711,CUST_000802,TMDB_M_8966,5,2026-02-25
RAT_0011712,CUST_000802,TMDB_T_1416,3,2026-02-08
RAT_0011713,CUST_000802,TMDB_T_154770,4,2026-02-20
RAT_0011714,CUST_000802,TMDB_T_19530,4,2026-01-07
RAT_0011715,CUST_000802,TMDB_T_4588,1,2026-02-15
RAT_0011716,CUST_000802,TMDB_T_4656,2,2026-03-09
RAT_0011717,CUST_000802,TMDB_T_5092,4,2026-04-08
RAT_0011718,CUST_000802,TMDB_T_76479,3,2026-01-12
RAT_0011719,CUST_000802,TMDB_T_82873,1,2026-03-22
RAT_0011720,CUST_000803,TMDB_M_12153,4,2025-04-24
RAT_0011721,CUST_000803,TMDB_M_1297842,3,2025-09-22
RAT_0011722,CUST_000803,TMDB_M_1403327,3,2026-03-09
RAT_0011723,CUST_000803,TMDB_M_14161,2,2026-01-30
RAT_0011724,CUST_000803,TMDB_M_1462146,5,2026-03-29
RAT_0011725,CUST_000803,TMDB_M_264980,5,2025-01-12
RAT_0011726,CUST_000803,TMDB_M_337404,1,2025-06-21
RAT_0011727,CUST_000803,TMDB_M_374720,3,2026-04-01
RAT_0011728,CUST_000803,TMDB_M_4247,5,2025-05-31
RAT_0011729,CUST_000803,TMDB_M_687163,3,2025-07-02
RAT_0011730,CUST_000803,TMDB_M_696393,5,2025-03-12
RAT_0011731,CUST_000803,TMDB_M_967941,3,2024-09-21
RAT_0011732,CUST_000803,TMDB_T_250307,3,2025-08-07
RAT_0011733,CUST_000803,TMDB_T_278573,3,2026-01-10
RAT_0011734,CUST_000803,TMDB_T_35674,1,2024-09-20
RAT_0011735,CUST_000803,TMDB_T_4556,4,2024-11-25
RAT_0011736,CUST_000804,TMDB_M_1265609,3,2026-01-07
RAT_0011737,CUST_000804,TMDB_M_1266990,2,2025-02-24
RAT_0011738,CUST_000804,TMDB_M_1480382,5,2024-10-14
RAT_0011739,CUST_000804,TMDB_M_238,2,2025-12-27
RAT_0011740,CUST_000804,TMDB_M_324786,2,2026-03-05
RAT_0011741,CUST_000804,TMDB_M_389,4,2024-09-18
RAT_0011742,CUST_000804,TMDB_M_734286,3,2025-03-13
RAT_0011743,CUST_000804,TMDB_T_1620,5,2025-11-11
RAT_0011744,CUST_000804,TMDB_T_18165,2,2024-11-11
RAT_0011745,CUST_000804,TMDB_T_241609,3,2026-04-02
RAT_0011746,CUST_000804,TMDB_T_59941,3,2025-02-07
RAT_0011747,CUST_000804,TMDB_T_60574,1,2025-06-22
RAT_0011748,CUST_000804,TMDB_T_72517,4,2025-05-28
RAT_0011749,CUST_000804,TMDB_T_76479,1,2025-02-19
RAT_0011750,CUST_000804,TMDB_T_79744,2,2025-08-24
RAT_0011751,CUST_000804,TMDB_T_873,3,2026-01-05
RAT_0011752,CUST_000805,TMDB_M_1038392,3,2026-03-06
RAT_0011753,CUST_000805,TMDB_M_11036,5,2026-02-23
RAT_0011754,CUST_000805,TMDB_M_1171145,3,2025-08-14
RAT_0011755,CUST_000805,TMDB_M_1325734,1,2025-11-02
RAT_0011756,CUST_000805,TMDB_M_1367642,5,2026-02-25
RAT_0011757,CUST_000805,TMDB_M_1424965,3,2026-02-22
RAT_0011758,CUST_000805,TMDB_M_1646787,2,2025-08-29
RAT_0011759,CUST_000805,TMDB_M_83533,2,2025-09-20
RAT_0011760,CUST_000805,TMDB_T_124364,2,2025-12-31
RAT_0011761,CUST_000805,TMDB_T_1396,1,2026-02-03
RAT_0011762,CUST_000805,TMDB_T_3562,5,2026-03-25
RAT_0011763,CUST_000805,TMDB_T_45790,3,2026-03-14
RAT_0011764,CUST_000806,TMDB_M_1196067,5,2025-11-11
RAT_0011765,CUST_000806,TMDB_M_1241470,2,2026-03-08
RAT_0011766,CUST_000806,TMDB_M_1276704,1,2026-01-22
RAT_0011767,CUST_000806,TMDB_M_1297842,3,2024-12-21
RAT_0011768,CUST_000806,TMDB_M_1336770,2,2024-06-07
RAT_0011769,CUST_000806,TMDB_M_1339876,2,2026-03-27
RAT_0011770,CUST_000806,TMDB_M_1403327,2,2025-12-03
RAT_0011771,CUST_000806,TMDB_M_1465563,3,2025-11-14
RAT_0011772,CUST_000806,TMDB_M_1611398,3,2024-09-12
RAT_0011773,CUST_000806,TMDB_M_193972,4,2026-03-26
RAT_0011774,CUST_000806,TMDB_M_52741,3,2025-11-05
RAT_0011775,CUST_000806,TMDB_M_617126,1,2025-04-25
RAT_0011776,CUST_000806,TMDB_M_687163,4,2026-02-06
RAT_0011777,CUST_000806,TMDB_M_701387,4,2026-04-08
RAT_0011778,CUST_000806,TMDB_M_848116,4,2025-07-08
RAT_0011779,CUST_000806,TMDB_M_969681,1,2024-12-21
RAT_0011780,CUST_000806,TMDB_T_1403,2,2026-01-14
RAT_0011781,CUST_000806,TMDB_T_17610,3,2024-12-12
RAT_0011782,CUST_000806,TMDB_T_202555,2,2025-12-06
RAT_0011783,CUST_000806,TMDB_T_2261,2,2026-03-08
RAT_0011784,CUST_000806,TMDB_T_22980,2,2025-02-25
RAT_0011785,CUST_000806,TMDB_T_456,4,2025-10-10
RAT_0011786,CUST_000806,TMDB_T_59941,2,2025-06-11
RAT_0011787,CUST_000806,TMDB_T_95557,4,2025-11-11
RAT_0011788,CUST_000807,TMDB_M_11,2,2026-03-01
RAT_0011789,CUST_000807,TMDB_M_122,4,2026-04-04
RAT_0011790,CUST_000807,TMDB_M_128,4,2025-09-19
RAT_0011791,CUST_000807,TMDB_M_1311031,3,2025-07-10
RAT_0011792,CUST_000807,TMDB_M_1523145,1,2026-04-06
RAT_0011793,CUST_000807,TMDB_M_181808,3,2025-07-15
RAT_0011794,CUST_000807,TMDB_M_22,3,2025-11-22
RAT_0011795,CUST_000807,TMDB_M_502356,3,2025-08-10
RAT_0011796,CUST_000807,TMDB_M_674,3,2026-01-04
RAT_0011797,CUST_000807,TMDB_M_762509,1,2026-03-06
RAT_0011798,CUST_000807,TMDB_M_875828,2,2025-10-15
RAT_0011799,CUST_000807,TMDB_M_98477,2,2026-01-02
RAT_0011800,CUST_000807,TMDB_T_1396,3,2026-03-21
RAT_0011801,CUST_000807,TMDB_T_1973,2,2025-12-31
RAT_0011802,CUST_000807,TMDB_T_2288,2,2025-11-07
RAT_0011803,CUST_000807,TMDB_T_35007,4,2025-10-12
RAT_0011804,CUST_000807,TMDB_T_57532,3,2026-01-31
RAT_0011805,CUST_000807,TMDB_T_62650,3,2025-11-24
RAT_0011806,CUST_000807,TMDB_T_95557,3,2025-08-22
RAT_0011807,CUST_000808,TMDB_M_1066313,3,2025-08-13
RAT_0011808,CUST_000808,TMDB_M_1167307,1,2025-07-07
RAT_0011809,CUST_000808,TMDB_M_1196067,3,2025-10-29
RAT_0011810,CUST_000808,TMDB_M_1226863,3,2025-10-13
RAT_0011811,CUST_000808,TMDB_M_1234821,4,2026-03-08
RAT_0011812,CUST_000808,TMDB_M_1336770,4,2024-10-08
RAT_0011813,CUST_000808,TMDB_M_1523145,2,2025-09-29
RAT_0011814,CUST_000808,TMDB_M_1635276,4,2025-05-05
RAT_0011815,CUST_000808,TMDB_M_19404,4,2025-07-18
RAT_0011816,CUST_000808,TMDB_M_19995,3,2025-10-27
RAT_0011817,CUST_000808,TMDB_M_273477,4,2025-10-05
RAT_0011818,CUST_000808,TMDB_M_497,4,2026-02-17
RAT_0011819,CUST_000808,TMDB_M_83533,2,2026-03-31
RAT_0011820,CUST_000808,TMDB_M_863,3,2024-11-09
RAT_0011821,CUST_000808,TMDB_T_1405,3,2025-09-25
RAT_0011822,CUST_000808,TMDB_T_202555,4,2025-05-08
RAT_0011823,CUST_000808,TMDB_T_33238,2,2025-09-09
RAT_0011824,CUST_000808,TMDB_T_4607,2,2026-02-26
RAT_0011825,CUST_000808,TMDB_T_764,3,2026-03-20
RAT_0011826,CUST_000808,TMDB_T_76479,3,2026-03-05
RAT_0011827,CUST_000808,TMDB_T_98031,4,2026-01-21
RAT_0011828,CUST_000809,TMDB_M_1015606,5,2025-10-05
RAT_0011829,CUST_000809,TMDB_M_1115544,5,2025-09-15
RAT_0011830,CUST_000809,TMDB_M_1168190,4,2025-03-20
RAT_0011831,CUST_000809,TMDB_M_1171145,2,2025-07-15
RAT_0011832,CUST_000809,TMDB_M_1242501,1,2025-06-26
RAT_0011833,CUST_000809,TMDB_M_1245347,3,2025-04-06
RAT_0011834,CUST_000809,TMDB_M_1305781,2,2025-10-28
RAT_0011835,CUST_000809,TMDB_M_1403327,5,2026-04-11
RAT_0011836,CUST_000809,TMDB_M_1634301,4,2026-01-18
RAT_0011837,CUST_000809,TMDB_M_1641319,1,2025-10-22
RAT_0011838,CUST_000809,TMDB_M_1658216,3,2025-04-15
RAT_0011839,CUST_000809,TMDB_M_244786,4,2025-10-19
RAT_0011840,CUST_000809,TMDB_M_259694,5,2025-04-23
RAT_0011841,CUST_000809,TMDB_M_324786,2,2024-09-30
RAT_0011842,CUST_000809,TMDB_M_52741,4,2025-08-07
RAT_0011843,CUST_000809,TMDB_M_539972,3,2025-05-26
RAT_0011844,CUST_000809,TMDB_M_559,4,2025-02-08
RAT_0011845,CUST_000809,TMDB_M_67395,4,2026-03-15
RAT_0011846,CUST_000809,TMDB_T_12225,5,2024-11-09
RAT_0011847,CUST_000809,TMDB_T_1407,4,2025-10-03
RAT_0011848,CUST_000809,TMDB_T_1416,3,2024-10-17
RAT_0011849,CUST_000809,TMDB_T_1435,3,2026-02-01
RAT_0011850,CUST_000809,TMDB_T_14981,2,2026-01-09
RAT_0011851,CUST_000809,TMDB_T_19530,1,2024-10-15
RAT_0011852,CUST_000809,TMDB_T_75219,4,2026-01-25
RAT_0011853,CUST_000809,TMDB_T_85552,2,2025-11-08
RAT_0011854,CUST_000810,TMDB_M_1268127,4,2026-03-20
RAT_0011855,CUST_000810,TMDB_M_1307373,2,2026-03-23
RAT_0011856,CUST_000810,TMDB_M_1326106,2,2025-12-14
RAT_0011857,CUST_000810,TMDB_M_1359,3,2026-03-06
RAT_0011858,CUST_000810,TMDB_M_675,3,2026-03-22
RAT_0011859,CUST_000810,TMDB_M_83533,1,2025-09-02
RAT_0011860,CUST_000810,TMDB_M_912649,4,2025-10-20
RAT_0011861,CUST_000810,TMDB_T_1431,3,2026-02-13
RAT_0011862,CUST_000810,TMDB_T_1434,5,2026-02-03
RAT_0011863,CUST_000810,TMDB_T_14981,4,2025-11-21
RAT_0011864,CUST_000810,TMDB_T_18165,4,2025-08-23
RAT_0011865,CUST_000810,TMDB_T_34524,3,2025-10-23
RAT_0011866,CUST_000810,TMDB_T_502,4,2025-12-16
RAT_0011867,CUST_000810,TMDB_T_71712,2,2026-01-19
RAT_0011868,CUST_000811,TMDB_M_11036,3,2026-03-29
RAT_0011869,CUST_000811,TMDB_M_1159831,2,2025-02-10
RAT_0011870,CUST_000811,TMDB_M_1291335,4,2025-07-03
RAT_0011871,CUST_000811,TMDB_M_1291608,5,2025-01-09
RAT_0011872,CUST_000811,TMDB_M_1310568,2,2026-01-09
RAT_0011873,CUST_000811,TMDB_M_1634301,4,2025-08-09
RAT_0011874,CUST_000811,TMDB_M_1650558,3,2025-03-30
RAT_0011875,CUST_000811,TMDB_M_205596,3,2026-02-23
RAT_0011876,CUST_000811,TMDB_M_28975,2,2025-09-18
RAT_0011877,CUST_000811,TMDB_M_840464,2,2026-02-08
RAT_0011878,CUST_000811,TMDB_M_967,4,2025-11-24
RAT_0011879,CUST_000811,TMDB_T_1421,4,2025-01-21
RAT_0011880,CUST_000811,TMDB_T_4057,4,2025-08-26
RAT_0011881,CUST_000811,TMDB_T_4614,2,2025-10-04
RAT_0011882,CUST_000811,TMDB_T_4656,2,2026-03-18
RAT_0011883,CUST_000811,TMDB_T_70672,4,2025-05-11
RAT_0011884,CUST_000811,TMDB_T_71494,3,2025-12-29
RAT_0011885,CUST_000811,TMDB_T_72517,4,2025-11-22
RAT_0011886,CUST_000811,TMDB_T_76479,4,2025-02-19
RAT_0011887,CUST_000812,TMDB_M_12153,3,2026-01-24
RAT_0011888,CUST_000812,TMDB_M_1284496,2,2025-11-08
RAT_0011889,CUST_000812,TMDB_M_1310568,3,2026-01-11
RAT_0011890,CUST_000812,TMDB_M_1368166,4,2025-12-08
RAT_0011891,CUST_000812,TMDB_M_1611398,3,2025-12-07
RAT_0011892,CUST_000812,TMDB_M_1635276,3,2026-02-02
RAT_0011893,CUST_000812,TMDB_M_193972,4,2026-02-02
RAT_0011894,CUST_000812,TMDB_M_4232,5,2026-01-05
RAT_0011895,CUST_000812,TMDB_M_493125,3,2025-09-11
RAT_0011896,CUST_000812,TMDB_M_879945,4,2025-09-14
RAT_0011897,CUST_000812,TMDB_T_128318,5,2026-02-24
RAT_0011898,CUST_000812,TMDB_T_1398,3,2025-08-16
RAT_0011899,CUST_000812,TMDB_T_1417,3,2026-04-05
RAT_0011900,CUST_000812,TMDB_T_154770,5,2026-03-05
RAT_0011901,CUST_000812,TMDB_T_195670,5,2025-07-23
RAT_0011902,CUST_000812,TMDB_T_2691,4,2025-10-02
RAT_0011903,CUST_000812,TMDB_T_32692,5,2025-11-17
RAT_0011904,CUST_000812,TMDB_T_3452,3,2026-04-06
RAT_0011905,CUST_000812,TMDB_T_4087,3,2026-04-08
RAT_0011906,CUST_000812,TMDB_T_4556,4,2025-07-04
RAT_0011907,CUST_000812,TMDB_T_4588,4,2025-11-15
RAT_0011908,CUST_000812,TMDB_T_4607,4,2025-11-30
RAT_0011909,CUST_000812,TMDB_T_63174,3,2025-06-16
RAT_0011910,CUST_000812,TMDB_T_68350,5,2026-03-27
RAT_0011911,CUST_000812,TMDB_T_693,4,2026-01-14
RAT_0011912,CUST_000812,TMDB_T_80748,2,2026-03-13
RAT_0011913,CUST_000812,TMDB_T_98031,4,2025-10-30
RAT_0011914,CUST_000813,TMDB_M_12445,3,2026-02-10
RAT_0011915,CUST_000813,TMDB_M_128,3,2025-12-14
RAT_0011916,CUST_000813,TMDB_M_1336770,2,2025-06-30
RAT_0011917,CUST_000813,TMDB_M_1523145,3,2026-01-24
RAT_0011918,CUST_000813,TMDB_M_181812,2,2025-04-27
RAT_0011919,CUST_000813,TMDB_M_1865,1,2026-02-05
RAT_0011920,CUST_000813,TMDB_M_259694,4,2025-10-19
RAT_0011921,CUST_000813,TMDB_M_467905,2,2026-02-07
RAT_0011922,CUST_000813,TMDB_M_674,3,2025-10-10
RAT_0011923,CUST_000813,TMDB_M_675,4,2026-03-14
RAT_0011924,CUST_000813,TMDB_M_687163,2,2025-05-16
RAT_0011925,CUST_000813,TMDB_T_154770,3,2025-11-16
RAT_0011926,CUST_000813,TMDB_T_1973,1,2025-09-13
RAT_0011927,CUST_000813,TMDB_T_20111,3,2025-08-09
RAT_0011928,CUST_000813,TMDB_T_22980,4,2026-01-26
RAT_0011929,CUST_000813,TMDB_T_59941,5,2026-03-30
RAT_0011930,CUST_000813,TMDB_T_65503,3,2025-09-22
RAT_0011931,CUST_000813,TMDB_T_68350,2,2026-04-05
RAT_0011932,CUST_000814,TMDB_M_1265609,3,2025-05-09
RAT_0011933,CUST_000814,TMDB_M_1403735,2,2025-07-28
RAT_0011934,CUST_000814,TMDB_M_1430,3,2025-11-30
RAT_0011935,CUST_000814,TMDB_M_1462146,3,2026-03-23
RAT_0011936,CUST_000814,TMDB_M_205596,4,2026-04-08
RAT_0011937,CUST_000814,TMDB_M_350,2,2026-02-27
RAT_0011938,CUST_000814,TMDB_M_414906,5,2025-10-21
RAT_0011939,CUST_000814,TMDB_M_475557,3,2025-09-21
RAT_0011940,CUST_000814,TMDB_M_680493,1,2026-03-17
RAT_0011941,CUST_000814,TMDB_M_875828,3,2025-08-19
RAT_0011942,CUST_000814,TMDB_M_967,5,2026-02-15
RAT_0011943,CUST_000814,TMDB_T_1405,4,2025-12-05
RAT_0011944,CUST_000814,TMDB_T_1409,3,2025-12-19
RAT_0011945,CUST_000814,TMDB_T_2261,1,2025-09-17
RAT_0011946,CUST_000814,TMDB_T_250307,2,2025-09-10
RAT_0011947,CUST_000814,TMDB_T_3562,4,2026-02-16
RAT_0011948,CUST_000814,TMDB_T_76479,2,2025-12-21
RAT_0011949,CUST_000815,TMDB_M_1115544,3,2026-02-09
RAT_0011950,CUST_000815,TMDB_M_1426297,1,2026-01-15
RAT_0011951,CUST_000815,TMDB_M_228150,5,2026-04-04
RAT_0011952,CUST_000815,TMDB_M_552524,4,2025-10-02
RAT_0011953,CUST_000815,TMDB_M_822119,3,2026-04-03
RAT_0011954,CUST_000815,TMDB_T_1620,3,2025-10-23
RAT_0011955,CUST_000815,TMDB_T_2224,4,2026-03-14
RAT_0011956,CUST_000815,TMDB_T_22980,5,2025-10-08
RAT_0011957,CUST_000815,TMDB_T_291,4,2026-03-27
RAT_0011958,CUST_000815,TMDB_T_34307,4,2026-01-18
RAT_0011959,CUST_000815,TMDB_T_34524,3,2026-02-18
RAT_0011960,CUST_000815,TMDB_T_3562,4,2026-03-17
RAT_0011961,CUST_000815,TMDB_T_60622,1,2025-11-18
RAT_0011962,CUST_000815,TMDB_T_85552,2,2025-09-25
RAT_0011963,CUST_000816,TMDB_M_1159831,1,2025-11-16
RAT_0011964,CUST_000816,TMDB_M_1268127,2,2025-09-15
RAT_0011965,CUST_000816,TMDB_M_1291608,4,2025-06-10
RAT_0011966,CUST_000816,TMDB_M_1401778,4,2025-10-29
RAT_0011967,CUST_000816,TMDB_M_1403327,1,2025-12-06
RAT_0011968,CUST_000816,TMDB_M_313369,1,2026-01-08
RAT_0011969,CUST_000816,TMDB_M_637649,5,2025-07-22
RAT_0011970,CUST_000816,TMDB_T_128318,3,2025-05-31
RAT_0011971,CUST_000816,TMDB_T_195670,4,2025-07-07
RAT_0011972,CUST_000816,TMDB_T_279471,3,2025-07-29
RAT_0011973,CUST_000816,TMDB_T_44217,1,2025-10-21
RAT_0011974,CUST_000817,TMDB_M_447273,4,2026-03-09
RAT_0011975,CUST_000817,TMDB_T_1421,3,2026-02-02
RAT_0011976,CUST_000817,TMDB_T_1489,4,2025-10-08
RAT_0011977,CUST_000817,TMDB_T_1695,4,2026-02-12
RAT_0011978,CUST_000817,TMDB_T_1973,3,2025-07-15
RAT_0011979,CUST_000817,TMDB_T_30984,5,2025-11-28
RAT_0011980,CUST_000817,TMDB_T_44217,5,2025-10-10
RAT_0011981,CUST_000817,TMDB_T_456,2,2025-05-15
RAT_0011982,CUST_000817,TMDB_T_62223,1,2025-11-22
RAT_0011983,CUST_000817,TMDB_T_65733,3,2025-12-16
RAT_0011984,CUST_000817,TMDB_T_74561,1,2025-08-25
RAT_0011985,CUST_000818,TMDB_M_1007734,3,2025-07-08
RAT_0011986,CUST_000818,TMDB_M_1159831,3,2025-10-17
RAT_0011987,CUST_000818,TMDB_M_1406657,3,2025-08-09
RAT_0011988,CUST_000818,TMDB_M_933260,4,2026-03-13
RAT_0011989,CUST_000818,TMDB_M_976573,4,2025-12-20
RAT_0011990,CUST_000818,TMDB_M_991494,4,2026-01-10
RAT_0011991,CUST_000818,TMDB_T_15260,4,2025-10-19
RAT_0011992,CUST_000818,TMDB_T_1622,2,2025-09-18
RAT_0011993,CUST_000818,TMDB_T_45790,5,2025-06-02
RAT_0011994,CUST_000818,TMDB_T_549,3,2025-08-18
RAT_0011995,CUST_000818,TMDB_T_95557,5,2025-04-25
RAT_0011996,CUST_000819,TMDB_M_1007734,3,2026-02-21
RAT_0011997,CUST_000819,TMDB_M_1049471,2,2026-03-16
RAT_0011998,CUST_000819,TMDB_M_1083637,3,2026-04-03
RAT_0011999,CUST_000819,TMDB_M_1193501,1,2026-02-18
RAT_0012000,CUST_000819,TMDB_M_1426964,3,2026-03-23
RAT_0012001,CUST_000819,TMDB_M_1635276,2,2026-03-02
RAT_0012002,CUST_000819,TMDB_M_273477,5,2026-02-08
RAT_0012003,CUST_000819,TMDB_M_361743,3,2026-01-06
RAT_0012004,CUST_000819,TMDB_M_429617,3,2026-03-18
RAT_0012005,CUST_000819,TMDB_M_539972,3,2026-03-21
RAT_0012006,CUST_000819,TMDB_M_607,2,2026-01-02
RAT_0012007,CUST_000819,TMDB_M_646380,3,2025-12-17
RAT_0012008,CUST_000819,TMDB_T_10534,2,2026-04-06
RAT_0012009,CUST_000819,TMDB_T_1416,1,2026-03-26
RAT_0012010,CUST_000819,TMDB_T_1667,3,2026-01-23
RAT_0012011,CUST_000819,TMDB_T_278573,3,2026-03-23
RAT_0012012,CUST_000819,TMDB_T_35007,3,2026-02-05
RAT_0012013,CUST_000819,TMDB_T_4556,3,2025-12-16
RAT_0012014,CUST_000820,TMDB_M_228150,2,2025-12-30
RAT_0012015,CUST_000820,TMDB_M_502356,3,2025-10-13
RAT_0012016,CUST_000820,TMDB_M_911430,2,2025-12-12
RAT_0012017,CUST_000820,TMDB_T_60572,1,2025-11-29
RAT_0012018,CUST_000821,TMDB_M_1159831,1,2024-09-10
RAT_0012019,CUST_000821,TMDB_M_1193501,3,2025-09-27
RAT_0012020,CUST_000821,TMDB_M_122,2,2025-11-17
RAT_0012021,CUST_000821,TMDB_M_12445,2,2025-02-23
RAT_0012022,CUST_000821,TMDB_M_1290821,3,2025-10-17
RAT_0012023,CUST_000821,TMDB_M_1297842,2,2024-08-10
RAT_0012024,CUST_000821,TMDB_M_1316092,3,2026-04-11
RAT_0012025,CUST_000821,TMDB_M_1381216,3,2026-04-09
RAT_0012026,CUST_000821,TMDB_M_205596,4,2026-04-01
RAT_0012027,CUST_000821,TMDB_M_22,4,2025-09-21
RAT_0012028,CUST_000821,TMDB_M_278,2,2025-01-31
RAT_0012029,CUST_000821,TMDB_M_381288,4,2025-02-18
RAT_0012030,CUST_000821,TMDB_M_62,4,2025-02-28
RAT_0012031,CUST_000821,TMDB_M_8358,2,2025-09-23
RAT_0012032,CUST_000821,TMDB_M_967,5,2026-04-08
RAT_0012033,CUST_000821,TMDB_M_969681,1,2024-12-26
RAT_0012034,CUST_000821,TMDB_M_982843,5,2025-03-24
RAT_0012035,CUST_000821,TMDB_T_1402,3,2025-01-13
RAT_0012036,CUST_000821,TMDB_T_1411,5,2025-03-29
RAT_0012037,CUST_000821,TMDB_T_76479,2,2025-02-20
RAT_0012038,CUST_000822,TMDB_M_107257,4,2025-09-19
RAT_0012039,CUST_000822,TMDB_M_1424965,3,2025-12-03
RAT_0012040,CUST_000822,TMDB_M_1641319,3,2026-01-27
RAT_0012041,CUST_000822,TMDB_M_207,4,2026-01-10
RAT_0012042,CUST_000822,TMDB_M_490132,3,2026-02-27
RAT_0012043,CUST_000822,TMDB_M_510,2,2025-06-15
RAT_0012044,CUST_000822,TMDB_T_108978,4,2025-12-14
RAT_0012045,CUST_000822,TMDB_T_13945,2,2025-05-18
RAT_0012046,CUST_000822,TMDB_T_1400,3,2025-04-22
RAT_0012047,CUST_000822,TMDB_T_1402,1,2025-09-13
RAT_0012048,CUST_000822,TMDB_T_1412,4,2025-06-03
RAT_0012049,CUST_000822,TMDB_T_1416,2,2025-03-30
RAT_0012050,CUST_000822,TMDB_T_1620,3,2026-01-07
RAT_0012051,CUST_000822,TMDB_T_1695,3,2025-05-31
RAT_0012052,CUST_000822,TMDB_T_17610,3,2026-02-16
RAT_0012053,CUST_000822,TMDB_T_19530,4,2026-04-01
RAT_0012054,CUST_000822,TMDB_T_2171,5,2025-03-21
RAT_0012055,CUST_000822,TMDB_T_2288,2,2026-04-04
RAT_0012056,CUST_000822,TMDB_T_250307,2,2025-05-09
RAT_0012057,CUST_000822,TMDB_T_290856,1,2026-01-14
RAT_0012058,CUST_000822,TMDB_T_3452,2,2025-08-01
RAT_0012059,CUST_000822,TMDB_T_44006,4,2025-09-26
RAT_0012060,CUST_000822,TMDB_T_65733,2,2026-03-30
RAT_0012061,CUST_000822,TMDB_T_67460,3,2025-07-16
RAT_0012062,CUST_000823,TMDB_M_1020969,3,2026-02-23
RAT_0012063,CUST_000823,TMDB_M_1087891,1,2026-03-01
RAT_0012064,CUST_000823,TMDB_M_1171145,3,2026-02-09
RAT_0012065,CUST_000823,TMDB_M_1175942,4,2026-02-15
RAT_0012066,CUST_000823,TMDB_M_120,2,2025-12-30
RAT_0012067,CUST_000823,TMDB_M_19404,4,2026-02-26
RAT_0012068,CUST_000823,TMDB_M_285,1,2026-02-16
RAT_0012069,CUST_000823,TMDB_M_330457,3,2025-12-18
RAT_0012070,CUST_000823,TMDB_M_447273,4,2026-03-23
RAT_0012071,CUST_000823,TMDB_M_637649,3,2026-03-05
RAT_0012072,CUST_000823,TMDB_M_7451,3,2026-01-19
RAT_0012073,CUST_000823,TMDB_M_941109,4,2026-03-18
RAT_0012074,CUST_000823,TMDB_T_100088,3,2025-12-28
RAT_0012075,CUST_000823,TMDB_T_10534,1,2026-04-09
RAT_0012076,CUST_000823,TMDB_T_1408,5,2026-03-07
RAT_0012077,CUST_000823,TMDB_T_1622,4,2026-01-25
RAT_0012078,CUST_000823,TMDB_T_2661,1,2026-01-13
RAT_0012079,CUST_000823,TMDB_T_32415,5,2026-04-06
RAT_0012080,CUST_000823,TMDB_T_456,5,2026-02-13
RAT_0012081,CUST_000823,TMDB_T_4604,3,2026-03-11
RAT_0012082,CUST_000823,TMDB_T_60574,3,2026-02-26
RAT_0012083,CUST_000823,TMDB_T_76479,3,2026-03-07
RAT_0012084,CUST_000824,TMDB_M_1061474,2,2025-02-07
RAT_0012085,CUST_000824,TMDB_M_1381027,4,2025-02-14
RAT_0012086,CUST_000824,TMDB_M_1653994,1,2025-03-22
RAT_0012087,CUST_000824,TMDB_M_28322,2,2024-12-03
RAT_0012088,CUST_000824,TMDB_M_290098,1,2025-04-04
RAT_0012089,CUST_000824,TMDB_M_687163,4,2025-01-30
RAT_0012090,CUST_000824,TMDB_M_876566,1,2025-03-26
RAT_0012091,CUST_000824,TMDB_M_967,3,2025-04-17
RAT_0012092,CUST_000824,TMDB_T_1412,3,2025-02-07
RAT_0012093,CUST_000824,TMDB_T_19530,2,2025-03-17
RAT_0012094,CUST_000824,TMDB_T_2171,2,2025-03-29
RAT_0012095,CUST_000824,TMDB_T_35007,4,2025-03-31
RAT_0012096,CUST_000824,TMDB_T_63174,3,2025-03-05
RAT_0012097,CUST_000824,TMDB_T_94722,2,2025-04-05
RAT_0012098,CUST_000825,TMDB_M_1266990,4,2026-04-07
RAT_0012099,CUST_000825,TMDB_M_1584215,1,2026-03-15
RAT_0012100,CUST_000825,TMDB_M_1726,2,2026-03-26
RAT_0012101,CUST_000825,TMDB_M_198663,3,2026-04-03
RAT_0012102,CUST_000825,TMDB_M_228150,4,2025-12-25
RAT_0012103,CUST_000825,TMDB_M_575265,3,2026-02-13
RAT_0012104,CUST_000825,TMDB_M_58008,2,2026-04-04
RAT_0012105,CUST_000825,TMDB_T_124364,5,2026-02-26
RAT_0012106,CUST_000825,TMDB_T_1396,2,2026-03-29
RAT_0012107,CUST_000825,TMDB_T_2224,3,2026-03-12
RAT_0012108,CUST_000825,TMDB_T_33238,2,2026-02-22
RAT_0012109,CUST_000825,TMDB_T_8962,3,2026-03-22
RAT_0012110,CUST_000826,TMDB_M_1159831,2,2025-09-03
RAT_0012111,CUST_000826,TMDB_M_1336770,3,2026-04-03
RAT_0012112,CUST_000826,TMDB_M_19995,2,2025-02-22
RAT_0012113,CUST_000826,TMDB_M_286217,1,2026-02-19
RAT_0012114,CUST_000826,TMDB_M_315162,4,2025-04-30
RAT_0012115,CUST_000826,TMDB_M_628847,1,2024-09-30
RAT_0012116,CUST_000826,TMDB_M_665,2,2026-01-06
RAT_0012117,CUST_000826,TMDB_T_119051,5,2025-01-31
RAT_0012118,CUST_000826,TMDB_T_1399,3,2025-06-27
RAT_0012119,CUST_000826,TMDB_T_195670,2,2025-11-01
RAT_0012120,CUST_000826,TMDB_T_2224,5,2025-04-06
RAT_0012121,CUST_000826,TMDB_T_34524,2,2025-07-22
RAT_0012122,CUST_000826,TMDB_T_4177,3,2026-04-04
RAT_0012123,CUST_000826,TMDB_T_48866,5,2025-12-29
RAT_0012124,CUST_000826,TMDB_T_66732,3,2025-05-29
RAT_0012125,CUST_000826,TMDB_T_73586,3,2026-03-02
RAT_0012126,CUST_000826,TMDB_T_78191,4,2025-11-03
RAT_0012127,CUST_000827,TMDB_M_1290821,3,2026-01-01
RAT_0012128,CUST_000827,TMDB_M_1336770,4,2026-02-06
RAT_0012129,CUST_000827,TMDB_M_228150,4,2026-03-20
RAT_0012130,CUST_000827,TMDB_M_259694,4,2025-10-19
RAT_0012131,CUST_000827,TMDB_M_447273,4,2025-12-03
RAT_0012132,CUST_000827,TMDB_M_687163,2,2026-03-10
RAT_0012133,CUST_000827,TMDB_T_108978,4,2025-12-03
RAT_0012134,CUST_000827,TMDB_T_17610,3,2026-04-11
RAT_0012135,CUST_000827,TMDB_T_2288,4,2026-02-11
RAT_0012136,CUST_000827,TMDB_T_2661,5,2025-11-20
RAT_0012137,CUST_000827,TMDB_T_30984,4,2026-04-05
RAT_0012138,CUST_000827,TMDB_T_3452,3,2026-03-08
RAT_0012139,CUST_000827,TMDB_T_37854,3,2025-10-20
RAT_0012140,CUST_000827,TMDB_T_44217,4,2026-04-01
RAT_0012141,CUST_000827,TMDB_T_65733,5,2026-02-19
RAT_0012142,CUST_000827,TMDB_T_76479,2,2025-10-06
RAT_0012143,CUST_000827,TMDB_T_873,5,2025-12-08
RAT_0012144,CUST_000827,TMDB_T_94722,2,2026-04-05
RAT_0012145,CUST_000828,TMDB_M_1072699,1,2026-01-16
RAT_0012146,CUST_000828,TMDB_M_1248226,2,2026-03-27
RAT_0012147,CUST_000828,TMDB_M_1462146,2,2026-01-28
RAT_0012148,CUST_000828,TMDB_M_1523145,4,2026-01-23
RAT_0012149,CUST_000828,TMDB_M_1584215,3,2026-03-18
RAT_0012150,CUST_000828,TMDB_M_429,2,2026-04-06
RAT_0012151,CUST_000828,TMDB_M_575265,2,2026-01-23
RAT_0012152,CUST_000828,TMDB_T_1421,4,2026-02-05
RAT_0012153,CUST_000828,TMDB_T_2122,5,2026-04-06
RAT_0012154,CUST_000828,TMDB_T_65942,2,2026-01-24
RAT_0012155,CUST_000828,TMDB_T_73586,2,2026-03-10
RAT_0012156,CUST_000828,TMDB_T_75219,2,2026-01-30
RAT_0012157,CUST_000829,TMDB_M_1003596,2,2026-03-21
RAT_0012158,CUST_000829,TMDB_M_1010581,2,2025-02-08
RAT_0012159,CUST_000829,TMDB_M_1236153,3,2025-11-12
RAT_0012160,CUST_000829,TMDB_M_1252037,3,2025-09-11
RAT_0012161,CUST_000829,TMDB_M_286217,4,2025-09-30
RAT_0012162,CUST_000829,TMDB_M_68721,4,2025-06-14
RAT_0012163,CUST_000829,TMDB_T_1431,2,2025-03-28
RAT_0012164,CUST_000829,TMDB_T_279471,2,2025-09-27
RAT_0012165,CUST_000829,TMDB_T_34307,1,2025-12-24
RAT_0012166,CUST_000829,TMDB_T_35007,5,2026-03-23
RAT_0012167,CUST_000829,TMDB_T_4607,5,2026-03-16
RAT_0012168,CUST_000829,TMDB_T_72517,5,2026-03-07
RAT_0012169,CUST_000831,TMDB_M_1234731,4,2025-07-31
RAT_0012170,CUST_000831,TMDB_M_49051,2,2025-07-31
RAT_0012171,CUST_000832,TMDB_M_1297454,4,2026-03-04
RAT_0012172,CUST_000832,TMDB_M_1316092,2,2025-11-27
RAT_0012173,CUST_000832,TMDB_M_1367642,4,2026-03-06
RAT_0012174,CUST_000832,TMDB_M_1523145,3,2026-01-31
RAT_0012175,CUST_000832,TMDB_M_1641319,2,2025-06-16
RAT_0012176,CUST_000832,TMDB_M_1650558,4,2025-03-21
RAT_0012177,CUST_000832,TMDB_M_238,4,2025-05-26
RAT_0012178,CUST_000832,TMDB_M_414906,2,2026-03-22
RAT_0012179,CUST_000832,TMDB_T_1434,4,2025-06-17
RAT_0012180,CUST_000832,TMDB_T_37680,4,2025-12-02
RAT_0012181,CUST_000832,TMDB_T_4057,2,2025-09-30
RAT_0012182,CUST_000832,TMDB_T_45790,4,2025-08-26
RAT_0012183,CUST_000832,TMDB_T_4656,3,2026-03-28
RAT_0012184,CUST_000832,TMDB_T_60059,2,2025-04-25
RAT_0012185,CUST_000832,TMDB_T_61818,5,2025-03-21
RAT_0012186,CUST_000832,TMDB_T_71494,4,2026-01-03
RAT_0012187,CUST_000833,TMDB_M_12444,3,2025-09-21
RAT_0012188,CUST_000833,TMDB_M_128,2,2024-12-08
RAT_0012189,CUST_000833,TMDB_M_1419406,2,2025-02-10
RAT_0012190,CUST_000833,TMDB_M_1523145,1,2025-01-27
RAT_0012191,CUST_000833,TMDB_M_285,2,2025-09-18
RAT_0012192,CUST_000833,TMDB_M_671,5,2025-10-31
RAT_0012193,CUST_000833,TMDB_M_673,4,2025-09-03
RAT_0012194,CUST_000833,TMDB_M_76341,4,2026-02-11
RAT_0012195,CUST_000833,TMDB_M_98477,3,2026-02-15
RAT_0012196,CUST_000833,TMDB_T_124364,3,2025-05-12
RAT_0012197,CUST_000833,TMDB_T_1855,3,2026-03-10
RAT_0012198,CUST_000833,TMDB_T_220150,1,2025-07-07
RAT_0012199,CUST_000833,TMDB_T_278275,2,2025-12-07
RAT_0012200,CUST_000833,TMDB_T_32692,4,2025-10-26
RAT_0012201,CUST_000833,TMDB_T_4601,3,2026-02-27
RAT_0012202,CUST_000833,TMDB_T_60735,4,2026-01-26
RAT_0012203,CUST_000833,TMDB_T_70672,3,2024-10-19
RAT_0012204,CUST_000833,TMDB_T_790,3,2025-07-05
RAT_0012205,CUST_000834,TMDB_M_1022789,1,2025-11-13
RAT_0012206,CUST_000834,TMDB_M_1235877,5,2025-12-17
RAT_0012207,CUST_000834,TMDB_M_1306368,2,2026-02-21
RAT_0012208,CUST_000834,TMDB_M_1357633,5,2025-11-08
RAT_0012209,CUST_000834,TMDB_M_1462146,4,2026-04-07
RAT_0012210,CUST_000834,TMDB_M_1470130,2,2026-04-03
RAT_0012211,CUST_000834,TMDB_M_28975,4,2025-12-16
RAT_0012212,CUST_000834,TMDB_M_541671,4,2026-02-19
RAT_0012213,CUST_000834,TMDB_M_607,4,2025-08-16
RAT_0012214,CUST_000834,TMDB_T_1981,2,2025-10-22
RAT_0012215,CUST_000834,TMDB_T_33238,3,2025-08-11
RAT_0012216,CUST_000834,TMDB_T_4656,5,2026-03-07
RAT_0012217,CUST_000834,TMDB_T_59941,2,2026-01-03
RAT_0012218,CUST_000834,TMDB_T_6836,4,2025-11-10
RAT_0012219,CUST_000834,TMDB_T_76479,2,2026-01-23
RAT_0012220,CUST_000834,TMDB_T_98031,3,2025-11-07
RAT_0012221,CUST_000835,TMDB_M_1019420,2,2025-09-05
RAT_0012222,CUST_000835,TMDB_M_11036,1,2025-12-20
RAT_0012223,CUST_000835,TMDB_M_1193501,1,2025-02-01
RAT_0012224,CUST_000835,TMDB_M_1316092,4,2025-10-01
RAT_0012225,CUST_000835,TMDB_M_1325734,4,2026-03-24
RAT_0012226,CUST_000835,TMDB_M_348,4,2026-01-14
RAT_0012227,CUST_000835,TMDB_M_58,3,2025-05-26
RAT_0012228,CUST_000835,TMDB_T_1415,2,2024-12-10
RAT_0012229,CUST_000835,TMDB_T_42009,2,2025-12-12
RAT_0012230,CUST_000835,TMDB_T_4656,5,2025-11-11
RAT_0012231,CUST_000835,TMDB_T_60574,1,2025-03-05
RAT_0012232,CUST_000835,TMDB_T_71494,5,2025-06-06
RAT_0012233,CUST_000836,TMDB_M_156022,3,2025-08-13
RAT_0012234,CUST_000836,TMDB_M_479197,5,2026-02-08
RAT_0012235,CUST_000836,TMDB_M_517302,4,2025-05-02
RAT_0012236,CUST_000836,TMDB_M_803796,5,2025-10-27
RAT_0012237,CUST_000836,TMDB_M_807,3,2025-09-24
RAT_0012238,CUST_000836,TMDB_M_967941,2,2025-02-15
RAT_0012239,CUST_000836,TMDB_T_1409,2,2025-10-17
RAT_0012240,CUST_000836,TMDB_T_30984,4,2026-04-05
RAT_0012241,CUST_000836,TMDB_T_32692,5,2026-01-22
RAT_0012242,CUST_000836,TMDB_T_549,3,2026-03-05
RAT_0012243,CUST_000836,TMDB_T_60622,5,2025-10-16
RAT_0012244,CUST_000836,TMDB_T_66732,3,2025-09-17
RAT_0012245,CUST_000836,TMDB_T_71790,4,2025-03-05
RAT_0012246,CUST_000836,TMDB_T_790,3,2025-03-23
RAT_0012247,CUST_000837,TMDB_M_1175942,5,2026-03-22
RAT_0012248,CUST_000837,TMDB_M_1226863,2,2025-12-15
RAT_0012249,CUST_000837,TMDB_M_1424965,3,2025-12-24
RAT_0012250,CUST_000837,TMDB_M_405746,4,2025-11-01
RAT_0012251,CUST_000837,TMDB_M_447273,5,2026-03-30
RAT_0012252,CUST_000837,TMDB_T_127529,4,2026-01-28
RAT_0012253,CUST_000837,TMDB_T_1622,4,2026-03-30
RAT_0012254,CUST_000837,TMDB_T_4057,4,2026-02-22
RAT_0012255,CUST_000838,TMDB_M_1159831,1,2026-04-09
RAT_0012256,CUST_000838,TMDB_T_1402,2,2026-04-02
RAT_0012257,CUST_000838,TMDB_T_20111,3,2026-04-01
RAT_0012258,CUST_000838,TMDB_T_2288,5,2026-04-07
RAT_0012259,CUST_000838,TMDB_T_237020,2,2026-03-29
RAT_0012260,CUST_000838,TMDB_T_44217,2,2026-03-21
RAT_0012261,CUST_000838,TMDB_T_46260,1,2026-04-03
RAT_0012262,CUST_000838,TMDB_T_67460,2,2026-04-10
RAT_0012263,CUST_000838,TMDB_T_78191,4,2026-04-09
RAT_0012264,CUST_000838,TMDB_T_790,5,2026-03-24
RAT_0012265,CUST_000839,TMDB_M_1049471,4,2025-11-04
RAT_0012266,CUST_000839,TMDB_M_1084242,3,2025-09-11
RAT_0012267,CUST_000839,TMDB_M_11,3,2025-09-20
RAT_0012268,CUST_000839,TMDB_M_1115544,4,2025-09-24
RAT_0012269,CUST_000839,TMDB_M_1156593,4,2025-11-10
RAT_0012270,CUST_000839,TMDB_M_1171145,2,2025-07-20
RAT_0012271,CUST_000839,TMDB_M_1214931,4,2026-03-22
RAT_0012272,CUST_000839,TMDB_M_1658214,3,2025-06-22
RAT_0012273,CUST_000839,TMDB_M_1865,5,2025-04-19
RAT_0012274,CUST_000839,TMDB_M_18988,4,2026-04-01
RAT_0012275,CUST_000839,TMDB_M_205596,3,2026-04-11
RAT_0012276,CUST_000839,TMDB_M_22,3,2025-04-15
RAT_0012277,CUST_000839,TMDB_M_2288,5,2025-08-20
RAT_0012278,CUST_000839,TMDB_M_285,3,2025-11-04
RAT_0012279,CUST_000839,TMDB_M_4232,4,2025-11-03
RAT_0012280,CUST_000839,TMDB_M_425274,5,2025-05-26
RAT_0012281,CUST_000839,TMDB_M_49051,5,2025-06-06
RAT_0012282,CUST_000839,TMDB_M_598,3,2026-04-08
RAT_0012283,CUST_000839,TMDB_M_615,5,2025-05-28
RAT_0012284,CUST_000839,TMDB_M_8358,4,2025-05-29
RAT_0012285,CUST_000839,TMDB_M_857,5,2025-07-01
RAT_0012286,CUST_000839,TMDB_T_110075,4,2026-02-02
RAT_0012287,CUST_000839,TMDB_T_2734,4,2025-10-03
RAT_0012288,CUST_000839,TMDB_T_289219,3,2025-09-28
RAT_0012289,CUST_000839,TMDB_T_63174,4,2026-03-29
RAT_0012290,CUST_000839,TMDB_T_65503,3,2025-12-24
RAT_0012291,CUST_000839,TMDB_T_68350,5,2025-12-26
RAT_0012292,CUST_000839,TMDB_T_73586,4,2025-09-19
RAT_0012293,CUST_000840,TMDB_M_1245347,2,2025-10-14
RAT_0012294,CUST_000840,TMDB_M_1424965,3,2025-10-14
RAT_0012295,CUST_000840,TMDB_M_447365,2,2025-10-20
RAT_0012296,CUST_000840,TMDB_M_83533,3,2025-09-08
RAT_0012297,CUST_000840,TMDB_M_936075,3,2025-11-23
RAT_0012298,CUST_000840,TMDB_T_1400,2,2025-10-15
RAT_0012299,CUST_000840,TMDB_T_33238,2,2025-10-20
RAT_0012300,CUST_000840,TMDB_T_4656,3,2025-11-07
RAT_0012301,CUST_000840,TMDB_T_48866,2,2025-11-18
RAT_0012302,CUST_000840,TMDB_T_5092,5,2025-07-09
RAT_0012303,CUST_000840,TMDB_T_70672,3,2025-11-20
RAT_0012304,CUST_000840,TMDB_T_764,1,2025-10-07
RAT_0012305,CUST_000841,TMDB_M_10191,4,2026-03-14
RAT_0012306,CUST_000841,TMDB_M_1087192,3,2026-03-30
RAT_0012307,CUST_000841,TMDB_M_1311031,3,2026-01-02
RAT_0012308,CUST_000841,TMDB_M_1327862,1,2026-04-03
RAT_0012309,CUST_000841,TMDB_M_1462146,5,2026-04-05
RAT_0012310,CUST_000841,TMDB_T_124364,3,2026-02-20
RAT_0012311,CUST_000841,TMDB_T_19530,5,2026-01-27
RAT_0012312,CUST_000841,TMDB_T_4588,3,2026-04-01
RAT_0012313,CUST_000841,TMDB_T_48866,3,2026-01-19
RAT_0012314,CUST_000842,TMDB_M_10681,4,2025-12-29
RAT_0012315,CUST_000842,TMDB_M_1084242,5,2025-10-14
RAT_0012316,CUST_000842,TMDB_M_1115544,1,2025-10-28
RAT_0012317,CUST_000842,TMDB_M_1252037,3,2026-04-03
RAT_0012318,CUST_000842,TMDB_M_1306368,2,2026-03-17
RAT_0012319,CUST_000842,TMDB_M_1523145,5,2025-07-29
RAT_0012320,CUST_000842,TMDB_M_337404,4,2025-12-16
RAT_0012321,CUST_000842,TMDB_M_809,4,2025-09-19
RAT_0012322,CUST_000842,TMDB_M_967,3,2025-07-17
RAT_0012323,CUST_000842,TMDB_T_100088,1,2026-02-18
RAT_0012324,CUST_000842,TMDB_T_114478,2,2026-03-14
RAT_0012325,CUST_000842,TMDB_T_120089,4,2025-08-25
RAT_0012326,CUST_000842,TMDB_T_14981,1,2025-08-31
RAT_0012327,CUST_000842,TMDB_T_154770,3,2025-09-30
RAT_0012328,CUST_000842,TMDB_T_209867,2,2025-04-08
RAT_0012329,CUST_000842,TMDB_T_33238,1,2026-03-18
RAT_0012330,CUST_000842,TMDB_T_33765,1,2025-02-26
RAT_0012331,CUST_000842,TMDB_T_39351,4,2025-05-19
RAT_0012332,CUST_000842,TMDB_T_40663,2,2025-03-01
RAT_0012333,CUST_000842,TMDB_T_5092,2,2025-02-06
RAT_0012334,CUST_000842,TMDB_T_60625,2,2025-12-08
RAT_0012335,CUST_000842,TMDB_T_95557,3,2025-09-29
RAT_0012336,CUST_000843,TMDB_M_4232,1,2025-12-07
RAT_0012337,CUST_000843,TMDB_M_508947,4,2026-01-27
RAT_0012338,CUST_000843,TMDB_T_1399,3,2026-01-12
RAT_0012339,CUST_000843,TMDB_T_14981,3,2025-11-28
RAT_0012340,CUST_000843,TMDB_T_202555,3,2025-11-17
RAT_0012341,CUST_000843,TMDB_T_220150,5,2026-04-05
RAT_0012342,CUST_000843,TMDB_T_4656,4,2026-02-22
RAT_0012343,CUST_000843,TMDB_T_48866,5,2026-04-06
RAT_0012344,CUST_000843,TMDB_T_5092,5,2026-04-11
RAT_0012345,CUST_000843,TMDB_T_60572,4,2026-02-05
RAT_0012346,CUST_000843,TMDB_T_70672,5,2026-02-03
RAT_0012347,CUST_000843,TMDB_T_71494,3,2026-02-02
RAT_0012348,CUST_000843,TMDB_T_76479,3,2026-01-16
RAT_0012349,CUST_000844,TMDB_M_1007734,4,2026-02-24
RAT_0012350,CUST_000844,TMDB_M_101,5,2025-09-27
RAT_0012351,CUST_000844,TMDB_M_1022787,5,2025-06-28
RAT_0012352,CUST_000844,TMDB_M_10681,5,2025-12-12
RAT_0012353,CUST_000844,TMDB_M_1234821,4,2025-09-14
RAT_0012354,CUST_000844,TMDB_M_1242501,3,2025-04-18
RAT_0012355,CUST_000844,TMDB_M_1387382,5,2025-02-08
RAT_0012356,CUST_000844,TMDB_M_1480382,5,2025-05-26
RAT_0012357,CUST_000844,TMDB_M_1572073,4,2024-11-05
RAT_0012358,CUST_000844,TMDB_M_19995,4,2025-11-14
RAT_0012359,CUST_000844,TMDB_M_24,4,2026-01-01
RAT_0012360,CUST_000844,TMDB_M_807,5,2025-05-07
RAT_0012361,CUST_000844,TMDB_T_128318,3,2026-03-02
RAT_0012362,CUST_000844,TMDB_T_1433,4,2025-01-19
RAT_0012363,CUST_000844,TMDB_T_19530,5,2026-03-29
RAT_0012364,CUST_000844,TMDB_T_2004,3,2025-01-15
RAT_0012365,CUST_000844,TMDB_T_291,4,2026-02-13
RAT_0012366,CUST_000844,TMDB_T_33765,5,2025-12-31
RAT_0012367,CUST_000844,TMDB_T_456,5,2025-08-08
RAT_0012368,CUST_000844,TMDB_T_60622,3,2025-01-20
RAT_0012369,CUST_000844,TMDB_T_95557,4,2025-06-27
RAT_0012370,CUST_000845,TMDB_M_1011985,3,2026-01-09
RAT_0012371,CUST_000845,TMDB_M_11324,1,2026-03-23
RAT_0012372,CUST_000845,TMDB_M_1241982,1,2026-03-12
RAT_0012373,CUST_000845,TMDB_M_1327819,2,2026-03-13
RAT_0012374,CUST_000845,TMDB_M_1497970,2,2026-03-09
RAT_0012375,CUST_000845,TMDB_M_152742,4,2026-01-04
RAT_0012376,CUST_000845,TMDB_M_1600672,2,2026-03-16
RAT_0012377,CUST_000845,TMDB_M_207,2,2026-02-22
RAT_0012378,CUST_000845,TMDB_M_272,3,2026-01-30
RAT_0012379,CUST_000845,TMDB_M_359410,2,2026-03-03
RAT_0012380,CUST_000845,TMDB_M_823219,3,2026-03-21
RAT_0012381,CUST_000845,TMDB_T_1403,3,2026-01-29
RAT_0012382,CUST_000845,TMDB_T_1421,4,2025-11-06
RAT_0012383,CUST_000845,TMDB_T_1435,2,2026-03-11
RAT_0012384,CUST_000845,TMDB_T_2004,5,2026-02-04
RAT_0012385,CUST_000845,TMDB_T_2190,5,2025-12-19
RAT_0012386,CUST_000845,TMDB_T_241609,3,2025-12-23
RAT_0012387,CUST_000845,TMDB_T_279388,2,2025-12-19
RAT_0012388,CUST_000845,TMDB_T_46260,4,2026-02-03
RAT_0012389,CUST_000845,TMDB_T_73586,3,2026-03-14
RAT_0012390,CUST_000846,TMDB_M_1523145,5,2025-06-23
RAT_0012391,CUST_000846,TMDB_M_429,5,2026-01-19
RAT_0012392,CUST_000846,TMDB_M_617126,3,2026-02-24
RAT_0012393,CUST_000846,TMDB_M_687163,3,2025-11-17
RAT_0012394,CUST_000846,TMDB_T_209867,5,2026-04-03
RAT_0012395,CUST_000846,TMDB_T_4614,4,2026-02-14
RAT_0012396,CUST_000846,TMDB_T_73586,4,2026-02-20
RAT_0012397,CUST_000847,TMDB_M_1066313,1,2025-04-15
RAT_0012398,CUST_000847,TMDB_M_1214931,2,2025-10-05
RAT_0012399,CUST_000847,TMDB_M_1266990,4,2026-02-07
RAT_0012400,CUST_000847,TMDB_M_389677,2,2025-02-24
RAT_0012401,CUST_000847,TMDB_M_493125,1,2025-05-22
RAT_0012402,CUST_000847,TMDB_M_665,3,2025-11-12
RAT_0012403,CUST_000847,TMDB_M_967,2,2026-04-08
RAT_0012404,CUST_000847,TMDB_T_15260,1,2025-03-11
RAT_0012405,CUST_000847,TMDB_T_4656,2,2026-01-13
RAT_0012406,CUST_000847,TMDB_T_71494,2,2025-10-16
RAT_0012407,CUST_000847,TMDB_T_94722,3,2025-09-11
RAT_0012408,CUST_000848,TMDB_M_10193,4,2025-06-25
RAT_0012409,CUST_000848,TMDB_M_1019420,5,2025-11-30
RAT_0012410,CUST_000848,TMDB_M_11036,2,2024-12-10
RAT_0012411,CUST_000848,TMDB_M_1291335,3,2026-01-19
RAT_0012412,CUST_000848,TMDB_M_1317672,5,2026-04-02
RAT_0012413,CUST_000848,TMDB_M_1325734,4,2025-11-06
RAT_0012414,CUST_000848,TMDB_M_1336770,4,2025-09-16
RAT_0012415,CUST_000848,TMDB_M_603,4,2025-02-15
RAT_0012416,CUST_000848,TMDB_M_641284,4,2025-09-11
RAT_0012417,CUST_000848,TMDB_T_100088,4,2026-01-18
RAT_0012418,CUST_000848,TMDB_T_1431,3,2025-12-04
RAT_0012419,CUST_000848,TMDB_T_2190,4,2025-05-10
RAT_0012420,CUST_000849,TMDB_M_1234731,2,2025-08-28
RAT_0012421,CUST_000849,TMDB_M_12444,2,2025-08-20
RAT_0012422,CUST_000849,TMDB_M_1292695,3,2025-03-16
RAT_0012423,CUST_000849,TMDB_M_1327819,4,2026-02-27
RAT_0012424,CUST_000849,TMDB_M_177572,5,2025-01-18
RAT_0012425,CUST_000849,TMDB_M_389677,5,2025-11-19
RAT_0012426,CUST_000849,TMDB_M_429,3,2026-03-15
RAT_0012427,CUST_000849,TMDB_M_564,3,2026-04-03
RAT_0012428,CUST_000849,TMDB_M_950387,2,2025-10-11
RAT_0012429,CUST_000849,TMDB_T_10534,3,2025-02-14
RAT_0012430,CUST_000849,TMDB_T_1403,3,2024-10-09
RAT_0012431,CUST_000849,TMDB_T_1408,4,2026-03-08
RAT_0012432,CUST_000849,TMDB_T_1411,3,2026-02-26
RAT_0012433,CUST_000849,TMDB_T_1434,5,2026-01-10
RAT_0012434,CUST_000849,TMDB_T_4601,3,2025-10-08
RAT_0012435,CUST_000849,TMDB_T_60622,5,2025-09-04
RAT_0012436,CUST_000850,TMDB_M_1015606,3,2026-02-20
RAT_0012437,CUST_000850,TMDB_M_1084187,3,2026-04-04
RAT_0012438,CUST_000850,TMDB_M_1192548,5,2026-03-13
RAT_0012439,CUST_000850,TMDB_M_1265609,3,2026-03-05
RAT_0012440,CUST_000850,TMDB_M_1430,3,2026-04-07
RAT_0012441,CUST_000850,TMDB_M_1539104,4,2026-02-19
RAT_0012442,CUST_000850,TMDB_M_156022,2,2026-03-17
RAT_0012443,CUST_000850,TMDB_M_475557,4,2026-01-19
RAT_0012444,CUST_000850,TMDB_M_637649,2,2026-03-31
RAT_0012445,CUST_000850,TMDB_M_680,3,2026-03-07
RAT_0012446,CUST_000850,TMDB_M_755898,1,2026-04-11
RAT_0012447,CUST_000850,TMDB_M_876566,3,2026-03-28
RAT_0012448,CUST_000850,TMDB_M_985939,4,2026-03-11
RAT_0012449,CUST_000850,TMDB_T_119051,5,2026-04-07
RAT_0012450,CUST_000850,TMDB_T_1411,2,2026-02-05
RAT_0012451,CUST_000850,TMDB_T_2661,3,2026-03-24
RAT_0012452,CUST_000850,TMDB_T_285469,2,2026-04-08
RAT_0012453,CUST_000850,TMDB_T_3562,2,2026-04-07
RAT_0012454,CUST_000850,TMDB_T_4087,1,2026-01-28
RAT_0012455,CUST_000850,TMDB_T_42009,4,2026-01-30
RAT_0012456,CUST_000850,TMDB_T_4607,1,2026-03-08
RAT_0012457,CUST_000850,TMDB_T_60622,4,2026-04-08
RAT_0012458,CUST_000851,TMDB_M_1003596,4,2025-09-28
RAT_0012459,CUST_000851,TMDB_M_1020969,3,2026-03-20
RAT_0012460,CUST_000851,TMDB_M_1290417,3,2025-12-30
RAT_0012461,CUST_000851,TMDB_M_1381027,5,2026-02-23
RAT_0012462,CUST_000851,TMDB_M_1403735,3,2026-01-22
RAT_0012463,CUST_000851,TMDB_M_156022,3,2026-02-26
RAT_0012464,CUST_000851,TMDB_M_1572073,3,2025-09-15
RAT_0012465,CUST_000851,TMDB_M_1630433,4,2026-03-02
RAT_0012466,CUST_000851,TMDB_M_28322,4,2025-12-15
RAT_0012467,CUST_000851,TMDB_M_361743,4,2025-09-30
RAT_0012468,CUST_000851,TMDB_M_412117,4,2026-03-22
RAT_0012469,CUST_000851,TMDB_M_519182,2,2026-04-04
RAT_0012470,CUST_000851,TMDB_M_950387,4,2026-03-28
RAT_0012471,CUST_000851,TMDB_M_985939,1,2025-10-01
RAT_0012472,CUST_000851,TMDB_T_1431,4,2026-02-21
RAT_0012473,CUST_000851,TMDB_T_278275,4,2026-01-28
RAT_0012474,CUST_000851,TMDB_T_284058,1,2025-09-22
RAT_0012475,CUST_000851,TMDB_T_289219,3,2026-03-11
RAT_0012476,CUST_000851,TMDB_T_33238,3,2026-01-16
RAT_0012477,CUST_000851,TMDB_T_57532,3,2026-03-29
RAT_0012478,CUST_000852,TMDB_M_1171145,4,2026-03-31
RAT_0012479,CUST_000852,TMDB_M_1214931,2,2026-02-12
RAT_0012480,CUST_000852,TMDB_M_1497970,3,2026-04-11
RAT_0012481,CUST_000852,TMDB_M_1523145,4,2026-04-04
RAT_0012482,CUST_000852,TMDB_M_337404,4,2026-02-18
RAT_0012483,CUST_000852,TMDB_M_680493,2,2026-03-19
RAT_0012484,CUST_000852,TMDB_T_154770,3,2026-02-22
RAT_0012485,CUST_000852,TMDB_T_4177,4,2026-03-08
RAT_0012486,CUST_000852,TMDB_T_456,3,2026-02-21
RAT_0012487,CUST_000852,TMDB_T_693,2,2026-02-23
RAT_0012488,CUST_000852,TMDB_T_95557,1,2026-03-19
RAT_0012489,CUST_000853,TMDB_M_1022789,1,2026-02-20
RAT_0012490,CUST_000853,TMDB_M_12,3,2026-03-03
RAT_0012491,CUST_000853,TMDB_M_1228246,4,2026-03-29
RAT_0012492,CUST_000853,TMDB_M_122917,2,2026-02-26
RAT_0012493,CUST_000853,TMDB_M_1426964,4,2026-04-01
RAT_0012494,CUST_000853,TMDB_M_346364,2,2026-02-28
RAT_0012495,CUST_000853,TMDB_M_934433,2,2026-03-23
RAT_0012496,CUST_000853,TMDB_T_110075,3,2026-03-01
RAT_0012497,CUST_000853,TMDB_T_15260,3,2026-02-22
RAT_0012498,CUST_000853,TMDB_T_154770,4,2026-03-09
RAT_0012499,CUST_000853,TMDB_T_283123,3,2026-02-26
RAT_0012500,CUST_000853,TMDB_T_289219,3,2026-03-01
RAT_0012501,CUST_000853,TMDB_T_62223,1,2026-03-10
RAT_0012502,CUST_000853,TMDB_T_65503,4,2026-03-04
RAT_0012503,CUST_000853,TMDB_T_76572,4,2026-04-08
RAT_0012504,CUST_000854,TMDB_M_1078605,4,2026-03-29
RAT_0012505,CUST_000854,TMDB_M_502356,3,2025-11-21
RAT_0012506,CUST_000854,TMDB_M_508947,3,2026-02-18
RAT_0012507,CUST_000854,TMDB_M_646315,5,2026-02-15
RAT_0012508,CUST_000854,TMDB_T_1434,2,2025-12-03
RAT_0012509,CUST_000854,TMDB_T_18165,3,2026-03-05
RAT_0012510,CUST_000854,TMDB_T_2224,4,2026-04-08
RAT_0012511,CUST_000854,TMDB_T_37854,4,2025-12-20
RAT_0012512,CUST_000854,TMDB_T_502,3,2026-04-05
RAT_0012513,CUST_000854,TMDB_T_72517,2,2026-01-12
RAT_0012514,CUST_000854,TMDB_T_790,1,2026-02-07
RAT_0012515,CUST_000854,TMDB_T_94722,4,2026-03-28
RAT_0012516,CUST_000855,TMDB_M_10193,1,2024-08-31
RAT_0012517,CUST_000855,TMDB_M_1276038,2,2024-08-15
RAT_0012518,CUST_000855,TMDB_M_1424965,2,2024-05-18
RAT_0012519,CUST_000855,TMDB_M_238,3,2024-09-19
RAT_0012520,CUST_000855,TMDB_M_244786,2,2024-06-27
RAT_0012521,CUST_000855,TMDB_M_27205,3,2024-09-19
RAT_0012522,CUST_000855,TMDB_M_666277,2,2024-05-11
RAT_0012523,CUST_000855,TMDB_M_858024,1,2024-09-08
RAT_0012524,CUST_000855,TMDB_T_1412,3,2024-08-22
RAT_0012525,CUST_000855,TMDB_T_2004,4,2024-05-10
RAT_0012526,CUST_000855,TMDB_T_202555,1,2024-07-17
RAT_0012527,CUST_000855,TMDB_T_278275,3,2024-05-20
RAT_0012528,CUST_000855,TMDB_T_46260,3,2024-09-11
RAT_0012529,CUST_000855,TMDB_T_46296,2,2024-08-26
RAT_0012530,CUST_000855,TMDB_T_60572,2,2024-09-05
RAT_0012531,CUST_000855,TMDB_T_62650,5,2024-07-29
RAT_0012532,CUST_000855,TMDB_T_68350,2,2024-09-09
RAT_0012533,CUST_000855,TMDB_T_693,1,2024-08-23
RAT_0012534,CUST_000855,TMDB_T_71790,1,2024-09-10
RAT_0012535,CUST_000855,TMDB_T_79744,4,2024-07-28
RAT_0012536,CUST_000856,TMDB_M_1523145,4,2026-01-06
RAT_0012537,CUST_000856,TMDB_M_1646142,2,2026-04-05
RAT_0012538,CUST_000856,TMDB_M_533535,3,2025-10-16
RAT_0012539,CUST_000856,TMDB_T_202411,4,2025-07-08
RAT_0012540,CUST_000856,TMDB_T_32415,2,2025-05-27
RAT_0012541,CUST_000856,TMDB_T_76479,2,2025-12-08
RAT_0012542,CUST_000856,TMDB_T_82873,3,2026-02-22
RAT_0012543,CUST_000857,TMDB_M_1159559,3,2024-11-09
RAT_0012544,CUST_000857,TMDB_M_1336770,3,2024-11-17
RAT_0012545,CUST_000857,TMDB_M_1611398,1,2025-04-22
RAT_0012546,CUST_000857,TMDB_M_1635276,4,2025-10-11
RAT_0012547,CUST_000857,TMDB_M_238,2,2025-06-24
RAT_0012548,CUST_000857,TMDB_M_259694,3,2026-03-31
RAT_0012549,CUST_000857,TMDB_M_466272,3,2025-11-11
RAT_0012550,CUST_000857,TMDB_M_617126,2,2025-06-08
RAT_0012551,CUST_000857,TMDB_M_62029,4,2025-10-18
RAT_0012552,CUST_000857,TMDB_T_1620,3,2025-01-31
RAT_0012553,CUST_000857,TMDB_T_1667,4,2026-03-23
RAT_0012554,CUST_000857,TMDB_T_195670,4,2024-12-12
RAT_0012555,CUST_000857,TMDB_T_2261,3,2025-08-06
RAT_0012556,CUST_000857,TMDB_T_32415,5,2024-11-08
RAT_0012557,CUST_000857,TMDB_T_59941,5,2026-02-20
RAT_0012558,CUST_000857,TMDB_T_61818,4,2026-03-11
RAT_0012559,CUST_000857,TMDB_T_62223,5,2026-01-11
RAT_0012560,CUST_000857,TMDB_T_82873,2,2025-02-08
RAT_0012561,CUST_000858,TMDB_M_1214931,4,2026-03-08
RAT_0012562,CUST_000858,TMDB_M_665,4,2026-03-28
RAT_0012563,CUST_000858,TMDB_M_876566,4,2026-03-15
RAT_0012564,CUST_000858,TMDB_T_1407,4,2026-02-21
RAT_0012565,CUST_000859,TMDB_M_1246049,5,2025-11-07
RAT_0012566,CUST_000859,TMDB_M_1297454,3,2025-08-12
RAT_0012567,CUST_000859,TMDB_M_1305781,5,2025-10-18
RAT_0012568,CUST_000859,TMDB_M_1357633,4,2025-10-10
RAT_0012569,CUST_000859,TMDB_M_1368166,3,2026-04-05
RAT_0012570,CUST_000859,TMDB_M_1487320,2,2025-08-10
RAT_0012571,CUST_000859,TMDB_M_1631917,4,2025-09-19
RAT_0012572,CUST_000859,TMDB_M_228150,4,2026-03-16
RAT_0012573,CUST_000859,TMDB_M_396535,3,2026-02-06
RAT_0012574,CUST_000859,TMDB_M_694,3,2025-09-30
RAT_0012575,CUST_000859,TMDB_M_857,3,2026-04-04
RAT_0012576,CUST_000859,TMDB_T_108978,4,2025-10-19
RAT_0012577,CUST_000859,TMDB_T_1434,2,2025-11-14
RAT_0012578,CUST_000859,TMDB_T_291,3,2026-03-15
RAT_0012579,CUST_000859,TMDB_T_37680,3,2025-11-04
RAT_0012580,CUST_000860,TMDB_M_1218925,1,2026-04-08
RAT_0012581,CUST_000860,TMDB_M_1297454,1,2026-02-20
RAT_0012582,CUST_000860,TMDB_M_1297842,4,2025-11-05
RAT_0012583,CUST_000860,TMDB_M_150540,3,2026-03-12
RAT_0012584,CUST_000860,TMDB_M_1653994,4,2026-02-13
RAT_0012585,CUST_000860,TMDB_M_269149,1,2025-11-16
RAT_0012586,CUST_000860,TMDB_M_285,5,2026-03-18
RAT_0012587,CUST_000860,TMDB_M_863,1,2026-02-04
RAT_0012588,CUST_000860,TMDB_M_953,1,2026-01-15
RAT_0012589,CUST_000860,TMDB_T_112527,3,2026-03-24
RAT_0012590,CUST_000860,TMDB_T_1412,3,2025-12-18
RAT_0012591,CUST_000860,TMDB_T_202555,5,2026-03-17
RAT_0012592,CUST_000860,TMDB_T_35007,5,2026-03-27
RAT_0012593,CUST_000860,TMDB_T_45790,5,2026-03-24
RAT_0012594,CUST_000860,TMDB_T_65503,1,2026-03-20
RAT_0012595,CUST_000860,TMDB_T_66732,2,2026-03-01
RAT_0012596,CUST_000860,TMDB_T_73586,3,2026-04-05
RAT_0012597,CUST_000861,TMDB_M_1015606,5,2026-03-25
RAT_0012598,CUST_000861,TMDB_M_106646,3,2025-11-29
RAT_0012599,CUST_000861,TMDB_M_1234821,3,2025-10-15
RAT_0012600,CUST_000861,TMDB_M_1291608,3,2025-07-05
RAT_0012601,CUST_000861,TMDB_M_1317672,5,2025-07-02
RAT_0012602,CUST_000861,TMDB_M_1419406,5,2026-01-19
RAT_0012603,CUST_000861,TMDB_M_1426297,3,2026-02-26
RAT_0012604,CUST_000861,TMDB_M_207,4,2025-12-17
RAT_0012605,CUST_000861,TMDB_M_615,4,2025-12-28
RAT_0012606,CUST_000861,TMDB_M_941109,2,2025-12-26
RAT_0012607,CUST_000861,TMDB_T_1405,4,2025-11-02
RAT_0012608,CUST_000861,TMDB_T_1409,4,2026-02-02
RAT_0012609,CUST_000861,TMDB_T_2661,3,2025-07-30
RAT_0012610,CUST_000861,TMDB_T_278275,3,2026-04-04
RAT_0012611,CUST_000861,TMDB_T_32798,4,2026-02-18
RAT_0012612,CUST_000861,TMDB_T_4601,5,2025-12-09
RAT_0012613,CUST_000861,TMDB_T_46296,3,2026-03-13
RAT_0012614,CUST_000861,TMDB_T_5920,4,2026-03-06
RAT_0012615,CUST_000861,TMDB_T_60059,3,2025-12-20
RAT_0012616,CUST_000861,TMDB_T_70672,3,2025-11-24
RAT_0012617,CUST_000862,TMDB_M_12,1,2024-11-11
RAT_0012618,CUST_000862,TMDB_M_1234731,2,2025-12-01
RAT_0012619,CUST_000862,TMDB_M_1497970,2,2026-02-26
RAT_0012620,CUST_000862,TMDB_M_1584215,3,2025-04-13
RAT_0012621,CUST_000862,TMDB_M_1635276,3,2026-01-23
RAT_0012622,CUST_000862,TMDB_M_429,4,2026-02-18
RAT_0012623,CUST_000862,TMDB_M_447273,3,2025-01-28
RAT_0012624,CUST_000862,TMDB_M_675,4,2026-03-04
RAT_0012625,CUST_000862,TMDB_M_83533,3,2024-11-20
RAT_0012626,CUST_000862,TMDB_M_858024,3,2025-06-07
RAT_0012627,CUST_000862,TMDB_M_991494,1,2025-11-01
RAT_0012628,CUST_000862,TMDB_T_10534,3,2025-10-05
RAT_0012629,CUST_000862,TMDB_T_1399,2,2025-06-28
RAT_0012630,CUST_000862,TMDB_T_1622,4,2025-01-14
RAT_0012631,CUST_000862,TMDB_T_1911,1,2025-07-15
RAT_0012632,CUST_000862,TMDB_T_4087,2,2025-11-04
RAT_0012633,CUST_000862,TMDB_T_72517,5,2025-08-23
RAT_0012634,CUST_000862,TMDB_T_76479,4,2026-02-01
RAT_0012635,CUST_000863,TMDB_M_1252037,5,2026-06-24
RAT_0012636,CUST_000863,TMDB_M_1523145,4,2026-04-18
RAT_0012637,CUST_000863,TMDB_M_479197,1,2026-06-19
RAT_0012638,CUST_000863,TMDB_M_755898,1,2026-06-20
RAT_0012639,CUST_000863,TMDB_M_840464,3,2026-06-21
RAT_0012640,CUST_000863,TMDB_T_114478,3,2026-04-11
RAT_0012641,CUST_000863,TMDB_T_1622,1,2026-03-27
RAT_0012642,CUST_000863,TMDB_T_290856,4,2026-01-13
RAT_0012643,CUST_000863,TMDB_T_34524,2,2026-06-14
RAT_0012644,CUST_000863,TMDB_T_60572,4,2025-12-31
RAT_0012645,CUST_000864,TMDB_M_1038392,2,2024-11-06
RAT_0012646,CUST_000864,TMDB_M_1058710,4,2025-07-09
RAT_0012647,CUST_000864,TMDB_M_1072699,3,2024-11-19
RAT_0012648,CUST_000864,TMDB_M_1191876,3,2025-01-15
RAT_0012649,CUST_000864,TMDB_M_1197137,3,2025-10-28
RAT_0012650,CUST_000864,TMDB_M_1290417,2,2024-09-19
RAT_0012651,CUST_000864,TMDB_M_1584215,3,2024-10-01
RAT_0012652,CUST_000864,TMDB_M_1641319,3,2025-12-01
RAT_0012653,CUST_000864,TMDB_M_1646142,4,2024-11-11
RAT_0012654,CUST_000864,TMDB_M_646315,1,2026-04-01
RAT_0012655,CUST_000864,TMDB_M_646385,3,2025-07-15
RAT_0012656,CUST_000864,TMDB_M_68721,2,2026-03-10
RAT_0012657,CUST_000864,TMDB_M_911430,4,2025-09-12
RAT_0012658,CUST_000864,TMDB_T_1416,2,2025-04-19
RAT_0012659,CUST_000864,TMDB_T_74561,3,2026-02-23
RAT_0012660,CUST_000865,TMDB_M_1015606,4,2026-02-25
RAT_0012661,CUST_000865,TMDB_M_1078605,3,2025-03-31
RAT_0012662,CUST_000865,TMDB_M_1100988,4,2025-03-16
RAT_0012663,CUST_000865,TMDB_M_1115544,1,2025-03-18
RAT_0012664,CUST_000865,TMDB_M_1226863,2,2025-12-13
RAT_0012665,CUST_000865,TMDB_M_1284120,3,2026-04-07
RAT_0012666,CUST_000865,TMDB_M_1327819,2,2025-09-12
RAT_0012667,CUST_000865,TMDB_M_1418657,3,2025-12-17
RAT_0012668,CUST_000865,TMDB_M_1430,5,2026-03-21
RAT_0012669,CUST_000865,TMDB_M_1462146,3,2025-11-25
RAT_0012670,CUST_000865,TMDB_M_1526650,5,2024-10-27
RAT_0012671,CUST_000865,TMDB_M_228150,4,2025-01-09
RAT_0012672,CUST_000865,TMDB_M_329505,2,2025-12-10
RAT_0012673,CUST_000865,TMDB_M_374720,1,2024-08-04
RAT_0012674,CUST_000865,TMDB_M_62201,3,2025-04-08
RAT_0012675,CUST_000865,TMDB_M_694,3,2025-08-13
RAT_0012676,CUST_000865,TMDB_M_862739,4,2025-10-08
RAT_0012677,CUST_000865,TMDB_T_1489,2,2024-06-07
RAT_0012678,CUST_000865,TMDB_T_291,3,2026-03-12
RAT_0012679,CUST_000865,TMDB_T_60574,3,2026-02-22
RAT_0012680,CUST_000865,TMDB_T_65334,1,2026-04-08
RAT_0012681,CUST_000865,TMDB_T_65503,3,2024-06-30
RAT_0012682,CUST_000865,TMDB_T_71728,3,2026-02-08
RAT_0012683,CUST_000866,TMDB_M_103,2,2026-03-20
RAT_0012684,CUST_000866,TMDB_M_1180831,1,2026-01-21
RAT_0012685,CUST_000866,TMDB_M_1276038,4,2026-04-03
RAT_0012686,CUST_000866,TMDB_M_1290821,5,2026-04-11
RAT_0012687,CUST_000866,TMDB_M_1292695,3,2026-01-25
RAT_0012688,CUST_000866,TMDB_M_1584215,4,2026-01-09
RAT_0012689,CUST_000866,TMDB_M_273481,3,2026-02-12
RAT_0012690,CUST_000866,TMDB_M_346,2,2026-03-11
RAT_0012691,CUST_000866,TMDB_M_875828,3,2026-02-09
RAT_0012692,CUST_000866,TMDB_T_4607,4,2026-02-13
RAT_0012693,CUST_000866,TMDB_T_63174,3,2026-01-30
RAT_0012694,CUST_000867,TMDB_M_1265609,3,2026-03-23
RAT_0012695,CUST_000867,TMDB_M_228150,3,2026-03-09
RAT_0012696,CUST_000867,TMDB_M_83533,1,2025-09-15
RAT_0012697,CUST_000867,TMDB_M_999136,3,2025-11-27
RAT_0012698,CUST_000867,TMDB_T_100088,4,2026-02-17
RAT_0012699,CUST_000867,TMDB_T_110075,4,2025-04-26
RAT_0012700,CUST_000867,TMDB_T_12225,3,2026-03-14
RAT_0012701,CUST_000867,TMDB_T_17610,3,2025-07-19
RAT_0012702,CUST_000867,TMDB_T_4057,3,2025-07-27
RAT_0012703,CUST_000867,TMDB_T_60735,2,2024-11-11
RAT_0012704,CUST_000868,TMDB_M_1084187,3,2025-06-22
RAT_0012705,CUST_000868,TMDB_M_1198994,1,2025-07-30
RAT_0012706,CUST_000868,TMDB_M_1526650,1,2025-07-13
RAT_0012707,CUST_000868,TMDB_M_381288,3,2025-06-28
RAT_0012708,CUST_000868,TMDB_T_17610,3,2025-06-14
RAT_0012709,CUST_000868,TMDB_T_19530,2,2025-07-03
RAT_0012710,CUST_000868,TMDB_T_65334,2,2025-06-20
RAT_0012711,CUST_000869,TMDB_M_1007734,2,2025-11-09
RAT_0012712,CUST_000869,TMDB_M_1019420,4,2025-07-30
RAT_0012713,CUST_000869,TMDB_M_1135873,2,2025-12-16
RAT_0012714,CUST_000869,TMDB_M_1290821,3,2025-10-13
RAT_0012715,CUST_000869,TMDB_M_1650558,1,2025-10-14
RAT_0012716,CUST_000869,TMDB_M_701387,2,2026-02-10
RAT_0012717,CUST_000869,TMDB_T_1973,3,2025-09-09
RAT_0012718,CUST_000869,TMDB_T_2261,2,2026-02-18
RAT_0012719,CUST_000869,TMDB_T_72517,4,2025-09-07
RAT_0012720,CUST_000870,TMDB_M_205596,1,2025-06-13
RAT_0012721,CUST_000870,TMDB_M_429,4,2025-07-28
RAT_0012722,CUST_000870,TMDB_M_634649,1,2025-07-21
RAT_0012723,CUST_000870,TMDB_M_665,3,2025-06-27
RAT_0012724,CUST_000870,TMDB_T_40663,2,2025-08-02
RAT_0012725,CUST_000871,TMDB_M_1159831,3,2025-10-12
RAT_0012726,CUST_000871,TMDB_M_1234731,4,2026-02-08
RAT_0012727,CUST_000871,TMDB_M_1419406,2,2025-08-17
RAT_0012728,CUST_000871,TMDB_M_181812,1,2025-11-04
RAT_0012729,CUST_000871,TMDB_M_246,2,2026-03-17
RAT_0012730,CUST_000871,TMDB_M_967941,1,2025-08-24
RAT_0012731,CUST_000871,TMDB_T_12225,2,2025-10-05
RAT_0012732,CUST_000871,TMDB_T_14981,2,2026-03-16
RAT_0012733,CUST_000871,TMDB_T_1911,5,2025-08-21
RAT_0012734,CUST_000871,TMDB_T_4656,2,2025-12-22
RAT_0012735,CUST_000872,TMDB_M_1084187,4,2025-09-24
RAT_0012736,CUST_000872,TMDB_M_12509,3,2025-12-21
RAT_0012737,CUST_000872,TMDB_M_1439112,2,2025-03-10
RAT_0012738,CUST_000872,TMDB_M_228150,4,2026-03-11
RAT_0012739,CUST_000872,TMDB_M_83533,2,2025-03-20
RAT_0012740,CUST_000872,TMDB_M_980477,3,2025-04-10
RAT_0012741,CUST_000872,TMDB_T_10534,2,2025-10-08
RAT_0012742,CUST_000872,TMDB_T_1421,2,2025-08-06
RAT_0012743,CUST_000872,TMDB_T_2224,3,2025-08-20
RAT_0012744,CUST_000872,TMDB_T_549,4,2026-03-06
RAT_0012745,CUST_000872,TMDB_T_73586,1,2025-05-04
RAT_0012746,CUST_000873,TMDB_M_1019420,2,2025-09-13
RAT_0012747,CUST_000873,TMDB_M_1110034,3,2025-06-30
RAT_0012748,CUST_000873,TMDB_M_1228246,3,2025-06-19
RAT_0012749,CUST_000873,TMDB_M_1268127,5,2025-09-22
RAT_0012750,CUST_000873,TMDB_M_1284460,3,2025-05-19
RAT_0012751,CUST_000873,TMDB_M_1470130,2,2025-12-30
RAT_0012752,CUST_000873,TMDB_M_361743,2,2026-01-14
RAT_0012753,CUST_000873,TMDB_M_673,3,2025-11-22
RAT_0012754,CUST_000873,TMDB_M_696393,2,2025-02-17
RAT_0012755,CUST_000873,TMDB_T_291,3,2026-04-08
RAT_0012756,CUST_000873,TMDB_T_33765,4,2025-07-08
RAT_0012757,CUST_000873,TMDB_T_790,5,2025-02-17
RAT_0012758,CUST_000873,TMDB_T_82873,3,2025-08-13
RAT_0012759,CUST_000874,TMDB_M_107257,2,2025-11-20
RAT_0012760,CUST_000874,TMDB_M_12509,1,2025-12-20
RAT_0012761,CUST_000874,TMDB_M_1304313,2,2025-12-09
RAT_0012762,CUST_000874,TMDB_M_423,3,2025-12-30
RAT_0012763,CUST_000874,TMDB_T_1489,2,2026-01-09
RAT_0012764,CUST_000874,TMDB_T_2261,5,2025-10-24
RAT_0012765,CUST_000874,TMDB_T_22980,3,2026-02-21
RAT_0012766,CUST_000874,TMDB_T_32415,5,2026-02-10
RAT_0012767,CUST_000874,TMDB_T_44006,3,2026-02-04
RAT_0012768,CUST_000874,TMDB_T_82873,3,2025-08-13
RAT_0012769,CUST_000874,TMDB_T_95557,4,2025-10-18
RAT_0012770,CUST_000875,TMDB_M_1019420,4,2025-08-15
RAT_0012771,CUST_000875,TMDB_M_102382,4,2025-12-13
RAT_0012772,CUST_000875,TMDB_M_1234731,4,2026-01-21
RAT_0012773,CUST_000875,TMDB_M_1242501,3,2026-02-09
RAT_0012774,CUST_000875,TMDB_M_1242898,3,2025-08-21
RAT_0012775,CUST_000875,TMDB_M_1252037,3,2026-04-09
RAT_0012776,CUST_000875,TMDB_M_1290821,2,2026-01-17
RAT_0012777,CUST_000875,TMDB_M_1305781,3,2025-12-02
RAT_0012778,CUST_000875,TMDB_M_1316092,3,2025-09-10
RAT_0012779,CUST_000875,TMDB_M_1620551,2,2025-12-01
RAT_0012780,CUST_000875,TMDB_M_1650558,4,2025-12-30
RAT_0012781,CUST_000875,TMDB_M_359410,2,2025-12-16
RAT_0012782,CUST_000875,TMDB_M_475557,2,2026-03-18
RAT_0012783,CUST_000875,TMDB_M_562,2,2025-09-20
RAT_0012784,CUST_000875,TMDB_M_575265,2,2025-09-19
RAT_0012785,CUST_000875,TMDB_M_857,5,2026-01-14
RAT_0012786,CUST_000875,TMDB_T_1396,2,2025-11-03
RAT_0012787,CUST_000875,TMDB_T_1398,2,2026-02-20
RAT_0012788,CUST_000875,TMDB_T_1411,5,2025-10-16
RAT_0012789,CUST_000875,TMDB_T_1620,4,2026-03-29
RAT_0012790,CUST_000875,TMDB_T_220150,3,2025-10-21
RAT_0012791,CUST_000875,TMDB_T_2734,4,2025-08-10
RAT_0012792,CUST_000875,TMDB_T_549,3,2026-01-05
RAT_0012793,CUST_000875,TMDB_T_60622,3,2026-01-11
RAT_0012794,CUST_000875,TMDB_T_63174,3,2025-09-09
RAT_0012795,CUST_000875,TMDB_T_74561,4,2026-03-10
RAT_0012796,CUST_000875,TMDB_T_95479,1,2026-03-14
RAT_0012797,CUST_000876,TMDB_M_1011985,3,2025-11-04
RAT_0012798,CUST_000876,TMDB_M_1084187,2,2026-02-04
RAT_0012799,CUST_000876,TMDB_M_1088434,1,2025-11-18
RAT_0012800,CUST_000876,TMDB_M_1117857,3,2025-11-08
RAT_0012801,CUST_000876,TMDB_M_1167307,3,2025-12-09
RAT_0012802,CUST_000876,TMDB_M_1326106,4,2025-11-30
RAT_0012803,CUST_000876,TMDB_M_1336770,2,2025-11-19
RAT_0012804,CUST_000876,TMDB_M_1462146,3,2025-11-01
RAT_0012805,CUST_000876,TMDB_M_677638,5,2025-12-25
RAT_0012806,CUST_000876,TMDB_M_912649,4,2025-11-17
RAT_0012807,CUST_000876,TMDB_M_9502,2,2026-03-24
RAT_0012808,CUST_000876,TMDB_M_976573,3,2025-11-07
RAT_0012809,CUST_000876,TMDB_T_1403,2,2026-02-25
RAT_0012810,CUST_000876,TMDB_T_220542,2,2026-01-18
RAT_0012811,CUST_000876,TMDB_T_2221,4,2026-02-13
RAT_0012812,CUST_000876,TMDB_T_237020,5,2026-03-06
RAT_0012813,CUST_000876,TMDB_T_289219,3,2026-04-02
RAT_0012814,CUST_000876,TMDB_T_30984,3,2025-11-27
RAT_0012815,CUST_000876,TMDB_T_32415,3,2026-03-24
RAT_0012816,CUST_000876,TMDB_T_45790,3,2025-11-30
RAT_0012817,CUST_000876,TMDB_T_60625,3,2026-04-02
RAT_0012818,CUST_000876,TMDB_T_62223,3,2026-04-08
RAT_0012819,CUST_000876,TMDB_T_6836,1,2026-03-20
RAT_0012820,CUST_000876,TMDB_T_82873,4,2026-03-21
RAT_0012821,CUST_000877,TMDB_M_28322,4,2024-08-14
RAT_0012822,CUST_000877,TMDB_M_680,1,2024-07-06
RAT_0012823,CUST_000877,TMDB_M_680493,2,2024-08-26
RAT_0012824,CUST_000877,TMDB_T_12971,2,2024-08-25
RAT_0012825,CUST_000877,TMDB_T_1489,1,2024-07-01
RAT_0012826,CUST_000877,TMDB_T_68350,4,2024-06-23
RAT_0012827,CUST_000878,TMDB_M_111,2,2026-03-19
RAT_0012828,CUST_000878,TMDB_M_1248226,4,2025-07-18
RAT_0012829,CUST_000878,TMDB_M_1292695,4,2025-12-27
RAT_0012830,CUST_000878,TMDB_M_1315303,4,2026-01-16
RAT_0012831,CUST_000878,TMDB_M_1336770,4,2026-02-23
RAT_0012832,CUST_000878,TMDB_M_1620551,3,2025-08-22
RAT_0012833,CUST_000878,TMDB_M_218,1,2026-02-27
RAT_0012834,CUST_000878,TMDB_M_24,3,2025-07-29
RAT_0012835,CUST_000878,TMDB_M_330457,3,2025-11-04
RAT_0012836,CUST_000878,TMDB_M_533535,3,2025-11-15
RAT_0012837,CUST_000878,TMDB_M_674,2,2026-03-26
RAT_0012838,CUST_000878,TMDB_M_694,2,2025-07-31
RAT_0012839,CUST_000878,TMDB_M_809,2,2025-09-29
RAT_0012840,CUST_000878,TMDB_M_879945,2,2026-03-02
RAT_0012841,CUST_000878,TMDB_T_34524,2,2025-11-08
RAT_0012842,CUST_000878,TMDB_T_65334,2,2026-03-22
RAT_0012843,CUST_000878,TMDB_T_68350,3,2025-11-11
RAT_0012844,CUST_000879,TMDB_M_1235877,3,2026-01-19
RAT_0012845,CUST_000879,TMDB_M_1430,4,2026-02-03
RAT_0012846,CUST_000879,TMDB_M_228150,4,2026-03-16
RAT_0012847,CUST_000879,TMDB_M_429,3,2026-03-26
RAT_0012848,CUST_000879,TMDB_T_228091,5,2025-07-19
RAT_0012849,CUST_000879,TMDB_T_285469,4,2025-06-10
RAT_0012850,CUST_000879,TMDB_T_45790,2,2024-12-19
RAT_0012851,CUST_000879,TMDB_T_549,2,2024-12-29
RAT_0012852,CUST_000879,TMDB_T_57532,5,2025-12-20
RAT_0012853,CUST_000879,TMDB_T_60574,3,2025-01-03
RAT_0012854,CUST_000879,TMDB_T_764,4,2025-03-04
RAT_0012855,CUST_000880,TMDB_M_106,2,2025-08-28
RAT_0012856,CUST_000880,TMDB_M_1119449,3,2025-04-04
RAT_0012857,CUST_000880,TMDB_M_1159831,2,2025-09-04
RAT_0012858,CUST_000880,TMDB_M_1241470,1,2025-02-20
RAT_0012859,CUST_000880,TMDB_M_1242898,1,2025-10-08
RAT_0012860,CUST_000880,TMDB_M_1252037,3,2025-11-03
RAT_0012861,CUST_000880,TMDB_M_19995,2,2025-10-22
RAT_0012862,CUST_000880,TMDB_M_24428,2,2025-08-12
RAT_0012863,CUST_000880,TMDB_M_28322,5,2025-06-10
RAT_0012864,CUST_000880,TMDB_M_38,4,2026-03-09
RAT_0012865,CUST_000880,TMDB_M_567609,2,2025-02-06
RAT_0012866,CUST_000880,TMDB_M_617126,5,2025-12-11
RAT_0012867,CUST_000880,TMDB_M_82693,3,2025-09-02
RAT_0012868,CUST_000880,TMDB_M_83533,4,2024-10-07
RAT_0012869,CUST_000880,TMDB_M_982843,4,2026-01-25
RAT_0012870,CUST_000880,TMDB_T_117465,3,2024-12-19
RAT_0012871,CUST_000880,TMDB_T_1402,2,2025-12-21
RAT_0012872,CUST_000880,TMDB_T_2734,4,2024-12-25
RAT_0012873,CUST_000880,TMDB_T_290856,3,2026-01-16
RAT_0012874,CUST_000881,TMDB_M_10191,1,2025-12-22
RAT_0012875,CUST_000881,TMDB_M_122,2,2026-02-13
RAT_0012876,CUST_000881,TMDB_M_1226863,2,2026-01-16
RAT_0012877,CUST_000881,TMDB_M_1327819,2,2025-07-26
RAT_0012878,CUST_000881,TMDB_M_14160,5,2025-11-24
RAT_0012879,CUST_000881,TMDB_M_157336,3,2025-08-31
RAT_0012880,CUST_000881,TMDB_M_1587035,2,2025-10-14
RAT_0012881,CUST_000881,TMDB_M_508947,4,2026-01-25
RAT_0012882,CUST_000881,TMDB_T_108978,3,2026-01-09
RAT_0012883,CUST_000881,TMDB_T_1396,2,2025-10-10
RAT_0012884,CUST_000881,TMDB_T_1416,1,2025-06-29
RAT_0012885,CUST_000881,TMDB_T_2221,1,2025-09-14
RAT_0012886,CUST_000881,TMDB_T_68350,3,2026-02-11
RAT_0012887,CUST_000881,TMDB_T_72517,1,2025-10-08
RAT_0012888,CUST_000881,TMDB_T_76572,4,2025-06-01
RAT_0012889,CUST_000881,TMDB_T_95479,1,2026-01-08
RAT_0012890,CUST_000882,TMDB_M_1015606,3,2025-11-17
RAT_0012891,CUST_000882,TMDB_M_1171145,3,2026-03-20
RAT_0012892,CUST_000882,TMDB_M_1276038,1,2025-10-04
RAT_0012893,CUST_000882,TMDB_M_1523145,3,2025-11-14
RAT_0012894,CUST_000882,TMDB_M_19592,4,2025-11-02
RAT_0012895,CUST_000882,TMDB_M_615,2,2025-10-18
RAT_0012896,CUST_000882,TMDB_T_17610,1,2026-03-19
RAT_0012897,CUST_000882,TMDB_T_22980,1,2025-04-18
RAT_0012898,CUST_000882,TMDB_T_3562,2,2026-04-06
RAT_0012899,CUST_000882,TMDB_T_4057,2,2025-12-31
RAT_0012900,CUST_000882,TMDB_T_4607,1,2025-05-25
RAT_0012901,CUST_000882,TMDB_T_60574,3,2025-04-23
RAT_0012902,CUST_000882,TMDB_T_61818,4,2025-12-16
RAT_0012903,CUST_000882,TMDB_T_71790,2,2025-10-13
RAT_0012904,CUST_000882,TMDB_T_764,4,2025-09-23
RAT_0012905,CUST_000882,TMDB_T_79744,3,2026-03-31
RAT_0012906,CUST_000882,TMDB_T_98031,4,2026-04-07
RAT_0012907,CUST_000883,TMDB_M_1290821,3,2025-11-19
RAT_0012908,CUST_000883,TMDB_M_1523145,2,2025-08-22
RAT_0012909,CUST_000883,TMDB_M_1646787,2,2026-03-12
RAT_0012910,CUST_000883,TMDB_M_228150,3,2025-11-29
RAT_0012911,CUST_000883,TMDB_T_2261,5,2026-03-06
RAT_0012912,CUST_000883,TMDB_T_2734,2,2025-07-31
RAT_0012913,CUST_000883,TMDB_T_32415,3,2025-11-23
RAT_0012914,CUST_000883,TMDB_T_32692,4,2026-01-20
RAT_0012915,CUST_000883,TMDB_T_45789,1,2025-08-24
RAT_0012916,CUST_000883,TMDB_T_498,2,2025-12-23
RAT_0012917,CUST_000883,TMDB_T_5920,4,2026-03-22
RAT_0012918,CUST_000883,TMDB_T_790,3,2025-08-27
RAT_0012919,CUST_000883,TMDB_T_82873,3,2025-11-05
RAT_0012920,CUST_000884,TMDB_M_479197,4,2026-04-14
RAT_0012921,CUST_000884,TMDB_T_1415,5,2025-08-08
RAT_0012922,CUST_000884,TMDB_T_1431,1,2026-04-04
RAT_0012923,CUST_000884,TMDB_T_2316,1,2026-03-15
RAT_0012924,CUST_000884,TMDB_T_2734,3,2025-09-16
RAT_0012925,CUST_000884,TMDB_T_32415,3,2025-06-21
RAT_0012926,CUST_000884,TMDB_T_4629,3,2026-04-07
RAT_0012927,CUST_000884,TMDB_T_46296,4,2025-12-20
RAT_0012928,CUST_000884,TMDB_T_62223,3,2026-03-10
RAT_0012929,CUST_000884,TMDB_T_82873,2,2026-02-09
RAT_0012930,CUST_000885,TMDB_M_1054867,2,2025-04-19
RAT_0012931,CUST_000885,TMDB_M_1327862,4,2026-03-16
RAT_0012932,CUST_000885,TMDB_M_1523145,4,2026-04-08
RAT_0012933,CUST_000885,TMDB_M_1650558,4,2026-03-18
RAT_0012934,CUST_000885,TMDB_M_677638,5,2025-06-11
RAT_0012935,CUST_000885,TMDB_T_119051,4,2026-04-01
RAT_0012936,CUST_000885,TMDB_T_1981,4,2025-12-12
RAT_0012937,CUST_000885,TMDB_T_35007,5,2026-03-12
RAT_0012938,CUST_000885,TMDB_T_42009,2,2025-03-19
RAT_0012939,CUST_000885,TMDB_T_4614,3,2026-02-15
RAT_0012940,CUST_000885,TMDB_T_502,5,2026-04-04
RAT_0012941,CUST_000885,TMDB_T_6836,1,2025-08-10
RAT_0012942,CUST_000885,TMDB_T_76479,4,2026-03-19
RAT_0012943,CUST_000885,TMDB_T_790,1,2026-01-20
RAT_0012944,CUST_000886,TMDB_M_1167307,4,2025-01-07
RAT_0012945,CUST_000886,TMDB_M_1297842,1,2025-07-09
RAT_0012946,CUST_000886,TMDB_M_1412598,3,2025-01-06
RAT_0012947,CUST_000886,TMDB_M_1575337,1,2025-05-03
RAT_0012948,CUST_000886,TMDB_M_1641319,1,2025-03-28
RAT_0012949,CUST_000886,TMDB_M_59,2,2024-10-10
RAT_0012950,CUST_000886,TMDB_M_635302,5,2025-02-22
RAT_0012951,CUST_000886,TMDB_M_876566,2,2026-02-07
RAT_0012952,CUST_000886,TMDB_M_879945,4,2024-12-09
RAT_0012953,CUST_000886,TMDB_T_1411,2,2025-12-28
RAT_0012954,CUST_000886,TMDB_T_1417,3,2024-09-21
RAT_0012955,CUST_000886,TMDB_T_209867,4,2025-09-30
RAT_0012956,CUST_000886,TMDB_T_228091,2,2024-11-06
RAT_0012957,CUST_000886,TMDB_T_291,3,2026-01-28
RAT_0012958,CUST_000886,TMDB_T_42009,4,2025-01-05
RAT_0012959,CUST_000886,TMDB_T_4629,1,2025-06-25
RAT_0012960,CUST_000886,TMDB_T_65942,3,2024-08-01
RAT_0012961,CUST_000886,TMDB_T_66732,2,2026-01-20
RAT_0012962,CUST_000886,TMDB_T_72517,3,2024-05-12
RAT_0012963,CUST_000887,TMDB_M_1054867,1,2026-03-27
RAT_0012964,CUST_000888,TMDB_M_1171145,3,2026-01-20
RAT_0012965,CUST_000888,TMDB_M_4247,2,2026-02-18
RAT_0012966,CUST_000888,TMDB_M_939243,1,2026-03-20
RAT_0012967,CUST_000888,TMDB_T_128318,2,2026-02-12
RAT_0012968,CUST_000888,TMDB_T_4177,3,2026-03-30
RAT_0012969,CUST_000888,TMDB_T_4656,2,2026-03-13
RAT_0012970,CUST_000888,TMDB_T_72517,2,2026-01-16
RAT_0012971,CUST_000888,TMDB_T_98031,3,2025-12-31
RAT_0012972,CUST_000889,TMDB_M_101,3,2025-11-26
RAT_0012973,CUST_000889,TMDB_M_1234821,5,2025-11-03
RAT_0012974,CUST_000889,TMDB_M_1236153,3,2025-09-28
RAT_0012975,CUST_000889,TMDB_M_1252037,4,2026-02-06
RAT_0012976,CUST_000889,TMDB_M_1276038,3,2026-03-10
RAT_0012977,CUST_000889,TMDB_M_1314786,3,2026-02-13
RAT_0012978,CUST_000889,TMDB_M_150540,4,2026-03-17
RAT_0012979,CUST_000889,TMDB_M_19995,1,2025-06-15
RAT_0012980,CUST_000889,TMDB_M_807,3,2025-08-25
RAT_0012981,CUST_000889,TMDB_M_83533,2,2025-11-23
RAT_0012982,CUST_000889,TMDB_M_857,4,2026-03-24
RAT_0012983,CUST_000889,TMDB_M_950387,1,2025-06-09
RAT_0012984,CUST_000889,TMDB_T_1434,2,2026-01-05
RAT_0012985,CUST_000889,TMDB_T_17610,1,2025-11-11
RAT_0012986,CUST_000889,TMDB_T_32798,4,2025-09-21
RAT_0012987,CUST_000889,TMDB_T_60622,3,2025-08-15
RAT_0012988,CUST_000889,TMDB_T_74561,3,2025-07-27
RAT_0012989,CUST_000889,TMDB_T_75219,4,2025-12-16
RAT_0012990,CUST_000889,TMDB_T_79744,3,2026-03-22
RAT_0012991,CUST_000889,TMDB_T_8962,1,2025-10-26
RAT_0012992,CUST_000890,TMDB_M_1003596,2,2025-06-21
RAT_0012993,CUST_000890,TMDB_M_1317149,3,2025-10-11
RAT_0012994,CUST_000890,TMDB_M_1430,4,2026-01-07
RAT_0012995,CUST_000890,TMDB_M_1462146,3,2025-12-17
RAT_0012996,CUST_000890,TMDB_T_119051,4,2025-10-09
RAT_0012997,CUST_000890,TMDB_T_1431,4,2025-08-31
RAT_0012998,CUST_000890,TMDB_T_1489,4,2026-02-15
RAT_0012999,CUST_000890,TMDB_T_278275,4,2025-10-22
RAT_0013000,CUST_000890,TMDB_T_34524,3,2026-03-06
RAT_0013001,CUST_000890,TMDB_T_3562,5,2025-10-18
RAT_0013002,CUST_000890,TMDB_T_48866,1,2026-03-15
RAT_0013003,CUST_000890,TMDB_T_5920,4,2025-05-08
RAT_0013004,CUST_000890,TMDB_T_65733,4,2026-03-12
RAT_0013005,CUST_000890,TMDB_T_790,3,2025-12-18
RAT_0013006,CUST_000891,TMDB_M_1119449,1,2026-03-26
RAT_0013007,CUST_000891,TMDB_M_1241470,4,2026-02-09
RAT_0013008,CUST_000891,TMDB_M_1327819,5,2025-05-23
RAT_0013009,CUST_000891,TMDB_M_1465563,3,2026-01-06
RAT_0013010,CUST_000891,TMDB_M_662707,4,2025-12-03
RAT_0013011,CUST_000891,TMDB_T_34524,3,2025-10-23
RAT_0013012,CUST_000891,TMDB_T_4057,3,2026-02-19
RAT_0013013,CUST_000891,TMDB_T_4604,5,2025-12-20
RAT_0013014,CUST_000891,TMDB_T_65733,2,2025-06-10
RAT_0013015,CUST_000891,TMDB_T_65942,1,2025-06-20
RAT_0013016,CUST_000892,TMDB_M_1115544,1,2025-12-25
RAT_0013017,CUST_000892,TMDB_M_1412598,1,2025-12-13
RAT_0013018,CUST_000892,TMDB_M_228150,5,2026-01-27
RAT_0013019,CUST_000892,TMDB_M_259694,5,2025-12-07
RAT_0013020,CUST_000892,TMDB_M_269955,5,2026-03-28
RAT_0013021,CUST_000892,TMDB_M_857,3,2026-04-09
RAT_0013022,CUST_000892,TMDB_M_980477,2,2026-04-05
RAT_0013023,CUST_000892,TMDB_M_985939,4,2026-02-22
RAT_0013024,CUST_000892,TMDB_T_1412,2,2025-12-21
RAT_0013025,CUST_000892,TMDB_T_1419,1,2025-10-29
RAT_0013026,CUST_000892,TMDB_T_22980,5,2025-09-25
RAT_0013027,CUST_000892,TMDB_T_4607,3,2026-02-26
RAT_0013028,CUST_000892,TMDB_T_46952,4,2025-11-10
RAT_0013029,CUST_000892,TMDB_T_5092,2,2026-01-12
RAT_0013030,CUST_000892,TMDB_T_693,3,2026-02-10
RAT_0013031,CUST_000892,TMDB_T_76479,3,2025-11-24
RAT_0013032,CUST_000892,TMDB_T_78191,2,2025-12-21
RAT_0013033,CUST_000893,TMDB_M_1159831,4,2026-02-14
RAT_0013034,CUST_000893,TMDB_M_19995,4,2026-02-10
RAT_0013035,CUST_000893,TMDB_M_346698,3,2026-03-20
RAT_0013036,CUST_000893,TMDB_M_37165,3,2026-04-01
RAT_0013037,CUST_000893,TMDB_M_4247,3,2026-03-23
RAT_0013038,CUST_000893,TMDB_M_604079,3,2026-02-22
RAT_0013039,CUST_000893,TMDB_M_617126,5,2026-04-04
RAT_0013040,CUST_000893,TMDB_T_124364,3,2026-03-27
RAT_0013041,CUST_000893,TMDB_T_1431,5,2026-03-15
RAT_0013042,CUST_000893,TMDB_T_1981,5,2026-03-02
RAT_0013043,CUST_000893,TMDB_T_2122,5,2026-02-05
RAT_0013044,CUST_000893,TMDB_T_2190,4,2026-03-28
RAT_0013045,CUST_000893,TMDB_T_4057,3,2026-03-11
RAT_0013046,CUST_000893,TMDB_T_76479,5,2026-02-16
RAT_0013047,CUST_000894,TMDB_M_10138,2,2025-12-03
RAT_0013048,CUST_000894,TMDB_M_1066313,3,2025-09-06
RAT_0013049,CUST_000894,TMDB_M_1168190,3,2025-12-21
RAT_0013050,CUST_000894,TMDB_M_1171145,2,2026-02-25
RAT_0013051,CUST_000894,TMDB_M_1297842,3,2025-10-21
RAT_0013052,CUST_000894,TMDB_M_1584215,5,2026-04-07
RAT_0013053,CUST_000894,TMDB_M_181808,3,2026-03-10
RAT_0013054,CUST_000894,TMDB_M_285,3,2025-09-10
RAT_0013055,CUST_000894,TMDB_M_502356,3,2025-11-25
RAT_0013056,CUST_000894,TMDB_M_630,4,2026-01-17
RAT_0013057,CUST_000894,TMDB_M_662707,4,2025-11-25
RAT_0013058,CUST_000894,TMDB_M_675,3,2025-12-03
RAT_0013059,CUST_000894,TMDB_M_840464,3,2025-09-16
RAT_0013060,CUST_000894,TMDB_T_119051,2,2026-03-15
RAT_0013061,CUST_000894,TMDB_T_39351,2,2025-12-29
RAT_0013062,CUST_000894,TMDB_T_57532,4,2025-08-25
RAT_0013063,CUST_000894,TMDB_T_8962,3,2026-03-09
RAT_0013064,CUST_000895,TMDB_M_1011477,3,2026-04-02
RAT_0013065,CUST_000895,TMDB_M_10191,4,2026-02-26
RAT_0013066,CUST_000895,TMDB_M_1159559,1,2025-10-18
RAT_0013067,CUST_000895,TMDB_M_122917,4,2025-01-30
RAT_0013068,CUST_000895,TMDB_M_1265609,3,2025-04-23
RAT_0013069,CUST_000895,TMDB_M_1290821,1,2026-01-13
RAT_0013070,CUST_000895,TMDB_M_1387382,4,2024-12-27
RAT_0013071,CUST_000895,TMDB_M_14161,3,2025-08-06
RAT_0013072,CUST_000895,TMDB_M_150540,5,2025-12-11
RAT_0013073,CUST_000895,TMDB_M_1523145,3,2025-10-04
RAT_0013074,CUST_000895,TMDB_M_436969,2,2025-12-15
RAT_0013075,CUST_000895,TMDB_M_562,3,2026-01-03
RAT_0013076,CUST_000895,TMDB_M_607,3,2025-09-28
RAT_0013077,CUST_000895,TMDB_M_8966,1,2026-02-07
RAT_0013078,CUST_000895,TMDB_T_1100,2,2026-01-21
RAT_0013079,CUST_000895,TMDB_T_1405,3,2025-01-01
RAT_0013080,CUST_000895,TMDB_T_195670,3,2025-02-28
RAT_0013081,CUST_000895,TMDB_T_2261,3,2024-12-20
RAT_0013082,CUST_000895,TMDB_T_237020,4,2025-08-24
RAT_0013083,CUST_000895,TMDB_T_2734,4,2025-09-02
RAT_0013084,CUST_000895,TMDB_T_5920,2,2026-01-04
RAT_0013085,CUST_000896,TMDB_M_1327862,3,2024-07-22
RAT_0013086,CUST_000896,TMDB_M_1523145,4,2024-07-03
RAT_0013087,CUST_000896,TMDB_M_389677,2,2024-07-01
RAT_0013088,CUST_000896,TMDB_M_863,3,2024-08-05
RAT_0013089,CUST_000896,TMDB_T_112527,3,2024-07-26
RAT_0013090,CUST_000896,TMDB_T_12225,1,2024-08-29
RAT_0013091,CUST_000897,TMDB_M_1297842,4,2024-08-16
RAT_0013092,CUST_000897,TMDB_M_1368166,3,2024-08-14
RAT_0013093,CUST_000897,TMDB_M_665,2,2024-09-25
RAT_0013094,CUST_000897,TMDB_T_1400,2,2024-09-15
RAT_0013095,CUST_000898,TMDB_M_1007734,2,2025-02-01
RAT_0013096,CUST_000898,TMDB_M_128,4,2025-09-02
RAT_0013097,CUST_000898,TMDB_M_150540,4,2025-05-25
RAT_0013098,CUST_000898,TMDB_M_177572,3,2025-06-27
RAT_0013099,CUST_000898,TMDB_M_181812,3,2025-07-21
RAT_0013100,CUST_000898,TMDB_M_19404,3,2025-06-17
RAT_0013101,CUST_000898,TMDB_M_22,2,2025-05-24
RAT_0013102,CUST_000898,TMDB_M_284054,4,2025-03-24
RAT_0013103,CUST_000898,TMDB_M_285,2,2025-07-07
RAT_0013104,CUST_000898,TMDB_M_405746,4,2025-02-15
RAT_0013105,CUST_000898,TMDB_M_429617,3,2025-09-01
RAT_0013106,CUST_000898,TMDB_M_49051,2,2025-08-23
RAT_0013107,CUST_000898,TMDB_M_541671,2,2025-07-09
RAT_0013108,CUST_000898,TMDB_M_675,2,2025-08-19
RAT_0013109,CUST_000898,TMDB_M_98,3,2025-07-06
RAT_0013110,CUST_000898,TMDB_M_98477,2,2025-08-14
RAT_0013111,CUST_000898,TMDB_T_154770,1,2025-04-12
RAT_0013112,CUST_000898,TMDB_T_3562,3,2025-08-12
RAT_0013113,CUST_000898,TMDB_T_4656,2,2025-06-12
RAT_0013114,CUST_000898,TMDB_T_76572,3,2025-03-07
RAT_0013115,CUST_000899,TMDB_M_62,5,2026-03-23
RAT_0013116,CUST_000899,TMDB_T_2734,3,2026-02-24
RAT_0013117,CUST_000899,TMDB_T_284058,3,2026-03-25
RAT_0013118,CUST_000899,TMDB_T_3562,3,2026-02-12
RAT_0013119,CUST_000899,TMDB_T_4604,2,2026-02-27
RAT_0013120,CUST_000899,TMDB_T_56570,3,2026-02-12
RAT_0013121,CUST_000899,TMDB_T_79744,3,2026-02-10
RAT_0013122,CUST_000899,TMDB_T_95897,2,2026-01-27
RAT_0013123,CUST_000900,TMDB_M_1087891,1,2026-02-21
RAT_0013124,CUST_000900,TMDB_M_1192548,3,2026-02-19
RAT_0013125,CUST_000900,TMDB_M_1310568,2,2026-03-29
RAT_0013126,CUST_000900,TMDB_M_1359,1,2026-03-31
RAT_0013127,CUST_000900,TMDB_M_330457,5,2026-03-12
RAT_0013128,CUST_000900,TMDB_M_429617,4,2025-11-09
RAT_0013129,CUST_000900,TMDB_M_617126,5,2025-11-08
RAT_0013130,CUST_000900,TMDB_M_680,3,2025-12-20
RAT_0013131,CUST_000900,TMDB_M_680493,5,2026-01-30
RAT_0013132,CUST_000900,TMDB_M_82690,3,2025-11-20
RAT_0013133,CUST_000900,TMDB_M_876566,1,2026-02-24
RAT_0013134,CUST_000900,TMDB_T_250307,4,2025-05-02
RAT_0013135,CUST_000900,TMDB_T_32692,1,2026-03-05
RAT_0013136,CUST_000900,TMDB_T_3562,4,2025-10-10
RAT_0013137,CUST_000900,TMDB_T_4614,1,2026-02-15
RAT_0013138,CUST_000901,TMDB_M_1171145,5,2026-02-28
RAT_0013139,CUST_000901,TMDB_M_122,2,2024-11-02
RAT_0013140,CUST_000901,TMDB_M_1226863,2,2025-09-17
RAT_0013141,CUST_000901,TMDB_M_1493859,4,2025-06-01
RAT_0013142,CUST_000901,TMDB_M_1579,1,2026-03-28
RAT_0013143,CUST_000901,TMDB_M_24,4,2026-03-24
RAT_0013144,CUST_000901,TMDB_M_271110,4,2025-08-29
RAT_0013145,CUST_000901,TMDB_M_273481,4,2026-04-02
RAT_0013146,CUST_000901,TMDB_M_285,1,2025-05-19
RAT_0013147,CUST_000901,TMDB_M_475557,5,2025-12-25
RAT_0013148,CUST_000901,TMDB_M_671,4,2025-09-14
RAT_0013149,CUST_000901,TMDB_M_673,1,2025-05-19
RAT_0013150,CUST_000901,TMDB_M_769,3,2025-03-27
RAT_0013151,CUST_000901,TMDB_M_786892,4,2025-05-17
RAT_0013152,CUST_000901,TMDB_T_110075,4,2026-03-06
RAT_0013153,CUST_000901,TMDB_T_1402,5,2026-02-01
RAT_0013154,CUST_000901,TMDB_T_1412,3,2025-03-04
RAT_0013155,CUST_000901,TMDB_T_1417,4,2024-07-23
RAT_0013156,CUST_000901,TMDB_T_289219,2,2024-12-12
RAT_0013157,CUST_000901,TMDB_T_32415,3,2024-07-25
RAT_0013158,CUST_000901,TMDB_T_32692,3,2024-08-11
RAT_0013159,CUST_000901,TMDB_T_34307,2,2024-08-20
RAT_0013160,CUST_000901,TMDB_T_60059,3,2026-01-19
RAT_0013161,CUST_000901,TMDB_T_67460,3,2026-01-11
RAT_0013162,CUST_000901,TMDB_T_85077,4,2024-09-27
RAT_0013163,CUST_000902,TMDB_M_1049471,4,2024-05-10
RAT_0013164,CUST_000902,TMDB_M_1235877,3,2025-11-14
RAT_0013165,CUST_000902,TMDB_M_1245347,3,2025-12-01
RAT_0013166,CUST_000902,TMDB_M_1403327,3,2025-07-14
RAT_0013167,CUST_000902,TMDB_M_1611398,4,2025-05-10
RAT_0013168,CUST_000902,TMDB_M_19995,3,2025-12-25
RAT_0013169,CUST_000902,TMDB_M_24428,3,2024-09-12
RAT_0013170,CUST_000902,TMDB_M_337404,5,2025-11-12
RAT_0013171,CUST_000902,TMDB_M_453395,5,2025-04-22
RAT_0013172,CUST_000902,TMDB_M_58008,4,2024-06-28
RAT_0013173,CUST_000902,TMDB_M_604079,4,2025-05-29
RAT_0013174,CUST_000902,TMDB_M_641284,4,2025-03-13
RAT_0013175,CUST_000902,TMDB_M_701387,4,2025-06-05
RAT_0013176,CUST_000902,TMDB_M_912649,2,2025-11-04
RAT_0013177,CUST_000902,TMDB_T_1403,4,2026-02-08
RAT_0013178,CUST_000902,TMDB_T_2261,3,2024-08-23
RAT_0013179,CUST_000902,TMDB_T_237020,3,2025-08-21
RAT_0013180,CUST_000902,TMDB_T_278573,3,2026-02-09
RAT_0013181,CUST_000902,TMDB_T_279471,5,2024-09-03
RAT_0013182,CUST_000902,TMDB_T_32415,5,2024-08-31
RAT_0013183,CUST_000902,TMDB_T_3452,3,2026-01-21
RAT_0013184,CUST_000902,TMDB_T_34524,4,2025-12-24
RAT_0013185,CUST_000902,TMDB_T_37680,3,2025-03-04
RAT_0013186,CUST_000902,TMDB_T_498,4,2026-02-08
RAT_0013187,CUST_000902,TMDB_T_62223,4,2025-06-16
RAT_0013188,CUST_000902,TMDB_T_6836,5,2025-04-17
RAT_0013189,CUST_000902,TMDB_T_71728,5,2025-12-25
RAT_0013190,CUST_000902,TMDB_T_82873,4,2026-02-25
RAT_0013191,CUST_000902,TMDB_T_8962,4,2024-11-17
RAT_0013192,CUST_000903,TMDB_M_1084242,4,2025-09-26
RAT_0013193,CUST_000903,TMDB_M_1115544,3,2025-07-03
RAT_0013194,CUST_000903,TMDB_M_12153,3,2025-11-26
RAT_0013195,CUST_000903,TMDB_M_1327819,4,2025-03-10
RAT_0013196,CUST_000903,TMDB_M_337404,2,2025-04-26
RAT_0013197,CUST_000903,TMDB_M_552524,2,2025-07-02
RAT_0013198,CUST_000903,TMDB_T_12971,5,2025-06-25
RAT_0013199,CUST_000903,TMDB_T_1415,4,2025-03-31
RAT_0013200,CUST_000903,TMDB_T_2221,5,2025-02-21
RAT_0013201,CUST_000903,TMDB_T_30984,4,2025-01-06
RAT_0013202,CUST_000903,TMDB_T_32415,1,2025-11-26
RAT_0013203,CUST_000903,TMDB_T_44217,4,2025-01-18
RAT_0013204,CUST_000903,TMDB_T_456,3,2025-07-03
RAT_0013205,CUST_000903,TMDB_T_498,4,2025-06-04
RAT_0013206,CUST_000903,TMDB_T_61818,3,2025-04-28
RAT_0013207,CUST_000903,TMDB_T_62223,2,2026-03-13
RAT_0013208,CUST_000903,TMDB_T_66732,1,2024-10-19
RAT_0013209,CUST_000903,TMDB_T_6836,5,2026-03-13
RAT_0013210,CUST_000903,TMDB_T_76479,2,2025-09-24
RAT_0013211,CUST_000904,TMDB_M_109445,2,2025-10-29
RAT_0013212,CUST_000904,TMDB_M_11036,2,2026-03-27
RAT_0013213,CUST_000904,TMDB_M_1214931,4,2026-02-16
RAT_0013214,CUST_000904,TMDB_M_1265609,1,2025-09-22
RAT_0013215,CUST_000904,TMDB_M_1266127,3,2026-03-19
RAT_0013216,CUST_000904,TMDB_M_1314481,2,2025-09-23
RAT_0013217,CUST_000904,TMDB_M_1317672,1,2025-12-29
RAT_0013218,CUST_000904,TMDB_M_1367642,4,2025-11-07
RAT_0013219,CUST_000904,TMDB_M_1401778,2,2025-11-29
RAT_0013220,CUST_000904,TMDB_M_1523145,3,2025-11-02
RAT_0013221,CUST_000904,TMDB_M_330457,3,2026-03-28
RAT_0013222,CUST_000904,TMDB_M_374720,1,2025-10-27
RAT_0013223,CUST_000904,TMDB_M_447273,5,2026-02-13
RAT_0013224,CUST_000904,TMDB_M_502356,3,2026-01-08
RAT_0013225,CUST_000904,TMDB_M_665,5,2026-01-13
RAT_0013226,CUST_000904,TMDB_M_82690,4,2025-12-22
RAT_0013227,CUST_000904,TMDB_T_1855,2,2025-12-02
RAT_0013228,CUST_000904,TMDB_T_2221,3,2025-12-16
RAT_0013229,CUST_000904,TMDB_T_290856,3,2025-09-27
RAT_0013230,CUST_000904,TMDB_T_65942,2,2026-01-10
RAT_0013231,CUST_000905,TMDB_M_1007734,3,2026-03-16
RAT_0013232,CUST_000905,TMDB_M_101,3,2025-09-01
RAT_0013233,CUST_000905,TMDB_M_122917,2,2025-09-19
RAT_0013234,CUST_000905,TMDB_M_1325734,4,2025-04-19
RAT_0013235,CUST_000905,TMDB_M_1341137,1,2025-04-23
RAT_0013236,CUST_000905,TMDB_M_1439112,1,2025-12-06
RAT_0013237,CUST_000905,TMDB_M_479197,3,2025-12-17
RAT_0013238,CUST_000905,TMDB_M_646315,3,2025-07-09
RAT_0013239,CUST_000905,TMDB_M_68721,2,2026-03-23
RAT_0013240,CUST_000905,TMDB_M_73861,2,2025-08-12
RAT_0013241,CUST_000905,TMDB_T_128318,4,2025-12-28
RAT_0013242,CUST_000905,TMDB_T_1431,2,2026-03-17
RAT_0013243,CUST_000905,TMDB_T_2171,3,2025-05-07
RAT_0013244,CUST_000905,TMDB_T_4588,3,2025-04-19
RAT_0013245,CUST_000905,TMDB_T_5920,5,2025-04-25
RAT_0013246,CUST_000905,TMDB_T_60622,3,2025-10-03
RAT_0013247,CUST_000905,TMDB_T_71790,3,2026-04-10
RAT_0013248,CUST_000905,TMDB_T_790,4,2025-06-04
RAT_0013249,CUST_000905,TMDB_T_79744,3,2026-03-27
RAT_0013250,CUST_000905,TMDB_T_873,2,2025-11-14
RAT_0013251,CUST_000906,TMDB_M_1462146,4,2026-02-28
RAT_0013252,CUST_000906,TMDB_M_152742,2,2026-04-03
RAT_0013253,CUST_000906,TMDB_M_226674,3,2026-03-15
RAT_0013254,CUST_000906,TMDB_M_414906,3,2025-12-30
RAT_0013255,CUST_000906,TMDB_M_4232,5,2026-03-16
RAT_0013256,CUST_000906,TMDB_M_425274,4,2025-11-25
RAT_0013257,CUST_000906,TMDB_M_519182,1,2025-10-09
RAT_0013258,CUST_000906,TMDB_M_564,4,2025-10-14
RAT_0013259,CUST_000906,TMDB_M_807,2,2025-11-01
RAT_0013260,CUST_000906,TMDB_M_875828,3,2025-10-30
RAT_0013261,CUST_000906,TMDB_T_1419,3,2026-03-10
RAT_0013262,CUST_000906,TMDB_T_1705,5,2026-02-18
RAT_0013263,CUST_000906,TMDB_T_2734,1,2025-08-29
RAT_0013264,CUST_000906,TMDB_T_291,5,2026-04-01
RAT_0013265,CUST_000906,TMDB_T_62223,3,2025-09-08
RAT_0013266,CUST_000906,TMDB_T_65733,3,2025-12-14
RAT_0013267,CUST_000906,TMDB_T_67460,5,2025-11-26
RAT_0013268,CUST_000906,TMDB_T_764,1,2026-01-06
RAT_0013269,CUST_000906,TMDB_T_79744,4,2026-01-22
RAT_0013270,CUST_000906,TMDB_T_85077,5,2026-04-10
RAT_0013271,CUST_000907,TMDB_M_1020969,4,2025-11-04
RAT_0013272,CUST_000907,TMDB_M_1175942,2,2026-04-11
RAT_0013273,CUST_000907,TMDB_M_121,5,2026-02-10
RAT_0013274,CUST_000907,TMDB_M_1226863,4,2026-03-11
RAT_0013275,CUST_000907,TMDB_M_1265609,2,2025-06-26
RAT_0013276,CUST_000907,TMDB_M_1311031,2,2025-08-04
RAT_0013277,CUST_000907,TMDB_M_20352,4,2025-02-25
RAT_0013278,CUST_000907,TMDB_M_22,3,2025-06-02
RAT_0013279,CUST_000907,TMDB_M_293660,3,2025-09-21
RAT_0013280,CUST_000907,TMDB_M_299536,3,2024-09-23
RAT_0013281,CUST_000907,TMDB_M_414906,5,2025-08-08
RAT_0013282,CUST_000907,TMDB_M_519182,2,2024-11-20
RAT_0013283,CUST_000907,TMDB_M_552524,3,2025-05-05
RAT_0013284,CUST_000907,TMDB_M_674,3,2024-12-23
RAT_0013285,CUST_000907,TMDB_M_840464,5,2026-02-01
RAT_0013286,CUST_000907,TMDB_T_1402,2,2024-10-01
RAT_0013287,CUST_000907,TMDB_T_1431,3,2024-09-28
RAT_0013288,CUST_000907,TMDB_T_1981,3,2025-03-13
RAT_0013289,CUST_000907,TMDB_T_764,3,2025-09-06
RAT_0013290,CUST_000908,TMDB_M_762509,4,2026-01-16
RAT_0013291,CUST_000908,TMDB_T_1431,3,2026-02-01
RAT_0013292,CUST_000908,TMDB_T_4629,3,2026-01-29
RAT_0013293,CUST_000908,TMDB_T_61818,4,2026-04-02
RAT_0013294,CUST_000909,TMDB_M_1049471,3,2024-10-22
RAT_0013295,CUST_000909,TMDB_M_1054867,3,2026-02-18
RAT_0013296,CUST_000909,TMDB_M_1159559,5,2025-02-20
RAT_0013297,CUST_000909,TMDB_M_1196067,4,2026-01-30
RAT_0013298,CUST_000909,TMDB_M_1241470,5,2026-03-02
RAT_0013299,CUST_000909,TMDB_M_1359,3,2025-04-25
RAT_0013300,CUST_000909,TMDB_M_1412598,2,2026-03-03
RAT_0013301,CUST_000909,TMDB_M_1526650,2,2025-06-23
RAT_0013302,CUST_000909,TMDB_M_157336,4,2025-04-07
RAT_0013303,CUST_000909,TMDB_M_1630433,3,2025-09-02
RAT_0013304,CUST_000909,TMDB_M_1641319,4,2024-12-27
RAT_0013305,CUST_000909,TMDB_M_19995,3,2026-01-29
RAT_0013306,CUST_000909,TMDB_M_24428,3,2026-04-08
RAT_0013307,CUST_000909,TMDB_M_290098,4,2025-04-02
RAT_0013308,CUST_000909,TMDB_M_374720,3,2024-12-12
RAT_0013309,CUST_000909,TMDB_M_601,3,2025-08-08
RAT_0013310,CUST_000909,TMDB_M_604079,4,2025-12-27
RAT_0013311,CUST_000909,TMDB_M_680,3,2026-02-19
RAT_0013312,CUST_000909,TMDB_M_701387,3,2025-10-06
RAT_0013313,CUST_000909,TMDB_M_876566,4,2025-10-21
RAT_0013314,CUST_000909,TMDB_M_985939,3,2025-03-16
RAT_0013315,CUST_000909,TMDB_T_110075,1,2026-03-01
RAT_0013316,CUST_000909,TMDB_T_1400,4,2025-01-21
RAT_0013317,CUST_000909,TMDB_T_1415,3,2024-12-05
RAT_0013318,CUST_000909,TMDB_T_1981,3,2025-01-28
RAT_0013319,CUST_000909,TMDB_T_2190,3,2025-12-14
RAT_0013320,CUST_000909,TMDB_T_2661,2,2025-09-04
RAT_0013321,CUST_000909,TMDB_T_283123,5,2025-07-29
RAT_0013322,CUST_000909,TMDB_T_289219,3,2025-02-16
RAT_0013323,CUST_000910,TMDB_M_1234731,4,2026-02-20
RAT_0013324,CUST_000910,TMDB_M_1236153,3,2025-09-11
RAT_0013325,CUST_000910,TMDB_M_1422,3,2025-10-19
RAT_0013326,CUST_000910,TMDB_M_49051,4,2026-01-03
RAT_0013327,CUST_000910,TMDB_M_674,2,2025-10-27
RAT_0013328,CUST_000910,TMDB_T_1435,5,2026-02-10
RAT_0013329,CUST_000910,TMDB_T_14981,4,2026-03-21
RAT_0013330,CUST_000910,TMDB_T_1855,4,2026-04-06
RAT_0013331,CUST_000910,TMDB_T_39351,2,2025-08-14
RAT_0013332,CUST_000910,TMDB_T_4588,4,2026-04-11
RAT_0013333,CUST_000910,TMDB_T_4614,3,2025-09-13
RAT_0013334,CUST_000910,TMDB_T_5920,3,2026-03-09
RAT_0013335,CUST_000910,TMDB_T_60622,4,2025-11-19
RAT_0013336,CUST_000910,TMDB_T_65334,4,2025-11-27
RAT_0013337,CUST_000910,TMDB_T_693,3,2025-10-21
RAT_0013338,CUST_000911,TMDB_T_127529,2,2026-02-24
RAT_0013339,CUST_000911,TMDB_T_4601,5,2026-02-27
RAT_0013340,CUST_000911,TMDB_T_4629,4,2025-12-27
RAT_0013341,CUST_000911,TMDB_T_48866,4,2026-01-27
RAT_0013342,CUST_000911,TMDB_T_764,5,2026-01-19
RAT_0013343,CUST_000912,TMDB_M_1020969,5,2026-03-26
RAT_0013344,CUST_000912,TMDB_M_346,4,2026-02-04
RAT_0013345,CUST_000912,TMDB_M_786892,3,2026-03-18
RAT_0013346,CUST_000912,TMDB_M_950387,3,2025-12-11
RAT_0013347,CUST_000912,TMDB_T_60574,4,2026-04-10
RAT_0013348,CUST_000912,TMDB_T_76479,3,2026-02-06
RAT_0013349,CUST_000912,TMDB_T_79744,3,2025-12-03
RAT_0013350,CUST_000913,TMDB_M_1084187,5,2026-04-06
RAT_0013351,CUST_000913,TMDB_M_1191876,4,2025-06-21
RAT_0013352,CUST_000913,TMDB_M_1267319,3,2026-01-05
RAT_0013353,CUST_000913,TMDB_M_1419406,4,2025-05-23
RAT_0013354,CUST_000913,TMDB_M_1620551,4,2026-02-16
RAT_0013355,CUST_000913,TMDB_M_1726,4,2025-10-11
RAT_0013356,CUST_000913,TMDB_M_218,2,2025-11-03
RAT_0013357,CUST_000913,TMDB_M_479197,5,2026-03-30
RAT_0013358,CUST_000913,TMDB_M_562,3,2025-09-13
RAT_0013359,CUST_000913,TMDB_M_83533,3,2026-02-09
RAT_0013360,CUST_000913,TMDB_T_124364,3,2025-04-01
RAT_0013361,CUST_000913,TMDB_T_1421,5,2026-03-07
RAT_0013362,CUST_000913,TMDB_T_278275,5,2025-03-15
RAT_0013363,CUST_000913,TMDB_T_285469,4,2025-07-25
RAT_0013364,CUST_000913,TMDB_T_4607,5,2026-03-09
RAT_0013365,CUST_000913,TMDB_T_61818,3,2025-08-18
RAT_0013366,CUST_000913,TMDB_T_62223,3,2025-12-07
RAT_0013367,CUST_000913,TMDB_T_68350,3,2025-07-27
RAT_0013368,CUST_000914,TMDB_M_1007734,3,2026-02-06
RAT_0013369,CUST_000914,TMDB_M_1011477,3,2025-05-14
RAT_0013370,CUST_000914,TMDB_M_1291608,3,2026-03-16
RAT_0013371,CUST_000914,TMDB_M_1523145,3,2026-01-25
RAT_0013372,CUST_000914,TMDB_M_1641319,2,2025-11-05
RAT_0013373,CUST_000914,TMDB_M_1726,3,2025-08-19
RAT_0013374,CUST_000914,TMDB_M_405746,1,2026-02-04
RAT_0013375,CUST_000914,TMDB_M_429,3,2026-03-27
RAT_0013376,CUST_000914,TMDB_M_502356,3,2026-02-25
RAT_0013377,CUST_000914,TMDB_M_533535,2,2026-01-24
RAT_0013378,CUST_000914,TMDB_T_1416,3,2025-05-16
RAT_0013379,CUST_000914,TMDB_T_19530,3,2026-01-28
RAT_0013380,CUST_000914,TMDB_T_4614,4,2025-12-26
RAT_0013381,CUST_000914,TMDB_T_62223,2,2025-08-30
RAT_0013382,CUST_000915,TMDB_M_1234731,4,2026-04-07
RAT_0013383,CUST_000915,TMDB_M_12444,1,2025-12-26
RAT_0013384,CUST_000915,TMDB_M_1526650,3,2026-03-30
RAT_0013385,CUST_000915,TMDB_M_1611398,2,2025-10-22
RAT_0013386,CUST_000915,TMDB_M_429,4,2026-04-11
RAT_0013387,CUST_000915,TMDB_M_672,2,2025-11-18
RAT_0013388,CUST_000915,TMDB_T_114478,3,2025-06-28
RAT_0013389,CUST_000915,TMDB_T_1667,3,2026-03-27
RAT_0013390,CUST_000915,TMDB_T_278573,2,2025-06-12
RAT_0013391,CUST_000915,TMDB_T_279388,3,2026-03-27
RAT_0013392,CUST_000915,TMDB_T_39351,3,2026-03-09
RAT_0013393,CUST_000915,TMDB_T_56570,4,2025-11-20
RAT_0013394,CUST_000915,TMDB_T_73586,4,2026-04-07
RAT_0013395,CUST_000916,TMDB_M_1020969,5,2024-08-19
RAT_0013396,CUST_000916,TMDB_M_1171145,2,2026-04-04
RAT_0013397,CUST_000916,TMDB_M_1304313,4,2024-09-02
RAT_0013398,CUST_000916,TMDB_M_419430,3,2025-11-24
RAT_0013399,CUST_000916,TMDB_M_502356,3,2026-03-07
RAT_0013400,CUST_000916,TMDB_M_519182,4,2025-06-12
RAT_0013401,CUST_000916,TMDB_T_1402,3,2025-11-10
RAT_0013402,CUST_000916,TMDB_T_1434,3,2026-04-05
RAT_0013403,CUST_000916,TMDB_T_1668,2,2024-11-04
RAT_0013404,CUST_000916,TMDB_T_2171,4,2025-10-20
RAT_0013405,CUST_000916,TMDB_T_2224,5,2026-01-20
RAT_0013406,CUST_000916,TMDB_T_76479,2,2024-12-17
RAT_0013407,CUST_000916,TMDB_T_94722,3,2026-02-21
RAT_0013408,CUST_000917,TMDB_M_1197306,3,2025-05-11
RAT_0013409,CUST_000917,TMDB_M_269149,5,2025-09-20
RAT_0013410,CUST_000917,TMDB_M_83533,4,2026-03-04
RAT_0013411,CUST_000917,TMDB_M_967941,3,2026-02-04
RAT_0013412,CUST_000917,TMDB_T_124364,5,2025-07-25
RAT_0013413,CUST_000917,TMDB_T_1407,3,2025-02-12
RAT_0013414,CUST_000917,TMDB_T_1412,4,2026-04-01
RAT_0013415,CUST_000917,TMDB_T_22980,5,2026-02-14
RAT_0013416,CUST_000917,TMDB_T_35007,5,2026-03-22
RAT_0013417,CUST_000917,TMDB_T_4656,4,2026-01-14
RAT_0013418,CUST_000917,TMDB_T_60059,3,2025-05-09
RAT_0013419,CUST_000917,TMDB_T_764,4,2026-03-28
RAT_0013420,CUST_000918,TMDB_M_1087891,4,2026-03-26
RAT_0013421,CUST_000918,TMDB_M_1199193,3,2026-03-18
RAT_0013422,CUST_000918,TMDB_M_1381027,3,2026-03-12
RAT_0013423,CUST_000918,TMDB_M_1412598,4,2026-02-14
RAT_0013424,CUST_000918,TMDB_M_809,3,2026-02-20
RAT_0013425,CUST_000918,TMDB_M_812,3,2026-01-01
RAT_0013426,CUST_000918,TMDB_T_1399,4,2026-02-15
RAT_0013427,CUST_000918,TMDB_T_220150,3,2026-02-16
RAT_0013428,CUST_000918,TMDB_T_34524,4,2026-01-31
RAT_0013429,CUST_000918,TMDB_T_456,5,2025-12-27
RAT_0013430,CUST_000918,TMDB_T_46260,5,2026-04-01
RAT_0013431,CUST_000918,TMDB_T_48866,5,2026-03-31
RAT_0013432,CUST_000918,TMDB_T_85077,3,2026-02-10
RAT_0013433,CUST_000919,TMDB_M_103,4,2025-08-08
RAT_0013434,CUST_000919,TMDB_M_120,3,2025-04-22
RAT_0013435,CUST_000919,TMDB_M_122,2,2026-02-03
RAT_0013436,CUST_000919,TMDB_M_12444,4,2025-10-29
RAT_0013437,CUST_000919,TMDB_M_12445,3,2025-06-19
RAT_0013438,CUST_000919,TMDB_M_1493859,3,2024-12-26
RAT_0013439,CUST_000919,TMDB_M_181808,4,2025-02-11
RAT_0013440,CUST_000919,TMDB_M_293660,1,2025-08-20
RAT_0013441,CUST_000919,TMDB_M_517302,5,2025-04-02
RAT_0013442,CUST_000919,TMDB_M_762509,3,2025-10-22
RAT_0013443,CUST_000919,TMDB_M_949,5,2025-02-06
RAT_0013444,CUST_000919,TMDB_T_12225,5,2025-07-25
RAT_0013445,CUST_000919,TMDB_T_2171,1,2025-12-22
RAT_0013446,CUST_000919,TMDB_T_2661,3,2025-07-03
RAT_0013447,CUST_000919,TMDB_T_4057,4,2026-03-27
RAT_0013448,CUST_000919,TMDB_T_549,4,2025-05-31
RAT_0013449,CUST_000919,TMDB_T_58841,2,2026-04-11
RAT_0013450,CUST_000919,TMDB_T_63174,3,2026-03-07
RAT_0013451,CUST_000919,TMDB_T_70672,1,2025-09-23
RAT_0013452,CUST_000919,TMDB_T_71790,3,2024-12-13
RAT_0013453,CUST_000919,TMDB_T_74561,4,2025-02-07
RAT_0013454,CUST_000920,TMDB_M_1038392,5,2026-04-04
RAT_0013455,CUST_000920,TMDB_M_1266127,3,2025-11-23
RAT_0013456,CUST_000920,TMDB_M_1310568,5,2026-04-04
RAT_0013457,CUST_000920,TMDB_M_1367763,4,2025-12-15
RAT_0013458,CUST_000920,TMDB_M_396535,4,2026-01-28
RAT_0013459,CUST_000920,TMDB_M_419430,3,2026-04-11
RAT_0013460,CUST_000920,TMDB_M_436969,5,2026-03-22
RAT_0013461,CUST_000920,TMDB_T_283123,2,2025-10-20
RAT_0013462,CUST_000920,TMDB_T_456,4,2026-02-28
RAT_0013463,CUST_000920,TMDB_T_78191,4,2025-11-09
RAT_0013464,CUST_000921,TMDB_M_1019420,3,2025-08-10
RAT_0013465,CUST_000921,TMDB_M_1650558,2,2026-03-28
RAT_0013466,CUST_000921,TMDB_M_359410,1,2025-04-23
RAT_0013467,CUST_000921,TMDB_M_502356,2,2025-05-23
RAT_0013468,CUST_000921,TMDB_M_541671,4,2025-07-27
RAT_0013469,CUST_000921,TMDB_T_1416,1,2025-08-08
RAT_0013470,CUST_000921,TMDB_T_154770,3,2026-01-28
RAT_0013471,CUST_000921,TMDB_T_2734,2,2026-04-07
RAT_0013472,CUST_000921,TMDB_T_35007,2,2025-10-03
RAT_0013473,CUST_000921,TMDB_T_68350,2,2025-11-08
RAT_0013474,CUST_000921,TMDB_T_74561,2,2025-10-08
RAT_0013475,CUST_000921,TMDB_T_94722,3,2026-02-03
RAT_0013476,CUST_000922,TMDB_M_12,3,2025-12-24
RAT_0013477,CUST_000922,TMDB_M_9769,4,2025-10-11
RAT_0013478,CUST_000922,TMDB_T_1408,3,2026-01-18
RAT_0013479,CUST_000922,TMDB_T_1705,3,2025-12-02
RAT_0013480,CUST_000922,TMDB_T_202411,3,2025-11-04
RAT_0013481,CUST_000922,TMDB_T_2224,4,2025-11-04
RAT_0013482,CUST_000922,TMDB_T_72517,2,2026-02-21
RAT_0013483,CUST_000923,TMDB_M_1049471,4,2024-11-03
RAT_0013484,CUST_000923,TMDB_M_1336770,3,2024-11-22
RAT_0013485,CUST_000923,TMDB_M_346698,1,2024-11-03
RAT_0013486,CUST_000924,TMDB_M_1020969,4,2026-06-01
RAT_0013487,CUST_000924,TMDB_M_1078605,3,2026-07-09
RAT_0013488,CUST_000924,TMDB_M_120,3,2026-06-03
RAT_0013489,CUST_000924,TMDB_M_1228246,2,2026-04-24
RAT_0013490,CUST_000924,TMDB_M_1317149,2,2026-07-02
RAT_0013491,CUST_000924,TMDB_M_1650558,4,2026-07-03
RAT_0013492,CUST_000924,TMDB_M_412117,2,2026-07-25
RAT_0013493,CUST_000924,TMDB_M_517302,1,2026-07-06
RAT_0013494,CUST_000924,TMDB_M_950387,1,2026-06-07
RAT_0013495,CUST_000924,TMDB_T_1399,3,2026-01-31
RAT_0013496,CUST_000924,TMDB_T_1489,4,2026-02-10
RAT_0013497,CUST_000924,TMDB_T_456,3,2026-05-25
RAT_0013498,CUST_000925,TMDB_M_1049471,4,2025-10-03
RAT_0013499,CUST_000925,TMDB_M_1226863,5,2025-12-15
RAT_0013500,CUST_000925,TMDB_M_1357633,4,2026-03-23
RAT_0013501,CUST_000925,TMDB_M_1620551,4,2026-03-14
RAT_0013502,CUST_000925,TMDB_M_412117,5,2026-02-20
RAT_0013503,CUST_000925,TMDB_M_76600,3,2025-07-18
RAT_0013504,CUST_000925,TMDB_M_936075,3,2026-03-05
RAT_0013505,CUST_000925,TMDB_T_237020,2,2026-04-01
RAT_0013506,CUST_000925,TMDB_T_4588,4,2026-02-18
RAT_0013507,CUST_000925,TMDB_T_549,4,2025-07-23
RAT_0013508,CUST_000926,TMDB_M_1022787,3,2026-04-09
RAT_0013509,CUST_000926,TMDB_M_1049471,3,2024-05-11
RAT_0013510,CUST_000926,TMDB_M_1199193,4,2025-09-23
RAT_0013511,CUST_000926,TMDB_M_1307373,4,2025-11-29
RAT_0013512,CUST_000926,TMDB_M_1480382,3,2025-10-26
RAT_0013513,CUST_000926,TMDB_M_1500099,3,2025-02-05
RAT_0013514,CUST_000926,TMDB_M_1539104,2,2024-10-18
RAT_0013515,CUST_000926,TMDB_M_1650558,4,2025-04-08
RAT_0013516,CUST_000926,TMDB_M_539972,3,2024-06-04
RAT_0013517,CUST_000926,TMDB_M_637649,5,2026-01-11
RAT_0013518,CUST_000926,TMDB_M_677638,1,2026-03-23
RAT_0013519,CUST_000926,TMDB_M_680,4,2025-02-11
RAT_0013520,CUST_000926,TMDB_M_9502,4,2025-08-29
RAT_0013521,CUST_000926,TMDB_T_112527,3,2026-01-27
RAT_0013522,CUST_000926,TMDB_T_114478,2,2025-01-17
RAT_0013523,CUST_000926,TMDB_T_1398,3,2026-02-17
RAT_0013524,CUST_000926,TMDB_T_1489,3,2025-10-06
RAT_0013525,CUST_000926,TMDB_T_15260,1,2024-11-22
RAT_0013526,CUST_000926,TMDB_T_30981,3,2024-11-17
RAT_0013527,CUST_000926,TMDB_T_37854,2,2025-09-25
RAT_0013528,CUST_000926,TMDB_T_45790,3,2025-03-20
RAT_0013529,CUST_000926,TMDB_T_4614,2,2025-10-23
RAT_0013530,CUST_000926,TMDB_T_46260,4,2025-05-02
RAT_0013531,CUST_000926,TMDB_T_61818,4,2025-12-29
RAT_0013532,CUST_000927,TMDB_M_121,2,2026-02-08
RAT_0013533,CUST_000927,TMDB_M_122,3,2026-03-26
RAT_0013534,CUST_000927,TMDB_M_1226863,1,2026-02-27
RAT_0013535,CUST_000927,TMDB_M_1387382,2,2026-03-01
RAT_0013536,CUST_000927,TMDB_M_1634301,4,2026-01-03
RAT_0013537,CUST_000927,TMDB_M_662707,2,2025-12-26
RAT_0013538,CUST_000927,TMDB_M_762509,3,2026-03-15
RAT_0013539,CUST_000927,TMDB_M_840464,5,2026-03-24
RAT_0013540,CUST_000927,TMDB_M_98477,1,2026-01-04
RAT_0013541,CUST_000927,TMDB_T_1620,4,2026-04-02
RAT_0013542,CUST_000927,TMDB_T_75219,4,2026-01-09
RAT_0013543,CUST_000927,TMDB_T_8962,2,2025-12-28
RAT_0013544,CUST_000927,TMDB_T_98031,3,2026-04-08
RAT_0013545,CUST_000928,TMDB_M_1226863,2,2026-01-26
RAT_0013546,CUST_000928,TMDB_M_1246049,5,2026-03-14
RAT_0013547,CUST_000928,TMDB_M_1930,1,2026-02-11
RAT_0013548,CUST_000928,TMDB_M_28322,4,2026-02-26
RAT_0013549,CUST_000928,TMDB_M_350,1,2026-01-04
RAT_0013550,CUST_000928,TMDB_M_414906,3,2026-02-23
RAT_0013551,CUST_000928,TMDB_M_83533,3,2026-01-21
RAT_0013552,CUST_000928,TMDB_T_120089,2,2026-04-10
RAT_0013553,CUST_000928,TMDB_T_1622,4,2026-03-14
RAT_0013554,CUST_000928,TMDB_T_2224,4,2026-04-06
RAT_0013555,CUST_000928,TMDB_T_94722,4,2026-04-04
RAT_0013556,CUST_000929,TMDB_M_1408208,4,2025-11-14
RAT_0013557,CUST_000929,TMDB_M_1470130,4,2025-11-19
RAT_0013558,CUST_000929,TMDB_M_1523145,3,2024-10-15
RAT_0013559,CUST_000929,TMDB_M_1526650,3,2024-11-08
RAT_0013560,CUST_000929,TMDB_M_1584215,1,2024-12-21
RAT_0013561,CUST_000929,TMDB_M_475557,2,2026-02-22
RAT_0013562,CUST_000929,TMDB_M_696393,3,2025-04-13
RAT_0013563,CUST_000929,TMDB_M_857,3,2026-03-29
RAT_0013564,CUST_000929,TMDB_T_2288,5,2025-05-15
RAT_0013565,CUST_000929,TMDB_T_2734,3,2025-11-23
RAT_0013566,CUST_000929,TMDB_T_45790,3,2025-04-28
RAT_0013567,CUST_000929,TMDB_T_60059,4,2026-02-08
RAT_0013568,CUST_000929,TMDB_T_74561,3,2024-07-05
RAT_0013569,CUST_000929,TMDB_T_76479,3,2024-10-22
RAT_0013570,CUST_000929,TMDB_T_790,4,2026-03-11
RAT_0013571,CUST_000929,TMDB_T_79744,4,2026-03-01
RAT_0013572,CUST_000929,TMDB_T_80748,3,2026-03-23
RAT_0013573,CUST_000929,TMDB_T_95557,4,2025-11-05
RAT_0013574,CUST_000930,TMDB_M_1214931,3,2026-04-08
RAT_0013575,CUST_000930,TMDB_M_177572,2,2025-11-08
RAT_0013576,CUST_000930,TMDB_M_181812,3,2025-12-28
RAT_0013577,CUST_000930,TMDB_M_205596,3,2026-02-04
RAT_0013578,CUST_000930,TMDB_T_2224,1,2025-12-03
RAT_0013579,CUST_000930,TMDB_T_237020,2,2026-04-24
RAT_0013580,CUST_000930,TMDB_T_290856,2,2026-05-08
RAT_0013581,CUST_000930,TMDB_T_62223,1,2026-04-17
RAT_0013582,CUST_000930,TMDB_T_6836,2,2026-04-17
RAT_0013583,CUST_000931,TMDB_M_1087891,5,2025-02-15
RAT_0013584,CUST_000931,TMDB_M_1175942,4,2025-08-16
RAT_0013585,CUST_000931,TMDB_M_12509,5,2025-08-03
RAT_0013586,CUST_000931,TMDB_M_1327862,4,2025-09-26
RAT_0013587,CUST_000931,TMDB_M_1367642,3,2025-06-23
RAT_0013588,CUST_000931,TMDB_M_1408208,5,2025-07-30
RAT_0013589,CUST_000931,TMDB_M_1412598,3,2026-03-28
RAT_0013590,CUST_000931,TMDB_M_3558,2,2024-11-19
RAT_0013591,CUST_000931,TMDB_M_607,5,2025-12-27
RAT_0013592,CUST_000931,TMDB_M_634649,4,2025-04-07
RAT_0013593,CUST_000931,TMDB_M_812037,4,2025-06-29
RAT_0013594,CUST_000931,TMDB_M_876566,3,2026-01-19
RAT_0013595,CUST_000931,TMDB_T_1695,3,2024-12-08
RAT_0013596,CUST_000931,TMDB_T_1911,4,2026-03-21
RAT_0013597,CUST_000931,TMDB_T_32415,3,2024-11-15
RAT_0013598,CUST_000931,TMDB_T_63174,4,2024-12-19
RAT_0013599,CUST_000931,TMDB_T_71790,3,2024-12-02
RAT_0013600,CUST_000931,TMDB_T_76572,4,2026-01-22
RAT_0013601,CUST_000932,TMDB_M_1198994,2,2025-12-06
RAT_0013602,CUST_000932,TMDB_M_1218925,2,2026-01-10
RAT_0013603,CUST_000932,TMDB_M_1236153,4,2026-01-28
RAT_0013604,CUST_000932,TMDB_M_1310568,5,2026-02-01
RAT_0013605,CUST_000932,TMDB_M_419430,4,2026-03-23
RAT_0013606,CUST_000932,TMDB_M_680493,4,2026-03-09
RAT_0013607,CUST_000932,TMDB_M_863,4,2026-03-30
RAT_0013608,CUST_000932,TMDB_T_112527,3,2026-02-15
RAT_0013609,CUST_000932,TMDB_T_124364,5,2026-03-31
RAT_0013610,CUST_000933,TMDB_M_12153,1,2025-11-01
RAT_0013611,CUST_000933,TMDB_M_1245347,3,2025-09-10
RAT_0013612,CUST_000933,TMDB_M_1465563,3,2025-09-01
RAT_0013613,CUST_000933,TMDB_M_346698,4,2025-10-17
RAT_0013614,CUST_000933,TMDB_M_43347,3,2026-01-01
RAT_0013615,CUST_000933,TMDB_M_969681,4,2025-07-29
RAT_0013616,CUST_000933,TMDB_M_982843,4,2025-11-16
RAT_0013617,CUST_000933,TMDB_T_1981,2,2026-01-14
RAT_0013618,CUST_000933,TMDB_T_220542,2,2025-08-05
RAT_0013619,CUST_000934,TMDB_M_1234731,4,2026-04-06
RAT_0013620,CUST_000934,TMDB_M_1357633,2,2025-09-08
RAT_0013621,CUST_000934,TMDB_M_1511417,1,2025-12-01
RAT_0013622,CUST_000934,TMDB_M_330457,3,2025-12-14
RAT_0013623,CUST_000934,TMDB_M_337404,3,2025-10-17
RAT_0013624,CUST_000934,TMDB_M_346,1,2026-02-11
RAT_0013625,CUST_000934,TMDB_M_374720,5,2025-12-13
RAT_0013626,CUST_000934,TMDB_M_82690,4,2025-12-27
RAT_0013627,CUST_000934,TMDB_T_108978,2,2026-02-11
RAT_0013628,CUST_000934,TMDB_T_124364,1,2025-08-18
RAT_0013629,CUST_000934,TMDB_T_44217,2,2026-01-12
RAT_0013630,CUST_000934,TMDB_T_65733,3,2025-10-13
RAT_0013631,CUST_000934,TMDB_T_67460,1,2025-08-25
RAT_0013632,CUST_000934,TMDB_T_85077,3,2026-03-25
RAT_0013633,CUST_000935,TMDB_M_1159559,2,2026-02-24
RAT_0013634,CUST_000935,TMDB_M_1311031,2,2026-03-31
RAT_0013635,CUST_000935,TMDB_M_1367642,1,2026-02-19
RAT_0013636,CUST_000935,TMDB_M_1368166,4,2026-02-26
RAT_0013637,CUST_000935,TMDB_T_18165,1,2026-03-07
RAT_0013638,CUST_000935,TMDB_T_2261,5,2026-03-28
RAT_0013639,CUST_000935,TMDB_T_32415,2,2026-03-11
RAT_0013640,CUST_000935,TMDB_T_4057,2,2026-03-11
RAT_0013641,CUST_000935,TMDB_T_4177,3,2026-03-30
RAT_0013642,CUST_000935,TMDB_T_62223,2,2026-01-28
RAT_0013643,CUST_000935,TMDB_T_76479,1,2026-02-10
RAT_0013644,CUST_000935,TMDB_T_82873,3,2026-03-23
RAT_0013645,CUST_000936,TMDB_M_10474,4,2026-01-09
RAT_0013646,CUST_000936,TMDB_M_1110034,4,2025-11-05
RAT_0013647,CUST_000936,TMDB_M_1191876,4,2025-10-30
RAT_0013648,CUST_000936,TMDB_M_12509,3,2026-03-18
RAT_0013649,CUST_000936,TMDB_M_1272837,2,2025-12-28
RAT_0013650,CUST_000936,TMDB_M_1408208,1,2025-12-22
RAT_0013651,CUST_000936,TMDB_M_1419406,2,2025-10-15
RAT_0013652,CUST_000936,TMDB_M_1523145,4,2025-07-01
RAT_0013653,CUST_000936,TMDB_M_402431,3,2025-10-13
RAT_0013654,CUST_000936,TMDB_M_615,2,2026-02-19
RAT_0013655,CUST_000936,TMDB_M_933260,3,2026-01-19
RAT_0013656,CUST_000936,TMDB_T_100088,3,2025-12-25
RAT_0013657,CUST_000936,TMDB_T_1405,2,2025-08-12
RAT_0013658,CUST_000936,TMDB_T_1415,1,2025-07-12
RAT_0013659,CUST_000936,TMDB_T_2190,4,2025-06-25
RAT_0013660,CUST_000936,TMDB_T_32415,1,2025-09-09
RAT_0013661,CUST_000936,TMDB_T_4376,4,2026-03-24
RAT_0013662,CUST_000936,TMDB_T_61818,3,2026-02-25
RAT_0013663,CUST_000937,TMDB_M_1115544,1,2025-07-17
RAT_0013664,CUST_000937,TMDB_M_1245347,3,2025-09-11
RAT_0013665,CUST_000937,TMDB_M_1304313,4,2025-04-08
RAT_0013666,CUST_000937,TMDB_M_1635276,2,2025-08-10
RAT_0013667,CUST_000937,TMDB_M_19404,2,2025-05-21
RAT_0013668,CUST_000937,TMDB_M_62029,4,2025-01-21
RAT_0013669,CUST_000937,TMDB_M_969681,1,2025-04-14
RAT_0013670,CUST_000937,TMDB_T_1100,3,2025-05-26
RAT_0013671,CUST_000937,TMDB_T_1403,4,2025-02-25
RAT_0013672,CUST_000937,TMDB_T_19530,2,2025-07-06
RAT_0013673,CUST_000937,TMDB_T_2224,5,2025-06-28
RAT_0013674,CUST_000937,TMDB_T_278573,1,2025-05-27
RAT_0013675,CUST_000937,TMDB_T_283123,3,2025-09-08
RAT_0013676,CUST_000937,TMDB_T_30984,2,2025-02-27
RAT_0013677,CUST_000937,TMDB_T_48866,4,2025-06-27
RAT_0013678,CUST_000937,TMDB_T_58841,3,2025-01-20
RAT_0013679,CUST_000938,TMDB_M_1020969,3,2025-12-23
RAT_0013680,CUST_000938,TMDB_M_1115544,1,2024-12-19
RAT_0013681,CUST_000938,TMDB_M_1175942,3,2025-03-30
RAT_0013682,CUST_000938,TMDB_M_1290417,2,2026-02-28
RAT_0013683,CUST_000938,TMDB_M_1430,4,2025-10-21
RAT_0013684,CUST_000938,TMDB_M_1462146,2,2025-03-02
RAT_0013685,CUST_000938,TMDB_M_1620551,4,2026-03-14
RAT_0013686,CUST_000938,TMDB_M_293660,2,2024-12-07
RAT_0013687,CUST_000938,TMDB_M_412117,1,2025-12-29
RAT_0013688,CUST_000938,TMDB_M_447273,3,2025-10-20
RAT_0013689,CUST_000938,TMDB_M_479197,5,2026-01-27
RAT_0013690,CUST_000938,TMDB_M_823219,3,2024-12-15
RAT_0013691,CUST_000938,TMDB_M_936075,4,2026-02-07
RAT_0013692,CUST_000938,TMDB_T_110075,2,2025-01-23
RAT_0013693,CUST_000938,TMDB_T_4087,2,2025-04-06
RAT_0013694,CUST_000938,TMDB_T_4629,2,2024-05-06
RAT_0013695,CUST_000938,TMDB_T_4656,4,2026-03-23
RAT_0013696,CUST_000938,TMDB_T_48866,4,2025-07-14
RAT_0013697,CUST_000938,TMDB_T_95557,3,2024-09-29
RAT_0013698,CUST_000939,TMDB_M_1159559,3,2025-01-10
RAT_0013699,CUST_000939,TMDB_M_1197306,1,2025-06-12
RAT_0013700,CUST_000939,TMDB_M_14161,3,2025-08-13
RAT_0013701,CUST_000939,TMDB_M_389677,1,2025-07-04
RAT_0013702,CUST_000939,TMDB_M_405746,2,2025-03-30
RAT_0013703,CUST_000939,TMDB_M_49051,1,2025-09-02
RAT_0013704,CUST_000939,TMDB_M_575265,2,2025-08-14
RAT_0013705,CUST_000939,TMDB_M_8358,2,2025-08-17
RAT_0013706,CUST_000939,TMDB_M_911430,5,2025-03-18
RAT_0013707,CUST_000939,TMDB_T_1695,2,2025-08-30
RAT_0013708,CUST_000939,TMDB_T_2316,2,2025-07-17
RAT_0013709,CUST_000939,TMDB_T_4656,2,2025-08-31
RAT_0013710,CUST_000939,TMDB_T_65733,1,2025-08-20
RAT_0013711,CUST_000940,TMDB_M_1049471,2,2026-03-28
RAT_0013712,CUST_000940,TMDB_M_1066313,3,2026-07-04
RAT_0013713,CUST_000940,TMDB_M_1119449,1,2026-10-16
RAT_0013714,CUST_000940,TMDB_M_1236153,2,2026-10-16
RAT_0013715,CUST_000940,TMDB_M_1241470,2,2026-08-26
RAT_0013716,CUST_000940,TMDB_M_1424965,3,2026-09-23
RAT_0013717,CUST_000940,TMDB_M_1611398,2,2026-09-13
RAT_0013718,CUST_000940,TMDB_M_1635276,3,2026-09-23
RAT_0013719,CUST_000940,TMDB_M_259694,3,2026-05-08
RAT_0013720,CUST_000940,TMDB_M_4247,2,2026-05-28
RAT_0013721,CUST_000940,TMDB_M_447365,3,2026-06-05
RAT_0013722,CUST_000940,TMDB_M_466272,1,2026-08-14
RAT_0013723,CUST_000940,TMDB_M_601,3,2026-09-12
RAT_0013724,CUST_000940,TMDB_M_604079,2,2026-09-27
RAT_0013725,CUST_000940,TMDB_M_617126,4,2026-08-05
RAT_0013726,CUST_000940,TMDB_M_701387,3,2026-09-26
RAT_0013727,CUST_000940,TMDB_M_912649,1,2026-10-12
RAT_0013728,CUST_000940,TMDB_M_969681,2,2026-07-18
RAT_0013729,CUST_000940,TMDB_T_2004,3,2026-08-10
RAT_0013730,CUST_000940,TMDB_T_2691,1,2026-09-09
RAT_0013731,CUST_000940,TMDB_T_3452,4,2026-05-01
RAT_0013732,CUST_000940,TMDB_T_59941,2,2026-08-21
RAT_0013733,CUST_000940,TMDB_T_82873,2,2026-07-04
RAT_0013734,CUST_000941,TMDB_M_10138,2,2026-03-28
RAT_0013735,CUST_000941,TMDB_M_120,5,2026-02-28
RAT_0013736,CUST_000941,TMDB_M_1234731,2,2025-12-17
RAT_0013737,CUST_000941,TMDB_M_12445,4,2025-05-17
RAT_0013738,CUST_000941,TMDB_M_128,4,2024-12-01
RAT_0013739,CUST_000941,TMDB_M_1311031,4,2025-03-25
RAT_0013740,CUST_000941,TMDB_M_1339876,3,2025-09-30
RAT_0013741,CUST_000941,TMDB_M_22,2,2025-10-16
RAT_0013742,CUST_000941,TMDB_M_809,3,2025-05-25
RAT_0013743,CUST_000941,TMDB_M_967,4,2026-01-15
RAT_0013744,CUST_000941,TMDB_T_18165,2,2026-04-11
RAT_0013745,CUST_000941,TMDB_T_39351,2,2025-04-01
RAT_0013746,CUST_000941,TMDB_T_46952,4,2025-07-26
RAT_0013747,CUST_000941,TMDB_T_60622,3,2026-02-22
RAT_0013748,CUST_000941,TMDB_T_71712,1,2026-03-31
RAT_0013749,CUST_000942,TMDB_M_10193,4,2026-01-27
RAT_0013750,CUST_000942,TMDB_M_1054867,5,2025-07-03
RAT_0013751,CUST_000942,TMDB_M_1084187,4,2026-03-08
RAT_0013752,CUST_000942,TMDB_M_1117857,4,2025-01-26
RAT_0013753,CUST_000942,TMDB_M_1268127,5,2025-06-16
RAT_0013754,CUST_000942,TMDB_M_1291608,2,2025-05-15
RAT_0013755,CUST_000942,TMDB_M_1307373,3,2024-12-28
RAT_0013756,CUST_000942,TMDB_M_1419406,4,2025-10-27
RAT_0013757,CUST_000942,TMDB_M_156022,2,2025-07-05
RAT_0013758,CUST_000942,TMDB_M_1630433,3,2025-11-11
RAT_0013759,CUST_000942,TMDB_M_290098,5,2026-02-11
RAT_0013760,CUST_000942,TMDB_M_359410,4,2025-04-15
RAT_0013761,CUST_000942,TMDB_M_447273,3,2026-01-22
RAT_0013762,CUST_000942,TMDB_M_680493,4,2024-06-21
RAT_0013763,CUST_000942,TMDB_T_2224,2,2025-05-30
RAT_0013764,CUST_000942,TMDB_T_37854,2,2025-05-05
RAT_0013765,CUST_000942,TMDB_T_68350,3,2025-06-27
RAT_0013766,CUST_000942,TMDB_T_98031,5,2024-11-04
RAT_0013767,CUST_000943,TMDB_M_1015606,5,2026-03-15
RAT_0013768,CUST_000943,TMDB_M_1159559,5,2026-03-19
RAT_0013769,CUST_000943,TMDB_M_1246049,2,2026-04-06
RAT_0013770,CUST_000943,TMDB_M_1265609,4,2025-11-14
RAT_0013771,CUST_000943,TMDB_M_1310568,4,2026-03-01
RAT_0013772,CUST_000943,TMDB_M_1426964,4,2026-03-25
RAT_0013773,CUST_000943,TMDB_M_1462146,5,2026-04-01
RAT_0013774,CUST_000943,TMDB_M_1523145,2,2025-11-07
RAT_0013775,CUST_000943,TMDB_M_1526650,4,2025-12-05
RAT_0013776,CUST_000943,TMDB_M_1610418,3,2026-02-17
RAT_0013777,CUST_000943,TMDB_M_1650558,2,2026-03-18
RAT_0013778,CUST_000943,TMDB_M_37165,4,2026-02-24
RAT_0013779,CUST_000943,TMDB_M_405746,3,2025-10-24
RAT_0013780,CUST_000943,TMDB_M_419430,5,2026-02-19
RAT_0013781,CUST_000943,TMDB_M_4247,2,2026-01-12
RAT_0013782,CUST_000943,TMDB_M_734286,4,2026-02-06
RAT_0013783,CUST_000943,TMDB_M_945961,5,2026-02-20
RAT_0013784,CUST_000943,TMDB_T_1412,5,2025-10-29
RAT_0013785,CUST_000943,TMDB_T_1973,4,2025-12-20
RAT_0013786,CUST_000943,TMDB_T_4177,3,2025-12-31
RAT_0013787,CUST_000943,TMDB_T_72517,4,2026-01-29
RAT_0013788,CUST_000944,TMDB_M_967941,5,2026-01-06
RAT_0013789,CUST_000944,TMDB_T_22980,4,2026-04-07
RAT_0013790,CUST_000944,TMDB_T_291,4,2026-04-10
RAT_0013791,CUST_000944,TMDB_T_30984,2,2026-02-21
RAT_0013792,CUST_000944,TMDB_T_95557,3,2026-01-12
RAT_0013793,CUST_000945,TMDB_M_1193501,2,2025-08-03
RAT_0013794,CUST_000945,TMDB_M_1242898,3,2025-09-17
RAT_0013795,CUST_000945,TMDB_M_1276704,3,2025-11-25
RAT_0013796,CUST_000945,TMDB_M_1325734,3,2025-12-13
RAT_0013797,CUST_000945,TMDB_M_1523145,3,2026-03-23
RAT_0013798,CUST_000945,TMDB_M_1635276,2,2025-07-17
RAT_0013799,CUST_000945,TMDB_M_425274,1,2025-06-05
RAT_0013800,CUST_000945,TMDB_M_562,3,2025-08-16
RAT_0013801,CUST_000945,TMDB_T_128318,4,2025-10-29
RAT_0013802,CUST_000945,TMDB_T_14981,4,2025-10-13
RAT_0013803,CUST_000945,TMDB_T_285469,1,2025-02-03
RAT_0013804,CUST_000945,TMDB_T_4656,4,2026-03-26
RAT_0013805,CUST_000945,TMDB_T_60059,3,2025-08-20
RAT_0013806,CUST_000945,TMDB_T_71494,4,2026-03-13
RAT_0013807,CUST_000945,TMDB_T_764,4,2026-02-28
RAT_0013808,CUST_000946,TMDB_M_1650558,3,2026-03-31
RAT_0013809,CUST_000946,TMDB_M_569094,1,2026-04-10
RAT_0013810,CUST_000947,TMDB_M_103,3,2025-11-22
RAT_0013811,CUST_000947,TMDB_M_1197137,4,2026-02-27
RAT_0013812,CUST_000947,TMDB_M_1233413,2,2025-12-19
RAT_0013813,CUST_000947,TMDB_M_1284120,2,2026-03-13
RAT_0013814,CUST_000947,TMDB_M_1315303,2,2025-12-04
RAT_0013815,CUST_000947,TMDB_M_1336770,1,2025-11-25
RAT_0013816,CUST_000947,TMDB_M_1368166,3,2026-03-05
RAT_0013817,CUST_000947,TMDB_M_157336,3,2025-09-19
RAT_0013818,CUST_000947,TMDB_M_381288,3,2025-09-16
RAT_0013819,CUST_000947,TMDB_M_567609,2,2025-12-30
RAT_0013820,CUST_000947,TMDB_M_862739,4,2025-11-29
RAT_0013821,CUST_000947,TMDB_T_1412,3,2026-01-14
RAT_0013822,CUST_000947,TMDB_T_154770,3,2025-12-17
RAT_0013823,CUST_000947,TMDB_T_2734,3,2026-03-05
RAT_0013824,CUST_000947,TMDB_T_278275,3,2025-11-17
RAT_0013825,CUST_000947,TMDB_T_4087,4,2026-03-13
RAT_0013826,CUST_000947,TMDB_T_48866,1,2025-10-20
RAT_0013827,CUST_000947,TMDB_T_62650,4,2025-09-29
RAT_0013828,CUST_000947,TMDB_T_66732,3,2025-10-12
RAT_0013829,CUST_000947,TMDB_T_78191,2,2025-11-29
RAT_0013830,CUST_000947,TMDB_T_790,1,2026-03-27
RAT_0013831,CUST_000948,TMDB_M_1226863,4,2025-07-05
RAT_0013832,CUST_000948,TMDB_M_1252037,5,2026-03-19
RAT_0013833,CUST_000948,TMDB_M_150540,4,2025-11-23
RAT_0013834,CUST_000948,TMDB_M_83533,4,2025-07-11
RAT_0013835,CUST_000948,TMDB_T_108978,2,2025-12-02
RAT_0013836,CUST_000948,TMDB_T_19530,3,2025-12-24
RAT_0013837,CUST_000948,TMDB_T_20111,5,2025-06-03
RAT_0013838,CUST_000948,TMDB_T_2288,2,2026-03-20
RAT_0013839,CUST_000948,TMDB_T_44217,4,2026-02-08
RAT_0013840,CUST_000948,TMDB_T_57243,4,2026-04-10
RAT_0013841,CUST_000948,TMDB_T_65334,3,2025-10-25
RAT_0013842,CUST_000948,TMDB_T_85077,3,2026-03-27
RAT_0013843,CUST_000949,TMDB_M_1015606,3,2026-03-14
RAT_0013844,CUST_000949,TMDB_M_1084187,3,2025-11-02
RAT_0013845,CUST_000949,TMDB_M_1310568,5,2026-03-10
RAT_0013846,CUST_000949,TMDB_M_1462146,5,2026-03-15
RAT_0013847,CUST_000949,TMDB_T_1402,4,2026-02-14
RAT_0013848,CUST_000949,TMDB_T_2734,2,2025-12-01
RAT_0013849,CUST_000949,TMDB_T_3562,5,2026-04-03
RAT_0013850,CUST_000949,TMDB_T_4614,1,2025-10-11
RAT_0013851,CUST_000949,TMDB_T_76479,1,2026-03-02
RAT_0013852,CUST_000950,TMDB_M_1084187,4,2026-03-30
RAT_0013853,CUST_000950,TMDB_M_1192548,5,2026-04-10
RAT_0013854,CUST_000950,TMDB_M_1297842,5,2026-01-27
RAT_0013855,CUST_000950,TMDB_M_1317672,1,2026-02-04
RAT_0013856,CUST_000950,TMDB_M_1327862,3,2026-04-04
RAT_0013857,CUST_000950,TMDB_M_1523145,2,2026-04-10
RAT_0013858,CUST_000950,TMDB_M_1650558,3,2026-03-23
RAT_0013859,CUST_000950,TMDB_M_680493,1,2026-03-19
RAT_0013860,CUST_000950,TMDB_M_936075,4,2026-04-10
RAT_0013861,CUST_000950,TMDB_T_100088,3,2026-04-04
RAT_0013862,CUST_000950,TMDB_T_2224,1,2026-04-05
RAT_0013863,CUST_000950,TMDB_T_71494,2,2025-11-19
RAT_0013864,CUST_000950,TMDB_T_8962,4,2026-03-10
RAT_0013865,CUST_000951,TMDB_M_1196067,3,2024-10-25
RAT_0013866,CUST_000951,TMDB_M_1430,4,2025-02-08
RAT_0013867,CUST_000951,TMDB_M_19995,2,2025-01-22
RAT_0013868,CUST_000951,TMDB_M_335984,1,2025-03-04
RAT_0013869,CUST_000951,TMDB_M_479197,4,2025-03-03
RAT_0013870,CUST_000951,TMDB_M_52741,4,2024-12-14
RAT_0013871,CUST_000951,TMDB_M_62,3,2025-01-03
RAT_0013872,CUST_000951,TMDB_M_83533,2,2025-01-26
RAT_0013873,CUST_000951,TMDB_M_936075,3,2025-02-09
RAT_0013874,CUST_000951,TMDB_T_1399,2,2025-03-03
RAT_0013875,CUST_000951,TMDB_T_1622,2,2025-02-10
RAT_0013876,CUST_000951,TMDB_T_34307,2,2025-01-01
RAT_0013877,CUST_000951,TMDB_T_4556,4,2024-07-29
RAT_0013878,CUST_000951,TMDB_T_549,5,2024-12-22
RAT_0013879,CUST_000952,TMDB_M_10193,2,2025-09-12
RAT_0013880,CUST_000952,TMDB_M_1088434,4,2025-12-07
RAT_0013881,CUST_000952,TMDB_M_1159831,3,2025-08-10
RAT_0013882,CUST_000952,TMDB_M_1326106,4,2025-10-22
RAT_0013883,CUST_000952,TMDB_M_150540,1,2025-08-25
RAT_0013884,CUST_000952,TMDB_M_1523145,4,2025-01-22
RAT_0013885,CUST_000952,TMDB_M_311,3,2026-04-09
RAT_0013886,CUST_000952,TMDB_M_424,3,2025-06-15
RAT_0013887,CUST_000952,TMDB_M_4935,2,2025-12-16
RAT_0013888,CUST_000952,TMDB_M_497,5,2026-03-21
RAT_0013889,CUST_000952,TMDB_M_803796,4,2025-08-11
RAT_0013890,CUST_000952,TMDB_M_976573,3,2025-08-28
RAT_0013891,CUST_000952,TMDB_T_1409,2,2025-06-05
RAT_0013892,CUST_000952,TMDB_T_1412,2,2026-01-13
RAT_0013893,CUST_000952,TMDB_T_1434,5,2026-04-04
RAT_0013894,CUST_000952,TMDB_T_17610,4,2025-05-29
RAT_0013895,CUST_000952,TMDB_T_202555,3,2025-12-04
RAT_0013896,CUST_000952,TMDB_T_37680,4,2025-03-22
RAT_0013897,CUST_000952,TMDB_T_4614,2,2026-03-01
RAT_0013898,CUST_000952,TMDB_T_57532,5,2025-04-24
RAT_0013899,CUST_000952,TMDB_T_59941,1,2024-12-02
RAT_0013900,CUST_000952,TMDB_T_61818,2,2025-01-08
RAT_0013901,CUST_000952,TMDB_T_72517,2,2025-12-20
RAT_0013902,CUST_000952,TMDB_T_95479,4,2024-11-30
RAT_0013903,CUST_000953,TMDB_M_1020969,4,2026-04-05
RAT_0013904,CUST_000953,TMDB_M_1175942,3,2026-04-06
RAT_0013905,CUST_000953,TMDB_M_1252037,3,2026-02-14
RAT_0013906,CUST_000953,TMDB_M_20352,2,2026-03-07
RAT_0013907,CUST_000953,TMDB_M_207,2,2026-04-13
RAT_0013908,CUST_000953,TMDB_M_228150,4,2026-04-04
RAT_0013909,CUST_000953,TMDB_M_412117,1,2026-03-21
RAT_0013910,CUST_000953,TMDB_M_447273,4,2026-03-28
RAT_0013911,CUST_000953,TMDB_M_502356,2,2026-02-12
RAT_0013912,CUST_000953,TMDB_M_860410,1,2026-03-13
RAT_0013913,CUST_000953,TMDB_T_1403,3,2026-02-17
RAT_0013914,CUST_000953,TMDB_T_2261,3,2026-02-11
RAT_0013915,CUST_000953,TMDB_T_278275,4,2026-03-01
RAT_0013916,CUST_000953,TMDB_T_4629,4,2026-01-20
RAT_0013917,CUST_000953,TMDB_T_46952,2,2026-01-04
RAT_0013918,CUST_000953,TMDB_T_73586,4,2026-04-11
RAT_0013919,CUST_000953,TMDB_T_790,4,2026-01-27
RAT_0013920,CUST_000954,TMDB_M_1336770,3,2025-09-16
RAT_0013921,CUST_000954,TMDB_M_1523145,4,2026-02-24
RAT_0013922,CUST_000954,TMDB_M_286217,4,2025-11-19
RAT_0013923,CUST_000954,TMDB_T_1399,2,2026-04-05
RAT_0013924,CUST_000954,TMDB_T_1668,2,2026-02-16
RAT_0013925,CUST_000954,TMDB_T_58841,3,2025-07-24
RAT_0013926,CUST_000954,TMDB_T_70672,5,2025-11-30
RAT_0013927,CUST_000955,TMDB_M_1233413,5,2025-07-21
RAT_0013928,CUST_000955,TMDB_M_1265609,3,2025-02-01
RAT_0013929,CUST_000955,TMDB_M_1493859,2,2025-06-21
RAT_0013930,CUST_000955,TMDB_M_177572,4,2025-10-22
RAT_0013931,CUST_000955,TMDB_M_350,1,2024-11-30
RAT_0013932,CUST_000955,TMDB_M_646380,3,2025-03-29
RAT_0013933,CUST_000955,TMDB_M_762509,2,2026-01-08
RAT_0013934,CUST_000955,TMDB_M_848116,3,2025-02-04
RAT_0013935,CUST_000955,TMDB_M_99861,2,2025-02-19
RAT_0013936,CUST_000955,TMDB_T_110075,1,2025-09-08
RAT_0013937,CUST_000955,TMDB_T_291,4,2026-03-14
RAT_0013938,CUST_000955,TMDB_T_4614,4,2026-02-25
RAT_0013939,CUST_000955,TMDB_T_502,2,2025-11-05
RAT_0013940,CUST_000955,TMDB_T_62223,4,2024-12-23
RAT_0013941,CUST_000955,TMDB_T_71790,2,2026-04-05
RAT_0013942,CUST_000956,TMDB_M_1297842,5,2025-06-24
RAT_0013943,CUST_000956,TMDB_M_330457,3,2025-04-10
RAT_0013944,CUST_000956,TMDB_T_1396,1,2026-03-23
RAT_0013945,CUST_000956,TMDB_T_1403,1,2025-10-25
RAT_0013946,CUST_000956,TMDB_T_2190,5,2025-09-26
RAT_0013947,CUST_000956,TMDB_T_456,2,2025-06-21
RAT_0013948,CUST_000956,TMDB_T_45790,1,2025-06-02
RAT_0013949,CUST_000956,TMDB_T_5920,3,2025-07-01
RAT_0013950,CUST_000956,TMDB_T_63174,3,2025-09-14
RAT_0013951,CUST_000957,TMDB_M_1171145,2,2025-02-07
RAT_0013952,CUST_000957,TMDB_M_12153,1,2025-02-07
RAT_0013953,CUST_000957,TMDB_M_259694,3,2025-02-10
RAT_0013954,CUST_000957,TMDB_M_467905,1,2025-02-17
RAT_0013955,CUST_000957,TMDB_T_128318,2,2025-01-29
RAT_0013956,CUST_000957,TMDB_T_1421,1,2025-01-21
RAT_0013957,CUST_000957,TMDB_T_279471,2,2025-03-05
RAT_0013958,CUST_000957,TMDB_T_45790,2,2025-02-21
RAT_0013959,CUST_000957,TMDB_T_63770,3,2025-03-07
RAT_0013960,CUST_000957,TMDB_T_71728,3,2024-12-23
RAT_0013961,CUST_000958,TMDB_M_102382,1,2026-03-04
RAT_0013962,CUST_000958,TMDB_M_1197306,3,2025-10-05
RAT_0013963,CUST_000958,TMDB_M_1290821,4,2025-11-15
RAT_0013964,CUST_000958,TMDB_M_1328803,1,2026-01-10
RAT_0013965,CUST_000958,TMDB_M_1439112,2,2025-09-19
RAT_0013966,CUST_000958,TMDB_M_1579,2,2025-10-01
RAT_0013967,CUST_000958,TMDB_M_198663,5,2025-11-07
RAT_0013968,CUST_000958,TMDB_M_28975,4,2026-01-31
RAT_0013969,CUST_000958,TMDB_M_533535,3,2026-01-19
RAT_0013970,CUST_000958,TMDB_M_603,3,2026-04-05
RAT_0013971,CUST_000958,TMDB_T_279471,3,2025-08-23
RAT_0013972,CUST_000958,TMDB_T_456,5,2025-10-07
RAT_0013973,CUST_000958,TMDB_T_62223,4,2026-02-18
RAT_0013974,CUST_000958,TMDB_T_94722,1,2025-08-04
RAT_0013975,CUST_000959,TMDB_M_1462146,2,2026-01-26
RAT_0013976,CUST_000959,TMDB_M_419430,1,2025-08-08
RAT_0013977,CUST_000959,TMDB_M_425274,4,2025-10-19
RAT_0013978,CUST_000959,TMDB_M_497,2,2024-10-06
RAT_0013979,CUST_000959,TMDB_T_209867,2,2025-02-25
RAT_0013980,CUST_000959,TMDB_T_2734,2,2025-11-20
RAT_0013981,CUST_000959,TMDB_T_35007,5,2026-04-01
RAT_0013982,CUST_000959,TMDB_T_3562,5,2026-03-13
RAT_0013983,CUST_000959,TMDB_T_4601,5,2025-02-23
RAT_0013984,CUST_000959,TMDB_T_502,3,2026-03-06
RAT_0013985,CUST_000959,TMDB_T_693,1,2025-11-02
RAT_0013986,CUST_000959,TMDB_T_71790,3,2024-09-27
RAT_0013987,CUST_000959,TMDB_T_95557,1,2025-11-04
RAT_0013988,CUST_000960,TMDB_M_1084187,5,2026-04-11
RAT_0013989,CUST_000960,TMDB_M_1199193,4,2025-08-11
RAT_0013990,CUST_000960,TMDB_M_1218925,4,2025-04-12
RAT_0013991,CUST_000960,TMDB_M_12444,2,2025-10-14
RAT_0013992,CUST_000960,TMDB_M_1268127,5,2026-03-17
RAT_0013993,CUST_000960,TMDB_M_128,5,2026-03-12
RAT_0013994,CUST_000960,TMDB_M_1307373,3,2025-10-31
RAT_0013995,CUST_000960,TMDB_M_1470130,2,2026-03-28
RAT_0013996,CUST_000960,TMDB_M_1511417,3,2025-09-28
RAT_0013997,CUST_000960,TMDB_M_181808,1,2024-11-29
RAT_0013998,CUST_000960,TMDB_M_228150,3,2024-12-27
RAT_0013999,CUST_000960,TMDB_M_479197,4,2026-01-04
RAT_0014000,CUST_000960,TMDB_M_502356,2,2026-03-07
RAT_0014001,CUST_000960,TMDB_T_2224,4,2024-11-12
RAT_0014002,CUST_000960,TMDB_T_237020,4,2025-11-09
RAT_0014003,CUST_000960,TMDB_T_279388,4,2025-11-08
RAT_0014004,CUST_000960,TMDB_T_279471,3,2025-05-17
RAT_0014005,CUST_000960,TMDB_T_5920,3,2025-03-01
RAT_0014006,CUST_000961,TMDB_M_10191,4,2026-01-13
RAT_0014007,CUST_000961,TMDB_M_1214931,1,2025-10-16
RAT_0014008,CUST_000961,TMDB_M_803796,1,2026-02-01
RAT_0014009,CUST_000961,TMDB_M_8358,1,2026-01-10
RAT_0014010,CUST_000961,TMDB_M_98477,4,2025-12-23
RAT_0014011,CUST_000961,TMDB_T_1403,2,2026-03-21
RAT_0014012,CUST_000961,TMDB_T_60572,4,2026-01-20
RAT_0014013,CUST_000962,TMDB_M_1159831,3,2026-01-04
RAT_0014014,CUST_000962,TMDB_M_1175942,5,2026-02-10
RAT_0014015,CUST_000962,TMDB_M_1325734,4,2026-03-25
RAT_0014016,CUST_000962,TMDB_M_1650558,5,2026-03-18
RAT_0014017,CUST_000962,TMDB_M_181812,5,2026-03-05
RAT_0014018,CUST_000962,TMDB_M_284054,4,2026-01-04
RAT_0014019,CUST_000962,TMDB_M_299536,4,2026-03-31
RAT_0014020,CUST_000962,TMDB_M_912649,4,2026-02-04
RAT_0014021,CUST_000962,TMDB_T_13945,4,2026-03-25
RAT_0014022,CUST_000962,TMDB_T_1412,4,2026-03-10
RAT_0014023,CUST_000962,TMDB_T_57243,3,2025-12-27
RAT_0014024,CUST_000963,TMDB_M_1115544,4,2025-04-28
RAT_0014025,CUST_000963,TMDB_M_12509,4,2025-11-07
RAT_0014026,CUST_000963,TMDB_M_1265609,2,2025-09-15
RAT_0014027,CUST_000963,TMDB_M_429,5,2026-04-10
RAT_0014028,CUST_000963,TMDB_M_945961,3,2025-07-02
RAT_0014029,CUST_000963,TMDB_T_119051,3,2025-08-04
RAT_0014030,CUST_000963,TMDB_T_1411,2,2025-10-25
RAT_0014031,CUST_000963,TMDB_T_1416,3,2025-11-10
RAT_0014032,CUST_000963,TMDB_T_1434,3,2026-04-06
RAT_0014033,CUST_000963,TMDB_T_1855,4,2025-08-08
RAT_0014034,CUST_000963,TMDB_T_1911,2,2025-12-26
RAT_0014035,CUST_000963,TMDB_T_4607,3,2025-09-27
RAT_0014036,CUST_000963,TMDB_T_66732,5,2025-07-28
RAT_0014037,CUST_000963,TMDB_T_76479,4,2026-04-10
RAT_0014038,CUST_000964,TMDB_M_1087192,3,2026-04-07
RAT_0014039,CUST_000964,TMDB_M_497,4,2026-03-14
RAT_0014040,CUST_000964,TMDB_M_671,4,2026-03-14
RAT_0014041,CUST_000964,TMDB_M_967941,4,2026-04-01
RAT_0014042,CUST_000965,TMDB_M_11,4,2026-03-29
RAT_0014043,CUST_000965,TMDB_M_1198994,1,2025-11-25
RAT_0014044,CUST_000965,TMDB_M_122,3,2026-03-19
RAT_0014045,CUST_000965,TMDB_M_1523145,5,2025-09-19
RAT_0014046,CUST_000965,TMDB_M_22,5,2025-09-19
RAT_0014047,CUST_000965,TMDB_M_228150,3,2025-12-29
RAT_0014048,CUST_000965,TMDB_M_630,4,2026-01-28
RAT_0014049,CUST_000965,TMDB_T_2224,5,2026-03-17
RAT_0014050,CUST_000965,TMDB_T_279388,1,2026-02-11
RAT_0014051,CUST_000965,TMDB_T_33765,1,2025-09-25
RAT_0014052,CUST_000965,TMDB_T_37680,3,2025-08-07
RAT_0014053,CUST_000965,TMDB_T_45789,4,2026-03-29
RAT_0014054,CUST_000965,TMDB_T_68350,4,2026-03-01
RAT_0014055,CUST_000965,TMDB_T_764,2,2026-02-14
RAT_0014056,CUST_000965,TMDB_T_76479,1,2025-11-12
RAT_0014057,CUST_000965,TMDB_T_8962,5,2026-02-21
RAT_0014058,CUST_000966,TMDB_M_1584215,1,2024-12-28
RAT_0014059,CUST_000966,TMDB_M_405746,4,2026-03-27
RAT_0014060,CUST_000966,TMDB_M_83533,2,2025-05-08
RAT_0014061,CUST_000966,TMDB_T_124364,1,2024-11-19
RAT_0014062,CUST_000966,TMDB_T_1411,3,2025-05-08
RAT_0014063,CUST_000966,TMDB_T_285469,2,2025-03-29
RAT_0014064,CUST_000966,TMDB_T_35007,3,2026-02-02
RAT_0014065,CUST_000966,TMDB_T_4087,4,2026-03-05
RAT_0014066,CUST_000966,TMDB_T_65503,1,2025-09-11
RAT_0014067,CUST_000966,TMDB_T_78191,3,2026-02-19
RAT_0014068,CUST_000967,TMDB_M_1054867,3,2025-03-05
RAT_0014069,CUST_000967,TMDB_M_1087891,2,2025-02-23
RAT_0014070,CUST_000967,TMDB_M_1228246,3,2025-02-11
RAT_0014071,CUST_000967,TMDB_M_1268127,5,2025-02-20
RAT_0014072,CUST_000967,TMDB_M_1290821,2,2025-02-23
RAT_0014073,CUST_000967,TMDB_M_1307373,3,2025-01-13
RAT_0014074,CUST_000967,TMDB_M_1359,1,2025-02-16
RAT_0014075,CUST_000967,TMDB_M_1381027,3,2025-01-06
RAT_0014076,CUST_000967,TMDB_M_138843,2,2025-01-17
RAT_0014077,CUST_000967,TMDB_M_1401778,1,2025-02-08
RAT_0014078,CUST_000967,TMDB_M_1412598,4,2024-12-02
RAT_0014079,CUST_000967,TMDB_M_1426297,4,2025-01-24
RAT_0014080,CUST_000967,TMDB_M_1470130,4,2025-02-20
RAT_0014081,CUST_000967,TMDB_M_1630433,4,2025-03-04
RAT_0014082,CUST_000967,TMDB_M_290098,5,2025-01-28
RAT_0014083,CUST_000967,TMDB_M_402431,3,2024-12-11
RAT_0014084,CUST_000967,TMDB_M_502356,3,2024-12-27
RAT_0014085,CUST_000967,TMDB_M_876566,1,2025-02-16
RAT_0014086,CUST_000967,TMDB_M_936075,1,2025-02-16
RAT_0014087,CUST_000967,TMDB_T_1434,2,2024-11-10
RAT_0014088,CUST_000967,TMDB_T_2190,3,2024-12-23
RAT_0014089,CUST_000967,TMDB_T_2734,5,2024-12-11
RAT_0014090,CUST_000967,TMDB_T_4656,3,2024-12-05
RAT_0014091,CUST_000967,TMDB_T_65733,3,2025-02-02
RAT_0014092,CUST_000967,TMDB_T_76479,3,2024-12-08
RAT_0014093,CUST_000967,TMDB_T_79744,3,2025-02-01
RAT_0014094,CUST_000968,TMDB_M_1265609,4,2025-07-13
RAT_0014095,CUST_000968,TMDB_M_20352,3,2026-01-24
RAT_0014096,CUST_000968,TMDB_M_330457,3,2025-10-13
RAT_0014097,CUST_000968,TMDB_M_519182,4,2026-04-05
RAT_0014098,CUST_000968,TMDB_M_552524,4,2026-01-12
RAT_0014099,CUST_000968,TMDB_T_108978,4,2025-09-01
RAT_0014100,CUST_000968,TMDB_T_19530,3,2026-03-01
RAT_0014101,CUST_000968,TMDB_T_2224,4,2026-03-17
RAT_0014102,CUST_000968,TMDB_T_279388,4,2025-12-09
RAT_0014103,CUST_000968,TMDB_T_4614,5,2026-01-17
RAT_0014104,CUST_000968,TMDB_T_85077,3,2025-05-26
RAT_0014105,CUST_000969,TMDB_M_1175942,2,2026-04-10
RAT_0014106,CUST_000969,TMDB_M_604079,5,2026-04-08
RAT_0014107,CUST_000970,TMDB_M_1115544,4,2025-12-27
RAT_0014108,CUST_000970,TMDB_M_1214931,3,2026-04-04
RAT_0014109,CUST_000970,TMDB_M_1339876,5,2025-06-24
RAT_0014110,CUST_000970,TMDB_M_273481,3,2026-02-05
RAT_0014111,CUST_000970,TMDB_M_324786,4,2025-09-25
RAT_0014112,CUST_000970,TMDB_M_346364,3,2025-11-07
RAT_0014113,CUST_000970,TMDB_M_673,5,2025-11-08
RAT_0014114,CUST_000970,TMDB_M_73861,4,2026-03-01
RAT_0014115,CUST_000970,TMDB_M_822119,3,2026-03-08
RAT_0014116,CUST_000970,TMDB_M_875828,2,2025-12-05
RAT_0014117,CUST_000970,TMDB_T_1407,3,2025-09-06
RAT_0014118,CUST_000970,TMDB_T_1409,5,2026-01-20
RAT_0014119,CUST_000970,TMDB_T_154770,3,2025-11-23
RAT_0014120,CUST_000970,TMDB_T_1911,4,2026-03-14
RAT_0014121,CUST_000970,TMDB_T_290856,4,2025-10-14
RAT_0014122,CUST_000970,TMDB_T_32798,3,2025-08-28
RAT_0014123,CUST_000970,TMDB_T_4614,3,2026-04-06
RAT_0014124,CUST_000970,TMDB_T_4656,4,2026-03-03
RAT_0014125,CUST_000970,TMDB_T_5092,3,2026-03-04
RAT_0014126,CUST_000970,TMDB_T_58841,3,2025-06-07
RAT_0014127,CUST_000971,TMDB_M_120,4,2025-03-20
RAT_0014128,CUST_000971,TMDB_M_1245347,4,2025-12-05
RAT_0014129,CUST_000971,TMDB_M_1276704,4,2025-08-25
RAT_0014130,CUST_000971,TMDB_M_1336770,3,2026-03-23
RAT_0014131,CUST_000971,TMDB_M_1368166,5,2026-04-06
RAT_0014132,CUST_000971,TMDB_M_1426297,3,2026-01-21
RAT_0014133,CUST_000971,TMDB_M_1635276,2,2026-01-12
RAT_0014134,CUST_000971,TMDB_M_37165,4,2025-11-08
RAT_0014135,CUST_000971,TMDB_M_419430,5,2025-12-25
RAT_0014136,CUST_000971,TMDB_M_453395,2,2025-02-03
RAT_0014137,CUST_000971,TMDB_M_497,3,2026-04-11
RAT_0014138,CUST_000971,TMDB_M_533535,2,2025-10-12
RAT_0014139,CUST_000971,TMDB_M_680493,2,2025-02-05
RAT_0014140,CUST_000971,TMDB_M_803796,2,2026-01-10
RAT_0014141,CUST_000971,TMDB_T_1405,4,2025-08-01
RAT_0014142,CUST_000971,TMDB_T_14981,1,2025-11-23
RAT_0014143,CUST_000971,TMDB_T_1668,3,2026-01-19
RAT_0014144,CUST_000971,TMDB_T_2004,2,2026-03-06
RAT_0014145,CUST_000971,TMDB_T_20111,4,2025-03-17
RAT_0014146,CUST_000971,TMDB_T_2316,2,2025-11-01
RAT_0014147,CUST_000971,TMDB_T_60572,3,2025-04-19
RAT_0014148,CUST_000971,TMDB_T_62223,5,2026-04-01
RAT_0014149,CUST_000971,TMDB_T_71728,2,2025-04-03
RAT_0014150,CUST_000971,TMDB_T_78191,4,2026-02-23
RAT_0014151,CUST_000971,TMDB_T_95479,2,2026-01-31
RAT_0014152,CUST_000972,TMDB_M_1171145,4,2025-10-10
RAT_0014153,CUST_000972,TMDB_M_12153,3,2025-11-04
RAT_0014154,CUST_000972,TMDB_M_181812,3,2026-01-07
RAT_0014155,CUST_000972,TMDB_M_598,2,2025-12-19
RAT_0014156,CUST_000972,TMDB_M_863,2,2026-01-13
RAT_0014157,CUST_000972,TMDB_T_128318,2,2025-08-30
RAT_0014158,CUST_000972,TMDB_T_1399,3,2025-12-06
RAT_0014159,CUST_000972,TMDB_T_1402,4,2026-02-09
RAT_0014160,CUST_000972,TMDB_T_1431,2,2025-09-07
RAT_0014161,CUST_000972,TMDB_T_1911,2,2025-09-19
RAT_0014162,CUST_000972,TMDB_T_2004,3,2026-02-14
RAT_0014163,CUST_000972,TMDB_T_33238,2,2025-11-07
RAT_0014164,CUST_000972,TMDB_T_60059,2,2026-04-01
RAT_0014165,CUST_000972,TMDB_T_63174,5,2025-10-21
RAT_0014166,CUST_000972,TMDB_T_790,4,2025-12-17
RAT_0014167,CUST_000972,TMDB_T_80748,1,2025-11-24
RAT_0014168,CUST_000973,TMDB_M_1175942,4,2025-11-08
RAT_0014169,CUST_000973,TMDB_M_1266992,2,2026-03-16
RAT_0014170,CUST_000973,TMDB_M_1314786,4,2025-09-09
RAT_0014171,CUST_000973,TMDB_M_1317149,4,2025-10-24
RAT_0014172,CUST_000973,TMDB_M_1327819,4,2026-02-22
RAT_0014173,CUST_000973,TMDB_M_1487320,4,2025-08-23
RAT_0014174,CUST_000973,TMDB_M_552524,3,2025-12-20
RAT_0014175,CUST_000973,TMDB_M_687163,2,2025-03-06
RAT_0014176,CUST_000973,TMDB_M_68718,5,2025-04-05
RAT_0014177,CUST_000973,TMDB_M_950387,4,2025-12-25
RAT_0014178,CUST_000973,TMDB_T_13945,2,2025-03-14
RAT_0014179,CUST_000973,TMDB_T_1412,2,2024-11-02
RAT_0014180,CUST_000973,TMDB_T_1695,4,2025-01-27
RAT_0014181,CUST_000973,TMDB_T_76479,3,2025-01-26
RAT_0014182,CUST_000973,TMDB_T_8962,2,2025-06-22
RAT_0014183,CUST_000974,TMDB_M_1653994,5,2025-06-27
RAT_0014184,CUST_000974,TMDB_M_269149,5,2026-02-15
RAT_0014185,CUST_000974,TMDB_M_508947,2,2025-12-25
RAT_0014186,CUST_000974,TMDB_M_773543,4,2025-12-14
RAT_0014187,CUST_000974,TMDB_M_812,3,2025-11-20
RAT_0014188,CUST_000974,TMDB_T_112527,4,2025-08-09
RAT_0014189,CUST_000974,TMDB_T_1435,5,2025-09-17
RAT_0014190,CUST_000974,TMDB_T_202555,1,2025-06-01
RAT_0014191,CUST_000974,TMDB_T_209867,3,2025-06-23
RAT_0014192,CUST_000974,TMDB_T_220542,4,2025-12-25
RAT_0014193,CUST_000974,TMDB_T_2221,3,2025-12-28
RAT_0014194,CUST_000974,TMDB_T_2224,4,2026-03-24
RAT_0014195,CUST_000974,TMDB_T_30981,3,2026-03-02
RAT_0014196,CUST_000974,TMDB_T_34307,2,2025-11-26
RAT_0014197,CUST_000974,TMDB_T_44217,4,2025-10-24
RAT_0014198,CUST_000974,TMDB_T_46260,5,2025-10-07
RAT_0014199,CUST_000974,TMDB_T_498,5,2026-04-08
RAT_0014200,CUST_000974,TMDB_T_60625,3,2026-01-09
RAT_0014201,CUST_000974,TMDB_T_62223,5,2026-02-03
RAT_0014202,CUST_000974,TMDB_T_94722,3,2026-03-26
RAT_0014203,CUST_000975,TMDB_M_1084242,3,2026-03-28
RAT_0014204,CUST_000976,TMDB_M_1620551,5,2026-01-02
RAT_0014205,CUST_000976,TMDB_M_286217,3,2025-07-16
RAT_0014206,CUST_000976,TMDB_M_4232,1,2025-12-30
RAT_0014207,CUST_000976,TMDB_M_519182,5,2025-08-07
RAT_0014208,CUST_000976,TMDB_M_617126,4,2025-08-30
RAT_0014209,CUST_000976,TMDB_M_936075,3,2026-03-27
RAT_0014210,CUST_000976,TMDB_T_1100,2,2025-12-08
RAT_0014211,CUST_000976,TMDB_T_1402,3,2025-07-20
RAT_0014212,CUST_000976,TMDB_T_1416,4,2025-09-14
RAT_0014213,CUST_000976,TMDB_T_1489,2,2025-12-09
RAT_0014214,CUST_000976,TMDB_T_2004,3,2025-11-18
RAT_0014215,CUST_000976,TMDB_T_502,4,2026-04-04
RAT_0014216,CUST_000976,TMDB_T_56570,2,2026-04-01
RAT_0014217,CUST_000976,TMDB_T_61818,4,2025-10-19
RAT_0014218,CUST_000976,TMDB_T_6836,3,2026-03-15
RAT_0014219,CUST_000976,TMDB_T_76479,4,2025-12-20
RAT_0014220,CUST_000976,TMDB_T_80748,3,2026-02-02
RAT_0014221,CUST_000977,TMDB_M_1003596,4,2026-03-29
RAT_0014222,CUST_000977,TMDB_M_1650558,4,2026-04-11
RAT_0014223,CUST_000977,TMDB_M_299536,3,2026-04-08
RAT_0014224,CUST_000977,TMDB_M_335984,2,2026-04-03
RAT_0014225,CUST_000977,TMDB_T_1489,3,2026-04-08
RAT_0014226,CUST_000977,TMDB_T_4656,3,2026-04-06
RAT_0014227,CUST_000977,TMDB_T_498,3,2026-03-26
RAT_0014228,CUST_000978,TMDB_M_120,4,2026-04-06
RAT_0014229,CUST_000978,TMDB_M_68718,4,2026-04-11
RAT_0014230,CUST_000979,TMDB_M_1049471,4,2025-04-13
RAT_0014231,CUST_000979,TMDB_M_1054867,2,2026-03-04
RAT_0014232,CUST_000979,TMDB_M_1268127,4,2025-11-17
RAT_0014233,CUST_000979,TMDB_M_1290821,3,2025-04-08
RAT_0014234,CUST_000979,TMDB_M_1359,1,2026-01-19
RAT_0014235,CUST_000979,TMDB_M_1381027,4,2025-07-19
RAT_0014236,CUST_000979,TMDB_M_1412598,3,2026-01-09
RAT_0014237,CUST_000979,TMDB_M_156022,2,2025-06-25
RAT_0014238,CUST_000979,TMDB_M_329505,3,2026-01-30
RAT_0014239,CUST_000979,TMDB_M_424,2,2026-01-21
RAT_0014240,CUST_000979,TMDB_M_502356,2,2025-01-21
RAT_0014241,CUST_000979,TMDB_M_674,4,2024-11-16
RAT_0014242,CUST_000979,TMDB_M_876566,2,2025-05-14
RAT_0014243,CUST_000979,TMDB_M_936075,3,2026-01-01
RAT_0014244,CUST_000979,TMDB_M_976573,4,2026-02-14
RAT_0014245,CUST_000979,TMDB_M_985939,4,2025-08-10
RAT_0014246,CUST_000979,TMDB_M_991494,2,2025-06-24
RAT_0014247,CUST_000979,TMDB_T_1434,4,2026-02-06
RAT_0014248,CUST_000979,TMDB_T_14981,2,2025-11-04
RAT_0014249,CUST_000979,TMDB_T_289219,3,2025-12-29
RAT_0014250,CUST_000979,TMDB_T_60574,4,2024-09-01
RAT_0014251,CUST_000979,TMDB_T_68350,4,2025-06-08
RAT_0014252,CUST_000979,TMDB_T_693,2,2025-10-14
RAT_0014253,CUST_000980,TMDB_M_1197137,2,2025-11-05
RAT_0014254,CUST_000980,TMDB_M_1233413,2,2025-10-23
RAT_0014255,CUST_000980,TMDB_M_1284460,4,2025-11-28
RAT_0014256,CUST_000980,TMDB_M_1297454,5,2025-07-24
RAT_0014257,CUST_000980,TMDB_M_1314481,3,2025-03-24
RAT_0014258,CUST_000980,TMDB_M_1408208,3,2025-08-01
RAT_0014259,CUST_000980,TMDB_M_1462146,5,2026-02-21
RAT_0014260,CUST_000980,TMDB_M_1572073,5,2025-04-17
RAT_0014261,CUST_000980,TMDB_M_348,5,2026-01-01
RAT_0014262,CUST_000980,TMDB_M_381288,3,2025-04-07
RAT_0014263,CUST_000980,TMDB_M_405746,4,2025-02-24
RAT_0014264,CUST_000980,TMDB_T_1408,4,2026-01-29
RAT_0014265,CUST_000980,TMDB_T_2171,4,2025-08-25
RAT_0014266,CUST_000980,TMDB_T_284058,4,2025-03-01
RAT_0014267,CUST_000980,TMDB_T_4656,5,2025-07-18
RAT_0014268,CUST_000980,TMDB_T_549,2,2025-08-01
RAT_0014269,CUST_000980,TMDB_T_71728,3,2025-08-03
RAT_0014270,CUST_000980,TMDB_T_8962,5,2026-03-12
RAT_0014271,CUST_000981,TMDB_M_1038392,2,2025-08-16
RAT_0014272,CUST_000981,TMDB_M_106,4,2025-12-18
RAT_0014273,CUST_000981,TMDB_M_106646,4,2025-10-10
RAT_0014274,CUST_000981,TMDB_M_1196067,3,2025-04-25
RAT_0014275,CUST_000981,TMDB_M_1241470,3,2024-10-24
RAT_0014276,CUST_000981,TMDB_M_1307373,2,2025-07-08
RAT_0014277,CUST_000981,TMDB_M_1412598,1,2025-04-08
RAT_0014278,CUST_000981,TMDB_M_19995,4,2026-02-13
RAT_0014279,CUST_000981,TMDB_M_290098,2,2026-03-25
RAT_0014280,CUST_000981,TMDB_M_601,1,2025-02-16
RAT_0014281,CUST_000981,TMDB_M_604079,3,2026-02-03
RAT_0014282,CUST_000981,TMDB_M_701387,4,2026-01-03
RAT_0014283,CUST_000981,TMDB_M_876566,5,2025-11-19
RAT_0014284,CUST_000981,TMDB_T_1620,3,2024-12-08
RAT_0014285,CUST_000981,TMDB_T_61818,4,2025-07-17
RAT_0014286,CUST_000981,TMDB_T_76479,4,2025-01-15
RAT_0014287,CUST_000981,TMDB_T_95557,3,2025-10-09
RAT_0014288,CUST_000982,TMDB_M_1049471,5,2026-01-21
RAT_0014289,CUST_000982,TMDB_M_1171145,4,2025-12-30
RAT_0014290,CUST_000982,TMDB_M_1192548,3,2026-04-06
RAT_0014291,CUST_000982,TMDB_M_1226863,3,2025-09-10
RAT_0014292,CUST_000982,TMDB_M_1241982,5,2026-03-25
RAT_0014293,CUST_000982,TMDB_M_1252037,5,2026-02-12
RAT_0014294,CUST_000982,TMDB_M_1272837,4,2026-01-24
RAT_0014295,CUST_000982,TMDB_M_1284496,2,2026-02-18
RAT_0014296,CUST_000982,TMDB_M_1403327,2,2025-12-03
RAT_0014297,CUST_000982,TMDB_M_1465563,2,2026-02-25
RAT_0014298,CUST_000982,TMDB_M_2062,3,2025-08-01
RAT_0014299,CUST_000982,TMDB_M_214756,4,2026-01-12
RAT_0014300,CUST_000982,TMDB_M_324857,1,2025-09-11
RAT_0014301,CUST_000982,TMDB_M_374720,3,2025-08-29
RAT_0014302,CUST_000982,TMDB_M_4247,3,2025-07-25
RAT_0014303,CUST_000982,TMDB_M_976573,3,2025-10-02
RAT_0014304,CUST_000982,TMDB_T_108978,5,2025-12-29
RAT_0014305,CUST_000982,TMDB_T_110075,2,2025-10-22
RAT_0014306,CUST_000982,TMDB_T_1622,5,2026-02-18
RAT_0014307,CUST_000982,TMDB_T_202555,2,2026-04-11
RAT_0014308,CUST_000982,TMDB_T_278573,3,2026-02-26
RAT_0014309,CUST_000982,TMDB_T_456,2,2025-11-10
RAT_0014310,CUST_000982,TMDB_T_45789,2,2025-12-02
RAT_0014311,CUST_000982,TMDB_T_60572,1,2025-11-26
RAT_0014312,CUST_000982,TMDB_T_63770,2,2025-10-31
RAT_0014313,CUST_000982,TMDB_T_76572,4,2026-02-24
RAT_0014314,CUST_000982,TMDB_T_94722,4,2025-10-05
RAT_0014315,CUST_000983,TMDB_M_1003596,2,2024-09-23
RAT_0014316,CUST_000983,TMDB_M_1214931,1,2024-10-01
RAT_0014317,CUST_000983,TMDB_M_1865,1,2024-09-15
RAT_0014318,CUST_000983,TMDB_M_193972,4,2024-08-04
RAT_0014319,CUST_000983,TMDB_M_28322,2,2024-09-07
RAT_0014320,CUST_000983,TMDB_M_615,4,2024-08-29
RAT_0014321,CUST_000983,TMDB_M_967,3,2024-10-02
RAT_0014322,CUST_000984,TMDB_M_1290821,5,2025-11-17
RAT_0014323,CUST_000984,TMDB_M_1339876,3,2026-01-07
RAT_0014324,CUST_000984,TMDB_M_840464,1,2026-01-10
RAT_0014325,CUST_000984,TMDB_T_10534,1,2025-12-07
RAT_0014326,CUST_000984,TMDB_T_154770,3,2025-12-14
RAT_0014327,CUST_000984,TMDB_T_291,4,2025-11-30
RAT_0014328,CUST_000984,TMDB_T_71494,4,2025-12-22
RAT_0014329,CUST_000984,TMDB_T_85077,2,2025-12-12
RAT_0014330,CUST_000985,TMDB_M_205596,4,2025-10-02
RAT_0014331,CUST_000985,TMDB_M_259694,3,2024-12-30
RAT_0014332,CUST_000985,TMDB_M_967,5,2026-01-28
RAT_0014333,CUST_000985,TMDB_T_119051,4,2025-07-26
RAT_0014334,CUST_000985,TMDB_T_124364,2,2026-02-06
RAT_0014335,CUST_000985,TMDB_T_1399,5,2025-12-13
RAT_0014336,CUST_000985,TMDB_T_209867,2,2025-07-16
RAT_0014337,CUST_000985,TMDB_T_220150,5,2026-03-10
RAT_0014338,CUST_000985,TMDB_T_39351,1,2025-08-11
RAT_0014339,CUST_000985,TMDB_T_4604,4,2026-03-04
RAT_0014340,CUST_000985,TMDB_T_4614,3,2025-07-26
RAT_0014341,CUST_000986,TMDB_M_1226863,1,2025-04-09
RAT_0014342,CUST_000986,TMDB_M_1290417,3,2025-07-12
RAT_0014343,CUST_000986,TMDB_M_1310568,3,2026-02-17
RAT_0014344,CUST_000986,TMDB_M_329505,4,2026-02-23
RAT_0014345,CUST_000986,TMDB_M_419430,5,2026-01-29
RAT_0014346,CUST_000986,TMDB_T_119051,5,2025-11-07
RAT_0014347,CUST_000986,TMDB_T_124364,2,2025-08-18
RAT_0014348,CUST_000986,TMDB_T_1399,3,2026-01-16
RAT_0014349,CUST_000986,TMDB_T_1411,2,2026-02-19
RAT_0014350,CUST_000986,TMDB_T_202411,3,2025-10-29
RAT_0014351,CUST_000986,TMDB_T_2734,2,2025-08-09
RAT_0014352,CUST_000986,TMDB_T_35007,3,2025-07-01
RAT_0014353,CUST_000986,TMDB_T_39351,2,2025-09-04
RAT_0014354,CUST_000986,TMDB_T_4376,3,2025-11-30
RAT_0014355,CUST_000986,TMDB_T_4604,3,2026-02-16
RAT_0014356,CUST_000986,TMDB_T_693,3,2025-05-08
RAT_0014357,CUST_000986,TMDB_T_76479,4,2025-10-11
RAT_0014358,CUST_000986,TMDB_T_8962,3,2025-12-11
RAT_0014359,CUST_000987,TMDB_M_1019420,2,2026-04-04
RAT_0014360,CUST_000987,TMDB_M_1290821,5,2025-10-13
RAT_0014361,CUST_000987,TMDB_M_1291335,5,2026-02-01
RAT_0014362,CUST_000987,TMDB_M_1316092,4,2025-10-05
RAT_0014363,CUST_000987,TMDB_M_1327862,1,2025-08-25
RAT_0014364,CUST_000987,TMDB_M_1367642,4,2026-03-25
RAT_0014365,CUST_000987,TMDB_M_1620551,3,2026-01-23
RAT_0014366,CUST_000987,TMDB_M_1650558,5,2026-02-28
RAT_0014367,CUST_000987,TMDB_M_228150,5,2026-03-31
RAT_0014368,CUST_000987,TMDB_M_569094,2,2025-05-27
RAT_0014369,CUST_000987,TMDB_M_798645,2,2025-06-18
RAT_0014370,CUST_000987,TMDB_M_857,2,2025-11-06
RAT_0014371,CUST_000987,TMDB_T_1409,2,2024-10-06
RAT_0014372,CUST_000987,TMDB_T_1434,1,2025-02-14
RAT_0014373,CUST_000987,TMDB_T_291,2,2024-09-29
RAT_0014374,CUST_000987,TMDB_T_4057,5,2025-10-20
RAT_0014375,CUST_000987,TMDB_T_456,4,2025-07-18
RAT_0014376,CUST_000987,TMDB_T_549,2,2025-01-01
RAT_0014377,CUST_000987,TMDB_T_5920,1,2026-01-24
RAT_0014378,CUST_000988,TMDB_M_10681,4,2026-02-18
RAT_0014379,CUST_000988,TMDB_M_1236153,2,2026-02-28
RAT_0014380,CUST_000988,TMDB_M_1290821,4,2026-02-23
RAT_0014381,CUST_000988,TMDB_M_1297842,5,2026-02-18
RAT_0014382,CUST_000988,TMDB_M_1305781,3,2026-02-25
RAT_0014383,CUST_000988,TMDB_M_1387382,1,2026-04-06
RAT_0014384,CUST_000988,TMDB_M_293660,4,2026-03-19
RAT_0014385,CUST_000988,TMDB_M_337339,5,2026-03-20
RAT_0014386,CUST_000988,TMDB_M_812,4,2026-04-10
RAT_0014387,CUST_000988,TMDB_T_15260,4,2026-03-11
RAT_0014388,CUST_000988,TMDB_T_76479,2,2026-03-03
RAT_0014389,CUST_000989,TMDB_M_1015606,4,2026-03-24
RAT_0014390,CUST_000989,TMDB_M_122,3,2026-02-07
RAT_0014391,CUST_000989,TMDB_M_1268127,4,2025-08-31
RAT_0014392,CUST_000989,TMDB_M_1406657,4,2026-03-28
RAT_0014393,CUST_000989,TMDB_M_1430,3,2026-02-08
RAT_0014394,CUST_000989,TMDB_M_1462146,3,2026-02-01
RAT_0014395,CUST_000989,TMDB_M_205596,5,2026-03-12
RAT_0014396,CUST_000989,TMDB_M_502356,3,2025-09-03
RAT_0014397,CUST_000989,TMDB_T_209867,3,2026-03-28
RAT_0014398,CUST_000989,TMDB_T_2221,5,2025-11-25
RAT_0014399,CUST_000989,TMDB_T_237020,5,2026-01-15
RAT_0014400,CUST_000989,TMDB_T_32415,4,2025-12-18
RAT_0014401,CUST_000989,TMDB_T_456,2,2025-12-23
RAT_0014402,CUST_000989,TMDB_T_4588,1,2026-03-26
RAT_0014403,CUST_000989,TMDB_T_61818,4,2026-03-14
RAT_0014404,CUST_000990,TMDB_M_11036,5,2026-01-30
RAT_0014405,CUST_000990,TMDB_M_1523145,3,2026-04-10
RAT_0014406,CUST_000990,TMDB_M_429,3,2026-04-01
RAT_0014407,CUST_000990,TMDB_T_1489,1,2026-02-09
RAT_0014408,CUST_000990,TMDB_T_1622,4,2026-03-03
RAT_0014409,CUST_000990,TMDB_T_2221,3,2026-01-14
RAT_0014410,CUST_000990,TMDB_T_291,4,2026-02-13
RAT_0014411,CUST_000990,TMDB_T_4057,2,2025-11-04
RAT_0014412,CUST_000990,TMDB_T_73586,3,2026-02-21
RAT_0014413,CUST_000991,TMDB_M_1171145,1,2025-10-19
RAT_0014414,CUST_000991,TMDB_M_1290821,1,2025-12-16
RAT_0014415,CUST_000991,TMDB_M_290098,2,2026-03-18
RAT_0014416,CUST_000991,TMDB_M_675,5,2026-01-30
RAT_0014417,CUST_000991,TMDB_M_803796,2,2026-02-27
RAT_0014418,CUST_000991,TMDB_M_967941,2,2025-12-02
RAT_0014419,CUST_000991,TMDB_T_1399,5,2025-10-02
RAT_0014420,CUST_000991,TMDB_T_1435,4,2026-01-18
RAT_0014421,CUST_000991,TMDB_T_1705,2,2025-10-04
RAT_0014422,CUST_000991,TMDB_T_279471,4,2026-01-06
RAT_0014423,CUST_000991,TMDB_T_42009,3,2025-08-03
RAT_0014424,CUST_000991,TMDB_T_48866,4,2025-12-10
RAT_0014425,CUST_000991,TMDB_T_59941,1,2025-12-07
RAT_0014426,CUST_000991,TMDB_T_66732,4,2025-06-21
RAT_0014427,CUST_000991,TMDB_T_764,1,2025-10-07
RAT_0014428,CUST_000992,TMDB_M_1196067,4,2025-11-30
RAT_0014429,CUST_000992,TMDB_M_1241470,5,2025-12-06
RAT_0014430,CUST_000992,TMDB_M_447365,5,2025-12-30
RAT_0014431,CUST_000992,TMDB_M_601,2,2025-12-12
RAT_0014432,CUST_000992,TMDB_M_62,2,2026-04-05
RAT_0014433,CUST_000992,TMDB_M_701387,3,2025-11-03
RAT_0014434,CUST_000992,TMDB_T_119051,1,2025-08-17
RAT_0014435,CUST_000992,TMDB_T_1620,3,2026-02-12
RAT_0014436,CUST_000992,TMDB_T_4057,3,2025-06-19
RAT_0014437,CUST_000992,TMDB_T_68350,1,2026-02-05
RAT_0014438,CUST_000993,TMDB_M_10681,4,2026-03-25
RAT_0014439,CUST_000993,TMDB_M_1497970,5,2025-04-28
RAT_0014440,CUST_000993,TMDB_M_1511417,4,2025-07-22
RAT_0014441,CUST_000993,TMDB_M_1539104,5,2026-03-30
RAT_0014442,CUST_000993,TMDB_M_1601243,4,2025-05-08
RAT_0014443,CUST_000993,TMDB_M_24428,4,2025-04-17
RAT_0014444,CUST_000993,TMDB_M_447273,5,2026-03-28
RAT_0014445,CUST_000993,TMDB_M_497,3,2025-10-21
RAT_0014446,CUST_000993,TMDB_M_83533,5,2025-06-07
RAT_0014447,CUST_000993,TMDB_M_936075,2,2025-07-12
RAT_0014448,CUST_000993,TMDB_M_98,3,2025-04-27
RAT_0014449,CUST_000993,TMDB_T_1415,3,2025-04-14
RAT_0014450,CUST_000993,TMDB_T_1622,3,2025-08-23
RAT_0014451,CUST_000993,TMDB_T_202555,3,2025-09-12
RAT_0014452,CUST_000993,TMDB_T_2224,5,2026-03-26
RAT_0014453,CUST_000993,TMDB_T_237020,5,2026-01-19
RAT_0014454,CUST_000993,TMDB_T_35007,5,2026-02-20
RAT_0014455,CUST_000993,TMDB_T_764,5,2025-06-13
RAT_0014456,CUST_000993,TMDB_T_76572,4,2025-09-30
RAT_0014457,CUST_000994,TMDB_M_1022787,5,2025-12-31
RAT_0014458,CUST_000994,TMDB_M_1061474,3,2026-01-07
RAT_0014459,CUST_000994,TMDB_M_1600672,4,2025-11-02
RAT_0014460,CUST_000994,TMDB_M_269149,5,2026-02-24
RAT_0014461,CUST_000994,TMDB_M_315162,1,2025-10-15
RAT_0014462,CUST_000994,TMDB_M_569094,3,2026-02-28
RAT_0014463,CUST_000994,TMDB_M_607,4,2025-08-23
RAT_0014464,CUST_000994,TMDB_M_677638,1,2025-12-02
RAT_0014465,CUST_000994,TMDB_M_823219,2,2025-10-13
RAT_0014466,CUST_000994,TMDB_M_863,2,2025-05-22
RAT_0014467,CUST_000994,TMDB_M_879945,5,2026-04-07
RAT_0014468,CUST_000994,TMDB_M_980477,3,2026-03-31
RAT_0014469,CUST_000994,TMDB_T_279388,1,2025-09-20
RAT_0014470,CUST_000994,TMDB_T_61818,2,2026-01-27
RAT_0014471,CUST_000994,TMDB_T_65503,2,2025-08-17
RAT_0014472,CUST_000994,TMDB_T_8962,5,2026-01-04
RAT_0014473,CUST_000994,TMDB_T_94722,4,2026-03-15
RAT_0014474,CUST_000994,TMDB_T_95479,2,2026-01-31
RAT_0014475,CUST_000995,TMDB_M_1019420,2,2025-12-08
RAT_0014476,CUST_000995,TMDB_M_107257,4,2025-05-11
RAT_0014477,CUST_000995,TMDB_M_109445,4,2025-08-27
RAT_0014478,CUST_000995,TMDB_M_1291335,1,2026-02-26
RAT_0014479,CUST_000995,TMDB_M_1367642,3,2026-04-02
RAT_0014480,CUST_000995,TMDB_M_1523145,4,2025-09-08
RAT_0014481,CUST_000995,TMDB_M_630,3,2026-03-13
RAT_0014482,CUST_000995,TMDB_M_773543,3,2025-08-05
RAT_0014483,CUST_000995,TMDB_T_1408,2,2025-05-29
RAT_0014484,CUST_000995,TMDB_T_1412,1,2025-10-23
RAT_0014485,CUST_000995,TMDB_T_1416,1,2025-08-13
RAT_0014486,CUST_000995,TMDB_T_241609,4,2025-12-24
RAT_0014487,CUST_000995,TMDB_T_2734,2,2026-04-10
RAT_0014488,CUST_000995,TMDB_T_32798,2,2026-01-05
RAT_0014489,CUST_000995,TMDB_T_4614,4,2025-09-09
RAT_0014490,CUST_000995,TMDB_T_70672,4,2025-09-01
RAT_0014491,CUST_000995,TMDB_T_85552,2,2025-06-07
RAT_0014492,CUST_000996,TMDB_M_1242898,3,2025-07-22
RAT_0014493,CUST_000996,TMDB_M_1634301,3,2025-09-27
RAT_0014494,CUST_000996,TMDB_M_601,2,2025-10-06
RAT_0014495,CUST_000996,TMDB_M_840464,2,2025-05-30
RAT_0014496,CUST_000996,TMDB_T_1668,5,2025-12-02
RAT_0014497,CUST_000996,TMDB_T_35007,3,2026-01-26
RAT_0014498,CUST_000996,TMDB_T_4087,3,2024-12-21
RAT_0014499,CUST_000996,TMDB_T_502,4,2026-03-04
RAT_0014500,CUST_000996,TMDB_T_60059,4,2025-09-01
RAT_0014501,CUST_000996,TMDB_T_60572,1,2026-01-22
RAT_0014502,CUST_000997,TMDB_M_1290821,3,2025-09-03
RAT_0014503,CUST_000997,TMDB_M_1297454,4,2026-03-25
RAT_0014504,CUST_000997,TMDB_M_1539104,3,2025-10-08
RAT_0014505,CUST_000997,TMDB_M_1620551,4,2026-01-23
RAT_0014506,CUST_000997,TMDB_M_479197,3,2026-03-07
RAT_0014507,CUST_000997,TMDB_M_936075,3,2026-01-07
RAT_0014508,CUST_000997,TMDB_T_13945,2,2025-11-20
RAT_0014509,CUST_000997,TMDB_T_34307,2,2026-03-13
RAT_0014510,CUST_000997,TMDB_T_95557,5,2025-06-05
RAT_0014511,CUST_000997,TMDB_T_95897,4,2026-02-21
RAT_0014512,CUST_000998,TMDB_M_1015606,4,2026-04-11
RAT_0014513,CUST_000998,TMDB_M_1422,4,2025-12-17
RAT_0014514,CUST_000998,TMDB_M_1646787,2,2025-11-24
RAT_0014515,CUST_000998,TMDB_M_207,4,2026-03-12
RAT_0014516,CUST_000998,TMDB_M_734286,3,2025-11-03
RAT_0014517,CUST_000998,TMDB_T_119051,3,2025-10-24
RAT_0014518,CUST_000998,TMDB_T_1416,3,2025-09-21
RAT_0014519,CUST_000998,TMDB_T_1622,3,2026-01-15
RAT_0014520,CUST_000998,TMDB_T_1667,2,2025-12-20
RAT_0014521,CUST_000998,TMDB_T_18165,4,2025-11-27
RAT_0014522,CUST_000998,TMDB_T_1981,3,2026-02-01
RAT_0014523,CUST_000998,TMDB_T_2190,4,2025-10-12
RAT_0014524,CUST_000998,TMDB_T_220150,3,2025-12-15
RAT_0014525,CUST_000998,TMDB_T_35007,5,2026-03-18
RAT_0014526,CUST_000998,TMDB_T_63174,4,2026-02-24
RAT_0014527,CUST_000999,TMDB_M_10191,5,2025-10-23
RAT_0014528,CUST_000999,TMDB_M_1054867,4,2025-07-09
RAT_0014529,CUST_000999,TMDB_M_1180831,3,2025-10-03
RAT_0014530,CUST_000999,TMDB_M_1268127,3,2025-12-20
RAT_0014531,CUST_000999,TMDB_M_1381216,2,2025-06-02
RAT_0014532,CUST_000999,TMDB_M_1401778,2,2026-03-12
RAT_0014533,CUST_000999,TMDB_M_156022,4,2026-01-25
RAT_0014534,CUST_000999,TMDB_M_290098,2,2025-09-19
RAT_0014535,CUST_000999,TMDB_M_876566,4,2025-12-10
RAT_0014536,CUST_000999,TMDB_M_967941,4,2026-02-27
RAT_0014537,CUST_000999,TMDB_T_1408,2,2025-09-29
RAT_0014538,CUST_000999,TMDB_T_1421,4,2025-12-07
RAT_0014539,CUST_000999,TMDB_T_2316,2,2025-09-16
RAT_0014540,CUST_000999,TMDB_T_32692,1,2025-08-06
RAT_0014541,CUST_000999,TMDB_T_4588,4,2025-04-01
RAT_0014542,CUST_000999,TMDB_T_60735,4,2025-06-03
RAT_0014543,CUST_000999,TMDB_T_94722,5,2025-05-12
