watchlist_id,customer_id,content_id,added_at,is_watched
WL_0000001,CUST_000000,TVS_00154,2025-06-08,False
WL_0000002,CUST_000000,MOV_00423,2025-08-18,True
WL_0000003,CUST_000000,MOV_00292,2025-05-16,False
WL_0000004,CUST_000000,MOV_00482,2026-04-06,True
WL_0000005,CUST_000000,MOV_00449,2025-08-04,True
WL_0000006,CUST_000000,MOV_00066,2025-01-01,True
WL_0000007,CUST_000000,TVS_00177,2026-03-16,False
WL_0000008,CUST_000000,TVS_00199,2025-11-17,False
WL_0000009,CUST_000000,TVS_00158,2025-01-19,True
WL_0000010,CUST_000000,MOV_00415,2026-04-09,False
WL_0000011,CUST_000000,MOV_00178,2025-03-01,False
WL_0000012,CUST_000000,MOV_00341,2025-10-09,True
WL_0000013,CUST_000000,MOV_00209,2026-01-13,True
WL_0000014,CUST_000000,TVS_00154,2026-03-27,False
WL_0000015,CUST_000000,MOV_00053,2024-12-09,True
WL_0000016,CUST_000001,MOV_00153,2025-04-24,True
WL_0000017,CUST_000001,MOV_00148,2025-04-05,False
WL_0000018,CUST_000001,MOV_00423,2025-08-04,False
WL_0000019,CUST_000001,TVS_00129,2024-12-13,True
WL_0000020,CUST_000001,MOV_00408,2025-06-19,True
WL_0000021,CUST_000001,TVS_00158,2024-09-01,False
WL_0000022,CUST_000001,MOV_00036,2024-08-11,False
WL_0000023,CUST_000001,TVS_00062,2025-02-27,True
WL_0000024,CUST_000001,MOV_00159,2025-10-04,True
WL_0000025,CUST_000001,MOV_00062,2025-10-21,True
WL_0000026,CUST_000001,MOV_00163,2025-02-12,True
WL_0000027,CUST_000001,MOV_00174,2025-03-27,True
WL_0000028,CUST_000001,TVS_00199,2025-01-28,True
WL_0000029,CUST_000001,MOV_00436,2025-06-08,False
WL_0000030,CUST_000001,TVS_00037,2025-06-21,True
WL_0000031,CUST_000001,MOV_00331,2024-10-05,True
WL_0000032,CUST_000001,TVS_00101,2025-11-04,True
WL_0000033,CUST_000001,MOV_00496,2025-08-08,False
WL_0000034,CUST_000002,TVS_00036,2026-04-07,False
WL_0000035,CUST_000002,MOV_00422,2026-04-04,False
WL_0000036,CUST_000002,MOV_00424,2026-03-29,True
WL_0000037,CUST_000002,MOV_00412,2026-03-31,False
WL_0000038,CUST_000002,TVS_00146,2026-03-31,False
WL_0000039,CUST_000002,MOV_00057,2026-03-27,True
WL_0000040,CUST_000002,MOV_00112,2026-04-04,False
WL_0000041,CUST_000002,MOV_00128,2026-04-11,True
WL_0000042,CUST_000002,MOV_00466,2026-03-21,False
WL_0000043,CUST_000002,TVS_00073,2026-03-18,False
WL_0000044,CUST_000002,MOV_00194,2026-03-13,True
WL_0000045,CUST_000002,TVS_00194,2026-03-23,False
WL_0000046,CUST_000002,TVS_00017,2026-03-28,False
WL_0000047,CUST_000002,MOV_00046,2026-03-14,False
WL_0000048,CUST_000002,MOV_00246,2026-04-08,True
WL_0000049,CUST_000002,MOV_00245,2026-04-06,True
WL_0000050,CUST_000002,MOV_00176,2026-04-05,False
WL_0000051,CUST_000002,MOV_00194,2026-04-11,True
WL_0000052,CUST_000002,MOV_00345,2026-03-03,False
WL_0000053,CUST_000002,MOV_00064,2026-03-15,True
WL_0000054,CUST_000002,MOV_00076,2026-03-29,False
WL_0000055,CUST_000002,TVS_00054,2026-03-10,False
WL_0000056,CUST_000003,TVS_00148,2026-01-12,True
WL_0000057,CUST_000003,MOV_00390,2025-10-30,False
WL_0000058,CUST_000003,MOV_00244,2025-09-02,True
WL_0000059,CUST_000003,TVS_00082,2025-11-28,True
WL_0000060,CUST_000003,MOV_00257,2025-07-23,True
WL_0000061,CUST_000003,MOV_00218,2026-01-17,True
WL_0000062,CUST_000003,MOV_00333,2025-11-30,False
WL_0000063,CUST_000003,MOV_00446,2025-10-18,True
WL_0000064,CUST_000003,TVS_00135,2025-07-03,True
WL_0000065,CUST_000003,MOV_00392,2026-03-28,True
WL_0000066,CUST_000003,MOV_00452,2026-02-05,True
WL_0000067,CUST_000003,MOV_00174,2025-11-19,True
WL_0000068,CUST_000003,MOV_00387,2025-07-12,True
WL_0000069,CUST_000003,TVS_00151,2025-09-29,False
WL_0000070,CUST_000003,MOV_00252,2025-05-11,False
WL_0000071,CUST_000003,TVS_00175,2026-01-04,True
WL_0000072,CUST_000003,MOV_00262,2025-12-14,False
WL_0000073,CUST_000003,TVS_00054,2025-08-12,True
WL_0000074,CUST_000003,MOV_00132,2026-04-11,True
WL_0000075,CUST_000004,TVS_00166,2025-12-21,False
WL_0000076,CUST_000004,MOV_00479,2025-11-24,True
WL_0000077,CUST_000004,TVS_00168,2026-03-21,True
WL_0000078,CUST_000004,MOV_00270,2026-01-22,True
WL_0000079,CUST_000004,TVS_00117,2025-11-19,True
WL_0000080,CUST_000004,MOV_00282,2025-09-23,False
WL_0000081,CUST_000004,TVS_00022,2026-02-23,False
WL_0000082,CUST_000004,MOV_00498,2025-09-11,False
WL_0000083,CUST_000004,MOV_00030,2025-08-26,False
WL_0000084,CUST_000004,TVS_00068,2025-11-09,False
WL_0000085,CUST_000004,MOV_00191,2025-09-06,True
WL_0000086,CUST_000004,MOV_00043,2025-12-29,True
WL_0000087,CUST_000005,MOV_00366,2025-08-21,False
WL_0000088,CUST_000005,TVS_00008,2024-06-12,True
WL_0000089,CUST_000005,TVS_00125,2025-05-19,True
WL_0000090,CUST_000005,TVS_00182,2025-11-30,True
WL_0000091,CUST_000005,MOV_00025,2026-02-25,True
WL_0000092,CUST_000005,MOV_00002,2024-08-06,True
WL_0000093,CUST_000005,MOV_00146,2026-01-30,True
WL_0000094,CUST_000005,TVS_00196,2025-04-12,False
WL_0000095,CUST_000005,TVS_00032,2024-09-03,True
WL_0000096,CUST_000005,MOV_00246,2026-03-21,True
WL_0000097,CUST_000005,MOV_00246,2025-07-10,True
WL_0000098,CUST_000005,TVS_00131,2024-08-22,False
WL_0000099,CUST_000005,MOV_00052,2026-03-06,True
WL_0000100,CUST_000005,MOV_00047,2025-10-20,True
WL_0000101,CUST_000006,TVS_00058,2026-03-23,True
WL_0000102,CUST_000006,MOV_00192,2026-02-16,True
WL_0000103,CUST_000006,MOV_00344,2026-03-24,False
WL_0000104,CUST_000006,MOV_00214,2026-02-23,True
WL_0000105,CUST_000006,MOV_00193,2026-04-09,True
WL_0000106,CUST_000006,MOV_00031,2026-04-10,True
WL_0000107,CUST_000006,TVS_00163,2026-03-12,False
WL_0000108,CUST_000006,MOV_00366,2026-03-10,False
WL_0000109,CUST_000006,TVS_00105,2026-02-20,True
WL_0000110,CUST_000006,MOV_00443,2026-02-18,False
WL_0000111,CUST_000006,TVS_00050,2026-03-08,False
WL_0000112,CUST_000006,TVS_00007,2026-02-18,False
WL_0000113,CUST_000006,MOV_00125,2026-04-10,True
WL_0000114,CUST_000006,MOV_00438,2026-02-27,False
WL_0000115,CUST_000006,MOV_00359,2026-04-05,True
WL_0000116,CUST_000006,TVS_00163,2026-03-31,False
WL_0000117,CUST_000007,MOV_00229,2026-01-10,False
WL_0000118,CUST_000007,MOV_00106,2026-03-07,True
WL_0000119,CUST_000007,MOV_00033,2026-02-07,True
WL_0000120,CUST_000008,TVS_00072,2024-05-11,True
WL_0000121,CUST_000008,MOV_00119,2024-05-24,True
WL_0000122,CUST_000008,TVS_00052,2024-08-14,False
WL_0000123,CUST_000008,MOV_00270,2024-07-11,False
WL_0000124,CUST_000008,TVS_00174,2024-05-22,False
WL_0000125,CUST_000008,MOV_00375,2024-07-31,True
WL_0000126,CUST_000008,MOV_00096,2024-07-11,True
WL_0000127,CUST_000008,MOV_00468,2024-06-06,False
WL_0000128,CUST_000008,TVS_00125,2024-08-14,False
WL_0000129,CUST_000008,MOV_00142,2024-05-27,False
WL_0000130,CUST_000008,TVS_00113,2024-08-26,True
WL_0000131,CUST_000008,MOV_00193,2024-06-03,True
WL_0000132,CUST_000008,MOV_00150,2024-04-22,False
WL_0000133,CUST_000008,MOV_00226,2024-06-05,False
WL_0000134,CUST_000008,MOV_00292,2024-07-07,False
WL_0000135,CUST_000008,MOV_00181,2024-06-06,False
WL_0000136,CUST_000008,MOV_00215,2024-08-24,False
WL_0000137,CUST_000008,MOV_00478,2024-05-03,True
WL_0000138,CUST_000008,MOV_00470,2024-08-17,True
WL_0000139,CUST_000008,MOV_00405,2024-05-11,True
WL_0000140,CUST_000009,MOV_00431,2025-05-11,False
WL_0000141,CUST_000009,MOV_00155,2025-12-25,True
WL_0000142,CUST_000009,MOV_00007,2026-03-18,True
WL_0000143,CUST_000009,MOV_00292,2025-11-26,False
WL_0000144,CUST_000009,MOV_00121,2025-09-12,True
WL_0000145,CUST_000009,MOV_00152,2026-01-13,True
WL_0000146,CUST_000009,MOV_00131,2025-11-08,False
WL_0000147,CUST_000009,MOV_00211,2025-08-14,True
WL_0000148,CUST_000009,TVS_00088,2025-04-27,True
WL_0000149,CUST_000009,MOV_00045,2025-06-13,True
WL_0000150,CUST_000009,TVS_00132,2025-11-21,True
WL_0000151,CUST_000009,MOV_00090,2025-04-17,False
WL_0000152,CUST_000009,TVS_00131,2025-12-11,True
WL_0000153,CUST_000009,TVS_00163,2025-08-08,True
WL_0000154,CUST_000009,TVS_00075,2025-12-22,False
WL_0000155,CUST_000009,MOV_00466,2025-12-23,True
WL_0000156,CUST_000009,MOV_00164,2026-04-03,False
WL_0000157,CUST_000010,TVS_00065,2026-02-08,True
WL_0000158,CUST_000010,MOV_00492,2025-11-14,True
WL_0000159,CUST_000010,MOV_00080,2026-01-13,False
WL_0000160,CUST_000010,MOV_00299,2025-10-17,True
WL_0000161,CUST_000010,MOV_00433,2025-08-02,True
WL_0000162,CUST_000010,TVS_00107,2026-02-21,False
WL_0000163,CUST_000010,TVS_00022,2025-09-12,True
WL_0000164,CUST_000010,MOV_00000,2025-09-10,True
WL_0000165,CUST_000010,MOV_00309,2025-11-30,False
WL_0000166,CUST_000010,MOV_00124,2026-01-02,False
WL_0000167,CUST_000010,MOV_00331,2026-04-05,False
WL_0000168,CUST_000010,MOV_00407,2026-02-24,True
WL_0000169,CUST_000010,MOV_00444,2025-09-30,False
WL_0000170,CUST_000010,MOV_00089,2026-02-03,False
WL_0000171,CUST_000010,TVS_00007,2025-07-21,False
WL_0000172,CUST_000010,MOV_00092,2025-10-05,True
WL_0000173,CUST_000010,MOV_00472,2025-07-10,True
WL_0000174,CUST_000010,MOV_00444,2025-11-03,False
WL_0000175,CUST_000010,MOV_00008,2025-10-31,False
WL_0000176,CUST_000010,TVS_00174,2025-12-22,False
WL_0000177,CUST_000010,MOV_00244,2026-01-16,True
WL_0000178,CUST_000010,MOV_00175,2026-01-14,False
WL_0000179,CUST_000010,TVS_00022,2025-07-18,True
WL_0000180,CUST_000010,MOV_00104,2026-02-06,True
WL_0000181,CUST_000011,TVS_00150,2024-12-24,True
WL_0000182,CUST_000011,MOV_00196,2024-09-02,False
WL_0000183,CUST_000011,MOV_00499,2025-09-09,False
WL_0000184,CUST_000011,MOV_00094,2025-09-19,False
WL_0000185,CUST_000011,TVS_00195,2025-10-07,False
WL_0000186,CUST_000011,MOV_00483,2026-02-01,True
WL_0000187,CUST_000011,MOV_00009,2025-05-08,False
WL_0000188,CUST_000011,TVS_00085,2024-09-19,True
WL_0000189,CUST_000011,MOV_00432,2025-09-02,True
WL_0000190,CUST_000011,TVS_00002,2025-10-04,True
WL_0000191,CUST_000011,MOV_00300,2025-08-02,False
WL_0000192,CUST_000011,MOV_00322,2025-08-12,True
WL_0000193,CUST_000011,MOV_00409,2024-07-04,True
WL_0000194,CUST_000011,MOV_00466,2024-10-12,True
WL_0000195,CUST_000011,MOV_00466,2025-04-11,False
WL_0000196,CUST_000011,MOV_00295,2024-08-19,True
WL_0000197,CUST_000011,TVS_00154,2025-06-09,True
WL_0000198,CUST_000011,MOV_00272,2025-01-26,True
WL_0000199,CUST_000011,TVS_00141,2025-10-20,True
WL_0000200,CUST_000012,TVS_00117,2026-09-08,False
WL_0000201,CUST_000012,TVS_00024,2026-09-29,False
WL_0000202,CUST_000012,MOV_00025,2026-12-28,True
WL_0000203,CUST_000012,TVS_00142,2026-07-06,False
WL_0000204,CUST_000012,MOV_00499,2026-03-06,True
WL_0000205,CUST_000012,TVS_00062,2026-12-02,True
WL_0000206,CUST_000012,TVS_00013,2026-03-23,True
WL_0000207,CUST_000012,MOV_00431,2026-11-02,False
WL_0000208,CUST_000012,TVS_00018,2026-08-30,False
WL_0000209,CUST_000012,TVS_00012,2026-10-07,False
WL_0000210,CUST_000012,MOV_00434,2026-06-24,False
WL_0000211,CUST_000012,MOV_00144,2026-06-23,False
WL_0000212,CUST_000012,MOV_00316,2026-10-03,False
WL_0000213,CUST_000012,MOV_00113,2026-04-24,False
WL_0000214,CUST_000012,MOV_00141,2026-11-04,True
WL_0000215,CUST_000012,MOV_00145,2026-10-25,True
WL_0000216,CUST_000012,TVS_00199,2026-09-18,True
WL_0000217,CUST_000012,MOV_00348,2026-11-24,True
WL_0000218,CUST_000012,TVS_00161,2026-04-30,False
WL_0000219,CUST_000012,MOV_00347,2026-09-07,True
WL_0000220,CUST_000012,MOV_00196,2026-05-10,False
WL_0000221,CUST_000012,MOV_00431,2026-12-24,True
WL_0000222,CUST_000013,TVS_00006,2024-10-21,False
WL_0000223,CUST_000013,MOV_00253,2025-08-08,True
WL_0000224,CUST_000013,MOV_00208,2024-08-08,False
WL_0000225,CUST_000013,MOV_00415,2025-07-25,True
WL_0000226,CUST_000013,MOV_00095,2024-11-02,True
WL_0000227,CUST_000013,MOV_00113,2025-11-14,False
WL_0000228,CUST_000013,MOV_00020,2025-09-23,False
WL_0000229,CUST_000013,TVS_00003,2024-09-15,False
WL_0000230,CUST_000013,TVS_00130,2026-03-28,False
WL_0000231,CUST_000013,TVS_00167,2024-07-22,True
WL_0000232,CUST_000013,MOV_00120,2025-12-14,False
WL_0000233,CUST_000013,MOV_00295,2025-10-17,False
WL_0000234,CUST_000013,TVS_00070,2026-02-16,True
WL_0000235,CUST_000013,MOV_00319,2025-01-04,True
WL_0000236,CUST_000013,MOV_00406,2025-07-31,True
WL_0000237,CUST_000013,MOV_00273,2024-11-21,True
WL_0000238,CUST_000014,TVS_00016,2025-10-04,False
WL_0000239,CUST_000014,MOV_00034,2024-12-09,True
WL_0000240,CUST_000014,MOV_00130,2025-09-03,True
WL_0000241,CUST_000014,MOV_00375,2025-06-01,False
WL_0000242,CUST_000014,MOV_00375,2025-06-14,True
WL_0000243,CUST_000014,MOV_00447,2025-07-18,True
WL_0000244,CUST_000014,TVS_00186,2026-03-27,True
WL_0000245,CUST_000014,MOV_00000,2025-05-18,True
WL_0000246,CUST_000014,TVS_00156,2024-11-20,True
WL_0000247,CUST_000014,MOV_00439,2026-03-29,False
WL_0000248,CUST_000014,MOV_00154,2025-06-05,True
WL_0000249,CUST_000014,MOV_00444,2025-09-14,True
WL_0000250,CUST_000014,MOV_00409,2026-04-11,False
WL_0000251,CUST_000014,MOV_00087,2024-06-24,True
WL_0000252,CUST_000014,MOV_00440,2025-04-05,False
WL_0000253,CUST_000014,MOV_00299,2025-04-12,False
WL_0000254,CUST_000014,MOV_00375,2025-03-06,False
WL_0000255,CUST_000014,MOV_00085,2026-03-12,True
WL_0000256,CUST_000014,MOV_00172,2025-03-19,True
WL_0000257,CUST_000014,TVS_00138,2025-05-25,True
WL_0000258,CUST_000014,MOV_00268,2026-02-21,False
WL_0000259,CUST_000014,TVS_00082,2024-08-30,False
WL_0000260,CUST_000014,MOV_00173,2025-05-17,False
WL_0000261,CUST_000014,MOV_00053,2024-11-06,True
WL_0000262,CUST_000015,MOV_00384,2025-03-17,True
WL_0000263,CUST_000015,MOV_00384,2024-07-17,True
WL_0000264,CUST_000015,MOV_00248,2025-05-13,True
WL_0000265,CUST_000015,MOV_00167,2026-02-25,True
WL_0000266,CUST_000015,TVS_00150,2024-09-26,True
WL_0000267,CUST_000015,MOV_00477,2026-02-21,False
WL_0000268,CUST_000015,MOV_00474,2024-11-15,True
WL_0000269,CUST_000015,MOV_00293,2024-07-05,True
WL_0000270,CUST_000015,MOV_00416,2026-04-07,False
WL_0000271,CUST_000015,TVS_00098,2025-11-11,True
WL_0000272,CUST_000015,TVS_00096,2024-06-20,False
WL_0000273,CUST_000015,MOV_00012,2025-12-14,True
WL_0000274,CUST_000015,TVS_00022,2025-01-07,True
WL_0000275,CUST_000015,TVS_00125,2024-06-20,False
WL_0000276,CUST_000015,MOV_00195,2026-01-16,True
WL_0000277,CUST_000015,TVS_00034,2024-11-23,True
WL_0000278,CUST_000015,MOV_00104,2024-11-30,True
WL_0000279,CUST_000015,MOV_00293,2025-01-07,True
WL_0000280,CUST_000015,MOV_00446,2025-05-05,True
WL_0000281,CUST_000015,MOV_00251,2025-11-05,False
WL_0000282,CUST_000015,TVS_00025,2025-07-10,False
WL_0000283,CUST_000015,MOV_00269,2026-03-23,True
WL_0000284,CUST_000015,MOV_00121,2024-11-09,False
WL_0000285,CUST_000015,TVS_00169,2024-06-24,True
WL_0000286,CUST_000015,MOV_00161,2024-10-31,True
WL_0000287,CUST_000016,MOV_00119,2025-03-01,False
WL_0000288,CUST_000016,MOV_00206,2025-04-16,False
WL_0000289,CUST_000016,TVS_00195,2025-04-27,True
WL_0000290,CUST_000016,MOV_00230,2025-09-19,True
WL_0000291,CUST_000016,MOV_00055,2026-03-14,True
WL_0000292,CUST_000017,TVS_00168,2025-10-27,True
WL_0000293,CUST_000017,MOV_00221,2026-02-18,False
WL_0000294,CUST_000017,MOV_00160,2025-12-28,False
WL_0000295,CUST_000017,TVS_00058,2025-12-27,True
WL_0000296,CUST_000017,TVS_00168,2026-02-17,True
WL_0000297,CUST_000018,MOV_00095,2025-12-14,True
WL_0000298,CUST_000018,TVS_00006,2025-12-01,False
WL_0000299,CUST_000018,MOV_00163,2025-12-07,False
WL_0000300,CUST_000018,TVS_00017,2025-09-06,False
WL_0000301,CUST_000018,MOV_00465,2025-12-06,True
WL_0000302,CUST_000018,MOV_00273,2025-10-29,False
WL_0000303,CUST_000018,TVS_00167,2025-11-09,True
WL_0000304,CUST_000018,TVS_00104,2025-12-25,False
WL_0000305,CUST_000018,MOV_00382,2025-08-26,True
WL_0000306,CUST_000018,MOV_00254,2025-12-13,True
WL_0000307,CUST_000018,MOV_00077,2026-01-01,False
WL_0000308,CUST_000018,MOV_00223,2025-10-17,False
WL_0000309,CUST_000018,MOV_00052,2025-10-27,True
WL_0000310,CUST_000018,MOV_00453,2025-12-28,True
WL_0000311,CUST_000018,MOV_00389,2025-08-30,True
WL_0000312,CUST_000018,TVS_00105,2025-09-20,True
WL_0000313,CUST_000018,MOV_00282,2025-11-20,False
WL_0000314,CUST_000018,TVS_00131,2025-12-21,False
WL_0000315,CUST_000019,TVS_00135,2026-02-16,True
WL_0000316,CUST_000019,MOV_00193,2025-07-06,True
WL_0000317,CUST_000019,MOV_00297,2025-09-01,True
WL_0000318,CUST_000019,TVS_00149,2026-01-24,True
WL_0000319,CUST_000019,MOV_00065,2025-12-27,True
WL_0000320,CUST_000019,MOV_00005,2026-03-15,False
WL_0000321,CUST_000019,TVS_00173,2025-07-06,False
WL_0000322,CUST_000019,TVS_00060,2025-08-24,True
WL_0000323,CUST_000019,TVS_00135,2025-10-11,False
WL_0000324,CUST_000019,MOV_00245,2025-10-24,True
WL_0000325,CUST_000019,MOV_00308,2026-02-08,False
WL_0000326,CUST_000019,MOV_00456,2025-08-30,True
WL_0000327,CUST_000019,MOV_00308,2025-12-03,False
WL_0000328,CUST_000020,MOV_00402,2026-02-28,True
WL_0000329,CUST_000020,TVS_00056,2025-07-01,True
WL_0000330,CUST_000020,MOV_00258,2025-06-03,True
WL_0000331,CUST_000021,MOV_00027,2025-08-11,True
WL_0000332,CUST_000021,MOV_00254,2026-02-17,True
WL_0000333,CUST_000021,MOV_00059,2025-05-08,True
WL_0000334,CUST_000021,MOV_00457,2025-10-24,True
WL_0000335,CUST_000021,MOV_00233,2025-05-05,True
WL_0000336,CUST_000021,MOV_00050,2025-11-23,False
WL_0000337,CUST_000021,TVS_00177,2025-04-29,True
WL_0000338,CUST_000021,MOV_00040,2025-12-05,False
WL_0000339,CUST_000022,TVS_00177,2025-12-27,True
WL_0000340,CUST_000022,MOV_00030,2026-02-08,False
WL_0000341,CUST_000022,TVS_00034,2026-04-09,False
WL_0000342,CUST_000023,MOV_00336,2026-01-13,False
WL_0000343,CUST_000023,TVS_00068,2026-01-11,False
WL_0000344,CUST_000023,MOV_00266,2026-03-10,False
WL_0000345,CUST_000023,MOV_00122,2026-01-11,False
WL_0000346,CUST_000023,MOV_00266,2026-03-09,False
WL_0000347,CUST_000023,MOV_00282,2026-04-16,False
WL_0000348,CUST_000023,TVS_00000,2026-01-06,False
WL_0000349,CUST_000023,MOV_00012,2026-02-01,False
WL_0000350,CUST_000023,TVS_00156,2026-02-24,True
WL_0000351,CUST_000023,MOV_00044,2026-02-12,True
WL_0000352,CUST_000024,MOV_00493,2025-09-27,True
WL_0000353,CUST_000024,MOV_00078,2024-12-11,True
WL_0000354,CUST_000024,MOV_00465,2025-09-23,True
WL_0000355,CUST_000024,MOV_00014,2024-11-13,True
WL_0000356,CUST_000024,MOV_00373,2024-12-21,False
WL_0000357,CUST_000024,TVS_00138,2024-08-31,False
WL_0000358,CUST_000024,MOV_00032,2024-08-31,True
WL_0000359,CUST_000024,MOV_00346,2024-12-09,True
WL_0000360,CUST_000024,MOV_00498,2025-12-21,False
WL_0000361,CUST_000024,MOV_00401,2025-02-20,True
WL_0000362,CUST_000024,MOV_00317,2024-11-21,True
WL_0000363,CUST_000024,MOV_00369,2024-08-27,False
WL_0000364,CUST_000025,MOV_00062,2026-04-04,False
WL_0000365,CUST_000025,MOV_00107,2026-03-04,True
WL_0000366,CUST_000025,MOV_00305,2026-01-27,False
WL_0000367,CUST_000025,MOV_00313,2025-12-09,True
WL_0000368,CUST_000025,MOV_00034,2026-03-31,True
WL_0000369,CUST_000025,MOV_00439,2026-02-08,False
WL_0000370,CUST_000025,MOV_00095,2026-02-16,True
WL_0000371,CUST_000025,MOV_00106,2026-03-22,False
WL_0000372,CUST_000025,TVS_00174,2026-04-03,True
WL_0000373,CUST_000025,MOV_00445,2025-12-02,True
WL_0000374,CUST_000025,MOV_00313,2025-10-29,True
WL_0000375,CUST_000025,MOV_00004,2026-01-28,True
WL_0000376,CUST_000025,MOV_00124,2026-02-28,True
WL_0000377,CUST_000025,TVS_00154,2026-01-05,True
WL_0000378,CUST_000025,TVS_00030,2026-03-31,True
WL_0000379,CUST_000025,MOV_00271,2025-12-10,True
WL_0000380,CUST_000025,MOV_00488,2025-11-06,True
WL_0000381,CUST_000025,TVS_00181,2026-02-22,True
WL_0000382,CUST_000025,MOV_00374,2026-01-13,True
WL_0000383,CUST_000025,TVS_00147,2026-03-26,False
WL_0000384,CUST_000026,MOV_00175,2026-03-21,True
WL_0000385,CUST_000026,MOV_00184,2025-11-18,True
WL_0000386,CUST_000026,MOV_00252,2025-08-02,False
WL_0000387,CUST_000026,MOV_00320,2025-10-26,True
WL_0000388,CUST_000026,MOV_00366,2026-02-27,False
WL_0000389,CUST_000026,MOV_00356,2026-01-11,True
WL_0000390,CUST_000026,TVS_00109,2025-04-09,False
WL_0000391,CUST_000026,MOV_00175,2026-01-14,True
WL_0000392,CUST_000026,TVS_00108,2026-02-21,True
WL_0000393,CUST_000026,MOV_00304,2025-06-03,False
WL_0000394,CUST_000026,TVS_00144,2025-07-14,True
WL_0000395,CUST_000027,MOV_00416,2024-12-17,True
WL_0000396,CUST_000027,MOV_00094,2025-03-21,False
WL_0000397,CUST_000027,TVS_00199,2025-01-17,False
WL_0000398,CUST_000027,MOV_00110,2025-09-11,True
WL_0000399,CUST_000027,MOV_00142,2025-08-10,False
WL_0000400,CUST_000027,MOV_00483,2024-10-20,False
WL_0000401,CUST_000027,MOV_00069,2026-02-28,False
WL_0000402,CUST_000027,MOV_00401,2024-09-13,True
WL_0000403,CUST_000027,MOV_00448,2025-09-13,True
WL_0000404,CUST_000027,MOV_00342,2025-12-20,True
WL_0000405,CUST_000028,TVS_00197,2024-06-19,False
WL_0000406,CUST_000028,MOV_00313,2025-04-03,False
WL_0000407,CUST_000028,MOV_00172,2025-11-25,True
WL_0000408,CUST_000028,MOV_00024,2025-01-09,True
WL_0000409,CUST_000028,MOV_00223,2026-01-07,True
WL_0000410,CUST_000028,TVS_00147,2024-07-01,True
WL_0000411,CUST_000028,MOV_00354,2026-02-08,False
WL_0000412,CUST_000028,MOV_00403,2024-10-08,False
WL_0000413,CUST_000028,MOV_00053,2026-04-05,False
WL_0000414,CUST_000028,MOV_00383,2025-06-16,True
WL_0000415,CUST_000028,MOV_00152,2025-06-18,False
WL_0000416,CUST_000028,TVS_00107,2026-04-06,False
WL_0000417,CUST_000028,MOV_00019,2025-03-01,False
WL_0000418,CUST_000028,MOV_00304,2026-03-01,True
WL_0000419,CUST_000028,MOV_00119,2024-07-22,False
WL_0000420,CUST_000028,TVS_00068,2025-06-19,False
WL_0000421,CUST_000028,TVS_00000,2025-11-29,True
WL_0000422,CUST_000028,MOV_00339,2025-12-19,True
WL_0000423,CUST_000028,MOV_00456,2026-02-07,False
WL_0000424,CUST_000028,TVS_00029,2025-01-29,True
WL_0000425,CUST_000029,MOV_00079,2026-03-19,False
WL_0000426,CUST_000029,MOV_00169,2026-02-14,True
WL_0000427,CUST_000029,TVS_00057,2026-02-23,True
WL_0000428,CUST_000029,TVS_00096,2026-03-17,False
WL_0000429,CUST_000029,TVS_00196,2026-04-02,False
WL_0000430,CUST_000029,MOV_00472,2026-02-07,True
WL_0000431,CUST_000030,TVS_00146,2026-10-06,True
WL_0000432,CUST_000030,MOV_00132,2026-01-05,False
WL_0000433,CUST_000030,MOV_00363,2026-08-24,False
WL_0000434,CUST_000030,MOV_00409,2026-06-12,True
WL_0000435,CUST_000030,TVS_00124,2026-01-15,True
WL_0000436,CUST_000030,TVS_00080,2026-03-13,True
WL_0000437,CUST_000030,MOV_00377,2026-11-29,False
WL_0000438,CUST_000030,MOV_00416,2026-08-20,True
WL_0000439,CUST_000030,MOV_00212,2026-10-12,False
WL_0000440,CUST_000030,MOV_00117,2026-03-11,False
WL_0000441,CUST_000030,MOV_00150,2026-08-09,False
WL_0000442,CUST_000030,MOV_00414,2026-07-03,True
WL_0000443,CUST_000030,TVS_00183,2026-02-26,True
WL_0000444,CUST_000030,MOV_00188,2026-03-15,True
WL_0000445,CUST_000031,MOV_00015,2026-01-23,False
WL_0000446,CUST_000031,MOV_00174,2025-08-05,True
WL_0000447,CUST_000031,TVS_00086,2025-12-23,True
WL_0000448,CUST_000032,MOV_00462,2025-09-25,True
WL_0000449,CUST_000032,MOV_00447,2025-08-29,True
WL_0000450,CUST_000032,TVS_00199,2025-11-24,True
WL_0000451,CUST_000032,MOV_00392,2025-08-31,True
WL_0000452,CUST_000032,TVS_00126,2025-10-20,False
WL_0000453,CUST_000032,TVS_00142,2026-01-12,True
WL_0000454,CUST_000033,MOV_00439,2024-09-16,False
WL_0000455,CUST_000033,TVS_00097,2024-05-26,False
WL_0000456,CUST_000033,TVS_00103,2025-04-11,False
WL_0000457,CUST_000033,MOV_00393,2025-12-27,True
WL_0000458,CUST_000033,MOV_00488,2025-06-19,True
WL_0000459,CUST_000033,MOV_00467,2025-03-06,True
WL_0000460,CUST_000033,TVS_00142,2025-08-25,True
WL_0000461,CUST_000033,MOV_00348,2026-01-08,False
WL_0000462,CUST_000033,MOV_00454,2024-07-03,False
WL_0000463,CUST_000033,MOV_00319,2025-11-15,False
WL_0000464,CUST_000033,TVS_00103,2025-06-18,False
WL_0000465,CUST_000033,TVS_00104,2025-01-02,True
WL_0000466,CUST_000034,MOV_00160,2025-09-09,True
WL_0000467,CUST_000034,MOV_00144,2024-11-10,True
WL_0000468,CUST_000034,MOV_00405,2025-11-04,True
WL_0000469,CUST_000034,MOV_00295,2025-02-22,False
WL_0000470,CUST_000034,MOV_00198,2026-02-17,False
WL_0000471,CUST_000034,TVS_00019,2025-07-06,False
WL_0000472,CUST_000034,MOV_00026,2025-12-30,True
WL_0000473,CUST_000034,MOV_00347,2024-12-04,True
WL_0000474,CUST_000035,TVS_00136,2026-01-18,True
WL_0000475,CUST_000035,MOV_00244,2026-02-09,True
WL_0000476,CUST_000035,MOV_00064,2025-03-03,True
WL_0000477,CUST_000035,MOV_00444,2024-08-29,True
WL_0000478,CUST_000035,MOV_00139,2024-10-01,False
WL_0000479,CUST_000035,MOV_00089,2026-01-06,True
WL_0000480,CUST_000035,TVS_00004,2025-08-21,False
WL_0000481,CUST_000035,MOV_00492,2025-02-09,False
WL_0000482,CUST_000036,MOV_00489,2024-11-15,True
WL_0000483,CUST_000036,MOV_00277,2024-11-22,True
WL_0000484,CUST_000036,MOV_00256,2024-06-10,False
WL_0000485,CUST_000036,MOV_00269,2024-08-19,False
WL_0000486,CUST_000036,TVS_00187,2024-08-24,True
WL_0000487,CUST_000036,MOV_00337,2024-09-07,False
WL_0000488,CUST_000036,MOV_00394,2024-07-12,False
WL_0000489,CUST_000036,MOV_00140,2024-10-23,True
WL_0000490,CUST_000036,MOV_00181,2024-07-12,False
WL_0000491,CUST_000036,TVS_00006,2024-08-09,False
WL_0000492,CUST_000036,MOV_00062,2024-06-08,True
WL_0000493,CUST_000036,MOV_00277,2024-06-10,True
WL_0000494,CUST_000036,TVS_00012,2024-10-11,False
WL_0000495,CUST_000036,MOV_00167,2024-09-26,True
WL_0000496,CUST_000036,MOV_00383,2024-06-08,True
WL_0000497,CUST_000036,MOV_00335,2024-08-22,True
WL_0000498,CUST_000036,MOV_00175,2024-09-21,True
WL_0000499,CUST_000036,TVS_00122,2024-10-15,False
WL_0000500,CUST_000036,MOV_00296,2024-09-05,False
WL_0000501,CUST_000036,MOV_00149,2024-11-11,True
WL_0000502,CUST_000036,MOV_00389,2024-10-30,True
WL_0000503,CUST_000036,TVS_00156,2024-08-02,True
WL_0000504,CUST_000036,MOV_00114,2024-06-10,True
WL_0000505,CUST_000036,MOV_00352,2024-11-11,True
WL_0000506,CUST_000037,MOV_00425,2025-08-03,False
WL_0000507,CUST_000037,MOV_00138,2025-07-26,False
WL_0000508,CUST_000037,MOV_00219,2024-10-20,True
WL_0000509,CUST_000037,TVS_00190,2024-09-18,False
WL_0000510,CUST_000037,TVS_00031,2025-02-21,True
WL_0000511,CUST_000037,MOV_00458,2026-02-27,False
WL_0000512,CUST_000037,MOV_00124,2025-02-27,True
WL_0000513,CUST_000037,MOV_00187,2025-01-02,True
WL_0000514,CUST_000037,TVS_00109,2025-03-04,False
WL_0000515,CUST_000037,MOV_00320,2025-01-08,True
WL_0000516,CUST_000037,TVS_00041,2025-08-31,True
WL_0000517,CUST_000037,MOV_00303,2025-04-26,True
WL_0000518,CUST_000037,MOV_00371,2025-04-21,False
WL_0000519,CUST_000037,TVS_00031,2026-01-10,True
WL_0000520,CUST_000037,MOV_00065,2025-04-10,True
WL_0000521,CUST_000037,TVS_00074,2025-05-17,True
WL_0000522,CUST_000037,MOV_00469,2026-04-04,False
WL_0000523,CUST_000037,TVS_00019,2024-11-20,True
WL_0000524,CUST_000037,MOV_00298,2026-02-19,False
WL_0000525,CUST_000037,MOV_00469,2026-01-11,False
WL_0000526,CUST_000037,MOV_00187,2025-09-15,True
WL_0000527,CUST_000037,MOV_00328,2025-06-13,True
WL_0000528,CUST_000038,MOV_00215,2025-04-02,False
WL_0000529,CUST_000038,MOV_00384,2025-08-12,False
WL_0000530,CUST_000038,TVS_00092,2025-05-05,False
WL_0000531,CUST_000038,MOV_00100,2025-10-18,True
WL_0000532,CUST_000038,MOV_00394,2025-09-27,True
WL_0000533,CUST_000038,MOV_00327,2026-01-27,False
WL_0000534,CUST_000038,MOV_00224,2026-02-26,False
WL_0000535,CUST_000038,TVS_00080,2025-06-16,True
WL_0000536,CUST_000039,MOV_00315,2026-04-07,True
WL_0000537,CUST_000039,TVS_00004,2025-07-10,False
WL_0000538,CUST_000039,MOV_00359,2025-08-17,True
WL_0000539,CUST_000039,MOV_00168,2026-02-28,True
WL_0000540,CUST_000040,MOV_00037,2026-04-09,True
WL_0000541,CUST_000040,MOV_00074,2026-01-03,True
WL_0000542,CUST_000040,MOV_00208,2026-04-06,True
WL_0000543,CUST_000040,MOV_00104,2026-02-25,False
WL_0000544,CUST_000040,MOV_00399,2026-02-04,True
WL_0000545,CUST_000040,MOV_00045,2026-01-06,False
WL_0000546,CUST_000040,MOV_00293,2026-01-29,False
WL_0000547,CUST_000040,TVS_00104,2026-03-02,True
WL_0000548,CUST_000040,TVS_00150,2026-03-10,False
WL_0000549,CUST_000040,MOV_00232,2026-02-24,True
WL_0000550,CUST_000040,MOV_00348,2026-01-09,True
WL_0000551,CUST_000040,TVS_00036,2026-03-01,True
WL_0000552,CUST_000040,TVS_00088,2026-02-22,True
WL_0000553,CUST_000040,MOV_00379,2026-03-14,False
WL_0000554,CUST_000040,MOV_00195,2026-03-26,False
WL_0000555,CUST_000040,MOV_00159,2026-01-15,False
WL_0000556,CUST_000040,TVS_00024,2026-03-11,True
WL_0000557,CUST_000041,MOV_00377,2025-12-26,True
WL_0000558,CUST_000041,MOV_00496,2026-01-30,True
WL_0000559,CUST_000041,MOV_00370,2024-11-17,True
WL_0000560,CUST_000041,TVS_00187,2025-08-12,True
WL_0000561,CUST_000041,MOV_00443,2026-03-18,True
WL_0000562,CUST_000041,TVS_00118,2026-01-30,True
WL_0000563,CUST_000041,MOV_00056,2025-02-22,False
WL_0000564,CUST_000041,MOV_00200,2025-07-13,False
WL_0000565,CUST_000041,MOV_00281,2025-07-31,True
WL_0000566,CUST_000041,MOV_00177,2025-10-02,True
WL_0000567,CUST_000041,TVS_00164,2025-08-19,True
WL_0000568,CUST_000041,MOV_00177,2026-04-07,True
WL_0000569,CUST_000041,MOV_00256,2025-03-06,True
WL_0000570,CUST_000041,MOV_00223,2026-02-09,True
WL_0000571,CUST_000041,TVS_00045,2025-03-06,True
WL_0000572,CUST_000041,MOV_00067,2026-02-04,True
WL_0000573,CUST_000041,MOV_00439,2026-04-07,True
WL_0000574,CUST_000042,MOV_00114,2025-11-20,True
WL_0000575,CUST_000042,MOV_00281,2025-11-26,True
WL_0000576,CUST_000042,MOV_00290,2025-12-07,False
WL_0000577,CUST_000042,MOV_00349,2025-09-11,True
WL_0000578,CUST_000042,MOV_00272,2025-07-28,True
WL_0000579,CUST_000042,MOV_00352,2025-10-08,False
WL_0000580,CUST_000042,MOV_00393,2025-09-24,False
WL_0000581,CUST_000042,MOV_00475,2025-09-06,True
WL_0000582,CUST_000042,MOV_00040,2025-09-26,True
WL_0000583,CUST_000042,MOV_00353,2025-08-03,True
WL_0000584,CUST_000042,MOV_00480,2025-12-10,False
WL_0000585,CUST_000042,MOV_00017,2026-01-20,True
WL_0000586,CUST_000043,MOV_00124,2025-01-05,True
WL_0000587,CUST_000043,MOV_00270,2025-05-25,True
WL_0000588,CUST_000043,MOV_00476,2025-03-14,False
WL_0000589,CUST_000043,MOV_00328,2025-06-29,True
WL_0000590,CUST_000043,MOV_00237,2026-04-09,True
WL_0000591,CUST_000043,MOV_00353,2025-12-29,False
WL_0000592,CUST_000043,TVS_00054,2025-11-21,False
WL_0000593,CUST_000043,MOV_00231,2025-11-05,True
WL_0000594,CUST_000043,TVS_00031,2024-12-28,False
WL_0000595,CUST_000043,MOV_00013,2026-02-11,True
WL_0000596,CUST_000043,MOV_00368,2025-02-28,True
WL_0000597,CUST_000043,TVS_00111,2025-01-16,False
WL_0000598,CUST_000043,MOV_00393,2025-02-20,True
WL_0000599,CUST_000043,MOV_00261,2025-02-27,False
WL_0000600,CUST_000043,MOV_00187,2025-06-12,True
WL_0000601,CUST_000043,MOV_00323,2025-02-28,True
WL_0000602,CUST_000043,MOV_00080,2025-12-25,False
WL_0000603,CUST_000043,MOV_00063,2026-02-09,True
WL_0000604,CUST_000044,MOV_00376,2025-04-21,True
WL_0000605,CUST_000044,MOV_00056,2025-12-03,True
WL_0000606,CUST_000044,TVS_00121,2025-05-31,False
WL_0000607,CUST_000044,MOV_00239,2025-09-20,False
WL_0000608,CUST_000044,MOV_00268,2026-02-04,True
WL_0000609,CUST_000044,TVS_00111,2025-09-10,True
WL_0000610,CUST_000044,MOV_00178,2026-02-06,False
WL_0000611,CUST_000044,MOV_00260,2025-06-08,True
WL_0000612,CUST_000044,MOV_00251,2025-06-06,True
WL_0000613,CUST_000044,MOV_00242,2025-07-26,False
WL_0000614,CUST_000044,MOV_00081,2025-04-13,True
WL_0000615,CUST_000044,MOV_00180,2025-04-24,True
WL_0000616,CUST_000044,MOV_00473,2025-08-11,True
WL_0000617,CUST_000044,MOV_00296,2025-11-12,True
WL_0000618,CUST_000044,MOV_00181,2025-10-04,False
WL_0000619,CUST_000044,MOV_00060,2025-04-17,False
WL_0000620,CUST_000044,MOV_00164,2025-10-03,False
WL_0000621,CUST_000044,MOV_00335,2025-06-13,True
WL_0000622,CUST_000044,MOV_00443,2026-03-08,False
WL_0000623,CUST_000044,MOV_00170,2025-11-10,True
WL_0000624,CUST_000044,TVS_00132,2025-12-27,True
WL_0000625,CUST_000044,TVS_00114,2025-05-11,False
WL_0000626,CUST_000045,MOV_00478,2025-10-23,True
WL_0000627,CUST_000045,MOV_00489,2025-11-25,True
WL_0000628,CUST_000045,TVS_00156,2025-02-20,True
WL_0000629,CUST_000045,MOV_00127,2025-11-22,False
WL_0000630,CUST_000045,TVS_00098,2025-02-20,True
WL_0000631,CUST_000046,MOV_00364,2026-01-28,True
WL_0000632,CUST_000046,MOV_00030,2025-04-04,False
WL_0000633,CUST_000046,MOV_00468,2025-11-09,True
WL_0000634,CUST_000047,MOV_00339,2026-01-13,False
WL_0000635,CUST_000047,MOV_00006,2026-01-26,True
WL_0000636,CUST_000047,MOV_00319,2026-04-11,True
WL_0000637,CUST_000047,TVS_00153,2026-03-30,True
WL_0000638,CUST_000047,MOV_00141,2026-04-10,True
WL_0000639,CUST_000047,TVS_00171,2026-04-01,False
WL_0000640,CUST_000047,MOV_00206,2026-03-01,True
WL_0000641,CUST_000047,MOV_00211,2026-02-24,True
WL_0000642,CUST_000047,MOV_00240,2026-03-22,False
WL_0000643,CUST_000047,MOV_00471,2026-03-30,False
WL_0000644,CUST_000047,MOV_00052,2026-03-19,False
WL_0000645,CUST_000047,MOV_00145,2026-01-14,True
WL_0000646,CUST_000047,MOV_00182,2026-02-09,True
WL_0000647,CUST_000047,MOV_00053,2026-01-27,False
WL_0000648,CUST_000047,MOV_00205,2026-04-07,True
WL_0000649,CUST_000047,MOV_00349,2026-01-23,False
WL_0000650,CUST_000047,MOV_00186,2026-04-10,True
WL_0000651,CUST_000048,MOV_00066,2026-04-10,True
WL_0000652,CUST_000048,MOV_00448,2025-07-20,True
WL_0000653,CUST_000048,MOV_00447,2026-02-25,False
WL_0000654,CUST_000048,TVS_00009,2025-11-09,False
WL_0000655,CUST_000048,MOV_00333,2025-09-01,False
WL_0000656,CUST_000048,MOV_00053,2026-03-20,True
WL_0000657,CUST_000048,TVS_00167,2025-11-27,False
WL_0000658,CUST_000048,MOV_00350,2025-12-19,True
WL_0000659,CUST_000048,TVS_00170,2026-01-14,True
WL_0000660,CUST_000048,MOV_00195,2026-03-05,True
WL_0000661,CUST_000048,MOV_00310,2026-02-04,False
WL_0000662,CUST_000048,MOV_00352,2026-03-11,True
WL_0000663,CUST_000049,MOV_00324,2026-02-18,False
WL_0000664,CUST_000049,TVS_00094,2026-06-10,False
WL_0000665,CUST_000049,MOV_00235,2026-02-03,False
WL_0000666,CUST_000049,MOV_00325,2026-04-01,False
WL_0000667,CUST_000049,TVS_00188,2026-11-02,False
WL_0000668,CUST_000049,TVS_00027,2026-10-02,True
WL_0000669,CUST_000049,MOV_00439,2026-09-25,False
WL_0000670,CUST_000049,TVS_00145,2026-11-15,False
WL_0000671,CUST_000049,MOV_00033,2026-09-13,False
WL_0000672,CUST_000049,TVS_00146,2026-10-06,True
WL_0000673,CUST_000049,TVS_00127,2026-07-19,False
WL_0000674,CUST_000049,MOV_00211,2026-07-24,True
WL_0000675,CUST_000049,TVS_00044,2026-06-27,True
WL_0000676,CUST_000049,MOV_00263,2026-04-12,True
WL_0000677,CUST_000049,MOV_00487,2026-10-10,True
WL_0000678,CUST_000049,MOV_00165,2026-02-20,True
WL_0000679,CUST_000049,TVS_00088,2026-02-22,False
WL_0000680,CUST_000049,MOV_00348,2026-09-21,True
WL_0000681,CUST_000049,MOV_00404,2027-01-01,False
WL_0000682,CUST_000049,MOV_00325,2026-10-09,False
WL_0000683,CUST_000049,MOV_00229,2026-06-12,True
WL_0000684,CUST_000050,MOV_00208,2024-12-20,True
WL_0000685,CUST_000050,TVS_00016,2025-08-11,True
WL_0000686,CUST_000050,MOV_00129,2024-10-16,False
WL_0000687,CUST_000050,MOV_00154,2024-10-22,False
WL_0000688,CUST_000050,MOV_00018,2024-12-21,True
WL_0000689,CUST_000050,TVS_00024,2025-07-19,False
WL_0000690,CUST_000050,MOV_00304,2025-01-25,True
WL_0000691,CUST_000050,MOV_00427,2025-01-17,True
WL_0000692,CUST_000050,TVS_00106,2025-12-22,True
WL_0000693,CUST_000050,MOV_00213,2024-11-08,False
WL_0000694,CUST_000050,MOV_00441,2026-04-05,False
WL_0000695,CUST_000050,MOV_00358,2024-08-30,False
WL_0000696,CUST_000050,MOV_00040,2025-03-23,True
WL_0000697,CUST_000050,TVS_00089,2025-11-07,True
WL_0000698,CUST_000050,MOV_00454,2026-02-07,True
WL_0000699,CUST_000050,MOV_00325,2024-08-11,True
WL_0000700,CUST_000050,MOV_00421,2026-04-07,False
WL_0000701,CUST_000050,MOV_00049,2025-07-22,False
WL_0000702,CUST_000050,MOV_00033,2024-12-19,True
WL_0000703,CUST_000050,MOV_00115,2026-03-31,True
WL_0000704,CUST_000050,TVS_00105,2024-11-28,True
WL_0000705,CUST_000051,TVS_00058,2026-03-13,True
WL_0000706,CUST_000051,TVS_00122,2026-03-05,True
WL_0000707,CUST_000051,MOV_00189,2026-03-29,False
WL_0000708,CUST_000051,MOV_00380,2026-04-02,True
WL_0000709,CUST_000051,TVS_00196,2026-03-28,False
WL_0000710,CUST_000051,MOV_00268,2026-04-07,True
WL_0000711,CUST_000051,TVS_00131,2026-03-17,False
WL_0000712,CUST_000051,MOV_00385,2026-02-11,True
WL_0000713,CUST_000051,TVS_00174,2026-02-18,False
WL_0000714,CUST_000051,MOV_00445,2026-01-22,True
WL_0000715,CUST_000051,MOV_00408,2026-02-18,True
WL_0000716,CUST_000051,MOV_00061,2026-02-18,True
WL_0000717,CUST_000051,TVS_00081,2026-03-02,False
WL_0000718,CUST_000051,MOV_00179,2026-04-07,True
WL_0000719,CUST_000051,MOV_00405,2026-02-18,False
WL_0000720,CUST_000051,TVS_00096,2026-03-09,False
WL_0000721,CUST_000051,MOV_00008,2026-04-11,True
WL_0000722,CUST_000051,TVS_00066,2026-04-03,False
WL_0000723,CUST_000051,TVS_00066,2026-03-24,True
WL_0000724,CUST_000051,MOV_00234,2026-03-07,True
WL_0000725,CUST_000052,MOV_00436,2025-06-07,False
WL_0000726,CUST_000052,MOV_00466,2024-08-11,True
WL_0000727,CUST_000052,MOV_00165,2024-08-06,True
WL_0000728,CUST_000052,TVS_00055,2025-12-24,False
WL_0000729,CUST_000052,TVS_00159,2025-08-11,False
WL_0000730,CUST_000052,MOV_00058,2025-01-26,True
WL_0000731,CUST_000052,MOV_00036,2026-03-25,True
WL_0000732,CUST_000053,MOV_00350,2025-11-14,True
WL_0000733,CUST_000053,MOV_00258,2025-05-18,False
WL_0000734,CUST_000053,TVS_00094,2025-02-03,False
WL_0000735,CUST_000053,MOV_00306,2025-07-18,True
WL_0000736,CUST_000053,MOV_00155,2025-03-05,True
WL_0000737,CUST_000053,MOV_00038,2024-12-09,False
WL_0000738,CUST_000053,MOV_00277,2024-05-30,True
WL_0000739,CUST_000053,MOV_00028,2025-02-03,True
WL_0000740,CUST_000053,MOV_00299,2025-02-20,False
WL_0000741,CUST_000053,MOV_00338,2026-03-27,False
WL_0000742,CUST_000053,MOV_00338,2025-08-07,True
WL_0000743,CUST_000053,MOV_00138,2024-06-28,True
WL_0000744,CUST_000053,MOV_00064,2025-07-19,True
WL_0000745,CUST_000053,MOV_00214,2025-07-26,False
WL_0000746,CUST_000053,MOV_00226,2025-11-30,False
WL_0000747,CUST_000053,MOV_00165,2025-02-24,True
WL_0000748,CUST_000053,MOV_00440,2025-02-01,False
WL_0000749,CUST_000053,MOV_00374,2025-11-27,True
WL_0000750,CUST_000053,MOV_00063,2026-03-27,True
WL_0000751,CUST_000053,MOV_00170,2025-05-27,True
WL_0000752,CUST_000053,MOV_00188,2024-12-19,False
WL_0000753,CUST_000053,MOV_00103,2024-12-31,True
WL_0000754,CUST_000053,MOV_00016,2025-01-02,True
WL_0000755,CUST_000053,TVS_00077,2024-10-31,True
WL_0000756,CUST_000053,MOV_00039,2025-08-26,True
WL_0000757,CUST_000054,MOV_00349,2025-08-02,False
WL_0000758,CUST_000054,MOV_00335,2026-04-11,True
WL_0000759,CUST_000054,TVS_00167,2026-03-28,True
WL_0000760,CUST_000054,MOV_00393,2025-07-27,True
WL_0000761,CUST_000054,TVS_00041,2025-10-18,False
WL_0000762,CUST_000054,MOV_00434,2025-07-12,True
WL_0000763,CUST_000054,TVS_00190,2025-10-04,True
WL_0000764,CUST_000054,TVS_00083,2025-09-03,True
WL_0000765,CUST_000054,TVS_00014,2025-12-02,False
WL_0000766,CUST_000054,TVS_00030,2026-01-15,True
WL_0000767,CUST_000054,MOV_00469,2025-09-07,False
WL_0000768,CUST_000054,MOV_00209,2025-07-24,True
WL_0000769,CUST_000054,MOV_00471,2025-11-03,False
WL_0000770,CUST_000054,MOV_00407,2026-02-17,False
WL_0000771,CUST_000054,MOV_00025,2025-09-28,True
WL_0000772,CUST_000054,TVS_00019,2026-01-15,True
WL_0000773,CUST_000054,MOV_00409,2025-10-01,True
WL_0000774,CUST_000055,MOV_00136,2024-11-15,True
WL_0000775,CUST_000055,MOV_00351,2024-10-17,True
WL_0000776,CUST_000055,MOV_00425,2025-10-12,True
WL_0000777,CUST_000055,TVS_00093,2025-05-27,True
WL_0000778,CUST_000055,TVS_00006,2025-02-01,False
WL_0000779,CUST_000056,MOV_00159,2026-03-30,False
WL_0000780,CUST_000056,MOV_00444,2026-03-31,False
WL_0000781,CUST_000056,MOV_00461,2026-03-09,True
WL_0000782,CUST_000056,TVS_00054,2026-04-05,False
WL_0000783,CUST_000056,TVS_00022,2026-03-12,True
WL_0000784,CUST_000056,TVS_00188,2026-03-19,False
WL_0000785,CUST_000056,MOV_00078,2026-03-01,False
WL_0000786,CUST_000056,MOV_00310,2026-04-10,False
WL_0000787,CUST_000056,TVS_00018,2026-02-01,False
WL_0000788,CUST_000056,MOV_00247,2026-02-18,True
WL_0000789,CUST_000056,MOV_00308,2026-03-10,True
WL_0000790,CUST_000056,MOV_00269,2026-01-28,False
WL_0000791,CUST_000056,MOV_00289,2026-03-09,True
WL_0000792,CUST_000056,TVS_00018,2026-02-16,True
WL_0000793,CUST_000056,TVS_00101,2026-02-07,True
WL_0000794,CUST_000056,TVS_00195,2026-02-04,False
WL_0000795,CUST_000056,MOV_00265,2026-03-16,True
WL_0000796,CUST_000056,TVS_00043,2026-01-15,True
WL_0000797,CUST_000056,TVS_00155,2026-03-19,True
WL_0000798,CUST_000057,TVS_00136,2024-08-06,False
WL_0000799,CUST_000057,MOV_00469,2024-10-11,False
WL_0000800,CUST_000057,MOV_00309,2025-04-25,True
WL_0000801,CUST_000057,MOV_00307,2025-05-19,False
WL_0000802,CUST_000057,MOV_00094,2025-02-28,True
WL_0000803,CUST_000058,MOV_00050,2024-05-28,False
WL_0000804,CUST_000058,MOV_00481,2024-09-01,False
WL_0000805,CUST_000058,TVS_00195,2024-09-02,False
WL_0000806,CUST_000058,MOV_00422,2024-07-24,False
WL_0000807,CUST_000058,MOV_00134,2024-08-27,False
WL_0000808,CUST_000058,MOV_00244,2024-10-09,False
WL_0000809,CUST_000058,MOV_00165,2024-07-29,True
WL_0000810,CUST_000058,MOV_00379,2024-07-17,True
WL_0000811,CUST_000058,MOV_00277,2024-08-29,False
WL_0000812,CUST_000058,TVS_00142,2024-08-01,False
WL_0000813,CUST_000058,MOV_00378,2024-08-07,True
WL_0000814,CUST_000058,TVS_00067,2024-07-26,False
WL_0000815,CUST_000058,MOV_00367,2024-09-04,False
WL_0000816,CUST_000058,TVS_00129,2024-06-08,False
WL_0000817,CUST_000058,MOV_00434,2024-08-07,False
WL_0000818,CUST_000058,TVS_00195,2024-05-09,False
WL_0000819,CUST_000058,MOV_00446,2024-10-05,False
WL_0000820,CUST_000059,MOV_00195,2024-09-17,True
WL_0000821,CUST_000059,MOV_00058,2024-10-06,False
WL_0000822,CUST_000059,TVS_00049,2025-09-07,True
WL_0000823,CUST_000059,MOV_00449,2026-04-01,True
WL_0000824,CUST_000059,TVS_00155,2024-09-30,False
WL_0000825,CUST_000059,TVS_00152,2025-01-30,False
WL_0000826,CUST_000059,MOV_00111,2025-12-28,False
WL_0000827,CUST_000059,MOV_00381,2024-08-30,True
WL_0000828,CUST_000059,MOV_00014,2025-11-24,True
WL_0000829,CUST_000059,MOV_00250,2026-01-18,True
WL_0000830,CUST_000059,TVS_00025,2024-09-01,True
WL_0000831,CUST_000059,TVS_00121,2024-10-14,False
WL_0000832,CUST_000059,MOV_00293,2025-08-12,True
WL_0000833,CUST_000059,MOV_00125,2026-02-02,False
WL_0000834,CUST_000060,MOV_00226,2026-01-15,True
WL_0000835,CUST_000060,MOV_00000,2025-08-18,True
WL_0000836,CUST_000060,MOV_00121,2025-10-02,True
WL_0000837,CUST_000060,MOV_00299,2026-01-10,True
WL_0000838,CUST_000060,TVS_00130,2025-06-27,True
WL_0000839,CUST_000060,TVS_00116,2025-08-01,True
WL_0000840,CUST_000060,TVS_00006,2026-03-04,True
WL_0000841,CUST_000060,MOV_00412,2025-08-09,True
WL_0000842,CUST_000060,MOV_00489,2025-10-05,False
WL_0000843,CUST_000060,MOV_00019,2026-03-27,True
WL_0000844,CUST_000060,MOV_00496,2026-02-20,True
WL_0000845,CUST_000060,TVS_00163,2026-01-29,False
WL_0000846,CUST_000060,TVS_00117,2026-03-20,True
WL_0000847,CUST_000060,TVS_00127,2026-03-02,True
WL_0000848,CUST_000060,MOV_00125,2025-11-06,False
WL_0000849,CUST_000060,MOV_00299,2026-03-11,True
WL_0000850,CUST_000060,MOV_00462,2025-10-24,True
WL_0000851,CUST_000060,MOV_00280,2025-12-14,False
WL_0000852,CUST_000060,MOV_00055,2026-02-13,True
WL_0000853,CUST_000061,MOV_00200,2025-09-01,True
WL_0000854,CUST_000061,MOV_00089,2026-03-17,True
WL_0000855,CUST_000061,MOV_00169,2025-04-07,True
WL_0000856,CUST_000061,MOV_00057,2025-12-07,True
WL_0000857,CUST_000061,MOV_00235,2025-03-19,False
WL_0000858,CUST_000061,MOV_00207,2026-04-09,False
WL_0000859,CUST_000061,MOV_00182,2026-01-19,True
WL_0000860,CUST_000061,MOV_00136,2025-06-05,True
WL_0000861,CUST_000061,MOV_00398,2025-07-25,False
WL_0000862,CUST_000061,MOV_00487,2025-08-16,False
WL_0000863,CUST_000062,TVS_00074,2026-02-23,False
WL_0000864,CUST_000062,MOV_00082,2026-03-30,True
WL_0000865,CUST_000062,TVS_00112,2025-12-27,True
WL_0000866,CUST_000062,MOV_00260,2026-02-19,False
WL_0000867,CUST_000062,MOV_00081,2026-02-25,True
WL_0000868,CUST_000062,MOV_00392,2026-03-09,False
WL_0000869,CUST_000062,MOV_00493,2026-01-19,False
WL_0000870,CUST_000062,TVS_00041,2026-02-16,True
WL_0000871,CUST_000062,MOV_00020,2026-03-25,True
WL_0000872,CUST_000062,MOV_00364,2025-11-23,True
WL_0000873,CUST_000062,MOV_00450,2026-02-28,False
WL_0000874,CUST_000063,TVS_00088,2026-02-16,True
WL_0000875,CUST_000063,TVS_00194,2026-04-08,True
WL_0000876,CUST_000063,TVS_00043,2026-01-28,True
WL_0000877,CUST_000063,TVS_00008,2026-03-07,True
WL_0000878,CUST_000063,MOV_00086,2026-03-27,True
WL_0000879,CUST_000063,MOV_00301,2026-01-21,True
WL_0000880,CUST_000063,MOV_00332,2026-02-15,True
WL_0000881,CUST_000063,TVS_00125,2026-01-15,False
WL_0000882,CUST_000063,MOV_00016,2026-02-04,False
WL_0000883,CUST_000063,MOV_00063,2026-02-20,True
WL_0000884,CUST_000063,MOV_00086,2026-02-19,True
WL_0000885,CUST_000063,MOV_00272,2026-01-26,True
WL_0000886,CUST_000063,MOV_00272,2026-02-17,False
WL_0000887,CUST_000063,MOV_00351,2026-04-04,True
WL_0000888,CUST_000063,MOV_00362,2026-02-11,False
WL_0000889,CUST_000063,MOV_00368,2026-02-06,False
WL_0000890,CUST_000063,MOV_00010,2026-01-10,False
WL_0000891,CUST_000063,MOV_00136,2026-01-28,False
WL_0000892,CUST_000063,MOV_00094,2026-02-07,False
WL_0000893,CUST_000063,MOV_00291,2026-02-14,True
WL_0000894,CUST_000063,MOV_00288,2026-03-26,False
WL_0000895,CUST_000063,MOV_00284,2026-04-10,True
WL_0000896,CUST_000064,MOV_00101,2025-11-09,True
WL_0000897,CUST_000064,MOV_00306,2026-03-04,False
WL_0000898,CUST_000064,TVS_00035,2026-04-06,True
WL_0000899,CUST_000064,MOV_00490,2025-11-19,False
WL_0000900,CUST_000064,TVS_00136,2025-08-21,True
WL_0000901,CUST_000064,MOV_00307,2026-02-24,False
WL_0000902,CUST_000064,TVS_00035,2025-09-16,True
WL_0000903,CUST_000065,TVS_00183,2026-02-12,True
WL_0000904,CUST_000065,MOV_00304,2025-10-01,True
WL_0000905,CUST_000065,TVS_00180,2025-12-11,False
WL_0000906,CUST_000065,TVS_00020,2026-03-30,True
WL_0000907,CUST_000065,MOV_00387,2025-11-15,False
WL_0000908,CUST_000065,MOV_00456,2026-03-20,True
WL_0000909,CUST_000065,MOV_00480,2025-12-23,True
WL_0000910,CUST_000065,TVS_00083,2026-03-30,True
WL_0000911,CUST_000065,MOV_00059,2026-03-26,False
WL_0000912,CUST_000065,TVS_00020,2026-03-23,True
WL_0000913,CUST_000065,MOV_00203,2025-12-20,True
WL_0000914,CUST_000065,MOV_00290,2026-02-02,False
WL_0000915,CUST_000065,TVS_00162,2026-03-03,True
WL_0000916,CUST_000065,MOV_00331,2026-02-16,True
WL_0000917,CUST_000065,MOV_00162,2025-12-31,False
WL_0000918,CUST_000065,MOV_00366,2026-01-08,True
WL_0000919,CUST_000065,TVS_00160,2025-10-01,True
WL_0000920,CUST_000065,MOV_00154,2026-02-11,True
WL_0000921,CUST_000065,MOV_00349,2026-01-18,True
WL_0000922,CUST_000065,MOV_00380,2025-12-02,True
WL_0000923,CUST_000065,MOV_00068,2025-12-19,False
WL_0000924,CUST_000065,MOV_00151,2025-11-19,False
WL_0000925,CUST_000065,MOV_00052,2025-09-11,False
WL_0000926,CUST_000065,TVS_00019,2025-10-06,True
WL_0000927,CUST_000065,TVS_00179,2026-03-09,True
WL_0000928,CUST_000066,MOV_00344,2025-09-12,True
WL_0000929,CUST_000066,MOV_00446,2026-01-21,True
WL_0000930,CUST_000066,TVS_00048,2025-11-01,False
WL_0000931,CUST_000066,MOV_00130,2025-11-14,True
WL_0000932,CUST_000066,TVS_00191,2025-01-23,False
WL_0000933,CUST_000066,MOV_00382,2025-05-19,False
WL_0000934,CUST_000066,MOV_00057,2025-02-21,True
WL_0000935,CUST_000066,MOV_00340,2025-05-08,True
WL_0000936,CUST_000066,MOV_00498,2025-10-12,True
WL_0000937,CUST_000066,MOV_00086,2026-03-20,False
WL_0000938,CUST_000066,MOV_00498,2025-09-19,True
WL_0000939,CUST_000066,MOV_00291,2026-02-21,True
WL_0000940,CUST_000067,MOV_00138,2025-04-30,False
WL_0000941,CUST_000067,MOV_00180,2026-02-15,True
WL_0000942,CUST_000067,TVS_00164,2026-01-28,True
WL_0000943,CUST_000067,MOV_00164,2025-07-06,False
WL_0000944,CUST_000067,MOV_00330,2026-03-04,True
WL_0000945,CUST_000067,MOV_00102,2024-11-04,True
WL_0000946,CUST_000067,MOV_00324,2026-02-21,False
WL_0000947,CUST_000067,MOV_00395,2024-07-18,True
WL_0000948,CUST_000067,MOV_00081,2025-06-21,True
WL_0000949,CUST_000067,TVS_00070,2025-07-25,False
WL_0000950,CUST_000067,MOV_00125,2026-01-01,True
WL_0000951,CUST_000067,MOV_00295,2024-11-15,False
WL_0000952,CUST_000067,MOV_00100,2024-08-15,True
WL_0000953,CUST_000067,MOV_00295,2025-09-16,True
WL_0000954,CUST_000067,TVS_00140,2026-03-27,True
WL_0000955,CUST_000067,TVS_00063,2024-11-22,True
WL_0000956,CUST_000067,MOV_00222,2024-06-09,True
WL_0000957,CUST_000068,MOV_00441,2026-01-02,True
WL_0000958,CUST_000068,TVS_00007,2025-10-25,False
WL_0000959,CUST_000068,MOV_00392,2025-12-18,False
WL_0000960,CUST_000068,MOV_00035,2025-06-27,False
WL_0000961,CUST_000068,TVS_00159,2025-07-09,True
WL_0000962,CUST_000068,MOV_00188,2025-10-08,True
WL_0000963,CUST_000068,MOV_00227,2025-12-09,True
WL_0000964,CUST_000068,MOV_00258,2025-10-06,True
WL_0000965,CUST_000068,MOV_00341,2025-07-31,True
WL_0000966,CUST_000068,MOV_00455,2025-07-28,False
WL_0000967,CUST_000068,TVS_00111,2025-12-31,False
WL_0000968,CUST_000068,MOV_00154,2025-09-30,True
WL_0000969,CUST_000068,MOV_00216,2025-12-24,False
WL_0000970,CUST_000068,MOV_00387,2026-04-03,False
WL_0000971,CUST_000069,TVS_00091,2025-12-29,True
WL_0000972,CUST_000069,TVS_00067,2026-03-08,True
WL_0000973,CUST_000069,MOV_00406,2026-04-09,True
WL_0000974,CUST_000069,TVS_00085,2025-11-18,False
WL_0000975,CUST_000069,MOV_00371,2025-12-15,True
WL_0000976,CUST_000069,MOV_00371,2025-10-18,True
WL_0000977,CUST_000069,MOV_00357,2025-07-05,True
WL_0000978,CUST_000069,MOV_00363,2025-07-10,False
WL_0000979,CUST_000069,TVS_00085,2025-10-25,False
WL_0000980,CUST_000069,MOV_00069,2025-08-04,False
WL_0000981,CUST_000070,MOV_00463,2025-09-18,True
WL_0000982,CUST_000070,MOV_00068,2025-06-24,True
WL_0000983,CUST_000070,TVS_00116,2025-06-12,False
WL_0000984,CUST_000070,MOV_00047,2026-02-02,True
WL_0000985,CUST_000070,MOV_00018,2025-07-11,False
WL_0000986,CUST_000070,MOV_00270,2026-04-06,False
WL_0000987,CUST_000070,MOV_00285,2025-03-17,True
WL_0000988,CUST_000070,TVS_00164,2026-01-26,True
WL_0000989,CUST_000070,MOV_00437,2025-03-01,False
WL_0000990,CUST_000070,MOV_00185,2026-03-21,False
WL_0000991,CUST_000070,TVS_00149,2025-10-05,False
WL_0000992,CUST_000070,MOV_00110,2025-11-10,True
WL_0000993,CUST_000070,MOV_00088,2025-01-17,True
WL_0000994,CUST_000070,MOV_00052,2025-05-12,False
WL_0000995,CUST_000070,TVS_00048,2025-05-25,False
WL_0000996,CUST_000070,MOV_00438,2025-11-18,True
WL_0000997,CUST_000070,MOV_00143,2025-07-21,False
WL_0000998,CUST_000070,MOV_00438,2025-05-30,True
WL_0000999,CUST_000070,TVS_00195,2026-03-03,False
WL_0001000,CUST_000070,TVS_00024,2025-06-12,True
WL_0001001,CUST_000070,MOV_00205,2026-03-14,True
WL_0001002,CUST_000070,MOV_00157,2025-03-09,True
WL_0001003,CUST_000070,TVS_00109,2025-03-25,True
WL_0001004,CUST_000070,TVS_00131,2026-02-02,True
WL_0001005,CUST_000071,MOV_00367,2025-11-28,True
WL_0001006,CUST_000071,MOV_00251,2025-01-31,True
WL_0001007,CUST_000071,MOV_00488,2024-12-04,True
WL_0001008,CUST_000071,MOV_00499,2026-02-11,True
WL_0001009,CUST_000071,MOV_00222,2025-09-16,True
WL_0001010,CUST_000071,MOV_00138,2025-10-18,True
WL_0001011,CUST_000071,TVS_00027,2024-12-12,True
WL_0001012,CUST_000071,MOV_00062,2025-03-03,True
WL_0001013,CUST_000071,MOV_00133,2025-01-25,True
WL_0001014,CUST_000072,MOV_00301,2026-04-06,False
WL_0001015,CUST_000072,TVS_00088,2026-03-12,True
WL_0001016,CUST_000072,MOV_00338,2025-03-28,False
WL_0001017,CUST_000072,TVS_00127,2025-02-27,True
WL_0001018,CUST_000072,MOV_00062,2025-11-25,True
WL_0001019,CUST_000072,MOV_00122,2025-06-28,True
WL_0001020,CUST_000072,MOV_00191,2025-05-21,True
WL_0001021,CUST_000072,MOV_00139,2025-04-23,True
WL_0001022,CUST_000072,MOV_00487,2025-12-31,True
WL_0001023,CUST_000072,MOV_00301,2025-07-16,False
WL_0001024,CUST_000072,MOV_00263,2025-01-15,False
WL_0001025,CUST_000072,MOV_00294,2025-04-25,False
WL_0001026,CUST_000072,MOV_00189,2025-12-22,True
WL_0001027,CUST_000072,MOV_00412,2025-03-19,True
WL_0001028,CUST_000072,MOV_00243,2025-09-14,True
WL_0001029,CUST_000072,MOV_00354,2025-10-16,True
WL_0001030,CUST_000072,TVS_00085,2026-04-09,False
WL_0001031,CUST_000073,MOV_00194,2026-03-17,True
WL_0001032,CUST_000073,TVS_00062,2025-05-20,True
WL_0001033,CUST_000073,TVS_00015,2025-11-12,False
WL_0001034,CUST_000073,MOV_00067,2025-05-25,True
WL_0001035,CUST_000073,MOV_00120,2026-01-23,True
WL_0001036,CUST_000073,MOV_00263,2025-09-23,True
WL_0001037,CUST_000073,MOV_00176,2025-06-08,False
WL_0001038,CUST_000073,TVS_00044,2025-12-19,True
WL_0001039,CUST_000073,TVS_00037,2025-06-21,True
WL_0001040,CUST_000073,MOV_00289,2026-03-27,False
WL_0001041,CUST_000073,MOV_00067,2025-12-27,True
WL_0001042,CUST_000073,MOV_00398,2025-07-17,True
WL_0001043,CUST_000074,MOV_00458,2026-01-23,True
WL_0001044,CUST_000074,MOV_00029,2026-02-16,False
WL_0001045,CUST_000074,TVS_00151,2026-02-12,False
WL_0001046,CUST_000074,MOV_00375,2025-12-22,True
WL_0001047,CUST_000074,MOV_00247,2026-03-09,True
WL_0001048,CUST_000074,MOV_00139,2026-03-16,False
WL_0001049,CUST_000074,MOV_00328,2026-03-12,True
WL_0001050,CUST_000074,MOV_00323,2026-03-07,False
WL_0001051,CUST_000074,MOV_00179,2026-02-03,False
WL_0001052,CUST_000074,MOV_00448,2026-02-25,True
WL_0001053,CUST_000074,MOV_00415,2026-03-27,True
WL_0001054,CUST_000075,MOV_00139,2025-07-05,False
WL_0001055,CUST_000075,MOV_00467,2025-01-31,False
WL_0001056,CUST_000075,MOV_00231,2025-01-02,False
WL_0001057,CUST_000075,MOV_00143,2026-03-27,False
WL_0001058,CUST_000075,TVS_00134,2025-04-15,True
WL_0001059,CUST_000076,TVS_00145,2025-01-07,False
WL_0001060,CUST_000076,MOV_00328,2025-01-06,False
WL_0001061,CUST_000076,TVS_00027,2024-11-14,False
WL_0001062,CUST_000076,MOV_00478,2024-12-31,False
WL_0001063,CUST_000076,MOV_00093,2024-12-17,False
WL_0001064,CUST_000076,TVS_00088,2024-11-18,False
WL_0001065,CUST_000076,MOV_00007,2024-11-08,False
WL_0001066,CUST_000076,MOV_00003,2024-12-13,False
WL_0001067,CUST_000076,TVS_00136,2024-12-21,False
WL_0001068,CUST_000076,TVS_00094,2024-11-25,True
WL_0001069,CUST_000076,MOV_00243,2024-10-13,False
WL_0001070,CUST_000077,TVS_00086,2025-10-15,False
WL_0001071,CUST_000077,MOV_00179,2026-01-21,False
WL_0001072,CUST_000077,MOV_00405,2026-02-05,True
WL_0001073,CUST_000077,TVS_00029,2026-04-10,True
WL_0001074,CUST_000077,TVS_00048,2025-07-09,True
WL_0001075,CUST_000078,MOV_00189,2026-03-25,True
WL_0001076,CUST_000078,MOV_00215,2026-04-03,True
WL_0001077,CUST_000078,MOV_00159,2025-10-26,True
WL_0001078,CUST_000078,MOV_00454,2026-02-10,False
WL_0001079,CUST_000078,MOV_00441,2025-10-04,False
WL_0001080,CUST_000078,MOV_00160,2025-09-07,False
WL_0001081,CUST_000078,MOV_00159,2025-08-12,True
WL_0001082,CUST_000078,MOV_00010,2025-10-08,True
WL_0001083,CUST_000078,MOV_00030,2026-03-18,False
WL_0001084,CUST_000078,MOV_00003,2025-11-16,False
WL_0001085,CUST_000078,MOV_00470,2025-12-29,True
WL_0001086,CUST_000078,MOV_00368,2026-04-10,True
WL_0001087,CUST_000078,MOV_00332,2025-10-03,False
WL_0001088,CUST_000078,MOV_00108,2026-02-19,True
WL_0001089,CUST_000078,MOV_00053,2025-08-22,True
WL_0001090,CUST_000078,MOV_00433,2026-02-01,False
WL_0001091,CUST_000078,TVS_00196,2025-12-05,True
WL_0001092,CUST_000078,MOV_00465,2025-12-21,True
WL_0001093,CUST_000078,MOV_00384,2025-09-17,True
WL_0001094,CUST_000078,TVS_00143,2025-11-29,False
WL_0001095,CUST_000078,MOV_00370,2025-12-16,True
WL_0001096,CUST_000078,TVS_00173,2026-03-27,True
WL_0001097,CUST_000078,MOV_00064,2026-01-16,True
WL_0001098,CUST_000078,MOV_00063,2026-02-28,False
WL_0001099,CUST_000078,MOV_00093,2025-09-24,False
WL_0001100,CUST_000079,TVS_00006,2024-10-31,False
WL_0001101,CUST_000079,MOV_00277,2025-03-16,False
WL_0001102,CUST_000079,TVS_00002,2024-12-30,True
WL_0001103,CUST_000079,MOV_00411,2025-03-28,True
WL_0001104,CUST_000079,MOV_00278,2025-04-24,True
WL_0001105,CUST_000079,MOV_00393,2025-03-12,True
WL_0001106,CUST_000079,MOV_00063,2025-01-24,False
WL_0001107,CUST_000079,MOV_00352,2024-11-17,True
WL_0001108,CUST_000079,MOV_00436,2025-01-25,False
WL_0001109,CUST_000079,MOV_00132,2025-02-26,True
WL_0001110,CUST_000079,MOV_00243,2025-03-22,True
WL_0001111,CUST_000079,MOV_00317,2025-03-11,True
WL_0001112,CUST_000079,TVS_00022,2025-02-25,True
WL_0001113,CUST_000080,TVS_00058,2026-02-01,True
WL_0001114,CUST_000080,MOV_00146,2025-09-30,True
WL_0001115,CUST_000080,TVS_00157,2025-11-14,False
WL_0001116,CUST_000080,MOV_00167,2025-12-15,True
WL_0001117,CUST_000080,MOV_00334,2025-09-14,True
WL_0001118,CUST_000080,MOV_00096,2025-08-23,True
WL_0001119,CUST_000080,MOV_00359,2025-12-16,False
WL_0001120,CUST_000080,MOV_00042,2026-02-24,True
WL_0001121,CUST_000081,MOV_00410,2026-01-20,True
WL_0001122,CUST_000081,MOV_00430,2025-08-06,False
WL_0001123,CUST_000081,TVS_00139,2025-11-05,False
WL_0001124,CUST_000081,MOV_00284,2025-08-19,False
WL_0001125,CUST_000081,MOV_00169,2025-06-15,False
WL_0001126,CUST_000081,TVS_00078,2026-01-14,True
WL_0001127,CUST_000082,TVS_00074,2026-03-02,True
WL_0001128,CUST_000082,MOV_00401,2026-02-10,True
WL_0001129,CUST_000082,MOV_00359,2025-09-26,True
WL_0001130,CUST_000082,TVS_00177,2024-11-02,True
WL_0001131,CUST_000082,MOV_00280,2024-11-20,True
WL_0001132,CUST_000082,TVS_00152,2025-02-18,True
WL_0001133,CUST_000082,MOV_00234,2024-09-21,False
WL_0001134,CUST_000082,MOV_00413,2026-01-31,True
WL_0001135,CUST_000082,MOV_00293,2025-06-11,True
WL_0001136,CUST_000082,MOV_00135,2026-02-12,False
WL_0001137,CUST_000082,MOV_00204,2026-01-20,False
WL_0001138,CUST_000082,TVS_00171,2025-11-23,False
WL_0001139,CUST_000082,MOV_00280,2025-03-27,True
WL_0001140,CUST_000082,TVS_00089,2024-11-30,True
WL_0001141,CUST_000082,MOV_00403,2025-05-27,False
WL_0001142,CUST_000082,MOV_00344,2025-03-20,True
WL_0001143,CUST_000082,TVS_00077,2025-11-17,False
WL_0001144,CUST_000082,TVS_00098,2024-12-23,True
WL_0001145,CUST_000082,TVS_00145,2025-08-08,False
WL_0001146,CUST_000082,MOV_00303,2024-11-18,True
WL_0001147,CUST_000082,TVS_00004,2025-06-12,False
WL_0001148,CUST_000083,TVS_00107,2025-03-03,False
WL_0001149,CUST_000083,MOV_00455,2024-11-03,False
WL_0001150,CUST_000083,MOV_00144,2025-12-06,True
WL_0001151,CUST_000083,TVS_00019,2026-02-17,True
WL_0001152,CUST_000083,MOV_00182,2024-10-22,False
WL_0001153,CUST_000083,MOV_00416,2024-10-17,True
WL_0001154,CUST_000083,TVS_00068,2026-02-03,False
WL_0001155,CUST_000083,TVS_00122,2024-12-22,True
WL_0001156,CUST_000083,MOV_00479,2024-12-13,False
WL_0001157,CUST_000083,MOV_00493,2025-02-22,True
WL_0001158,CUST_000083,TVS_00107,2025-07-05,True
WL_0001159,CUST_000083,MOV_00374,2026-01-09,True
WL_0001160,CUST_000083,TVS_00174,2025-07-22,True
WL_0001161,CUST_000083,MOV_00008,2025-04-20,True
WL_0001162,CUST_000083,TVS_00084,2025-03-06,True
WL_0001163,CUST_000083,MOV_00349,2024-10-23,False
WL_0001164,CUST_000083,TVS_00120,2024-11-15,False
WL_0001165,CUST_000083,MOV_00046,2026-03-07,True
WL_0001166,CUST_000083,MOV_00488,2025-03-13,False
WL_0001167,CUST_000084,TVS_00049,2025-12-04,False
WL_0001168,CUST_000084,MOV_00118,2026-02-11,False
WL_0001169,CUST_000084,MOV_00232,2026-02-17,True
WL_0001170,CUST_000085,MOV_00180,2025-10-08,True
WL_0001171,CUST_000085,MOV_00192,2025-01-29,False
WL_0001172,CUST_000085,TVS_00060,2025-09-22,True
WL_0001173,CUST_000085,TVS_00089,2025-01-26,False
WL_0001174,CUST_000085,MOV_00008,2026-03-01,False
WL_0001175,CUST_000085,MOV_00282,2025-08-08,False
WL_0001176,CUST_000085,TVS_00121,2025-05-31,False
WL_0001177,CUST_000085,MOV_00230,2025-10-19,True
WL_0001178,CUST_000085,TVS_00020,2025-04-10,True
WL_0001179,CUST_000085,MOV_00476,2025-07-03,True
WL_0001180,CUST_000085,MOV_00339,2025-06-22,False
WL_0001181,CUST_000085,MOV_00301,2025-03-06,True
WL_0001182,CUST_000085,MOV_00137,2025-09-05,True
WL_0001183,CUST_000085,MOV_00269,2025-12-27,True
WL_0001184,CUST_000086,MOV_00047,2026-04-06,True
WL_0001185,CUST_000086,MOV_00260,2025-08-15,True
WL_0001186,CUST_000086,MOV_00143,2026-03-01,False
WL_0001187,CUST_000086,MOV_00208,2025-05-21,False
WL_0001188,CUST_000086,TVS_00161,2025-10-02,False
WL_0001189,CUST_000086,MOV_00363,2025-11-13,False
WL_0001190,CUST_000086,TVS_00103,2026-04-24,False
WL_0001191,CUST_000086,MOV_00418,2025-12-08,True
WL_0001192,CUST_000086,TVS_00049,2026-03-10,True
WL_0001193,CUST_000086,TVS_00041,2026-04-22,True
WL_0001194,CUST_000086,MOV_00349,2025-11-06,True
WL_0001195,CUST_000086,MOV_00205,2025-11-20,True
WL_0001196,CUST_000086,MOV_00025,2026-03-28,False
WL_0001197,CUST_000086,MOV_00230,2025-12-15,False
WL_0001198,CUST_000086,MOV_00134,2025-12-30,False
WL_0001199,CUST_000086,TVS_00169,2025-10-26,False
WL_0001200,CUST_000086,TVS_00101,2026-03-16,True
WL_0001201,CUST_000086,MOV_00471,2026-03-19,True
WL_0001202,CUST_000086,MOV_00230,2025-05-31,False
WL_0001203,CUST_000086,MOV_00349,2025-08-04,True
WL_0001204,CUST_000086,MOV_00153,2025-07-08,False
WL_0001205,CUST_000086,MOV_00167,2026-01-07,False
WL_0001206,CUST_000086,TVS_00079,2026-03-04,True
WL_0001207,CUST_000086,TVS_00164,2026-02-27,False
WL_0001208,CUST_000086,MOV_00310,2026-03-29,False
WL_0001209,CUST_000087,MOV_00384,2026-03-12,True
WL_0001210,CUST_000087,MOV_00340,2026-03-27,False
WL_0001211,CUST_000087,TVS_00104,2026-03-31,False
WL_0001212,CUST_000087,MOV_00104,2026-03-22,False
WL_0001213,CUST_000087,MOV_00365,2026-03-10,False
WL_0001214,CUST_000087,TVS_00141,2026-03-16,True
WL_0001215,CUST_000087,MOV_00193,2026-04-04,True
WL_0001216,CUST_000087,MOV_00492,2026-03-18,False
WL_0001217,CUST_000087,MOV_00419,2026-03-09,True
WL_0001218,CUST_000087,MOV_00441,2026-03-09,True
WL_0001219,CUST_000087,MOV_00487,2026-04-08,True
WL_0001220,CUST_000087,MOV_00468,2026-02-22,True
WL_0001221,CUST_000087,MOV_00017,2026-03-13,True
WL_0001222,CUST_000087,MOV_00286,2026-03-09,False
WL_0001223,CUST_000087,MOV_00441,2026-03-19,True
WL_0001224,CUST_000087,MOV_00013,2026-03-13,True
WL_0001225,CUST_000087,MOV_00465,2026-04-09,True
WL_0001226,CUST_000087,MOV_00163,2026-03-26,False
WL_0001227,CUST_000087,MOV_00365,2026-03-20,True
WL_0001228,CUST_000087,MOV_00023,2026-03-26,True
WL_0001229,CUST_000088,MOV_00121,2025-10-13,False
WL_0001230,CUST_000088,TVS_00033,2025-11-26,False
WL_0001231,CUST_000088,MOV_00204,2025-11-11,True
WL_0001232,CUST_000089,TVS_00108,2025-11-04,True
WL_0001233,CUST_000089,MOV_00442,2025-09-11,False
WL_0001234,CUST_000089,MOV_00195,2025-07-30,True
WL_0001235,CUST_000089,MOV_00356,2025-07-16,True
WL_0001236,CUST_000089,MOV_00459,2025-10-25,True
WL_0001237,CUST_000089,MOV_00109,2025-11-05,False
WL_0001238,CUST_000089,TVS_00138,2025-07-31,True
WL_0001239,CUST_000089,TVS_00138,2025-09-19,False
WL_0001240,CUST_000089,MOV_00298,2025-12-24,True
WL_0001241,CUST_000089,MOV_00183,2026-02-05,False
WL_0001242,CUST_000089,TVS_00103,2025-11-27,False
WL_0001243,CUST_000089,MOV_00410,2025-07-29,False
WL_0001244,CUST_000089,TVS_00081,2025-07-15,False
WL_0001245,CUST_000089,TVS_00174,2025-08-08,False
WL_0001246,CUST_000089,TVS_00052,2025-11-22,True
WL_0001247,CUST_000089,TVS_00174,2026-02-19,False
WL_0001248,CUST_000089,MOV_00474,2026-03-20,True
WL_0001249,CUST_000089,MOV_00254,2026-01-31,True
WL_0001250,CUST_000089,MOV_00479,2025-07-02,True
WL_0001251,CUST_000089,TVS_00191,2025-11-20,False
WL_0001252,CUST_000089,MOV_00238,2025-09-24,True
WL_0001253,CUST_000089,MOV_00497,2025-11-04,True
WL_0001254,CUST_000090,MOV_00103,2026-06-08,False
WL_0001255,CUST_000090,MOV_00166,2026-03-28,False
WL_0001256,CUST_000090,MOV_00488,2025-12-07,False
WL_0001257,CUST_000090,MOV_00068,2025-11-26,False
WL_0001258,CUST_000090,MOV_00329,2026-01-27,False
WL_0001259,CUST_000090,MOV_00488,2026-07-18,False
WL_0001260,CUST_000090,MOV_00196,2026-02-03,False
WL_0001261,CUST_000090,MOV_00278,2025-10-21,False
WL_0001262,CUST_000090,TVS_00053,2025-10-14,True
WL_0001263,CUST_000090,TVS_00173,2026-05-19,True
WL_0001264,CUST_000090,MOV_00062,2026-05-08,True
WL_0001265,CUST_000090,MOV_00095,2025-12-24,False
WL_0001266,CUST_000090,MOV_00120,2025-11-10,False
WL_0001267,CUST_000090,MOV_00245,2025-10-21,False
WL_0001268,CUST_000090,TVS_00053,2025-09-23,True
WL_0001269,CUST_000090,TVS_00173,2026-01-15,True
WL_0001270,CUST_000090,MOV_00277,2026-05-14,False
WL_0001271,CUST_000091,MOV_00381,2025-06-15,False
WL_0001272,CUST_000091,TVS_00133,2025-01-09,True
WL_0001273,CUST_000091,TVS_00013,2024-12-12,False
WL_0001274,CUST_000091,MOV_00296,2025-07-10,False
WL_0001275,CUST_000091,TVS_00171,2025-07-19,True
WL_0001276,CUST_000091,MOV_00251,2024-09-10,True
WL_0001277,CUST_000091,MOV_00148,2024-07-27,False
WL_0001278,CUST_000091,MOV_00463,2024-12-10,True
WL_0001279,CUST_000091,MOV_00450,2025-05-23,True
WL_0001280,CUST_000092,TVS_00087,2025-02-28,False
WL_0001281,CUST_000092,MOV_00170,2024-09-23,True
WL_0001282,CUST_000092,MOV_00296,2025-03-10,True
WL_0001283,CUST_000092,MOV_00464,2025-03-22,True
WL_0001284,CUST_000092,TVS_00181,2025-03-09,True
WL_0001285,CUST_000092,MOV_00264,2024-12-11,True
WL_0001286,CUST_000092,MOV_00465,2024-10-26,True
WL_0001287,CUST_000092,TVS_00087,2025-04-07,False
WL_0001288,CUST_000092,MOV_00384,2025-03-02,True
WL_0001289,CUST_000092,MOV_00133,2025-06-01,False
WL_0001290,CUST_000093,MOV_00260,2026-03-27,True
WL_0001291,CUST_000093,TVS_00021,2025-07-04,True
WL_0001292,CUST_000093,MOV_00463,2025-10-12,True
WL_0001293,CUST_000093,MOV_00473,2025-11-04,False
WL_0001294,CUST_000093,TVS_00153,2025-10-02,True
WL_0001295,CUST_000093,MOV_00421,2026-01-23,False
WL_0001296,CUST_000093,MOV_00251,2025-10-22,False
WL_0001297,CUST_000093,MOV_00171,2025-05-14,False
WL_0001298,CUST_000093,TVS_00066,2026-03-23,True
WL_0001299,CUST_000093,TVS_00188,2025-07-24,True
WL_0001300,CUST_000093,MOV_00164,2026-03-31,False
WL_0001301,CUST_000093,TVS_00144,2025-11-08,True
WL_0001302,CUST_000093,MOV_00195,2026-01-10,True
WL_0001303,CUST_000093,TVS_00094,2026-04-03,True
WL_0001304,CUST_000093,TVS_00153,2025-07-01,True
WL_0001305,CUST_000093,MOV_00344,2026-03-10,False
WL_0001306,CUST_000093,MOV_00105,2025-08-30,False
WL_0001307,CUST_000093,MOV_00179,2025-04-27,True
WL_0001308,CUST_000093,TVS_00051,2025-12-03,True
WL_0001309,CUST_000093,TVS_00129,2025-04-25,True
WL_0001310,CUST_000093,TVS_00150,2025-07-25,True
WL_0001311,CUST_000094,MOV_00308,2025-05-15,True
WL_0001312,CUST_000094,TVS_00152,2025-05-12,False
WL_0001313,CUST_000094,TVS_00019,2025-12-06,False
WL_0001314,CUST_000094,MOV_00245,2025-11-08,True
WL_0001315,CUST_000094,MOV_00355,2025-09-07,True
WL_0001316,CUST_000094,TVS_00093,2024-06-04,True
WL_0001317,CUST_000094,MOV_00219,2025-09-09,False
WL_0001318,CUST_000094,MOV_00403,2025-02-27,True
WL_0001319,CUST_000094,TVS_00110,2025-10-04,True
WL_0001320,CUST_000094,TVS_00063,2024-06-28,False
WL_0001321,CUST_000094,MOV_00250,2026-02-26,True
WL_0001322,CUST_000094,TVS_00040,2024-07-16,False
WL_0001323,CUST_000094,MOV_00376,2025-04-07,True
WL_0001324,CUST_000094,MOV_00353,2025-02-13,True
WL_0001325,CUST_000094,TVS_00064,2025-01-06,False
WL_0001326,CUST_000094,MOV_00473,2024-05-21,False
WL_0001327,CUST_000094,MOV_00296,2025-09-20,False
WL_0001328,CUST_000094,MOV_00219,2026-01-18,False
WL_0001329,CUST_000094,MOV_00100,2025-05-26,True
WL_0001330,CUST_000095,TVS_00106,2025-08-10,True
WL_0001331,CUST_000095,MOV_00177,2025-08-13,True
WL_0001332,CUST_000095,MOV_00442,2025-07-04,True
WL_0001333,CUST_000095,MOV_00310,2025-12-20,True
WL_0001334,CUST_000095,MOV_00289,2025-07-26,True
WL_0001335,CUST_000095,TVS_00128,2025-06-30,True
WL_0001336,CUST_000095,MOV_00468,2025-07-24,True
WL_0001337,CUST_000095,MOV_00387,2025-10-12,True
WL_0001338,CUST_000095,TVS_00128,2025-09-01,True
WL_0001339,CUST_000095,MOV_00405,2026-01-01,True
WL_0001340,CUST_000095,MOV_00238,2025-11-09,False
WL_0001341,CUST_000095,TVS_00082,2025-10-13,True
WL_0001342,CUST_000095,MOV_00361,2025-10-03,True
WL_0001343,CUST_000095,MOV_00177,2025-11-26,False
WL_0001344,CUST_000095,MOV_00133,2026-01-18,False
WL_0001345,CUST_000095,TVS_00101,2025-07-05,False
WL_0001346,CUST_000095,MOV_00085,2025-07-06,False
WL_0001347,CUST_000095,MOV_00071,2025-10-19,True
WL_0001348,CUST_000095,TVS_00126,2025-08-23,False
WL_0001349,CUST_000095,MOV_00181,2025-07-30,True
WL_0001350,CUST_000095,TVS_00124,2026-04-01,False
WL_0001351,CUST_000095,MOV_00333,2025-09-30,True
WL_0001352,CUST_000095,TVS_00059,2025-07-27,True
WL_0001353,CUST_000096,TVS_00081,2026-02-02,True
WL_0001354,CUST_000096,MOV_00431,2026-02-07,False
WL_0001355,CUST_000096,MOV_00430,2026-02-14,True
WL_0001356,CUST_000096,MOV_00344,2026-04-01,True
WL_0001357,CUST_000096,MOV_00294,2026-04-05,False
WL_0001358,CUST_000096,MOV_00064,2026-03-06,True
WL_0001359,CUST_000096,MOV_00044,2026-02-19,True
WL_0001360,CUST_000096,MOV_00000,2026-02-22,True
WL_0001361,CUST_000096,MOV_00066,2026-03-23,False
WL_0001362,CUST_000096,TVS_00055,2026-03-13,False
WL_0001363,CUST_000096,TVS_00161,2026-01-15,True
WL_0001364,CUST_000096,MOV_00034,2026-03-17,False
WL_0001365,CUST_000096,TVS_00019,2026-02-15,True
WL_0001366,CUST_000096,TVS_00067,2026-02-07,True
WL_0001367,CUST_000096,TVS_00138,2026-01-16,False
WL_0001368,CUST_000096,TVS_00144,2026-02-22,True
WL_0001369,CUST_000096,MOV_00187,2026-04-10,False
WL_0001370,CUST_000096,MOV_00047,2026-03-25,True
WL_0001371,CUST_000096,MOV_00486,2025-12-29,True
WL_0001372,CUST_000097,MOV_00001,2026-02-28,True
WL_0001373,CUST_000097,MOV_00460,2026-02-13,False
WL_0001374,CUST_000097,MOV_00098,2026-02-26,False
WL_0001375,CUST_000097,MOV_00406,2026-03-27,False
WL_0001376,CUST_000097,MOV_00269,2026-04-08,True
WL_0001377,CUST_000097,MOV_00450,2026-04-06,True
WL_0001378,CUST_000097,MOV_00171,2026-03-10,True
WL_0001379,CUST_000097,MOV_00260,2026-03-27,True
WL_0001380,CUST_000097,MOV_00115,2026-03-19,False
WL_0001381,CUST_000097,MOV_00294,2026-02-13,False
WL_0001382,CUST_000097,TVS_00077,2026-02-21,False
WL_0001383,CUST_000097,TVS_00013,2026-04-05,True
WL_0001384,CUST_000097,TVS_00174,2026-02-14,True
WL_0001385,CUST_000097,MOV_00437,2026-02-19,False
WL_0001386,CUST_000097,MOV_00370,2026-04-09,True
WL_0001387,CUST_000097,TVS_00170,2026-03-18,False
WL_0001388,CUST_000097,MOV_00220,2026-03-25,True
WL_0001389,CUST_000097,MOV_00479,2026-03-21,False
WL_0001390,CUST_000097,MOV_00165,2026-03-21,True
WL_0001391,CUST_000097,MOV_00005,2026-03-21,False
WL_0001392,CUST_000097,MOV_00370,2026-03-26,False
WL_0001393,CUST_000097,MOV_00182,2026-02-14,True
WL_0001394,CUST_000097,MOV_00270,2026-03-01,False
WL_0001395,CUST_000097,MOV_00128,2026-02-27,False
WL_0001396,CUST_000098,TVS_00123,2025-09-19,False
WL_0001397,CUST_000098,MOV_00341,2026-02-28,False
WL_0001398,CUST_000098,MOV_00031,2025-10-11,True
WL_0001399,CUST_000098,MOV_00443,2025-11-07,True
WL_0001400,CUST_000098,TVS_00142,2025-11-09,True
WL_0001401,CUST_000098,MOV_00107,2026-04-10,True
WL_0001402,CUST_000098,TVS_00072,2026-02-03,True
WL_0001403,CUST_000098,MOV_00499,2025-12-02,True
WL_0001404,CUST_000098,MOV_00158,2026-01-30,True
WL_0001405,CUST_000098,TVS_00157,2025-09-27,False
WL_0001406,CUST_000098,MOV_00298,2025-08-28,False
WL_0001407,CUST_000099,MOV_00448,2024-12-06,False
WL_0001408,CUST_000099,MOV_00251,2024-12-17,False
WL_0001409,CUST_000099,TVS_00000,2025-01-09,True
WL_0001410,CUST_000100,MOV_00164,2026-04-07,False
WL_0001411,CUST_000100,MOV_00344,2026-03-04,False
WL_0001412,CUST_000100,MOV_00323,2026-04-08,True
WL_0001413,CUST_000100,MOV_00471,2026-03-28,False
WL_0001414,CUST_000100,MOV_00052,2026-03-12,True
WL_0001415,CUST_000100,MOV_00093,2026-03-12,False
WL_0001416,CUST_000100,TVS_00103,2026-03-26,True
WL_0001417,CUST_000100,MOV_00359,2026-03-18,True
WL_0001418,CUST_000100,TVS_00074,2026-03-06,False
WL_0001419,CUST_000101,MOV_00105,2025-12-31,False
WL_0001420,CUST_000101,MOV_00357,2026-01-27,False
WL_0001421,CUST_000101,MOV_00213,2025-11-29,True
WL_0001422,CUST_000101,MOV_00220,2026-08-09,False
WL_0001423,CUST_000101,MOV_00498,2026-01-09,True
WL_0001424,CUST_000101,MOV_00212,2025-11-25,True
WL_0001425,CUST_000101,MOV_00089,2026-05-18,False
WL_0001426,CUST_000101,MOV_00105,2026-04-20,False
WL_0001427,CUST_000101,MOV_00152,2026-03-15,False
WL_0001428,CUST_000101,TVS_00185,2025-12-04,True
WL_0001429,CUST_000101,MOV_00492,2025-12-27,True
WL_0001430,CUST_000101,MOV_00498,2025-12-09,True
WL_0001431,CUST_000101,MOV_00183,2026-01-11,False
WL_0001432,CUST_000101,TVS_00139,2025-12-16,False
WL_0001433,CUST_000101,MOV_00384,2026-02-09,True
WL_0001434,CUST_000101,TVS_00185,2025-11-21,True
WL_0001435,CUST_000101,MOV_00033,2026-03-08,False
WL_0001436,CUST_000101,MOV_00220,2026-07-26,False
WL_0001437,CUST_000101,MOV_00275,2026-05-06,False
WL_0001438,CUST_000101,MOV_00433,2026-06-08,False
WL_0001439,CUST_000101,MOV_00261,2026-02-05,False
WL_0001440,CUST_000102,TVS_00149,2025-10-20,False
WL_0001441,CUST_000102,TVS_00138,2026-03-13,True
WL_0001442,CUST_000102,MOV_00020,2025-06-18,False
WL_0001443,CUST_000102,MOV_00227,2025-10-27,True
WL_0001444,CUST_000102,MOV_00271,2025-09-05,False
WL_0001445,CUST_000102,TVS_00178,2026-01-21,True
WL_0001446,CUST_000102,MOV_00187,2025-06-16,False
WL_0001447,CUST_000102,TVS_00060,2025-08-29,True
WL_0001448,CUST_000102,MOV_00237,2025-11-23,True
WL_0001449,CUST_000102,TVS_00039,2025-10-16,True
WL_0001450,CUST_000102,MOV_00362,2025-07-13,True
WL_0001451,CUST_000102,TVS_00064,2026-02-09,True
WL_0001452,CUST_000103,MOV_00209,2025-08-05,True
WL_0001453,CUST_000103,TVS_00180,2026-03-26,True
WL_0001454,CUST_000103,MOV_00111,2026-02-28,True
WL_0001455,CUST_000103,MOV_00142,2026-02-10,True
WL_0001456,CUST_000103,TVS_00186,2026-03-17,True
WL_0001457,CUST_000103,MOV_00199,2025-08-23,True
WL_0001458,CUST_000103,MOV_00049,2025-03-29,False
WL_0001459,CUST_000103,MOV_00237,2025-04-23,False
WL_0001460,CUST_000103,TVS_00035,2025-02-26,True
WL_0001461,CUST_000103,TVS_00074,2025-12-18,False
WL_0001462,CUST_000103,MOV_00446,2025-03-06,True
WL_0001463,CUST_000103,MOV_00254,2026-01-14,False
WL_0001464,CUST_000103,MOV_00397,2025-07-19,True
WL_0001465,CUST_000103,TVS_00129,2025-03-27,True
WL_0001466,CUST_000103,MOV_00070,2025-12-26,True
WL_0001467,CUST_000103,MOV_00315,2026-01-11,True
WL_0001468,CUST_000103,MOV_00112,2026-03-14,True
WL_0001469,CUST_000103,MOV_00124,2025-05-24,True
WL_0001470,CUST_000103,TVS_00091,2025-04-18,True
WL_0001471,CUST_000103,TVS_00029,2026-01-15,False
WL_0001472,CUST_000103,TVS_00001,2025-04-21,False
WL_0001473,CUST_000103,MOV_00409,2025-06-15,False
WL_0001474,CUST_000104,MOV_00090,2025-12-22,False
WL_0001475,CUST_000104,TVS_00118,2026-01-01,False
WL_0001476,CUST_000104,MOV_00016,2026-03-23,True
WL_0001477,CUST_000104,MOV_00109,2025-11-17,True
WL_0001478,CUST_000105,MOV_00259,2026-04-05,True
WL_0001479,CUST_000105,TVS_00197,2026-04-03,True
WL_0001480,CUST_000105,MOV_00489,2026-01-26,True
WL_0001481,CUST_000105,TVS_00064,2026-02-04,False
WL_0001482,CUST_000105,MOV_00172,2026-02-09,True
WL_0001483,CUST_000105,MOV_00224,2026-03-16,True
WL_0001484,CUST_000105,MOV_00312,2026-02-03,True
WL_0001485,CUST_000106,MOV_00024,2025-12-27,True
WL_0001486,CUST_000106,MOV_00189,2025-08-26,False
WL_0001487,CUST_000106,MOV_00101,2025-07-13,True
WL_0001488,CUST_000106,MOV_00092,2026-03-30,False
WL_0001489,CUST_000106,MOV_00147,2026-01-05,False
WL_0001490,CUST_000106,MOV_00351,2025-04-02,False
WL_0001491,CUST_000106,MOV_00236,2024-08-08,False
WL_0001492,CUST_000106,MOV_00152,2025-09-20,True
WL_0001493,CUST_000106,MOV_00294,2025-02-28,False
WL_0001494,CUST_000106,MOV_00065,2025-02-23,True
WL_0001495,CUST_000106,MOV_00101,2025-02-11,False
WL_0001496,CUST_000106,MOV_00466,2026-01-15,True
WL_0001497,CUST_000106,MOV_00231,2024-11-13,True
WL_0001498,CUST_000106,MOV_00124,2025-08-18,True
WL_0001499,CUST_000106,MOV_00100,2026-02-18,False
WL_0001500,CUST_000106,TVS_00182,2025-09-09,True
WL_0001501,CUST_000107,MOV_00183,2026-03-20,True
WL_0001502,CUST_000107,TVS_00121,2026-01-21,True
WL_0001503,CUST_000107,MOV_00096,2026-02-09,True
WL_0001504,CUST_000107,MOV_00177,2026-04-06,True
WL_0001505,CUST_000107,MOV_00263,2026-04-05,True
WL_0001506,CUST_000107,TVS_00175,2026-02-28,False
WL_0001507,CUST_000107,MOV_00343,2026-01-28,True
WL_0001508,CUST_000107,TVS_00056,2026-01-23,True
WL_0001509,CUST_000107,TVS_00105,2026-02-09,True
WL_0001510,CUST_000107,MOV_00358,2026-01-31,True
WL_0001511,CUST_000108,MOV_00184,2024-05-30,True
WL_0001512,CUST_000108,MOV_00211,2026-01-22,True
WL_0001513,CUST_000108,TVS_00181,2024-09-08,True
WL_0001514,CUST_000108,MOV_00332,2025-05-18,True
WL_0001515,CUST_000108,MOV_00048,2026-03-04,False
WL_0001516,CUST_000108,MOV_00037,2026-01-16,True
WL_0001517,CUST_000108,MOV_00136,2024-08-22,True
WL_0001518,CUST_000108,MOV_00076,2026-03-14,True
WL_0001519,CUST_000108,MOV_00128,2025-09-17,False
WL_0001520,CUST_000108,MOV_00010,2024-08-27,True
WL_0001521,CUST_000108,MOV_00290,2025-11-19,False
WL_0001522,CUST_000108,MOV_00077,2024-10-22,True
WL_0001523,CUST_000108,TVS_00088,2025-01-12,True
WL_0001524,CUST_000108,MOV_00075,2025-09-17,True
WL_0001525,CUST_000108,TVS_00051,2025-03-08,False
WL_0001526,CUST_000108,MOV_00216,2024-07-28,True
WL_0001527,CUST_000108,MOV_00368,2024-09-11,True
WL_0001528,CUST_000108,TVS_00086,2026-01-12,False
WL_0001529,CUST_000109,MOV_00120,2026-01-23,True
WL_0001530,CUST_000109,TVS_00104,2026-03-11,True
WL_0001531,CUST_000109,MOV_00140,2026-01-31,True
WL_0001532,CUST_000109,MOV_00463,2026-03-22,True
WL_0001533,CUST_000109,MOV_00127,2026-03-18,False
WL_0001534,CUST_000109,MOV_00292,2026-01-11,True
WL_0001535,CUST_000109,MOV_00217,2026-01-04,True
WL_0001536,CUST_000109,MOV_00335,2025-12-24,False
WL_0001537,CUST_000109,MOV_00074,2026-02-17,False
WL_0001538,CUST_000109,MOV_00228,2026-04-10,True
WL_0001539,CUST_000109,MOV_00439,2025-12-09,False
WL_0001540,CUST_000109,TVS_00191,2026-02-26,True
WL_0001541,CUST_000109,MOV_00136,2026-01-14,True
WL_0001542,CUST_000109,MOV_00464,2026-01-05,False
WL_0001543,CUST_000109,MOV_00200,2026-01-07,True
WL_0001544,CUST_000109,MOV_00426,2026-03-08,True
WL_0001545,CUST_000109,TVS_00144,2026-03-05,True
WL_0001546,CUST_000109,MOV_00488,2026-03-25,False
WL_0001547,CUST_000109,MOV_00188,2026-02-19,False
WL_0001548,CUST_000109,MOV_00200,2026-03-12,True
WL_0001549,CUST_000109,MOV_00147,2026-03-08,True
WL_0001550,CUST_000109,MOV_00128,2026-02-02,False
WL_0001551,CUST_000109,MOV_00332,2026-01-17,True
WL_0001552,CUST_000110,MOV_00433,2026-03-21,True
WL_0001553,CUST_000110,MOV_00464,2026-02-05,False
WL_0001554,CUST_000110,MOV_00090,2025-12-14,False
WL_0001555,CUST_000111,MOV_00059,2025-11-01,True
WL_0001556,CUST_000111,MOV_00351,2025-10-01,True
WL_0001557,CUST_000111,MOV_00482,2025-07-10,True
WL_0001558,CUST_000111,MOV_00333,2026-04-03,True
WL_0001559,CUST_000111,TVS_00025,2025-07-17,True
WL_0001560,CUST_000111,MOV_00281,2025-10-27,False
WL_0001561,CUST_000111,MOV_00189,2026-03-14,True
WL_0001562,CUST_000111,MOV_00111,2026-01-17,False
WL_0001563,CUST_000111,MOV_00066,2026-03-23,True
WL_0001564,CUST_000111,MOV_00262,2026-03-31,True
WL_0001565,CUST_000111,MOV_00281,2025-08-26,False
WL_0001566,CUST_000111,MOV_00042,2025-11-21,True
WL_0001567,CUST_000111,MOV_00002,2025-12-12,True
WL_0001568,CUST_000111,MOV_00456,2025-09-08,True
WL_0001569,CUST_000112,TVS_00076,2025-10-21,True
WL_0001570,CUST_000112,MOV_00363,2025-04-03,False
WL_0001571,CUST_000112,MOV_00471,2025-03-19,True
WL_0001572,CUST_000112,MOV_00012,2025-08-24,False
WL_0001573,CUST_000112,MOV_00257,2025-11-20,False
WL_0001574,CUST_000112,MOV_00265,2025-09-24,True
WL_0001575,CUST_000112,MOV_00422,2025-11-19,False
WL_0001576,CUST_000112,TVS_00095,2025-05-31,False
WL_0001577,CUST_000112,MOV_00095,2025-09-28,True
WL_0001578,CUST_000112,MOV_00322,2025-07-31,True
WL_0001579,CUST_000112,MOV_00052,2025-10-29,False
WL_0001580,CUST_000112,MOV_00216,2026-03-09,True
WL_0001581,CUST_000112,MOV_00185,2025-08-13,False
WL_0001582,CUST_000112,TVS_00111,2025-12-15,True
WL_0001583,CUST_000112,TVS_00124,2025-12-06,True
WL_0001584,CUST_000112,MOV_00002,2026-01-15,True
WL_0001585,CUST_000113,TVS_00172,2026-01-16,True
WL_0001586,CUST_000113,MOV_00344,2026-04-10,False
WL_0001587,CUST_000113,MOV_00489,2025-01-27,True
WL_0001588,CUST_000113,MOV_00440,2025-12-14,True
WL_0001589,CUST_000113,TVS_00197,2025-10-15,False
WL_0001590,CUST_000113,TVS_00174,2026-01-13,True
WL_0001591,CUST_000113,TVS_00049,2025-10-22,True
WL_0001592,CUST_000113,MOV_00020,2024-07-31,True
WL_0001593,CUST_000113,TVS_00106,2025-09-22,False
WL_0001594,CUST_000113,TVS_00042,2024-09-06,True
WL_0001595,CUST_000113,MOV_00172,2024-11-07,True
WL_0001596,CUST_000113,TVS_00039,2026-04-04,True
WL_0001597,CUST_000113,MOV_00241,2025-10-30,False
WL_0001598,CUST_000113,MOV_00308,2025-01-18,False
WL_0001599,CUST_000113,MOV_00106,2025-10-01,False
WL_0001600,CUST_000113,MOV_00445,2025-04-03,True
WL_0001601,CUST_000113,MOV_00308,2025-12-14,False
WL_0001602,CUST_000113,MOV_00217,2025-10-20,True
WL_0001603,CUST_000113,MOV_00122,2025-01-30,False
WL_0001604,CUST_000113,MOV_00377,2024-11-29,False
WL_0001605,CUST_000114,MOV_00025,2025-10-07,True
WL_0001606,CUST_000114,MOV_00111,2025-10-11,False
WL_0001607,CUST_000114,MOV_00016,2024-11-07,True
WL_0001608,CUST_000114,MOV_00485,2025-02-11,True
WL_0001609,CUST_000114,TVS_00070,2025-08-14,True
WL_0001610,CUST_000114,MOV_00374,2024-12-16,True
WL_0001611,CUST_000114,MOV_00268,2026-02-25,True
WL_0001612,CUST_000115,MOV_00024,2026-01-26,True
WL_0001613,CUST_000115,MOV_00024,2025-09-13,True
WL_0001614,CUST_000115,TVS_00154,2025-06-17,True
WL_0001615,CUST_000115,MOV_00457,2026-01-03,True
WL_0001616,CUST_000115,MOV_00480,2025-05-23,True
WL_0001617,CUST_000115,TVS_00025,2026-03-17,False
WL_0001618,CUST_000115,MOV_00442,2025-07-21,False
WL_0001619,CUST_000115,MOV_00281,2025-08-22,False
WL_0001620,CUST_000115,TVS_00050,2026-04-10,True
WL_0001621,CUST_000115,MOV_00304,2025-04-03,False
WL_0001622,CUST_000115,MOV_00388,2025-11-28,False
WL_0001623,CUST_000115,MOV_00254,2025-08-12,False
WL_0001624,CUST_000115,MOV_00056,2025-12-01,True
WL_0001625,CUST_000115,MOV_00140,2026-02-19,True
WL_0001626,CUST_000115,TVS_00165,2025-04-25,True
WL_0001627,CUST_000115,MOV_00126,2025-03-17,True
WL_0001628,CUST_000115,MOV_00152,2025-09-27,False
WL_0001629,CUST_000115,TVS_00016,2025-08-22,True
WL_0001630,CUST_000115,MOV_00394,2025-07-13,True
WL_0001631,CUST_000115,MOV_00031,2025-04-04,True
WL_0001632,CUST_000115,TVS_00016,2025-11-28,True
WL_0001633,CUST_000116,MOV_00366,2026-01-13,False
WL_0001634,CUST_000116,MOV_00187,2025-10-19,True
WL_0001635,CUST_000116,TVS_00031,2025-08-30,True
WL_0001636,CUST_000116,TVS_00106,2025-11-07,False
WL_0001637,CUST_000116,MOV_00467,2025-08-29,False
WL_0001638,CUST_000116,MOV_00413,2026-04-07,True
WL_0001639,CUST_000116,MOV_00268,2025-09-22,False
WL_0001640,CUST_000116,MOV_00254,2025-11-18,False
WL_0001641,CUST_000116,MOV_00458,2025-08-27,False
WL_0001642,CUST_000117,MOV_00342,2025-11-25,True
WL_0001643,CUST_000117,MOV_00095,2026-02-20,True
WL_0001644,CUST_000117,MOV_00495,2026-02-27,True
WL_0001645,CUST_000117,MOV_00342,2025-12-23,True
WL_0001646,CUST_000117,MOV_00050,2026-01-19,True
WL_0001647,CUST_000117,MOV_00442,2025-12-07,True
WL_0001648,CUST_000117,TVS_00176,2026-03-03,False
WL_0001649,CUST_000117,MOV_00268,2026-03-16,True
WL_0001650,CUST_000117,TVS_00154,2026-03-31,True
WL_0001651,CUST_000117,MOV_00207,2026-01-29,True
WL_0001652,CUST_000117,MOV_00420,2025-12-19,True
WL_0001653,CUST_000117,TVS_00165,2026-02-02,False
WL_0001654,CUST_000117,TVS_00031,2025-11-23,False
WL_0001655,CUST_000117,MOV_00118,2025-12-28,True
WL_0001656,CUST_000117,MOV_00123,2025-11-18,True
WL_0001657,CUST_000117,MOV_00453,2026-03-15,False
WL_0001658,CUST_000117,MOV_00298,2025-12-06,False
WL_0001659,CUST_000117,TVS_00127,2025-11-27,False
WL_0001660,CUST_000117,MOV_00439,2026-01-01,False
WL_0001661,CUST_000117,MOV_00079,2025-11-23,True
WL_0001662,CUST_000117,MOV_00121,2026-02-15,True
WL_0001663,CUST_000117,TVS_00110,2025-12-05,False
WL_0001664,CUST_000117,TVS_00048,2026-03-23,True
WL_0001665,CUST_000117,MOV_00106,2025-12-20,True
WL_0001666,CUST_000117,MOV_00302,2026-02-23,True
WL_0001667,CUST_000118,TVS_00147,2025-03-31,True
WL_0001668,CUST_000118,MOV_00348,2025-02-28,True
WL_0001669,CUST_000118,MOV_00098,2025-02-03,True
WL_0001670,CUST_000118,MOV_00476,2024-12-13,False
WL_0001671,CUST_000118,MOV_00351,2025-02-17,False
WL_0001672,CUST_000118,TVS_00080,2024-12-17,False
WL_0001673,CUST_000118,TVS_00065,2024-11-23,True
WL_0001674,CUST_000118,TVS_00027,2024-11-27,True
WL_0001675,CUST_000118,MOV_00221,2025-07-04,True
WL_0001676,CUST_000118,TVS_00107,2025-05-27,True
WL_0001677,CUST_000118,MOV_00036,2025-05-12,False
WL_0001678,CUST_000118,MOV_00288,2025-02-11,True
WL_0001679,CUST_000118,MOV_00090,2025-08-11,True
WL_0001680,CUST_000119,MOV_00250,2026-01-03,True
WL_0001681,CUST_000119,MOV_00260,2025-04-03,True
WL_0001682,CUST_000119,MOV_00430,2025-08-05,False
WL_0001683,CUST_000119,MOV_00106,2026-03-11,True
WL_0001684,CUST_000119,MOV_00217,2026-03-06,False
WL_0001685,CUST_000119,TVS_00116,2025-10-03,False
WL_0001686,CUST_000119,MOV_00496,2025-05-27,True
WL_0001687,CUST_000120,MOV_00028,2025-12-30,True
WL_0001688,CUST_000120,MOV_00448,2025-12-19,False
WL_0001689,CUST_000120,MOV_00311,2025-12-18,False
WL_0001690,CUST_000120,TVS_00189,2026-02-02,False
WL_0001691,CUST_000120,MOV_00271,2025-12-19,True
WL_0001692,CUST_000120,MOV_00265,2026-01-15,False
WL_0001693,CUST_000121,MOV_00377,2025-11-23,True
WL_0001694,CUST_000121,MOV_00215,2025-07-24,True
WL_0001695,CUST_000121,MOV_00431,2026-03-04,False
WL_0001696,CUST_000121,MOV_00430,2025-06-11,True
WL_0001697,CUST_000121,TVS_00164,2025-10-26,True
WL_0001698,CUST_000121,TVS_00190,2026-03-29,True
WL_0001699,CUST_000121,TVS_00109,2025-04-17,False
WL_0001700,CUST_000121,MOV_00309,2025-11-13,True
WL_0001701,CUST_000121,MOV_00327,2026-01-14,False
WL_0001702,CUST_000121,MOV_00154,2025-10-03,True
WL_0001703,CUST_000121,TVS_00035,2025-07-08,True
WL_0001704,CUST_000121,MOV_00319,2026-03-06,True
WL_0001705,CUST_000121,TVS_00175,2025-07-26,True
WL_0001706,CUST_000121,TVS_00193,2025-04-17,True
WL_0001707,CUST_000121,MOV_00390,2025-08-16,True
WL_0001708,CUST_000121,TVS_00035,2026-02-05,True
WL_0001709,CUST_000121,MOV_00069,2025-09-14,False
WL_0001710,CUST_000121,MOV_00427,2025-10-17,False
WL_0001711,CUST_000121,TVS_00136,2025-07-05,False
WL_0001712,CUST_000122,TVS_00082,2025-01-02,True
WL_0001713,CUST_000122,TVS_00144,2024-11-28,True
WL_0001714,CUST_000122,MOV_00487,2025-12-24,True
WL_0001715,CUST_000122,TVS_00125,2025-05-16,True
WL_0001716,CUST_000122,MOV_00091,2025-02-11,False
WL_0001717,CUST_000122,TVS_00186,2024-11-20,True
WL_0001718,CUST_000123,TVS_00106,2024-11-13,False
WL_0001719,CUST_000123,MOV_00304,2025-06-03,True
WL_0001720,CUST_000123,MOV_00456,2024-05-13,True
WL_0001721,CUST_000123,MOV_00144,2024-07-22,True
WL_0001722,CUST_000123,TVS_00038,2024-07-06,True
WL_0001723,CUST_000124,MOV_00248,2025-09-10,False
WL_0001724,CUST_000124,MOV_00180,2025-09-09,True
WL_0001725,CUST_000124,MOV_00103,2026-04-09,True
WL_0001726,CUST_000124,MOV_00278,2025-08-19,True
WL_0001727,CUST_000124,MOV_00128,2025-11-09,False
WL_0001728,CUST_000124,TVS_00032,2025-11-19,False
WL_0001729,CUST_000124,MOV_00482,2025-09-04,True
WL_0001730,CUST_000124,TVS_00035,2025-11-13,False
WL_0001731,CUST_000124,MOV_00387,2025-10-06,True
WL_0001732,CUST_000124,MOV_00389,2025-08-08,True
WL_0001733,CUST_000124,MOV_00309,2025-12-26,True
WL_0001734,CUST_000124,MOV_00265,2025-07-29,True
WL_0001735,CUST_000124,MOV_00086,2026-01-08,True
WL_0001736,CUST_000124,TVS_00125,2026-01-29,False
WL_0001737,CUST_000124,TVS_00028,2025-09-09,True
WL_0001738,CUST_000124,MOV_00352,2025-11-09,False
WL_0001739,CUST_000124,MOV_00423,2026-03-15,False
WL_0001740,CUST_000124,MOV_00196,2025-09-23,True
WL_0001741,CUST_000125,TVS_00153,2025-08-15,True
WL_0001742,CUST_000125,TVS_00108,2025-07-09,True
WL_0001743,CUST_000125,TVS_00050,2026-02-11,True
WL_0001744,CUST_000125,MOV_00375,2025-11-09,True
WL_0001745,CUST_000125,MOV_00244,2026-03-10,False
WL_0001746,CUST_000125,MOV_00330,2025-10-01,True
WL_0001747,CUST_000125,MOV_00026,2025-08-19,True
WL_0001748,CUST_000125,MOV_00079,2025-05-30,True
WL_0001749,CUST_000125,TVS_00191,2025-08-08,True
WL_0001750,CUST_000125,MOV_00177,2025-10-26,True
WL_0001751,CUST_000125,MOV_00423,2025-09-23,True
WL_0001752,CUST_000125,MOV_00251,2025-08-22,True
WL_0001753,CUST_000125,MOV_00393,2025-11-29,False
WL_0001754,CUST_000125,MOV_00053,2025-11-23,True
WL_0001755,CUST_000125,MOV_00192,2025-06-17,True
WL_0001756,CUST_000125,TVS_00052,2025-05-05,False
WL_0001757,CUST_000125,MOV_00300,2025-09-21,False
WL_0001758,CUST_000125,MOV_00177,2025-05-24,True
WL_0001759,CUST_000125,TVS_00176,2026-02-10,False
WL_0001760,CUST_000126,MOV_00074,2025-12-12,True
WL_0001761,CUST_000126,MOV_00477,2025-10-25,True
WL_0001762,CUST_000126,TVS_00168,2026-03-20,False
WL_0001763,CUST_000126,MOV_00192,2025-05-04,True
WL_0001764,CUST_000126,MOV_00441,2025-08-04,True
WL_0001765,CUST_000126,TVS_00162,2025-12-06,False
WL_0001766,CUST_000126,MOV_00448,2025-08-25,True
WL_0001767,CUST_000126,MOV_00411,2026-02-12,False
WL_0001768,CUST_000126,TVS_00150,2026-01-09,True
WL_0001769,CUST_000127,MOV_00308,2025-06-11,False
WL_0001770,CUST_000127,MOV_00236,2025-06-23,False
WL_0001771,CUST_000127,TVS_00034,2025-05-01,True
WL_0001772,CUST_000127,MOV_00332,2025-04-12,False
WL_0001773,CUST_000127,MOV_00345,2025-03-11,True
WL_0001774,CUST_000127,MOV_00224,2025-03-30,False
WL_0001775,CUST_000127,MOV_00245,2025-06-15,False
WL_0001776,CUST_000127,TVS_00064,2025-05-02,False
WL_0001777,CUST_000127,MOV_00301,2025-06-27,True
WL_0001778,CUST_000127,MOV_00483,2025-06-18,False
WL_0001779,CUST_000127,TVS_00093,2025-06-25,False
WL_0001780,CUST_000127,TVS_00002,2025-05-21,True
WL_0001781,CUST_000127,MOV_00127,2025-02-22,True
WL_0001782,CUST_000127,TVS_00045,2025-05-25,False
WL_0001783,CUST_000127,MOV_00321,2025-03-04,False
WL_0001784,CUST_000127,MOV_00401,2025-03-17,True
WL_0001785,CUST_000127,MOV_00228,2025-05-17,True
WL_0001786,CUST_000128,MOV_00443,2026-02-14,True
WL_0001787,CUST_000128,MOV_00064,2026-02-08,False
WL_0001788,CUST_000128,MOV_00462,2025-12-25,True
WL_0001789,CUST_000128,TVS_00171,2026-03-07,False
WL_0001790,CUST_000128,TVS_00034,2026-02-12,False
WL_0001791,CUST_000128,TVS_00029,2026-04-06,True
WL_0001792,CUST_000128,MOV_00183,2026-01-20,True
WL_0001793,CUST_000128,MOV_00010,2026-03-06,True
WL_0001794,CUST_000128,TVS_00197,2026-02-01,False
WL_0001795,CUST_000128,MOV_00131,2026-04-05,True
WL_0001796,CUST_000128,MOV_00013,2026-03-31,False
WL_0001797,CUST_000128,MOV_00366,2026-04-02,False
WL_0001798,CUST_000129,MOV_00201,2026-04-01,False
WL_0001799,CUST_000129,MOV_00121,2026-04-06,False
WL_0001800,CUST_000129,MOV_00165,2026-03-24,True
WL_0001801,CUST_000129,TVS_00117,2026-04-01,False
WL_0001802,CUST_000129,MOV_00123,2026-03-29,True
WL_0001803,CUST_000129,MOV_00456,2026-03-26,True
WL_0001804,CUST_000130,TVS_00123,2025-08-22,False
WL_0001805,CUST_000130,MOV_00361,2025-03-31,True
WL_0001806,CUST_000130,MOV_00144,2025-04-06,True
WL_0001807,CUST_000130,MOV_00019,2025-11-29,False
WL_0001808,CUST_000130,MOV_00019,2024-11-08,False
WL_0001809,CUST_000130,TVS_00003,2025-03-07,True
WL_0001810,CUST_000130,MOV_00177,2026-03-14,False
WL_0001811,CUST_000130,MOV_00088,2025-03-21,True
WL_0001812,CUST_000130,TVS_00058,2025-07-28,True
WL_0001813,CUST_000130,TVS_00122,2025-05-23,False
WL_0001814,CUST_000130,MOV_00140,2024-06-29,False
WL_0001815,CUST_000130,TVS_00116,2025-02-20,True
WL_0001816,CUST_000130,MOV_00433,2024-10-24,True
WL_0001817,CUST_000130,MOV_00440,2026-04-01,False
WL_0001818,CUST_000130,TVS_00179,2025-08-09,True
WL_0001819,CUST_000130,TVS_00156,2025-12-04,True
WL_0001820,CUST_000131,MOV_00442,2026-04-06,False
WL_0001821,CUST_000131,MOV_00463,2025-01-05,False
WL_0001822,CUST_000131,TVS_00083,2025-02-24,False
WL_0001823,CUST_000131,TVS_00045,2026-02-16,True
WL_0001824,CUST_000131,MOV_00403,2025-09-16,False
WL_0001825,CUST_000131,MOV_00076,2025-06-25,True
WL_0001826,CUST_000131,MOV_00250,2024-09-06,False
WL_0001827,CUST_000131,MOV_00355,2025-06-06,False
WL_0001828,CUST_000131,MOV_00230,2025-09-17,True
WL_0001829,CUST_000131,MOV_00352,2025-06-02,True
WL_0001830,CUST_000131,TVS_00100,2025-10-25,True
WL_0001831,CUST_000131,TVS_00049,2026-03-16,True
WL_0001832,CUST_000131,MOV_00268,2024-11-25,True
WL_0001833,CUST_000131,MOV_00258,2026-02-18,True
WL_0001834,CUST_000132,MOV_00370,2025-08-02,True
WL_0001835,CUST_000132,TVS_00109,2026-01-18,True
WL_0001836,CUST_000132,MOV_00495,2026-01-03,True
WL_0001837,CUST_000133,MOV_00115,2026-01-29,True
WL_0001838,CUST_000133,MOV_00121,2026-02-13,True
WL_0001839,CUST_000133,TVS_00199,2026-02-16,True
WL_0001840,CUST_000133,MOV_00425,2026-03-10,True
WL_0001841,CUST_000133,MOV_00479,2026-03-04,True
WL_0001842,CUST_000133,MOV_00413,2026-03-17,False
WL_0001843,CUST_000133,MOV_00482,2026-01-28,False
WL_0001844,CUST_000133,MOV_00440,2026-04-03,True
WL_0001845,CUST_000133,MOV_00115,2026-03-29,True
WL_0001846,CUST_000133,TVS_00108,2026-01-30,False
WL_0001847,CUST_000133,MOV_00049,2026-03-20,True
WL_0001848,CUST_000134,MOV_00451,2026-02-26,True
WL_0001849,CUST_000134,MOV_00485,2025-12-12,True
WL_0001850,CUST_000134,TVS_00196,2026-01-08,True
WL_0001851,CUST_000134,MOV_00114,2025-10-04,False
WL_0001852,CUST_000134,MOV_00058,2025-12-30,True
WL_0001853,CUST_000134,TVS_00147,2025-10-26,True
WL_0001854,CUST_000134,TVS_00084,2026-03-19,True
WL_0001855,CUST_000134,TVS_00175,2026-02-19,True
WL_0001856,CUST_000134,MOV_00470,2026-01-14,False
WL_0001857,CUST_000134,MOV_00041,2025-12-17,False
WL_0001858,CUST_000134,MOV_00478,2025-12-09,False
WL_0001859,CUST_000134,TVS_00196,2026-03-30,False
WL_0001860,CUST_000134,MOV_00275,2025-12-16,True
WL_0001861,CUST_000134,MOV_00404,2025-12-01,True
WL_0001862,CUST_000134,MOV_00350,2026-01-28,False
WL_0001863,CUST_000134,MOV_00160,2025-09-22,True
WL_0001864,CUST_000134,MOV_00353,2026-04-08,False
WL_0001865,CUST_000134,TVS_00126,2026-03-21,False
WL_0001866,CUST_000134,MOV_00291,2026-02-20,False
WL_0001867,CUST_000134,MOV_00176,2025-12-23,True
WL_0001868,CUST_000134,MOV_00051,2026-01-20,False
WL_0001869,CUST_000134,TVS_00065,2026-03-06,False
WL_0001870,CUST_000134,MOV_00176,2026-04-02,True
WL_0001871,CUST_000134,MOV_00279,2025-12-21,True
WL_0001872,CUST_000135,MOV_00494,2025-10-17,True
WL_0001873,CUST_000135,TVS_00045,2025-10-24,False
WL_0001874,CUST_000135,MOV_00013,2025-08-29,True
WL_0001875,CUST_000135,TVS_00050,2026-02-13,True
WL_0001876,CUST_000135,MOV_00215,2025-11-14,False
WL_0001877,CUST_000135,MOV_00309,2026-01-21,False
WL_0001878,CUST_000135,MOV_00212,2025-12-26,True
WL_0001879,CUST_000135,MOV_00250,2026-04-09,False
WL_0001880,CUST_000135,MOV_00169,2025-11-01,True
WL_0001881,CUST_000135,MOV_00053,2026-03-14,False
WL_0001882,CUST_000135,MOV_00395,2025-10-21,False
WL_0001883,CUST_000136,TVS_00079,2025-12-10,True
WL_0001884,CUST_000136,MOV_00460,2024-09-17,False
WL_0001885,CUST_000136,MOV_00459,2025-08-20,False
WL_0001886,CUST_000136,TVS_00122,2025-08-31,False
WL_0001887,CUST_000136,TVS_00186,2024-08-23,True
WL_0001888,CUST_000136,MOV_00459,2025-07-07,True
WL_0001889,CUST_000136,MOV_00466,2026-04-02,True
WL_0001890,CUST_000136,MOV_00048,2025-06-09,False
WL_0001891,CUST_000136,TVS_00078,2025-11-02,True
WL_0001892,CUST_000136,MOV_00373,2025-08-09,True
WL_0001893,CUST_000136,MOV_00354,2025-06-03,True
WL_0001894,CUST_000136,MOV_00445,2026-01-23,True
WL_0001895,CUST_000136,TVS_00141,2025-11-26,False
WL_0001896,CUST_000136,MOV_00369,2025-02-12,True
WL_0001897,CUST_000136,TVS_00065,2026-03-09,True
WL_0001898,CUST_000136,TVS_00140,2025-09-25,True
WL_0001899,CUST_000136,MOV_00479,2026-01-13,True
WL_0001900,CUST_000136,TVS_00058,2025-09-02,False
WL_0001901,CUST_000136,MOV_00350,2024-12-13,False
WL_0001902,CUST_000136,TVS_00136,2025-10-20,True
WL_0001903,CUST_000137,TVS_00040,2026-03-26,False
WL_0001904,CUST_000137,MOV_00485,2026-03-02,True
WL_0001905,CUST_000137,MOV_00400,2026-04-07,True
WL_0001906,CUST_000137,MOV_00477,2026-02-12,True
WL_0001907,CUST_000137,MOV_00482,2026-03-23,False
WL_0001908,CUST_000137,MOV_00326,2026-04-11,True
WL_0001909,CUST_000137,TVS_00197,2026-03-06,False
WL_0001910,CUST_000137,MOV_00209,2026-03-29,False
WL_0001911,CUST_000137,TVS_00163,2026-01-31,False
WL_0001912,CUST_000137,MOV_00470,2026-02-26,True
WL_0001913,CUST_000137,MOV_00125,2026-03-04,False
WL_0001914,CUST_000137,MOV_00492,2026-04-09,True
WL_0001915,CUST_000137,TVS_00068,2026-03-13,False
WL_0001916,CUST_000137,MOV_00235,2026-03-08,False
WL_0001917,CUST_000137,MOV_00009,2026-02-16,False
WL_0001918,CUST_000137,MOV_00282,2026-02-01,False
WL_0001919,CUST_000137,MOV_00344,2026-03-28,False
WL_0001920,CUST_000137,MOV_00272,2026-03-11,False
WL_0001921,CUST_000137,MOV_00342,2026-02-07,False
WL_0001922,CUST_000138,MOV_00299,2026-01-04,False
WL_0001923,CUST_000138,MOV_00477,2026-02-24,True
WL_0001924,CUST_000138,MOV_00167,2026-01-22,True
WL_0001925,CUST_000138,MOV_00411,2026-01-15,True
WL_0001926,CUST_000138,MOV_00089,2026-03-27,False
WL_0001927,CUST_000139,MOV_00470,2025-05-13,False
WL_0001928,CUST_000139,MOV_00071,2025-02-16,True
WL_0001929,CUST_000139,MOV_00306,2025-01-04,False
WL_0001930,CUST_000139,MOV_00414,2025-05-25,True
WL_0001931,CUST_000139,TVS_00146,2025-05-27,True
WL_0001932,CUST_000139,MOV_00293,2026-01-27,True
WL_0001933,CUST_000139,MOV_00429,2025-02-12,False
WL_0001934,CUST_000139,MOV_00036,2025-04-22,True
WL_0001935,CUST_000139,TVS_00077,2025-12-06,True
WL_0001936,CUST_000139,MOV_00053,2024-11-18,True
WL_0001937,CUST_000139,TVS_00005,2024-12-04,False
WL_0001938,CUST_000139,MOV_00156,2026-01-27,True
WL_0001939,CUST_000139,TVS_00182,2024-12-16,False
WL_0001940,CUST_000139,MOV_00449,2025-12-23,True
WL_0001941,CUST_000139,TVS_00153,2025-05-21,True
WL_0001942,CUST_000139,MOV_00019,2025-11-17,True
WL_0001943,CUST_000139,MOV_00408,2024-11-22,True
WL_0001944,CUST_000139,MOV_00305,2025-07-13,False
WL_0001945,CUST_000139,MOV_00248,2026-01-05,True
WL_0001946,CUST_000139,MOV_00450,2024-12-16,True
WL_0001947,CUST_000139,MOV_00167,2025-08-18,True
WL_0001948,CUST_000139,MOV_00478,2024-11-02,True
WL_0001949,CUST_000139,TVS_00156,2025-08-27,True
WL_0001950,CUST_000139,TVS_00018,2025-01-09,True
WL_0001951,CUST_000139,TVS_00034,2024-11-13,True
WL_0001952,CUST_000140,MOV_00023,2026-02-15,True
WL_0001953,CUST_000140,TVS_00115,2026-03-28,True
WL_0001954,CUST_000140,MOV_00394,2026-01-26,True
WL_0001955,CUST_000140,MOV_00210,2025-12-30,True
WL_0001956,CUST_000140,MOV_00335,2026-01-09,True
WL_0001957,CUST_000140,MOV_00323,2026-03-08,False
WL_0001958,CUST_000140,MOV_00000,2026-02-18,False
WL_0001959,CUST_000140,MOV_00067,2025-12-30,True
WL_0001960,CUST_000140,TVS_00096,2026-03-28,False
WL_0001961,CUST_000141,TVS_00089,2025-12-28,False
WL_0001962,CUST_000141,MOV_00345,2026-02-07,False
WL_0001963,CUST_000141,MOV_00471,2026-03-03,False
WL_0001964,CUST_000141,TVS_00031,2025-12-14,True
WL_0001965,CUST_000141,MOV_00357,2025-12-08,False
WL_0001966,CUST_000141,MOV_00389,2026-03-09,True
WL_0001967,CUST_000141,TVS_00041,2025-10-05,True
WL_0001968,CUST_000142,MOV_00071,2025-08-26,False
WL_0001969,CUST_000142,TVS_00152,2025-08-03,True
WL_0001970,CUST_000142,MOV_00243,2026-03-17,True
WL_0001971,CUST_000142,MOV_00358,2025-09-14,True
WL_0001972,CUST_000142,MOV_00423,2026-03-27,False
WL_0001973,CUST_000142,MOV_00048,2026-01-08,True
WL_0001974,CUST_000142,MOV_00197,2025-08-23,False
WL_0001975,CUST_000142,MOV_00136,2025-10-30,True
WL_0001976,CUST_000142,TVS_00077,2026-03-10,True
WL_0001977,CUST_000142,MOV_00448,2025-09-27,True
WL_0001978,CUST_000142,TVS_00171,2025-09-07,False
WL_0001979,CUST_000142,TVS_00081,2025-09-01,True
WL_0001980,CUST_000142,MOV_00206,2025-08-06,True
WL_0001981,CUST_000142,TVS_00121,2026-02-05,True
WL_0001982,CUST_000143,MOV_00050,2025-08-08,False
WL_0001983,CUST_000143,MOV_00045,2026-01-26,True
WL_0001984,CUST_000143,MOV_00403,2025-09-30,False
WL_0001985,CUST_000143,MOV_00028,2025-09-19,True
WL_0001986,CUST_000143,MOV_00149,2025-07-24,True
WL_0001987,CUST_000143,MOV_00337,2025-11-28,True
WL_0001988,CUST_000143,MOV_00290,2026-03-27,False
WL_0001989,CUST_000143,MOV_00422,2026-03-30,True
WL_0001990,CUST_000143,TVS_00055,2026-03-01,False
WL_0001991,CUST_000143,MOV_00100,2026-02-28,True
WL_0001992,CUST_000143,MOV_00459,2025-12-01,True
WL_0001993,CUST_000143,MOV_00158,2025-12-16,True
WL_0001994,CUST_000143,MOV_00318,2025-09-01,True
WL_0001995,CUST_000143,TVS_00133,2025-11-28,True
WL_0001996,CUST_000143,TVS_00045,2025-07-24,True
WL_0001997,CUST_000143,MOV_00022,2026-01-04,True
WL_0001998,CUST_000143,MOV_00277,2025-10-23,True
WL_0001999,CUST_000143,MOV_00473,2025-08-27,True
WL_0002000,CUST_000143,MOV_00475,2025-12-21,False
WL_0002001,CUST_000143,MOV_00346,2025-09-27,True
WL_0002002,CUST_000143,MOV_00334,2025-08-13,True
WL_0002003,CUST_000143,MOV_00046,2025-11-17,True
WL_0002004,CUST_000143,MOV_00258,2025-09-12,True
WL_0002005,CUST_000143,MOV_00383,2026-01-01,True
WL_0002006,CUST_000143,MOV_00255,2026-03-14,False
WL_0002007,CUST_000144,MOV_00239,2026-03-11,False
WL_0002008,CUST_000144,TVS_00168,2026-02-12,True
WL_0002009,CUST_000144,TVS_00094,2026-03-21,True
WL_0002010,CUST_000144,TVS_00004,2026-03-14,False
WL_0002011,CUST_000144,MOV_00309,2026-03-31,False
WL_0002012,CUST_000144,MOV_00306,2026-03-01,True
WL_0002013,CUST_000144,TVS_00172,2026-03-22,True
WL_0002014,CUST_000145,TVS_00120,2026-01-01,False
WL_0002015,CUST_000145,MOV_00256,2025-05-27,True
WL_0002016,CUST_000145,MOV_00146,2025-05-21,True
WL_0002017,CUST_000145,TVS_00155,2026-01-20,True
WL_0002018,CUST_000146,TVS_00187,2025-07-28,False
WL_0002019,CUST_000146,MOV_00013,2025-07-04,False
WL_0002020,CUST_000146,TVS_00106,2025-04-24,True
WL_0002021,CUST_000146,TVS_00140,2025-06-13,True
WL_0002022,CUST_000146,MOV_00079,2025-07-29,True
WL_0002023,CUST_000146,MOV_00150,2025-10-10,False
WL_0002024,CUST_000146,MOV_00232,2025-08-23,True
WL_0002025,CUST_000146,MOV_00160,2025-05-14,False
WL_0002026,CUST_000146,MOV_00137,2026-01-25,False
WL_0002027,CUST_000146,MOV_00056,2025-08-11,True
WL_0002028,CUST_000146,TVS_00113,2025-07-15,False
WL_0002029,CUST_000146,MOV_00126,2025-12-01,True
WL_0002030,CUST_000146,MOV_00494,2025-04-21,True
WL_0002031,CUST_000146,TVS_00070,2025-08-13,False
WL_0002032,CUST_000146,MOV_00223,2025-04-29,False
WL_0002033,CUST_000146,MOV_00205,2025-07-20,False
WL_0002034,CUST_000146,TVS_00050,2025-05-30,True
WL_0002035,CUST_000146,MOV_00437,2025-06-17,False
WL_0002036,CUST_000146,MOV_00130,2025-12-11,True
WL_0002037,CUST_000146,MOV_00375,2025-09-13,False
WL_0002038,CUST_000146,TVS_00185,2025-12-23,True
WL_0002039,CUST_000146,MOV_00468,2025-06-23,False
WL_0002040,CUST_000146,MOV_00141,2025-11-27,False
WL_0002041,CUST_000146,MOV_00304,2025-06-13,True
WL_0002042,CUST_000147,MOV_00111,2025-01-28,False
WL_0002043,CUST_000147,MOV_00005,2025-12-31,True
WL_0002044,CUST_000147,MOV_00389,2024-12-04,True
WL_0002045,CUST_000147,MOV_00435,2025-05-04,True
WL_0002046,CUST_000147,MOV_00464,2026-04-02,True
WL_0002047,CUST_000147,MOV_00488,2026-03-20,True
WL_0002048,CUST_000147,MOV_00428,2025-05-27,True
WL_0002049,CUST_000148,MOV_00004,2025-09-22,False
WL_0002050,CUST_000148,TVS_00024,2025-06-28,True
WL_0002051,CUST_000148,MOV_00488,2025-03-18,False
WL_0002052,CUST_000148,MOV_00121,2025-07-23,False
WL_0002053,CUST_000148,TVS_00140,2026-04-10,True
WL_0002054,CUST_000148,MOV_00323,2025-06-16,True
WL_0002055,CUST_000148,MOV_00196,2025-06-03,True
WL_0002056,CUST_000148,MOV_00382,2026-04-10,True
WL_0002057,CUST_000148,MOV_00354,2026-04-07,True
WL_0002058,CUST_000148,MOV_00284,2025-09-10,False
WL_0002059,CUST_000148,MOV_00493,2025-06-17,True
WL_0002060,CUST_000148,MOV_00487,2026-01-11,True
WL_0002061,CUST_000148,MOV_00135,2025-12-06,False
WL_0002062,CUST_000148,MOV_00347,2025-05-07,True
WL_0002063,CUST_000148,MOV_00001,2025-06-13,False
WL_0002064,CUST_000148,MOV_00336,2025-06-06,False
WL_0002065,CUST_000148,MOV_00347,2025-06-07,True
WL_0002066,CUST_000148,MOV_00207,2025-08-14,True
WL_0002067,CUST_000148,MOV_00354,2025-12-08,True
WL_0002068,CUST_000148,MOV_00244,2025-03-23,True
WL_0002069,CUST_000148,MOV_00426,2026-01-30,True
WL_0002070,CUST_000149,MOV_00398,2025-07-28,True
WL_0002071,CUST_000149,TVS_00112,2025-07-24,True
WL_0002072,CUST_000149,TVS_00009,2025-05-26,True
WL_0002073,CUST_000149,MOV_00405,2025-03-18,False
WL_0002074,CUST_000149,MOV_00381,2025-03-16,True
WL_0002075,CUST_000149,TVS_00155,2025-11-30,True
WL_0002076,CUST_000149,TVS_00076,2025-07-16,False
WL_0002077,CUST_000149,MOV_00110,2025-05-04,False
WL_0002078,CUST_000149,MOV_00309,2025-06-26,True
WL_0002079,CUST_000149,MOV_00306,2025-06-11,False
WL_0002080,CUST_000149,MOV_00085,2025-03-23,False
WL_0002081,CUST_000149,MOV_00173,2026-03-24,True
WL_0002082,CUST_000149,MOV_00432,2025-08-28,True
WL_0002083,CUST_000150,TVS_00075,2026-03-18,False
WL_0002084,CUST_000150,MOV_00018,2026-03-10,False
WL_0002085,CUST_000150,TVS_00111,2026-01-17,False
WL_0002086,CUST_000150,TVS_00041,2026-02-06,False
WL_0002087,CUST_000150,MOV_00458,2026-03-20,True
WL_0002088,CUST_000150,TVS_00097,2026-01-17,True
WL_0002089,CUST_000150,MOV_00320,2026-01-15,True
WL_0002090,CUST_000150,TVS_00119,2026-02-15,False
WL_0002091,CUST_000150,MOV_00415,2026-03-23,True
WL_0002092,CUST_000150,MOV_00303,2026-03-20,False
WL_0002093,CUST_000150,MOV_00102,2026-03-14,True
WL_0002094,CUST_000150,MOV_00339,2026-02-22,False
WL_0002095,CUST_000150,MOV_00113,2026-02-11,False
WL_0002096,CUST_000150,MOV_00258,2026-01-08,True
WL_0002097,CUST_000150,TVS_00133,2026-02-02,False
WL_0002098,CUST_000151,MOV_00015,2025-09-11,False
WL_0002099,CUST_000151,MOV_00407,2026-03-06,False
WL_0002100,CUST_000151,MOV_00068,2025-08-29,True
WL_0002101,CUST_000151,MOV_00391,2025-09-26,True
WL_0002102,CUST_000151,TVS_00022,2025-12-22,True
WL_0002103,CUST_000151,MOV_00441,2026-02-05,True
WL_0002104,CUST_000151,MOV_00488,2025-11-08,False
WL_0002105,CUST_000151,MOV_00477,2025-11-02,False
WL_0002106,CUST_000151,TVS_00040,2025-07-25,True
WL_0002107,CUST_000151,MOV_00380,2026-01-07,False
WL_0002108,CUST_000151,MOV_00260,2025-10-23,True
WL_0002109,CUST_000151,TVS_00086,2025-10-24,False
WL_0002110,CUST_000151,MOV_00180,2025-07-26,True
WL_0002111,CUST_000151,MOV_00281,2025-12-05,False
WL_0002112,CUST_000151,TVS_00192,2025-08-04,True
WL_0002113,CUST_000151,MOV_00009,2025-08-01,False
WL_0002114,CUST_000151,MOV_00178,2026-01-05,False
WL_0002115,CUST_000151,MOV_00084,2025-09-05,False
WL_0002116,CUST_000151,MOV_00108,2025-12-03,False
WL_0002117,CUST_000151,MOV_00376,2025-09-02,True
WL_0002118,CUST_000151,MOV_00400,2025-10-10,True
WL_0002119,CUST_000151,MOV_00074,2025-08-15,True
WL_0002120,CUST_000151,MOV_00385,2026-01-22,True
WL_0002121,CUST_000152,MOV_00450,2025-07-29,True
WL_0002122,CUST_000152,MOV_00040,2026-03-11,False
WL_0002123,CUST_000152,TVS_00005,2025-08-17,False
WL_0002124,CUST_000152,MOV_00446,2025-05-28,False
WL_0002125,CUST_000152,MOV_00423,2026-02-09,False
WL_0002126,CUST_000152,MOV_00432,2025-07-18,True
WL_0002127,CUST_000153,MOV_00271,2026-02-20,True
WL_0002128,CUST_000153,MOV_00111,2025-11-20,False
WL_0002129,CUST_000153,MOV_00341,2026-01-15,True
WL_0002130,CUST_000153,TVS_00084,2026-03-12,True
WL_0002131,CUST_000153,MOV_00144,2025-12-27,True
WL_0002132,CUST_000154,MOV_00081,2026-02-25,False
WL_0002133,CUST_000154,MOV_00482,2025-04-29,True
WL_0002134,CUST_000154,MOV_00406,2026-01-08,True
WL_0002135,CUST_000154,MOV_00251,2025-09-27,True
WL_0002136,CUST_000154,MOV_00251,2026-02-16,True
WL_0002137,CUST_000154,MOV_00187,2025-11-04,True
WL_0002138,CUST_000154,TVS_00099,2025-03-17,False
WL_0002139,CUST_000154,MOV_00303,2025-02-22,True
WL_0002140,CUST_000154,MOV_00425,2025-10-27,True
WL_0002141,CUST_000154,TVS_00024,2026-01-24,True
WL_0002142,CUST_000154,MOV_00495,2025-03-07,True
WL_0002143,CUST_000154,MOV_00293,2025-11-15,True
WL_0002144,CUST_000154,TVS_00150,2025-05-13,True
WL_0002145,CUST_000154,MOV_00275,2025-06-17,True
WL_0002146,CUST_000155,MOV_00236,2026-01-30,False
WL_0002147,CUST_000155,MOV_00235,2024-08-27,False
WL_0002148,CUST_000155,TVS_00169,2024-11-03,False
WL_0002149,CUST_000155,MOV_00162,2024-07-16,False
WL_0002150,CUST_000155,MOV_00462,2025-06-14,False
WL_0002151,CUST_000155,MOV_00226,2025-01-10,True
WL_0002152,CUST_000155,MOV_00235,2026-01-12,True
WL_0002153,CUST_000155,TVS_00059,2024-07-18,True
WL_0002154,CUST_000156,TVS_00075,2025-11-25,True
WL_0002155,CUST_000156,TVS_00004,2026-02-13,True
WL_0002156,CUST_000156,MOV_00135,2025-05-19,True
WL_0002157,CUST_000156,TVS_00074,2025-11-05,True
WL_0002158,CUST_000156,MOV_00135,2025-11-02,True
WL_0002159,CUST_000156,MOV_00415,2025-02-19,True
WL_0002160,CUST_000156,MOV_00424,2026-01-15,True
WL_0002161,CUST_000156,MOV_00060,2025-01-06,True
WL_0002162,CUST_000156,MOV_00371,2025-05-14,True
WL_0002163,CUST_000156,MOV_00082,2025-09-22,True
WL_0002164,CUST_000156,MOV_00135,2025-07-17,True
WL_0002165,CUST_000157,MOV_00271,2026-01-17,False
WL_0002166,CUST_000157,MOV_00246,2025-11-19,True
WL_0002167,CUST_000157,MOV_00191,2025-10-27,True
WL_0002168,CUST_000157,MOV_00145,2025-08-07,False
WL_0002169,CUST_000157,MOV_00207,2025-02-05,True
WL_0002170,CUST_000157,MOV_00161,2026-02-07,False
WL_0002171,CUST_000157,MOV_00258,2026-03-10,False
WL_0002172,CUST_000157,MOV_00481,2025-08-14,True
WL_0002173,CUST_000157,MOV_00416,2025-07-03,True
WL_0002174,CUST_000157,TVS_00132,2025-12-16,False
WL_0002175,CUST_000157,TVS_00111,2025-11-30,True
WL_0002176,CUST_000158,MOV_00290,2026-02-12,True
WL_0002177,CUST_000158,TVS_00023,2026-04-07,True
WL_0002178,CUST_000158,TVS_00140,2025-11-06,True
WL_0002179,CUST_000158,TVS_00077,2026-04-10,True
WL_0002180,CUST_000158,MOV_00439,2025-06-13,False
WL_0002181,CUST_000158,TVS_00164,2025-05-08,True
WL_0002182,CUST_000158,MOV_00348,2026-03-15,True
WL_0002183,CUST_000158,MOV_00232,2025-09-30,True
WL_0002184,CUST_000158,TVS_00114,2026-04-01,True
WL_0002185,CUST_000159,MOV_00089,2026-01-03,True
WL_0002186,CUST_000159,MOV_00159,2025-09-04,True
WL_0002187,CUST_000159,MOV_00161,2025-12-02,True
WL_0002188,CUST_000159,MOV_00370,2026-02-27,True
WL_0002189,CUST_000160,MOV_00261,2025-11-15,False
WL_0002190,CUST_000160,MOV_00303,2025-10-16,False
WL_0002191,CUST_000160,MOV_00333,2025-11-14,False
WL_0002192,CUST_000160,MOV_00218,2025-09-23,True
WL_0002193,CUST_000160,MOV_00299,2025-10-02,False
WL_0002194,CUST_000160,MOV_00021,2025-11-04,False
WL_0002195,CUST_000161,MOV_00174,2025-06-28,True
WL_0002196,CUST_000161,MOV_00068,2025-07-02,True
WL_0002197,CUST_000161,MOV_00259,2025-04-13,True
WL_0002198,CUST_000161,TVS_00073,2025-07-01,True
WL_0002199,CUST_000161,TVS_00000,2025-07-31,False
WL_0002200,CUST_000161,MOV_00201,2025-03-21,False
WL_0002201,CUST_000161,MOV_00155,2025-03-30,True
WL_0002202,CUST_000161,MOV_00070,2025-08-16,True
WL_0002203,CUST_000161,TVS_00025,2025-03-14,True
WL_0002204,CUST_000161,MOV_00201,2025-09-12,False
WL_0002205,CUST_000161,MOV_00119,2025-05-05,True
WL_0002206,CUST_000161,MOV_00259,2025-07-21,True
WL_0002207,CUST_000161,MOV_00440,2025-10-12,True
WL_0002208,CUST_000161,MOV_00223,2025-09-13,True
WL_0002209,CUST_000161,TVS_00073,2025-09-26,True
WL_0002210,CUST_000161,MOV_00027,2025-07-01,True
WL_0002211,CUST_000161,TVS_00025,2025-04-24,True
WL_0002212,CUST_000161,TVS_00025,2025-08-01,True
WL_0002213,CUST_000161,MOV_00005,2025-09-13,True
WL_0002214,CUST_000161,MOV_00201,2025-03-25,False
WL_0002215,CUST_000161,TVS_00025,2025-07-05,True
WL_0002216,CUST_000161,TVS_00170,2025-07-26,True
WL_0002217,CUST_000162,MOV_00055,2025-08-30,False
WL_0002218,CUST_000162,MOV_00489,2025-11-07,True
WL_0002219,CUST_000162,MOV_00222,2025-12-22,False
WL_0002220,CUST_000162,MOV_00060,2025-11-13,False
WL_0002221,CUST_000162,MOV_00192,2025-09-29,True
WL_0002222,CUST_000162,TVS_00171,2026-01-23,False
WL_0002223,CUST_000162,MOV_00300,2025-07-27,True
WL_0002224,CUST_000163,MOV_00496,2024-12-07,True
WL_0002225,CUST_000163,TVS_00062,2024-08-22,False
WL_0002226,CUST_000163,MOV_00371,2025-06-05,True
WL_0002227,CUST_000163,MOV_00026,2025-03-26,True
WL_0002228,CUST_000163,MOV_00126,2024-11-18,True
WL_0002229,CUST_000163,MOV_00022,2024-10-28,True
WL_0002230,CUST_000163,MOV_00194,2025-02-08,False
WL_0002231,CUST_000163,MOV_00371,2024-12-02,True
WL_0002232,CUST_000163,MOV_00026,2025-05-12,True
WL_0002233,CUST_000164,MOV_00258,2024-12-05,False
WL_0002234,CUST_000164,TVS_00015,2024-08-07,False
WL_0002235,CUST_000164,MOV_00479,2024-09-17,True
WL_0002236,CUST_000164,MOV_00246,2025-08-13,False
WL_0002237,CUST_000164,MOV_00284,2026-02-12,True
WL_0002238,CUST_000165,TVS_00027,2026-04-05,False
WL_0002239,CUST_000165,MOV_00007,2026-03-19,True
WL_0002240,CUST_000165,MOV_00453,2026-03-31,True
WL_0002241,CUST_000165,TVS_00032,2026-04-09,True
WL_0002242,CUST_000165,MOV_00314,2026-04-07,False
WL_0002243,CUST_000166,MOV_00175,2026-02-06,True
WL_0002244,CUST_000166,TVS_00150,2026-03-13,True
WL_0002245,CUST_000166,TVS_00058,2026-03-16,True
WL_0002246,CUST_000166,MOV_00402,2026-02-18,False
WL_0002247,CUST_000166,MOV_00452,2026-03-08,True
WL_0002248,CUST_000166,MOV_00405,2026-02-01,True
WL_0002249,CUST_000166,TVS_00180,2026-04-09,True
WL_0002250,CUST_000166,TVS_00023,2026-03-30,True
WL_0002251,CUST_000166,MOV_00361,2026-01-28,True
WL_0002252,CUST_000166,MOV_00176,2026-03-21,False
WL_0002253,CUST_000166,MOV_00268,2026-02-21,False
WL_0002254,CUST_000166,MOV_00081,2026-04-03,False
WL_0002255,CUST_000166,TVS_00052,2026-02-08,True
WL_0002256,CUST_000166,TVS_00024,2026-03-09,False
WL_0002257,CUST_000166,MOV_00423,2026-02-20,True
WL_0002258,CUST_000166,MOV_00453,2026-02-12,False
WL_0002259,CUST_000166,MOV_00177,2026-02-19,True
WL_0002260,CUST_000166,MOV_00454,2026-02-16,True
WL_0002261,CUST_000166,MOV_00144,2026-02-12,False
WL_0002262,CUST_000166,TVS_00019,2026-02-04,True
WL_0002263,CUST_000166,MOV_00150,2026-02-25,False
WL_0002264,CUST_000166,MOV_00449,2026-01-24,True
WL_0002265,CUST_000167,MOV_00431,2026-02-12,True
WL_0002266,CUST_000167,MOV_00273,2025-06-15,True
WL_0002267,CUST_000167,MOV_00057,2025-01-27,False
WL_0002268,CUST_000167,MOV_00365,2025-09-01,False
WL_0002269,CUST_000167,TVS_00188,2025-01-15,False
WL_0002270,CUST_000167,MOV_00283,2026-03-07,True
WL_0002271,CUST_000167,TVS_00153,2025-03-02,True
WL_0002272,CUST_000167,MOV_00269,2026-03-30,True
WL_0002273,CUST_000167,MOV_00337,2026-03-17,False
WL_0002274,CUST_000167,MOV_00319,2025-02-24,False
WL_0002275,CUST_000167,MOV_00307,2026-01-25,False
WL_0002276,CUST_000167,TVS_00155,2026-02-28,False
WL_0002277,CUST_000167,MOV_00432,2025-05-09,False
WL_0002278,CUST_000167,MOV_00008,2025-03-02,False
WL_0002279,CUST_000167,MOV_00073,2025-04-23,False
WL_0002280,CUST_000167,TVS_00114,2026-02-10,True
WL_0002281,CUST_000167,TVS_00164,2025-01-10,True
WL_0002282,CUST_000167,MOV_00072,2025-04-30,False
WL_0002283,CUST_000167,MOV_00250,2025-10-23,True
WL_0002284,CUST_000168,MOV_00188,2026-01-23,True
WL_0002285,CUST_000168,MOV_00256,2025-10-16,True
WL_0002286,CUST_000168,MOV_00421,2026-03-31,True
WL_0002287,CUST_000168,MOV_00409,2026-03-01,True
WL_0002288,CUST_000168,MOV_00421,2025-10-30,True
WL_0002289,CUST_000168,MOV_00421,2025-09-27,True
WL_0002290,CUST_000168,MOV_00277,2025-12-20,False
WL_0002291,CUST_000168,MOV_00050,2025-09-16,True
WL_0002292,CUST_000168,MOV_00184,2025-11-09,False
WL_0002293,CUST_000168,MOV_00345,2026-04-10,True
WL_0002294,CUST_000168,MOV_00175,2026-03-09,False
WL_0002295,CUST_000168,TVS_00106,2025-12-11,True
WL_0002296,CUST_000169,MOV_00243,2026-06-22,True
WL_0002297,CUST_000169,MOV_00090,2026-05-05,False
WL_0002298,CUST_000169,MOV_00083,2026-03-30,True
WL_0002299,CUST_000169,TVS_00193,2026-06-03,True
WL_0002300,CUST_000169,TVS_00027,2026-03-09,True
WL_0002301,CUST_000169,MOV_00359,2026-04-29,False
WL_0002302,CUST_000169,MOV_00112,2026-05-30,True
WL_0002303,CUST_000169,MOV_00069,2026-03-08,True
WL_0002304,CUST_000169,MOV_00112,2026-03-31,True
WL_0002305,CUST_000170,MOV_00308,2025-11-13,False
WL_0002306,CUST_000170,MOV_00144,2024-10-25,False
WL_0002307,CUST_000170,MOV_00052,2025-02-16,True
WL_0002308,CUST_000170,MOV_00362,2025-05-07,True
WL_0002309,CUST_000170,MOV_00158,2025-08-16,False
WL_0002310,CUST_000170,TVS_00114,2026-04-05,False
WL_0002311,CUST_000170,MOV_00469,2025-04-25,False
WL_0002312,CUST_000170,MOV_00102,2025-07-30,True
WL_0002313,CUST_000170,TVS_00116,2026-01-04,True
WL_0002314,CUST_000170,MOV_00328,2025-06-26,True
WL_0002315,CUST_000170,MOV_00136,2026-01-02,True
WL_0002316,CUST_000170,MOV_00287,2025-10-24,True
WL_0002317,CUST_000170,MOV_00010,2025-05-01,True
WL_0002318,CUST_000170,MOV_00061,2025-05-02,True
WL_0002319,CUST_000170,MOV_00217,2025-07-13,True
WL_0002320,CUST_000170,TVS_00063,2024-11-19,True
WL_0002321,CUST_000170,MOV_00067,2024-12-29,True
WL_0002322,CUST_000170,MOV_00417,2025-11-02,True
WL_0002323,CUST_000170,MOV_00147,2025-10-25,True
WL_0002324,CUST_000170,MOV_00006,2025-07-14,True
WL_0002325,CUST_000170,MOV_00169,2025-01-15,False
WL_0002326,CUST_000170,TVS_00024,2024-11-07,False
WL_0002327,CUST_000171,MOV_00050,2026-03-17,True
WL_0002328,CUST_000171,MOV_00116,2026-03-03,True
WL_0002329,CUST_000171,TVS_00020,2026-02-27,False
WL_0002330,CUST_000171,MOV_00214,2025-11-02,True
WL_0002331,CUST_000171,TVS_00012,2025-12-05,True
WL_0002332,CUST_000171,MOV_00225,2026-01-08,True
WL_0002333,CUST_000171,MOV_00284,2025-11-09,False
WL_0002334,CUST_000172,MOV_00357,2026-04-01,False
WL_0002335,CUST_000172,MOV_00287,2026-03-24,False
WL_0002336,CUST_000172,TVS_00164,2026-04-02,True
WL_0002337,CUST_000172,MOV_00348,2026-03-31,False
WL_0002338,CUST_000172,TVS_00036,2026-04-08,False
WL_0002339,CUST_000172,MOV_00073,2026-03-23,True
WL_0002340,CUST_000172,MOV_00010,2026-03-26,False
WL_0002341,CUST_000172,MOV_00002,2026-03-25,False
WL_0002342,CUST_000172,MOV_00453,2026-04-06,False
WL_0002343,CUST_000173,MOV_00434,2026-03-14,False
WL_0002344,CUST_000173,MOV_00094,2025-09-27,True
WL_0002345,CUST_000173,TVS_00075,2025-11-13,False
WL_0002346,CUST_000173,TVS_00063,2025-05-09,True
WL_0002347,CUST_000173,TVS_00014,2025-09-16,True
WL_0002348,CUST_000173,MOV_00434,2026-02-05,True
WL_0002349,CUST_000173,TVS_00012,2025-07-13,True
WL_0002350,CUST_000173,MOV_00480,2026-02-10,True
WL_0002351,CUST_000173,MOV_00148,2025-02-28,True
WL_0002352,CUST_000173,MOV_00219,2026-02-19,True
WL_0002353,CUST_000173,MOV_00315,2025-10-22,False
WL_0002354,CUST_000173,TVS_00013,2025-10-16,True
WL_0002355,CUST_000173,TVS_00012,2025-11-05,True
WL_0002356,CUST_000173,MOV_00480,2026-02-10,True
WL_0002357,CUST_000173,MOV_00296,2024-11-26,False
WL_0002358,CUST_000174,MOV_00479,2026-02-11,True
WL_0002359,CUST_000174,MOV_00016,2025-12-29,True
WL_0002360,CUST_000174,TVS_00157,2026-02-07,False
WL_0002361,CUST_000174,MOV_00044,2026-04-02,False
WL_0002362,CUST_000174,MOV_00243,2026-02-16,True
WL_0002363,CUST_000175,MOV_00149,2025-05-06,True
WL_0002364,CUST_000175,TVS_00013,2025-07-06,True
WL_0002365,CUST_000175,MOV_00342,2026-02-08,True
WL_0002366,CUST_000175,MOV_00454,2026-01-09,True
WL_0002367,CUST_000175,MOV_00337,2025-04-18,True
WL_0002368,CUST_000175,MOV_00119,2025-04-26,True
WL_0002369,CUST_000175,TVS_00126,2025-12-27,True
WL_0002370,CUST_000175,MOV_00176,2026-02-04,True
WL_0002371,CUST_000175,MOV_00170,2025-12-22,True
WL_0002372,CUST_000175,TVS_00139,2025-12-16,True
WL_0002373,CUST_000175,MOV_00337,2025-04-27,True
WL_0002374,CUST_000175,MOV_00117,2025-11-22,True
WL_0002375,CUST_000175,MOV_00414,2026-01-04,True
WL_0002376,CUST_000175,TVS_00139,2025-10-22,True
WL_0002377,CUST_000175,MOV_00206,2026-01-15,True
WL_0002378,CUST_000175,TVS_00100,2025-08-25,True
WL_0002379,CUST_000175,MOV_00422,2025-05-04,True
WL_0002380,CUST_000175,TVS_00136,2025-09-21,False
WL_0002381,CUST_000175,MOV_00329,2025-09-14,False
WL_0002382,CUST_000176,MOV_00330,2025-10-28,True
WL_0002383,CUST_000176,MOV_00469,2025-08-20,False
WL_0002384,CUST_000176,MOV_00144,2025-10-07,True
WL_0002385,CUST_000176,TVS_00167,2025-09-14,True
WL_0002386,CUST_000176,MOV_00408,2025-11-20,False
WL_0002387,CUST_000176,TVS_00084,2025-10-05,False
WL_0002388,CUST_000176,MOV_00386,2025-11-18,False
WL_0002389,CUST_000176,MOV_00167,2025-12-08,False
WL_0002390,CUST_000176,MOV_00073,2025-09-23,True
WL_0002391,CUST_000176,TVS_00138,2025-12-08,True
WL_0002392,CUST_000176,MOV_00497,2025-10-24,False
WL_0002393,CUST_000176,MOV_00172,2025-10-08,True
WL_0002394,CUST_000176,MOV_00471,2025-10-14,True
WL_0002395,CUST_000176,MOV_00259,2025-11-24,True
WL_0002396,CUST_000176,MOV_00068,2025-10-11,False
WL_0002397,CUST_000176,TVS_00096,2025-09-24,True
WL_0002398,CUST_000176,MOV_00374,2025-08-31,False
WL_0002399,CUST_000176,MOV_00414,2025-10-15,False
WL_0002400,CUST_000176,MOV_00047,2025-11-28,True
WL_0002401,CUST_000176,MOV_00044,2025-09-13,False
WL_0002402,CUST_000176,MOV_00471,2025-12-08,True
WL_0002403,CUST_000176,TVS_00029,2025-10-15,False
WL_0002404,CUST_000177,TVS_00054,2025-12-08,False
WL_0002405,CUST_000177,MOV_00061,2026-02-03,True
WL_0002406,CUST_000177,MOV_00346,2025-09-25,True
WL_0002407,CUST_000177,MOV_00296,2026-02-01,True
WL_0002408,CUST_000177,MOV_00462,2025-09-03,True
WL_0002409,CUST_000177,MOV_00288,2025-10-29,True
WL_0002410,CUST_000177,MOV_00228,2026-03-12,True
WL_0002411,CUST_000177,MOV_00301,2025-07-10,True
WL_0002412,CUST_000177,MOV_00351,2026-01-19,True
WL_0002413,CUST_000177,MOV_00106,2025-10-10,True
WL_0002414,CUST_000177,MOV_00140,2025-08-31,True
WL_0002415,CUST_000177,TVS_00081,2026-01-31,True
WL_0002416,CUST_000177,MOV_00316,2026-02-22,True
WL_0002417,CUST_000177,MOV_00127,2025-09-13,False
WL_0002418,CUST_000177,MOV_00402,2025-07-23,True
WL_0002419,CUST_000177,MOV_00223,2025-07-10,True
WL_0002420,CUST_000177,MOV_00096,2025-10-30,True
WL_0002421,CUST_000177,MOV_00424,2025-07-18,True
WL_0002422,CUST_000177,MOV_00496,2026-01-10,True
WL_0002423,CUST_000177,MOV_00439,2026-03-14,False
WL_0002424,CUST_000177,MOV_00015,2025-07-23,False
WL_0002425,CUST_000177,TVS_00142,2025-09-17,True
WL_0002426,CUST_000177,TVS_00139,2026-03-31,True
WL_0002427,CUST_000178,MOV_00450,2025-11-19,False
WL_0002428,CUST_000178,MOV_00498,2025-11-22,False
WL_0002429,CUST_000178,MOV_00012,2026-01-11,True
WL_0002430,CUST_000179,TVS_00095,2025-06-13,True
WL_0002431,CUST_000179,MOV_00031,2025-07-17,False
WL_0002432,CUST_000179,TVS_00072,2025-02-19,False
WL_0002433,CUST_000179,MOV_00499,2025-04-02,True
WL_0002434,CUST_000179,MOV_00433,2025-04-11,False
WL_0002435,CUST_000179,MOV_00492,2025-12-09,True
WL_0002436,CUST_000179,MOV_00035,2026-01-24,False
WL_0002437,CUST_000179,MOV_00077,2025-10-03,False
WL_0002438,CUST_000179,TVS_00071,2026-01-29,True
WL_0002439,CUST_000179,MOV_00477,2025-12-30,True
WL_0002440,CUST_000179,MOV_00026,2025-10-09,False
WL_0002441,CUST_000179,TVS_00066,2025-01-11,True
WL_0002442,CUST_000179,TVS_00162,2025-03-18,True
WL_0002443,CUST_000179,MOV_00183,2025-05-16,True
WL_0002444,CUST_000179,TVS_00124,2025-04-19,True
WL_0002445,CUST_000179,MOV_00017,2026-01-25,True
WL_0002446,CUST_000179,MOV_00433,2026-03-08,False
WL_0002447,CUST_000179,MOV_00154,2025-05-30,True
WL_0002448,CUST_000180,MOV_00454,2024-06-22,False
WL_0002449,CUST_000180,TVS_00183,2025-08-24,True
WL_0002450,CUST_000180,MOV_00463,2026-03-04,True
WL_0002451,CUST_000180,MOV_00090,2024-12-17,False
WL_0002452,CUST_000180,MOV_00402,2025-05-28,True
WL_0002453,CUST_000180,MOV_00215,2025-12-05,False
WL_0002454,CUST_000180,MOV_00142,2024-06-13,False
WL_0002455,CUST_000180,MOV_00256,2026-03-23,True
WL_0002456,CUST_000180,MOV_00343,2026-01-24,True
WL_0002457,CUST_000180,TVS_00053,2024-07-04,True
WL_0002458,CUST_000180,TVS_00092,2024-08-03,True
WL_0002459,CUST_000180,MOV_00244,2025-04-07,True
WL_0002460,CUST_000180,MOV_00409,2025-06-29,True
WL_0002461,CUST_000180,MOV_00028,2025-07-05,True
WL_0002462,CUST_000180,MOV_00238,2024-09-10,True
WL_0002463,CUST_000180,MOV_00056,2024-06-29,False
WL_0002464,CUST_000181,TVS_00151,2024-12-11,True
WL_0002465,CUST_000181,MOV_00073,2025-03-06,False
WL_0002466,CUST_000181,TVS_00179,2024-12-18,True
WL_0002467,CUST_000181,MOV_00286,2025-03-26,False
WL_0002468,CUST_000181,MOV_00022,2025-09-06,True
WL_0002469,CUST_000181,MOV_00006,2024-12-30,True
WL_0002470,CUST_000181,MOV_00063,2026-04-11,True
WL_0002471,CUST_000181,TVS_00167,2025-08-19,True
WL_0002472,CUST_000181,MOV_00458,2024-12-13,False
WL_0002473,CUST_000181,TVS_00187,2025-08-21,False
WL_0002474,CUST_000181,MOV_00349,2025-12-21,True
WL_0002475,CUST_000181,MOV_00240,2025-11-24,True
WL_0002476,CUST_000181,MOV_00467,2025-11-11,True
WL_0002477,CUST_000181,TVS_00056,2025-10-26,False
WL_0002478,CUST_000181,MOV_00415,2026-02-12,True
WL_0002479,CUST_000181,TVS_00176,2025-07-22,True
WL_0002480,CUST_000181,TVS_00061,2025-10-18,True
WL_0002481,CUST_000181,MOV_00415,2025-10-06,False
WL_0002482,CUST_000181,MOV_00004,2024-10-13,True
WL_0002483,CUST_000182,TVS_00107,2025-02-10,True
WL_0002484,CUST_000182,TVS_00164,2025-08-06,False
WL_0002485,CUST_000182,TVS_00160,2025-04-25,False
WL_0002486,CUST_000182,TVS_00108,2025-05-25,True
WL_0002487,CUST_000182,TVS_00138,2025-04-12,True
WL_0002488,CUST_000182,MOV_00226,2025-03-21,False
WL_0002489,CUST_000182,TVS_00174,2026-03-16,True
WL_0002490,CUST_000182,TVS_00108,2025-04-24,True
WL_0002491,CUST_000182,MOV_00175,2026-01-09,False
WL_0002492,CUST_000182,MOV_00183,2025-12-23,True
WL_0002493,CUST_000182,MOV_00268,2026-01-16,True
WL_0002494,CUST_000183,MOV_00378,2026-01-24,True
WL_0002495,CUST_000183,MOV_00391,2026-01-06,True
WL_0002496,CUST_000183,TVS_00082,2025-12-17,True
WL_0002497,CUST_000183,TVS_00043,2025-12-10,False
WL_0002498,CUST_000183,MOV_00350,2026-01-31,False
WL_0002499,CUST_000183,MOV_00182,2025-11-30,False
WL_0002500,CUST_000183,MOV_00359,2025-12-31,True
WL_0002501,CUST_000183,MOV_00040,2026-03-13,True
WL_0002502,CUST_000183,MOV_00178,2026-02-15,False
WL_0002503,CUST_000183,MOV_00234,2025-12-29,True
WL_0002504,CUST_000183,TVS_00128,2026-03-20,True
WL_0002505,CUST_000183,TVS_00003,2025-12-10,True
WL_0002506,CUST_000183,TVS_00082,2025-12-12,True
WL_0002507,CUST_000183,TVS_00036,2025-12-06,False
WL_0002508,CUST_000183,MOV_00083,2025-12-08,True
WL_0002509,CUST_000183,TVS_00149,2026-01-17,True
WL_0002510,CUST_000183,MOV_00154,2025-12-21,True
WL_0002511,CUST_000183,MOV_00412,2026-02-07,True
WL_0002512,CUST_000183,MOV_00411,2025-12-28,False
WL_0002513,CUST_000183,MOV_00101,2026-02-23,True
WL_0002514,CUST_000183,TVS_00111,2026-02-02,False
WL_0002515,CUST_000184,MOV_00152,2026-03-11,True
WL_0002516,CUST_000184,TVS_00117,2026-02-17,True
WL_0002517,CUST_000184,MOV_00435,2024-10-06,True
WL_0002518,CUST_000184,MOV_00115,2024-12-16,False
WL_0002519,CUST_000184,MOV_00334,2024-11-03,False
WL_0002520,CUST_000184,TVS_00085,2024-09-29,True
WL_0002521,CUST_000184,MOV_00345,2024-10-12,False
WL_0002522,CUST_000184,TVS_00179,2026-01-18,False
WL_0002523,CUST_000184,MOV_00378,2025-06-09,False
WL_0002524,CUST_000184,MOV_00114,2025-05-29,True
WL_0002525,CUST_000184,MOV_00038,2024-12-07,False
WL_0002526,CUST_000184,MOV_00499,2024-12-15,True
WL_0002527,CUST_000184,MOV_00037,2025-11-02,True
WL_0002528,CUST_000185,MOV_00455,2026-03-28,False
WL_0002529,CUST_000185,MOV_00265,2026-01-21,False
WL_0002530,CUST_000185,MOV_00438,2026-02-03,True
WL_0002531,CUST_000185,TVS_00078,2025-12-15,False
WL_0002532,CUST_000185,MOV_00448,2026-03-30,True
WL_0002533,CUST_000185,MOV_00448,2025-12-29,False
WL_0002534,CUST_000186,MOV_00315,2026-01-09,True
WL_0002535,CUST_000186,TVS_00022,2025-11-15,False
WL_0002536,CUST_000186,TVS_00168,2026-01-28,True
WL_0002537,CUST_000186,MOV_00302,2026-02-10,False
WL_0002538,CUST_000186,MOV_00200,2026-01-21,False
WL_0002539,CUST_000186,TVS_00120,2026-02-12,True
WL_0002540,CUST_000186,MOV_00014,2025-11-13,False
WL_0002541,CUST_000186,TVS_00083,2026-02-16,True
WL_0002542,CUST_000186,MOV_00017,2025-09-27,False
WL_0002543,CUST_000186,MOV_00451,2026-03-29,False
WL_0002544,CUST_000186,MOV_00477,2026-03-10,True
WL_0002545,CUST_000187,MOV_00425,2026-02-26,True
WL_0002546,CUST_000187,TVS_00044,2026-02-22,True
WL_0002547,CUST_000187,MOV_00303,2026-03-05,False
WL_0002548,CUST_000187,MOV_00465,2026-02-19,True
WL_0002549,CUST_000187,MOV_00118,2026-02-21,True
WL_0002550,CUST_000187,MOV_00209,2026-03-09,False
WL_0002551,CUST_000187,MOV_00438,2026-03-25,True
WL_0002552,CUST_000187,MOV_00392,2026-03-13,True
WL_0002553,CUST_000187,MOV_00173,2026-04-05,False
WL_0002554,CUST_000187,MOV_00261,2026-03-11,False
WL_0002555,CUST_000187,MOV_00252,2026-03-21,True
WL_0002556,CUST_000187,MOV_00213,2026-03-23,True
WL_0002557,CUST_000187,MOV_00133,2026-03-30,False
WL_0002558,CUST_000187,MOV_00447,2026-04-07,False
WL_0002559,CUST_000187,MOV_00496,2026-03-23,True
WL_0002560,CUST_000188,MOV_00227,2026-03-10,True
WL_0002561,CUST_000188,MOV_00080,2025-12-16,True
WL_0002562,CUST_000188,TVS_00199,2025-04-28,True
WL_0002563,CUST_000188,TVS_00113,2025-04-10,False
WL_0002564,CUST_000188,TVS_00180,2025-09-27,False
WL_0002565,CUST_000188,MOV_00347,2025-10-24,True
WL_0002566,CUST_000189,MOV_00259,2025-02-07,True
WL_0002567,CUST_000189,TVS_00125,2026-03-01,False
WL_0002568,CUST_000189,TVS_00072,2025-04-06,True
WL_0002569,CUST_000189,TVS_00065,2025-05-25,True
WL_0002570,CUST_000189,MOV_00446,2024-08-23,False
WL_0002571,CUST_000189,TVS_00020,2025-11-02,False
WL_0002572,CUST_000189,TVS_00009,2025-02-06,False
WL_0002573,CUST_000189,TVS_00159,2024-07-10,False
WL_0002574,CUST_000189,MOV_00114,2024-10-20,True
WL_0002575,CUST_000189,TVS_00138,2025-10-05,True
WL_0002576,CUST_000189,MOV_00067,2024-10-31,True
WL_0002577,CUST_000189,TVS_00065,2024-11-18,True
WL_0002578,CUST_000189,MOV_00012,2026-04-04,True
WL_0002579,CUST_000189,MOV_00221,2025-04-23,True
WL_0002580,CUST_000190,MOV_00497,2025-11-16,False
WL_0002581,CUST_000190,TVS_00077,2025-10-11,False
WL_0002582,CUST_000190,MOV_00034,2026-03-06,True
WL_0002583,CUST_000190,MOV_00206,2025-04-25,True
WL_0002584,CUST_000190,MOV_00009,2025-07-10,True
WL_0002585,CUST_000190,MOV_00326,2026-01-15,True
WL_0002586,CUST_000190,MOV_00198,2025-10-06,True
WL_0002587,CUST_000190,MOV_00090,2025-12-17,False
WL_0002588,CUST_000190,MOV_00281,2025-04-12,True
WL_0002589,CUST_000190,MOV_00322,2025-07-29,True
WL_0002590,CUST_000190,MOV_00472,2025-11-16,False
WL_0002591,CUST_000190,MOV_00397,2026-01-06,False
WL_0002592,CUST_000190,MOV_00471,2026-03-31,False
WL_0002593,CUST_000190,MOV_00410,2026-02-07,True
WL_0002594,CUST_000190,MOV_00203,2025-08-09,True
WL_0002595,CUST_000190,MOV_00302,2025-09-26,True
WL_0002596,CUST_000190,TVS_00058,2025-07-04,False
WL_0002597,CUST_000190,TVS_00001,2025-07-16,True
WL_0002598,CUST_000190,TVS_00054,2025-10-18,True
WL_0002599,CUST_000190,TVS_00054,2026-02-22,True
WL_0002600,CUST_000190,MOV_00052,2025-06-17,True
WL_0002601,CUST_000190,MOV_00460,2025-05-13,True
WL_0002602,CUST_000190,MOV_00394,2025-12-09,False
WL_0002603,CUST_000191,TVS_00190,2025-11-30,True
WL_0002604,CUST_000191,MOV_00367,2026-01-04,True
WL_0002605,CUST_000191,TVS_00172,2026-01-20,False
WL_0002606,CUST_000191,TVS_00125,2026-02-22,True
WL_0002607,CUST_000192,MOV_00364,2025-05-28,True
WL_0002608,CUST_000192,MOV_00226,2025-08-06,True
WL_0002609,CUST_000192,MOV_00497,2025-12-05,True
WL_0002610,CUST_000192,MOV_00174,2026-03-20,True
WL_0002611,CUST_000192,MOV_00008,2025-08-30,True
WL_0002612,CUST_000192,TVS_00084,2024-10-12,False
WL_0002613,CUST_000192,MOV_00119,2025-01-24,True
WL_0002614,CUST_000192,MOV_00207,2025-11-15,False
WL_0002615,CUST_000192,MOV_00008,2026-04-05,False
WL_0002616,CUST_000192,TVS_00130,2025-08-27,True
WL_0002617,CUST_000192,TVS_00197,2024-11-29,True
WL_0002618,CUST_000192,MOV_00102,2025-06-23,True
WL_0002619,CUST_000192,MOV_00394,2025-09-25,True
WL_0002620,CUST_000192,MOV_00364,2025-07-01,True
WL_0002621,CUST_000192,MOV_00394,2025-04-07,True
WL_0002622,CUST_000193,MOV_00279,2025-12-06,False
WL_0002623,CUST_000193,MOV_00279,2026-03-20,False
WL_0002624,CUST_000193,MOV_00456,2026-04-09,True
WL_0002625,CUST_000193,MOV_00009,2025-07-24,False
WL_0002626,CUST_000193,MOV_00156,2026-02-06,True
WL_0002627,CUST_000193,MOV_00454,2025-10-07,True
WL_0002628,CUST_000193,MOV_00249,2026-01-28,True
WL_0002629,CUST_000193,MOV_00370,2025-08-14,False
WL_0002630,CUST_000193,TVS_00194,2025-11-23,True
WL_0002631,CUST_000193,MOV_00446,2025-06-28,True
WL_0002632,CUST_000193,MOV_00268,2025-05-23,False
WL_0002633,CUST_000193,TVS_00154,2025-12-30,True
WL_0002634,CUST_000193,MOV_00426,2025-06-12,True
WL_0002635,CUST_000194,TVS_00077,2025-01-28,True
WL_0002636,CUST_000194,MOV_00300,2026-01-05,True
WL_0002637,CUST_000194,TVS_00136,2025-01-06,False
WL_0002638,CUST_000195,MOV_00281,2025-07-17,True
WL_0002639,CUST_000195,MOV_00095,2025-08-29,False
WL_0002640,CUST_000195,TVS_00107,2025-07-08,True
WL_0002641,CUST_000195,MOV_00155,2024-11-07,False
WL_0002642,CUST_000195,TVS_00001,2025-01-06,True
WL_0002643,CUST_000195,MOV_00408,2025-04-28,False
WL_0002644,CUST_000195,MOV_00119,2025-08-14,True
WL_0002645,CUST_000195,MOV_00174,2025-08-17,True
WL_0002646,CUST_000195,MOV_00243,2025-08-21,True
WL_0002647,CUST_000195,MOV_00294,2024-11-13,False
WL_0002648,CUST_000195,TVS_00025,2025-04-30,False
WL_0002649,CUST_000195,MOV_00228,2025-09-30,False
WL_0002650,CUST_000195,MOV_00378,2025-07-13,True
WL_0002651,CUST_000195,MOV_00478,2025-01-09,True
WL_0002652,CUST_000195,MOV_00281,2025-06-26,True
WL_0002653,CUST_000196,MOV_00133,2026-04-02,True
WL_0002654,CUST_000196,TVS_00125,2025-12-24,True
WL_0002655,CUST_000196,TVS_00127,2025-12-23,False
WL_0002656,CUST_000196,TVS_00142,2026-02-13,False
WL_0002657,CUST_000196,MOV_00347,2025-12-12,True
WL_0002658,CUST_000196,TVS_00043,2025-11-21,True
WL_0002659,CUST_000196,MOV_00367,2026-03-19,False
WL_0002660,CUST_000196,MOV_00212,2026-02-07,False
WL_0002661,CUST_000196,MOV_00301,2025-12-24,False
WL_0002662,CUST_000196,MOV_00439,2026-03-07,True
WL_0002663,CUST_000196,TVS_00190,2026-02-25,True
WL_0002664,CUST_000196,MOV_00011,2026-01-30,True
WL_0002665,CUST_000196,MOV_00488,2026-04-08,False
WL_0002666,CUST_000197,MOV_00439,2026-01-19,True
WL_0002667,CUST_000197,TVS_00054,2026-03-18,True
WL_0002668,CUST_000197,MOV_00278,2026-02-16,False
WL_0002669,CUST_000197,TVS_00115,2026-02-12,True
WL_0002670,CUST_000197,TVS_00009,2026-01-26,True
WL_0002671,CUST_000197,MOV_00433,2026-03-30,True
WL_0002672,CUST_000197,MOV_00075,2026-01-25,False
WL_0002673,CUST_000197,MOV_00169,2026-03-16,True
WL_0002674,CUST_000197,MOV_00157,2026-02-01,True
WL_0002675,CUST_000197,MOV_00388,2026-04-04,False
WL_0002676,CUST_000197,MOV_00310,2026-01-14,True
WL_0002677,CUST_000197,MOV_00067,2026-04-02,True
WL_0002678,CUST_000197,MOV_00165,2026-02-18,False
WL_0002679,CUST_000197,TVS_00054,2026-02-10,False
WL_0002680,CUST_000197,MOV_00495,2026-03-20,False
WL_0002681,CUST_000197,MOV_00190,2026-04-10,True
WL_0002682,CUST_000197,MOV_00466,2026-04-08,True
WL_0002683,CUST_000197,MOV_00435,2026-03-21,False
WL_0002684,CUST_000197,MOV_00085,2026-03-14,False
WL_0002685,CUST_000197,TVS_00087,2026-03-30,False
WL_0002686,CUST_000197,MOV_00361,2026-03-15,False
WL_0002687,CUST_000197,MOV_00128,2026-01-31,True
WL_0002688,CUST_000197,TVS_00081,2026-03-16,True
WL_0002689,CUST_000197,MOV_00032,2026-03-04,True
WL_0002690,CUST_000198,TVS_00165,2025-04-01,True
WL_0002691,CUST_000198,MOV_00304,2026-01-04,False
WL_0002692,CUST_000198,TVS_00170,2025-07-10,True
WL_0002693,CUST_000198,TVS_00019,2026-03-01,True
WL_0002694,CUST_000198,TVS_00046,2025-07-05,True
WL_0002695,CUST_000198,MOV_00256,2024-12-17,True
WL_0002696,CUST_000198,MOV_00456,2025-11-06,True
WL_0002697,CUST_000198,TVS_00108,2026-03-16,True
WL_0002698,CUST_000198,MOV_00040,2025-01-11,True
WL_0002699,CUST_000198,TVS_00023,2025-11-25,True
WL_0002700,CUST_000199,TVS_00138,2026-03-20,True
WL_0002701,CUST_000199,MOV_00352,2025-09-16,False
WL_0002702,CUST_000199,MOV_00035,2025-12-30,False
WL_0002703,CUST_000199,MOV_00380,2026-01-06,True
WL_0002704,CUST_000199,TVS_00013,2025-12-03,False
WL_0002705,CUST_000199,MOV_00478,2025-11-16,True
WL_0002706,CUST_000199,MOV_00374,2025-09-15,False
WL_0002707,CUST_000199,MOV_00283,2026-04-13,True
WL_0002708,CUST_000199,MOV_00215,2026-02-02,False
WL_0002709,CUST_000199,MOV_00388,2025-12-01,False
WL_0002710,CUST_000199,MOV_00486,2026-01-15,False
WL_0002711,CUST_000199,MOV_00408,2025-10-21,False
WL_0002712,CUST_000199,MOV_00197,2025-08-07,False
WL_0002713,CUST_000199,MOV_00005,2026-05-20,False
WL_0002714,CUST_000199,MOV_00028,2026-04-20,False
WL_0002715,CUST_000199,MOV_00200,2025-09-28,False
WL_0002716,CUST_000199,MOV_00225,2026-03-23,False
WL_0002717,CUST_000199,MOV_00068,2025-08-21,True
WL_0002718,CUST_000200,MOV_00451,2025-08-19,False
WL_0002719,CUST_000200,TVS_00044,2026-01-22,True
WL_0002720,CUST_000200,MOV_00257,2026-04-10,True
WL_0002721,CUST_000200,TVS_00072,2025-06-18,True
WL_0002722,CUST_000200,MOV_00341,2025-01-23,False
WL_0002723,CUST_000200,TVS_00127,2025-04-23,False
WL_0002724,CUST_000201,MOV_00233,2025-11-05,True
WL_0002725,CUST_000201,MOV_00275,2026-03-27,True
WL_0002726,CUST_000201,TVS_00021,2025-04-09,True
WL_0002727,CUST_000201,TVS_00188,2025-11-22,True
WL_0002728,CUST_000201,MOV_00049,2024-06-27,True
WL_0002729,CUST_000201,MOV_00448,2025-12-29,False
WL_0002730,CUST_000201,MOV_00309,2024-06-19,True
WL_0002731,CUST_000201,MOV_00275,2024-04-28,True
WL_0002732,CUST_000201,TVS_00031,2025-07-17,False
WL_0002733,CUST_000201,MOV_00320,2026-03-23,True
WL_0002734,CUST_000201,TVS_00158,2025-11-26,False
WL_0002735,CUST_000201,MOV_00194,2025-10-29,False
WL_0002736,CUST_000201,MOV_00303,2025-08-07,True
WL_0002737,CUST_000201,MOV_00458,2025-12-21,True
WL_0002738,CUST_000202,TVS_00132,2026-07-13,True
WL_0002739,CUST_000202,MOV_00045,2026-04-19,True
WL_0002740,CUST_000202,TVS_00194,2026-03-10,True
WL_0002741,CUST_000202,TVS_00193,2026-06-15,False
WL_0002742,CUST_000202,MOV_00322,2026-05-14,False
WL_0002743,CUST_000202,MOV_00257,2026-05-28,True
WL_0002744,CUST_000202,TVS_00172,2026-02-28,False
WL_0002745,CUST_000202,MOV_00464,2026-03-09,True
WL_0002746,CUST_000202,MOV_00140,2026-06-28,True
WL_0002747,CUST_000202,TVS_00034,2026-05-06,True
WL_0002748,CUST_000202,MOV_00175,2026-07-06,True
WL_0002749,CUST_000202,MOV_00265,2026-05-27,False
WL_0002750,CUST_000202,MOV_00465,2026-05-24,False
WL_0002751,CUST_000202,MOV_00113,2026-04-08,False
WL_0002752,CUST_000202,TVS_00098,2026-07-02,True
WL_0002753,CUST_000202,TVS_00186,2026-07-07,False
WL_0002754,CUST_000202,MOV_00199,2026-05-03,False
WL_0002755,CUST_000202,MOV_00230,2026-07-08,False
WL_0002756,CUST_000202,TVS_00157,2026-04-22,True
WL_0002757,CUST_000202,MOV_00397,2026-05-13,False
WL_0002758,CUST_000202,MOV_00164,2026-07-10,True
WL_0002759,CUST_000202,MOV_00081,2026-07-25,False
WL_0002760,CUST_000202,MOV_00379,2026-07-29,True
WL_0002761,CUST_000202,MOV_00311,2026-06-30,False
WL_0002762,CUST_000202,TVS_00106,2026-06-03,True
WL_0002763,CUST_000203,MOV_00308,2025-01-09,True
WL_0002764,CUST_000203,MOV_00116,2025-05-24,True
WL_0002765,CUST_000203,MOV_00284,2025-12-01,False
WL_0002766,CUST_000203,TVS_00081,2025-03-17,False
WL_0002767,CUST_000203,TVS_00104,2025-06-15,True
WL_0002768,CUST_000203,TVS_00007,2025-09-28,True
WL_0002769,CUST_000203,MOV_00079,2025-05-27,False
WL_0002770,CUST_000203,MOV_00433,2025-02-05,True
WL_0002771,CUST_000203,MOV_00365,2026-01-09,True
WL_0002772,CUST_000203,MOV_00021,2025-11-04,False
WL_0002773,CUST_000203,MOV_00487,2025-06-15,False
WL_0002774,CUST_000203,MOV_00074,2025-07-30,True
WL_0002775,CUST_000203,MOV_00021,2025-10-01,True
WL_0002776,CUST_000203,MOV_00012,2025-10-11,True
WL_0002777,CUST_000203,TVS_00168,2025-03-06,True
WL_0002778,CUST_000204,MOV_00413,2024-08-06,True
WL_0002779,CUST_000204,MOV_00440,2025-12-30,True
WL_0002780,CUST_000204,MOV_00467,2024-10-07,False
WL_0002781,CUST_000204,MOV_00485,2025-08-14,True
WL_0002782,CUST_000204,TVS_00136,2024-09-16,True
WL_0002783,CUST_000204,MOV_00000,2026-03-29,True
WL_0002784,CUST_000204,TVS_00134,2024-12-26,True
WL_0002785,CUST_000204,MOV_00372,2026-01-10,True
WL_0002786,CUST_000204,MOV_00155,2025-06-07,True
WL_0002787,CUST_000204,MOV_00372,2026-04-07,True
WL_0002788,CUST_000204,TVS_00118,2025-11-19,False
WL_0002789,CUST_000204,MOV_00472,2024-09-17,False
WL_0002790,CUST_000204,TVS_00084,2025-06-26,True
WL_0002791,CUST_000204,TVS_00035,2025-05-14,False
WL_0002792,CUST_000204,MOV_00394,2025-06-07,False
WL_0002793,CUST_000205,MOV_00027,2026-02-06,False
WL_0002794,CUST_000205,MOV_00377,2025-10-05,True
WL_0002795,CUST_000205,MOV_00197,2026-03-27,True
WL_0002796,CUST_000205,TVS_00079,2026-02-19,False
WL_0002797,CUST_000205,TVS_00068,2026-03-25,False
WL_0002798,CUST_000205,MOV_00198,2026-03-15,True
WL_0002799,CUST_000205,MOV_00305,2025-10-05,False
WL_0002800,CUST_000206,MOV_00394,2026-03-01,False
WL_0002801,CUST_000206,MOV_00136,2026-01-17,True
WL_0002802,CUST_000206,TVS_00099,2026-01-18,False
WL_0002803,CUST_000206,MOV_00451,2026-01-22,False
WL_0002804,CUST_000206,MOV_00038,2026-01-17,True
WL_0002805,CUST_000206,MOV_00189,2026-03-13,True
WL_0002806,CUST_000206,MOV_00428,2026-03-30,True
WL_0002807,CUST_000206,MOV_00038,2026-03-22,True
WL_0002808,CUST_000206,MOV_00098,2026-03-11,False
WL_0002809,CUST_000206,TVS_00097,2026-04-03,False
WL_0002810,CUST_000206,MOV_00428,2026-04-11,True
WL_0002811,CUST_000206,TVS_00036,2026-01-13,True
WL_0002812,CUST_000206,MOV_00294,2026-01-06,True
WL_0002813,CUST_000206,MOV_00036,2026-02-28,True
WL_0002814,CUST_000207,MOV_00230,2025-08-29,False
WL_0002815,CUST_000207,MOV_00329,2025-06-30,True
WL_0002816,CUST_000207,MOV_00182,2025-10-18,True
WL_0002817,CUST_000207,MOV_00129,2025-08-31,False
WL_0002818,CUST_000207,TVS_00152,2025-05-10,True
WL_0002819,CUST_000207,MOV_00215,2025-06-20,True
WL_0002820,CUST_000207,MOV_00255,2026-03-12,False
WL_0002821,CUST_000208,MOV_00270,2025-05-22,True
WL_0002822,CUST_000208,MOV_00160,2025-04-21,True
WL_0002823,CUST_000208,MOV_00419,2025-08-31,True
WL_0002824,CUST_000208,TVS_00025,2025-12-25,False
WL_0002825,CUST_000208,MOV_00337,2026-01-18,True
WL_0002826,CUST_000208,MOV_00176,2026-01-03,True
WL_0002827,CUST_000208,MOV_00321,2025-11-14,False
WL_0002828,CUST_000208,MOV_00065,2025-05-11,True
WL_0002829,CUST_000208,MOV_00136,2026-03-27,False
WL_0002830,CUST_000208,TVS_00124,2026-03-21,False
WL_0002831,CUST_000208,MOV_00176,2026-01-25,True
WL_0002832,CUST_000208,MOV_00379,2025-11-27,True
WL_0002833,CUST_000208,MOV_00189,2024-12-29,False
WL_0002834,CUST_000208,MOV_00040,2025-01-24,True
WL_0002835,CUST_000208,MOV_00459,2025-01-07,False
WL_0002836,CUST_000208,MOV_00304,2025-03-01,True
WL_0002837,CUST_000208,TVS_00118,2025-06-07,True
WL_0002838,CUST_000208,MOV_00045,2025-07-04,True
WL_0002839,CUST_000209,MOV_00410,2025-09-21,True
WL_0002840,CUST_000209,MOV_00475,2025-10-07,True
WL_0002841,CUST_000209,MOV_00315,2026-06-19,False
WL_0002842,CUST_000209,TVS_00099,2026-05-20,False
WL_0002843,CUST_000209,MOV_00281,2026-03-10,True
WL_0002844,CUST_000209,MOV_00204,2026-05-25,False
WL_0002845,CUST_000209,MOV_00388,2025-09-01,True
WL_0002846,CUST_000210,MOV_00247,2025-02-20,True
WL_0002847,CUST_000210,MOV_00139,2025-02-25,False
WL_0002848,CUST_000210,TVS_00109,2025-12-05,True
WL_0002849,CUST_000210,MOV_00247,2025-12-24,False
WL_0002850,CUST_000210,MOV_00360,2024-08-26,True
WL_0002851,CUST_000210,MOV_00316,2025-07-07,False
WL_0002852,CUST_000210,MOV_00270,2025-02-18,False
WL_0002853,CUST_000210,MOV_00177,2026-03-31,True
WL_0002854,CUST_000210,MOV_00241,2025-09-18,False
WL_0002855,CUST_000210,MOV_00078,2024-12-08,False
WL_0002856,CUST_000211,TVS_00152,2025-12-28,True
WL_0002857,CUST_000211,MOV_00315,2026-01-27,False
WL_0002858,CUST_000211,TVS_00028,2025-03-22,True
WL_0002859,CUST_000211,MOV_00288,2025-08-22,True
WL_0002860,CUST_000211,MOV_00042,2025-08-02,True
WL_0002861,CUST_000211,MOV_00182,2025-07-21,False
WL_0002862,CUST_000211,MOV_00206,2025-10-12,True
WL_0002863,CUST_000211,MOV_00211,2025-10-22,True
WL_0002864,CUST_000211,TVS_00154,2025-06-03,True
WL_0002865,CUST_000211,MOV_00136,2025-11-14,True
WL_0002866,CUST_000212,MOV_00483,2025-11-03,False
WL_0002867,CUST_000212,MOV_00468,2025-03-29,True
WL_0002868,CUST_000212,MOV_00306,2025-02-13,True
WL_0002869,CUST_000212,TVS_00005,2025-01-26,True
WL_0002870,CUST_000212,TVS_00029,2024-09-08,True
WL_0002871,CUST_000212,MOV_00269,2026-02-27,False
WL_0002872,CUST_000212,TVS_00101,2024-10-26,True
WL_0002873,CUST_000212,MOV_00254,2025-10-29,False
WL_0002874,CUST_000212,TVS_00165,2025-08-03,True
WL_0002875,CUST_000213,MOV_00311,2025-04-03,False
WL_0002876,CUST_000213,MOV_00135,2024-11-04,True
WL_0002877,CUST_000213,MOV_00383,2024-11-22,False
WL_0002878,CUST_000213,MOV_00007,2024-12-12,True
WL_0002879,CUST_000213,MOV_00047,2024-12-05,True
WL_0002880,CUST_000213,MOV_00055,2025-03-06,False
WL_0002881,CUST_000213,MOV_00245,2025-03-09,True
WL_0002882,CUST_000213,MOV_00123,2025-04-25,True
WL_0002883,CUST_000213,MOV_00208,2025-03-06,True
WL_0002884,CUST_000213,MOV_00214,2025-08-12,True
WL_0002885,CUST_000213,TVS_00152,2026-04-03,True
WL_0002886,CUST_000213,TVS_00034,2024-11-18,False
WL_0002887,CUST_000213,TVS_00023,2025-07-16,True
WL_0002888,CUST_000213,MOV_00407,2024-12-09,True
WL_0002889,CUST_000213,MOV_00227,2025-07-01,True
WL_0002890,CUST_000213,MOV_00469,2025-03-23,True
WL_0002891,CUST_000213,MOV_00352,2025-11-10,True
WL_0002892,CUST_000213,MOV_00135,2025-01-22,False
WL_0002893,CUST_000213,MOV_00102,2025-08-03,False
WL_0002894,CUST_000213,MOV_00187,2025-12-01,True
WL_0002895,CUST_000213,TVS_00161,2025-04-30,False
WL_0002896,CUST_000214,MOV_00138,2025-03-25,False
WL_0002897,CUST_000214,TVS_00149,2025-05-14,False
WL_0002898,CUST_000214,TVS_00060,2026-01-09,True
WL_0002899,CUST_000214,MOV_00444,2025-02-12,True
WL_0002900,CUST_000214,MOV_00100,2025-09-24,False
WL_0002901,CUST_000214,MOV_00020,2026-02-01,True
WL_0002902,CUST_000214,MOV_00092,2026-01-29,True
WL_0002903,CUST_000214,MOV_00004,2025-06-19,True
WL_0002904,CUST_000214,MOV_00479,2025-01-18,True
WL_0002905,CUST_000214,MOV_00490,2024-12-13,True
WL_0002906,CUST_000214,MOV_00043,2025-11-04,True
WL_0002907,CUST_000214,MOV_00438,2026-04-07,True
WL_0002908,CUST_000214,MOV_00195,2025-06-04,True
WL_0002909,CUST_000214,TVS_00182,2025-07-20,True
WL_0002910,CUST_000214,TVS_00119,2025-05-27,False
WL_0002911,CUST_000214,MOV_00092,2025-02-21,True
WL_0002912,CUST_000214,MOV_00293,2025-05-04,True
WL_0002913,CUST_000214,MOV_00143,2025-01-02,False
WL_0002914,CUST_000214,MOV_00163,2025-01-15,True
WL_0002915,CUST_000214,TVS_00092,2025-06-09,False
WL_0002916,CUST_000214,TVS_00177,2025-06-03,True
WL_0002917,CUST_000214,TVS_00153,2025-11-08,True
WL_0002918,CUST_000214,TVS_00020,2025-03-03,False
WL_0002919,CUST_000215,MOV_00186,2024-09-22,False
WL_0002920,CUST_000215,MOV_00393,2024-11-12,False
WL_0002921,CUST_000215,MOV_00274,2024-08-27,True
WL_0002922,CUST_000215,MOV_00382,2024-09-09,False
WL_0002923,CUST_000215,MOV_00223,2024-10-04,False
WL_0002924,CUST_000215,MOV_00106,2024-09-12,False
WL_0002925,CUST_000215,MOV_00011,2024-09-12,False
WL_0002926,CUST_000215,MOV_00196,2024-07-15,True
WL_0002927,CUST_000215,MOV_00372,2024-11-09,False
WL_0002928,CUST_000215,TVS_00199,2024-09-26,False
WL_0002929,CUST_000215,MOV_00497,2024-08-10,False
WL_0002930,CUST_000215,MOV_00463,2024-11-09,True
WL_0002931,CUST_000215,MOV_00052,2024-11-06,True
WL_0002932,CUST_000215,TVS_00054,2024-09-27,False
WL_0002933,CUST_000215,MOV_00033,2024-07-30,False
WL_0002934,CUST_000215,MOV_00255,2024-11-07,False
WL_0002935,CUST_000215,MOV_00468,2024-10-26,True
WL_0002936,CUST_000215,MOV_00430,2024-09-03,True
WL_0002937,CUST_000215,MOV_00033,2024-10-05,False
WL_0002938,CUST_000215,TVS_00059,2024-10-21,False
WL_0002939,CUST_000216,MOV_00476,2025-04-12,False
WL_0002940,CUST_000216,MOV_00425,2025-07-18,True
WL_0002941,CUST_000216,MOV_00307,2025-11-02,False
WL_0002942,CUST_000216,MOV_00030,2026-03-05,False
WL_0002943,CUST_000216,MOV_00494,2025-12-23,True
WL_0002944,CUST_000216,MOV_00193,2026-02-06,True
WL_0002945,CUST_000216,MOV_00494,2024-07-22,True
WL_0002946,CUST_000216,TVS_00113,2024-07-08,True
WL_0002947,CUST_000216,TVS_00034,2026-03-28,True
WL_0002948,CUST_000216,MOV_00137,2026-04-01,True
WL_0002949,CUST_000216,MOV_00194,2025-06-29,True
WL_0002950,CUST_000216,MOV_00194,2025-07-13,True
WL_0002951,CUST_000216,MOV_00458,2026-03-22,False
WL_0002952,CUST_000216,MOV_00356,2025-12-14,False
WL_0002953,CUST_000217,TVS_00078,2025-04-25,True
WL_0002954,CUST_000217,MOV_00060,2024-09-14,False
WL_0002955,CUST_000217,MOV_00333,2024-09-12,True
WL_0002956,CUST_000217,MOV_00019,2024-09-04,False
WL_0002957,CUST_000217,MOV_00091,2024-09-04,True
WL_0002958,CUST_000217,MOV_00484,2025-02-16,True
WL_0002959,CUST_000217,MOV_00069,2025-05-02,False
WL_0002960,CUST_000217,MOV_00291,2026-04-04,True
WL_0002961,CUST_000217,TVS_00199,2025-01-13,False
WL_0002962,CUST_000217,TVS_00018,2025-03-01,True
WL_0002963,CUST_000217,TVS_00138,2024-09-22,True
WL_0002964,CUST_000217,TVS_00128,2025-04-13,True
WL_0002965,CUST_000217,MOV_00054,2025-01-14,True
WL_0002966,CUST_000217,MOV_00284,2024-08-27,True
WL_0002967,CUST_000217,MOV_00310,2025-01-20,True
WL_0002968,CUST_000217,MOV_00203,2026-01-25,False
WL_0002969,CUST_000217,MOV_00300,2025-08-11,False
WL_0002970,CUST_000217,MOV_00086,2024-12-15,True
WL_0002971,CUST_000217,MOV_00354,2024-09-20,True
WL_0002972,CUST_000217,TVS_00125,2026-01-29,True
WL_0002973,CUST_000217,TVS_00137,2025-03-12,True
WL_0002974,CUST_000217,MOV_00070,2024-10-15,True
WL_0002975,CUST_000217,MOV_00459,2024-09-25,True
WL_0002976,CUST_000218,TVS_00133,2025-08-25,True
WL_0002977,CUST_000218,MOV_00419,2025-10-30,False
WL_0002978,CUST_000218,MOV_00225,2025-06-28,True
WL_0002979,CUST_000218,TVS_00159,2025-05-05,True
WL_0002980,CUST_000218,MOV_00073,2026-02-20,True
WL_0002981,CUST_000218,MOV_00000,2026-02-18,True
WL_0002982,CUST_000218,TVS_00055,2024-12-17,False
WL_0002983,CUST_000218,MOV_00132,2026-04-08,True
WL_0002984,CUST_000218,MOV_00202,2025-12-18,True
WL_0002985,CUST_000218,MOV_00466,2024-10-10,True
WL_0002986,CUST_000218,TVS_00081,2024-07-17,True
WL_0002987,CUST_000218,MOV_00311,2024-12-28,False
WL_0002988,CUST_000218,MOV_00050,2025-06-20,False
WL_0002989,CUST_000218,TVS_00070,2024-07-31,True
WL_0002990,CUST_000218,TVS_00006,2024-11-20,True
WL_0002991,CUST_000218,MOV_00322,2025-05-16,True
WL_0002992,CUST_000218,MOV_00296,2025-04-26,True
WL_0002993,CUST_000218,TVS_00061,2024-12-23,False
WL_0002994,CUST_000218,MOV_00165,2025-09-19,True
WL_0002995,CUST_000218,MOV_00378,2024-10-27,True
WL_0002996,CUST_000218,MOV_00398,2024-06-19,True
WL_0002997,CUST_000218,MOV_00090,2024-06-15,False
WL_0002998,CUST_000218,MOV_00090,2024-08-18,False
WL_0002999,CUST_000218,MOV_00141,2024-08-27,True
WL_0003000,CUST_000218,MOV_00258,2025-02-11,True
WL_0003001,CUST_000219,MOV_00193,2025-04-01,False
WL_0003002,CUST_000219,MOV_00217,2025-02-28,True
WL_0003003,CUST_000219,MOV_00207,2025-09-26,True
WL_0003004,CUST_000219,MOV_00146,2024-10-16,False
WL_0003005,CUST_000219,MOV_00276,2025-05-08,True
WL_0003006,CUST_000219,MOV_00142,2025-06-20,True
WL_0003007,CUST_000219,MOV_00416,2026-02-16,False
WL_0003008,CUST_000219,MOV_00355,2025-08-13,False
WL_0003009,CUST_000219,MOV_00054,2024-11-06,True
WL_0003010,CUST_000219,TVS_00129,2024-09-09,True
WL_0003011,CUST_000219,MOV_00419,2025-03-08,False
WL_0003012,CUST_000219,MOV_00011,2024-12-02,False
WL_0003013,CUST_000220,TVS_00164,2026-03-28,True
WL_0003014,CUST_000220,MOV_00362,2026-02-19,True
WL_0003015,CUST_000220,MOV_00181,2026-01-17,True
WL_0003016,CUST_000220,MOV_00035,2026-02-25,True
WL_0003017,CUST_000220,MOV_00341,2026-03-17,False
WL_0003018,CUST_000220,MOV_00399,2026-03-31,True
WL_0003019,CUST_000220,MOV_00268,2026-02-09,False
WL_0003020,CUST_000220,MOV_00041,2026-02-20,True
WL_0003021,CUST_000220,MOV_00494,2026-03-13,True
WL_0003022,CUST_000220,MOV_00168,2026-03-20,False
WL_0003023,CUST_000220,MOV_00270,2026-03-23,True
WL_0003024,CUST_000220,TVS_00170,2026-03-13,False
WL_0003025,CUST_000221,MOV_00205,2025-10-13,True
WL_0003026,CUST_000221,MOV_00315,2026-02-25,False
WL_0003027,CUST_000221,MOV_00054,2026-04-08,True
WL_0003028,CUST_000221,MOV_00382,2025-10-10,False
WL_0003029,CUST_000221,TVS_00036,2026-01-06,False
WL_0003030,CUST_000221,MOV_00470,2026-02-21,False
WL_0003031,CUST_000221,MOV_00369,2025-09-28,True
WL_0003032,CUST_000221,MOV_00338,2026-01-20,True
WL_0003033,CUST_000221,MOV_00005,2025-10-03,True
WL_0003034,CUST_000221,MOV_00023,2025-09-13,False
WL_0003035,CUST_000222,MOV_00450,2025-03-18,False
WL_0003036,CUST_000222,MOV_00240,2024-10-03,False
WL_0003037,CUST_000222,MOV_00031,2025-09-03,False
WL_0003038,CUST_000222,MOV_00432,2025-01-27,True
WL_0003039,CUST_000222,TVS_00112,2025-11-28,False
WL_0003040,CUST_000222,MOV_00192,2026-04-05,True
WL_0003041,CUST_000222,MOV_00262,2025-11-02,True
WL_0003042,CUST_000222,MOV_00170,2024-12-22,False
WL_0003043,CUST_000222,TVS_00121,2026-02-16,True
WL_0003044,CUST_000222,MOV_00399,2024-09-11,True
WL_0003045,CUST_000222,MOV_00257,2025-07-29,False
WL_0003046,CUST_000222,TVS_00001,2025-06-19,True
WL_0003047,CUST_000222,TVS_00073,2026-03-29,True
WL_0003048,CUST_000222,TVS_00155,2025-06-13,False
WL_0003049,CUST_000222,MOV_00195,2026-03-28,True
WL_0003050,CUST_000222,MOV_00456,2025-02-27,True
WL_0003051,CUST_000222,MOV_00292,2024-11-08,False
WL_0003052,CUST_000222,MOV_00053,2025-04-13,True
WL_0003053,CUST_000222,MOV_00348,2025-08-11,True
WL_0003054,CUST_000222,MOV_00048,2024-11-23,False
WL_0003055,CUST_000222,MOV_00474,2024-11-11,True
WL_0003056,CUST_000222,TVS_00171,2024-12-15,True
WL_0003057,CUST_000222,MOV_00271,2025-11-07,False
WL_0003058,CUST_000222,MOV_00068,2025-01-20,True
WL_0003059,CUST_000222,MOV_00031,2024-12-11,True
WL_0003060,CUST_000223,MOV_00101,2024-09-24,False
WL_0003061,CUST_000223,MOV_00192,2025-05-20,True
WL_0003062,CUST_000223,MOV_00048,2024-07-13,True
WL_0003063,CUST_000223,MOV_00288,2025-02-23,True
WL_0003064,CUST_000223,MOV_00237,2025-07-24,True
WL_0003065,CUST_000223,MOV_00265,2024-05-16,True
WL_0003066,CUST_000223,TVS_00155,2026-03-14,True
WL_0003067,CUST_000223,TVS_00002,2026-03-12,False
WL_0003068,CUST_000223,TVS_00112,2025-04-07,True
WL_0003069,CUST_000223,TVS_00088,2025-11-27,False
WL_0003070,CUST_000223,MOV_00255,2024-06-25,False
WL_0003071,CUST_000223,MOV_00284,2025-01-19,False
WL_0003072,CUST_000223,MOV_00132,2025-04-03,True
WL_0003073,CUST_000223,MOV_00021,2025-03-04,True
WL_0003074,CUST_000223,MOV_00450,2025-08-04,False
WL_0003075,CUST_000223,MOV_00063,2025-03-06,True
WL_0003076,CUST_000223,TVS_00036,2026-01-09,True
WL_0003077,CUST_000223,MOV_00106,2025-09-23,False
WL_0003078,CUST_000223,MOV_00474,2024-07-12,True
WL_0003079,CUST_000223,MOV_00122,2025-06-02,False
WL_0003080,CUST_000223,MOV_00483,2025-02-04,False
WL_0003081,CUST_000223,MOV_00211,2024-10-18,False
WL_0003082,CUST_000224,MOV_00147,2026-03-20,False
WL_0003083,CUST_000224,MOV_00321,2026-03-04,False
WL_0003084,CUST_000224,MOV_00285,2025-04-17,True
WL_0003085,CUST_000224,MOV_00347,2025-04-13,False
WL_0003086,CUST_000224,MOV_00161,2025-10-23,False
WL_0003087,CUST_000224,MOV_00353,2025-09-20,True
WL_0003088,CUST_000224,MOV_00426,2025-04-12,True
WL_0003089,CUST_000225,MOV_00121,2025-10-01,True
WL_0003090,CUST_000225,MOV_00196,2025-10-30,False
WL_0003091,CUST_000225,MOV_00389,2025-09-24,True
WL_0003092,CUST_000226,MOV_00032,2025-12-01,True
WL_0003093,CUST_000226,TVS_00112,2025-10-17,True
WL_0003094,CUST_000226,MOV_00091,2026-04-28,False
WL_0003095,CUST_000226,MOV_00450,2025-09-27,True
WL_0003096,CUST_000226,MOV_00412,2025-12-10,False
WL_0003097,CUST_000226,TVS_00183,2025-09-22,False
WL_0003098,CUST_000226,MOV_00448,2026-05-06,False
WL_0003099,CUST_000226,MOV_00450,2025-09-24,True
WL_0003100,CUST_000226,MOV_00309,2025-12-20,True
WL_0003101,CUST_000226,MOV_00210,2025-11-12,True
WL_0003102,CUST_000227,MOV_00301,2024-12-16,False
WL_0003103,CUST_000227,TVS_00122,2024-12-11,False
WL_0003104,CUST_000227,MOV_00081,2025-03-01,False
WL_0003105,CUST_000227,TVS_00106,2025-02-26,False
WL_0003106,CUST_000228,TVS_00112,2025-03-28,True
WL_0003107,CUST_000228,MOV_00388,2024-10-20,True
WL_0003108,CUST_000228,MOV_00456,2024-11-03,True
WL_0003109,CUST_000228,MOV_00448,2025-05-10,True
WL_0003110,CUST_000228,MOV_00315,2025-06-17,False
WL_0003111,CUST_000228,MOV_00199,2024-12-28,False
WL_0003112,CUST_000228,MOV_00094,2024-10-21,True
WL_0003113,CUST_000228,TVS_00182,2025-04-16,False
WL_0003114,CUST_000228,MOV_00009,2025-03-16,True
WL_0003115,CUST_000228,MOV_00001,2025-02-26,True
WL_0003116,CUST_000228,TVS_00025,2024-11-27,False
WL_0003117,CUST_000228,MOV_00474,2024-09-09,True
WL_0003118,CUST_000228,TVS_00112,2025-08-25,True
WL_0003119,CUST_000228,MOV_00302,2025-03-19,False
WL_0003120,CUST_000228,MOV_00093,2024-11-15,True
WL_0003121,CUST_000228,MOV_00244,2026-04-09,True
WL_0003122,CUST_000228,MOV_00388,2025-05-31,False
WL_0003123,CUST_000228,MOV_00104,2025-07-02,True
WL_0003124,CUST_000228,MOV_00161,2024-10-17,False
WL_0003125,CUST_000228,MOV_00317,2025-11-16,True
WL_0003126,CUST_000228,MOV_00269,2025-05-03,True
WL_0003127,CUST_000228,MOV_00293,2025-11-12,True
WL_0003128,CUST_000228,MOV_00074,2024-10-10,False
WL_0003129,CUST_000228,MOV_00408,2025-07-19,False
WL_0003130,CUST_000229,MOV_00064,2026-03-03,False
WL_0003131,CUST_000229,MOV_00120,2025-06-06,True
WL_0003132,CUST_000229,TVS_00082,2026-03-31,False
WL_0003133,CUST_000229,MOV_00145,2025-07-09,True
WL_0003134,CUST_000229,TVS_00058,2025-12-29,True
WL_0003135,CUST_000229,MOV_00013,2025-06-18,True
WL_0003136,CUST_000229,TVS_00044,2025-06-30,True
WL_0003137,CUST_000229,MOV_00032,2025-12-16,False
WL_0003138,CUST_000229,MOV_00271,2025-08-19,False
WL_0003139,CUST_000229,MOV_00286,2026-01-05,False
WL_0003140,CUST_000229,MOV_00387,2026-03-25,True
WL_0003141,CUST_000229,TVS_00009,2026-01-14,True
WL_0003142,CUST_000230,TVS_00115,2025-05-21,True
WL_0003143,CUST_000230,MOV_00273,2025-02-08,False
WL_0003144,CUST_000230,MOV_00484,2025-04-15,False
WL_0003145,CUST_000230,MOV_00396,2025-05-10,True
WL_0003146,CUST_000230,MOV_00266,2025-08-28,True
WL_0003147,CUST_000230,TVS_00090,2025-01-17,False
WL_0003148,CUST_000230,TVS_00051,2025-07-31,True
WL_0003149,CUST_000230,MOV_00264,2025-08-28,False
WL_0003150,CUST_000230,MOV_00032,2025-04-01,True
WL_0003151,CUST_000231,TVS_00148,2025-09-19,True
WL_0003152,CUST_000231,TVS_00075,2026-03-04,True
WL_0003153,CUST_000231,MOV_00363,2025-10-16,True
WL_0003154,CUST_000231,TVS_00162,2025-08-12,True
WL_0003155,CUST_000231,MOV_00383,2025-06-24,True
WL_0003156,CUST_000231,TVS_00009,2025-05-06,True
WL_0003157,CUST_000231,TVS_00051,2026-03-21,True
WL_0003158,CUST_000231,TVS_00006,2025-06-11,False
WL_0003159,CUST_000231,MOV_00424,2026-03-01,True
WL_0003160,CUST_000231,MOV_00387,2026-01-04,True
WL_0003161,CUST_000231,MOV_00459,2026-01-14,True
WL_0003162,CUST_000231,MOV_00409,2025-10-30,True
WL_0003163,CUST_000231,TVS_00068,2025-07-26,False
WL_0003164,CUST_000231,MOV_00277,2026-01-28,False
WL_0003165,CUST_000231,TVS_00133,2025-06-15,True
WL_0003166,CUST_000231,MOV_00078,2025-07-06,True
WL_0003167,CUST_000231,TVS_00080,2025-07-14,True
WL_0003168,CUST_000231,MOV_00078,2025-12-31,True
WL_0003169,CUST_000231,MOV_00059,2026-03-13,False
WL_0003170,CUST_000231,MOV_00390,2025-10-22,True
WL_0003171,CUST_000231,MOV_00473,2026-01-14,True
WL_0003172,CUST_000231,TVS_00095,2025-12-01,True
WL_0003173,CUST_000231,MOV_00290,2025-07-06,True
WL_0003174,CUST_000231,MOV_00264,2026-02-01,False
WL_0003175,CUST_000232,MOV_00153,2026-02-21,True
WL_0003176,CUST_000232,TVS_00088,2026-02-07,False
WL_0003177,CUST_000232,TVS_00168,2026-03-06,True
WL_0003178,CUST_000232,MOV_00492,2025-11-20,True
WL_0003179,CUST_000232,MOV_00017,2025-12-26,False
WL_0003180,CUST_000232,MOV_00232,2025-12-10,False
WL_0003181,CUST_000232,MOV_00002,2026-03-09,True
WL_0003182,CUST_000232,MOV_00410,2025-12-12,False
WL_0003183,CUST_000232,TVS_00104,2026-01-24,False
WL_0003184,CUST_000232,TVS_00101,2026-01-21,False
WL_0003185,CUST_000232,MOV_00051,2026-01-19,True
WL_0003186,CUST_000232,MOV_00099,2026-03-20,False
WL_0003187,CUST_000232,MOV_00430,2026-01-15,True
WL_0003188,CUST_000232,MOV_00213,2025-11-18,False
WL_0003189,CUST_000232,MOV_00181,2026-01-20,True
WL_0003190,CUST_000232,TVS_00061,2026-03-03,True
WL_0003191,CUST_000233,TVS_00117,2025-11-14,False
WL_0003192,CUST_000233,MOV_00095,2025-05-15,False
WL_0003193,CUST_000233,TVS_00023,2026-01-02,True
WL_0003194,CUST_000233,TVS_00023,2025-10-01,True
WL_0003195,CUST_000233,MOV_00273,2026-01-18,True
WL_0003196,CUST_000233,MOV_00425,2025-08-05,False
WL_0003197,CUST_000233,TVS_00024,2026-03-21,True
WL_0003198,CUST_000233,MOV_00278,2026-04-07,True
WL_0003199,CUST_000233,MOV_00248,2026-01-09,False
WL_0003200,CUST_000234,TVS_00013,2026-01-08,True
WL_0003201,CUST_000234,MOV_00041,2025-11-18,True
WL_0003202,CUST_000234,MOV_00028,2026-02-05,False
WL_0003203,CUST_000234,MOV_00404,2026-01-02,True
WL_0003204,CUST_000234,MOV_00402,2026-01-31,True
WL_0003205,CUST_000234,MOV_00082,2026-04-04,True
WL_0003206,CUST_000234,MOV_00169,2025-12-23,False
WL_0003207,CUST_000234,MOV_00329,2026-01-14,False
WL_0003208,CUST_000234,TVS_00136,2026-03-11,True
WL_0003209,CUST_000234,TVS_00040,2025-12-16,True
WL_0003210,CUST_000234,TVS_00075,2025-12-19,False
WL_0003211,CUST_000234,TVS_00145,2026-01-28,False
WL_0003212,CUST_000234,TVS_00033,2026-03-15,False
WL_0003213,CUST_000234,TVS_00190,2026-01-13,False
WL_0003214,CUST_000234,TVS_00053,2025-12-17,True
WL_0003215,CUST_000234,TVS_00087,2025-11-30,True
WL_0003216,CUST_000234,MOV_00064,2026-03-30,False
WL_0003217,CUST_000234,MOV_00454,2026-01-25,True
WL_0003218,CUST_000234,TVS_00139,2026-01-10,True
WL_0003219,CUST_000234,TVS_00146,2026-02-03,False
WL_0003220,CUST_000234,MOV_00464,2025-12-31,True
WL_0003221,CUST_000234,MOV_00284,2025-12-07,False
WL_0003222,CUST_000234,MOV_00314,2026-01-01,True
WL_0003223,CUST_000235,MOV_00136,2026-03-31,False
WL_0003224,CUST_000235,MOV_00327,2026-01-05,False
WL_0003225,CUST_000235,TVS_00005,2026-02-28,False
WL_0003226,CUST_000235,MOV_00304,2026-01-10,False
WL_0003227,CUST_000235,MOV_00427,2026-01-15,True
WL_0003228,CUST_000235,TVS_00056,2026-01-18,True
WL_0003229,CUST_000235,MOV_00462,2026-01-26,False
WL_0003230,CUST_000235,MOV_00435,2026-02-18,True
WL_0003231,CUST_000235,TVS_00053,2026-04-03,True
WL_0003232,CUST_000235,MOV_00082,2026-01-03,True
WL_0003233,CUST_000235,TVS_00033,2026-03-06,True
WL_0003234,CUST_000235,MOV_00133,2026-02-07,True
WL_0003235,CUST_000235,MOV_00095,2026-03-30,False
WL_0003236,CUST_000235,MOV_00488,2026-01-13,False
WL_0003237,CUST_000235,MOV_00447,2026-02-12,True
WL_0003238,CUST_000235,TVS_00044,2026-03-15,False
WL_0003239,CUST_000236,TVS_00011,2026-01-22,True
WL_0003240,CUST_000236,MOV_00074,2026-03-15,True
WL_0003241,CUST_000236,TVS_00049,2026-04-02,True
WL_0003242,CUST_000236,TVS_00129,2026-02-14,True
WL_0003243,CUST_000236,TVS_00186,2026-04-10,True
WL_0003244,CUST_000237,MOV_00149,2026-01-09,False
WL_0003245,CUST_000237,TVS_00174,2025-10-19,False
WL_0003246,CUST_000237,MOV_00303,2025-09-29,True
WL_0003247,CUST_000237,MOV_00323,2026-01-16,True
WL_0003248,CUST_000237,TVS_00058,2025-11-27,False
WL_0003249,CUST_000237,MOV_00294,2025-05-01,True
WL_0003250,CUST_000237,MOV_00240,2025-09-29,False
WL_0003251,CUST_000237,MOV_00327,2025-06-07,True
WL_0003252,CUST_000237,MOV_00495,2025-07-07,False
WL_0003253,CUST_000237,MOV_00497,2025-09-10,True
WL_0003254,CUST_000238,MOV_00065,2025-11-25,False
WL_0003255,CUST_000238,TVS_00141,2025-11-17,True
WL_0003256,CUST_000238,MOV_00469,2026-01-17,False
WL_0003257,CUST_000238,MOV_00388,2026-01-17,True
WL_0003258,CUST_000238,MOV_00304,2026-03-24,False
WL_0003259,CUST_000238,MOV_00181,2026-03-19,True
WL_0003260,CUST_000238,MOV_00247,2026-03-20,False
WL_0003261,CUST_000238,MOV_00059,2025-12-12,True
WL_0003262,CUST_000238,MOV_00366,2025-12-27,True
WL_0003263,CUST_000238,MOV_00139,2026-03-10,False
WL_0003264,CUST_000238,MOV_00339,2026-01-18,False
WL_0003265,CUST_000238,TVS_00050,2025-12-30,True
WL_0003266,CUST_000238,MOV_00321,2025-11-17,False
WL_0003267,CUST_000239,MOV_00475,2025-11-10,True
WL_0003268,CUST_000239,MOV_00203,2025-06-19,True
WL_0003269,CUST_000239,MOV_00220,2025-09-15,False
WL_0003270,CUST_000239,MOV_00356,2025-12-20,True
WL_0003271,CUST_000239,MOV_00125,2026-02-16,False
WL_0003272,CUST_000239,MOV_00006,2025-06-14,True
WL_0003273,CUST_000239,TVS_00100,2026-01-17,True
WL_0003274,CUST_000239,MOV_00198,2025-05-27,True
WL_0003275,CUST_000239,TVS_00043,2025-04-30,False
WL_0003276,CUST_000239,MOV_00482,2026-01-25,True
WL_0003277,CUST_000239,MOV_00105,2025-11-21,True
WL_0003278,CUST_000239,MOV_00083,2025-09-06,True
WL_0003279,CUST_000239,MOV_00079,2025-05-29,False
WL_0003280,CUST_000239,MOV_00249,2025-08-29,True
WL_0003281,CUST_000240,MOV_00013,2026-01-30,True
WL_0003282,CUST_000240,MOV_00059,2026-03-27,True
WL_0003283,CUST_000240,MOV_00102,2026-03-21,False
WL_0003284,CUST_000240,TVS_00055,2025-12-25,False
WL_0003285,CUST_000240,MOV_00142,2026-03-31,False
WL_0003286,CUST_000240,MOV_00338,2025-10-30,True
WL_0003287,CUST_000240,MOV_00322,2025-12-11,True
WL_0003288,CUST_000240,MOV_00284,2025-10-25,True
WL_0003289,CUST_000240,MOV_00207,2025-10-17,True
WL_0003290,CUST_000240,MOV_00112,2025-08-18,True
WL_0003291,CUST_000240,TVS_00043,2025-12-25,True
WL_0003292,CUST_000240,MOV_00060,2025-11-26,False
WL_0003293,CUST_000240,MOV_00131,2025-11-02,True
WL_0003294,CUST_000240,MOV_00128,2025-10-07,False
WL_0003295,CUST_000240,MOV_00288,2026-03-24,True
WL_0003296,CUST_000240,MOV_00142,2025-09-02,False
WL_0003297,CUST_000241,TVS_00045,2025-05-31,False
WL_0003298,CUST_000241,MOV_00220,2025-12-26,False
WL_0003299,CUST_000241,TVS_00032,2024-10-27,True
WL_0003300,CUST_000241,MOV_00267,2025-11-11,True
WL_0003301,CUST_000241,MOV_00369,2025-07-26,True
WL_0003302,CUST_000241,MOV_00257,2025-11-25,False
WL_0003303,CUST_000241,TVS_00118,2025-08-31,True
WL_0003304,CUST_000241,TVS_00122,2025-11-26,True
WL_0003305,CUST_000241,MOV_00070,2025-04-10,False
WL_0003306,CUST_000241,TVS_00138,2024-11-17,False
WL_0003307,CUST_000241,TVS_00035,2025-03-21,False
WL_0003308,CUST_000241,MOV_00035,2024-09-24,True
WL_0003309,CUST_000241,MOV_00452,2025-04-25,False
WL_0003310,CUST_000241,MOV_00265,2026-02-16,True
WL_0003311,CUST_000241,MOV_00035,2026-02-17,False
WL_0003312,CUST_000242,MOV_00429,2024-06-25,False
WL_0003313,CUST_000242,TVS_00187,2024-10-18,True
WL_0003314,CUST_000242,MOV_00214,2024-12-18,True
WL_0003315,CUST_000242,MOV_00019,2025-12-22,False
WL_0003316,CUST_000242,MOV_00159,2024-10-24,False
WL_0003317,CUST_000242,TVS_00122,2025-10-26,True
WL_0003318,CUST_000242,MOV_00325,2025-01-08,False
WL_0003319,CUST_000242,MOV_00213,2025-03-10,False
WL_0003320,CUST_000242,MOV_00008,2025-10-16,True
WL_0003321,CUST_000242,TVS_00000,2025-08-11,True
WL_0003322,CUST_000242,MOV_00151,2025-11-12,True
WL_0003323,CUST_000243,MOV_00122,2025-06-17,False
WL_0003324,CUST_000243,TVS_00030,2025-09-13,True
WL_0003325,CUST_000243,MOV_00440,2025-07-31,False
WL_0003326,CUST_000243,MOV_00167,2025-12-24,False
WL_0003327,CUST_000244,MOV_00239,2026-02-08,True
WL_0003328,CUST_000244,MOV_00030,2026-03-09,True
WL_0003329,CUST_000244,MOV_00409,2026-03-01,True
WL_0003330,CUST_000244,MOV_00156,2026-03-31,True
WL_0003331,CUST_000244,MOV_00215,2026-04-11,False
WL_0003332,CUST_000244,TVS_00128,2026-03-12,False
WL_0003333,CUST_000244,TVS_00137,2026-03-01,False
WL_0003334,CUST_000244,MOV_00350,2026-02-09,True
WL_0003335,CUST_000244,MOV_00431,2026-01-17,True
WL_0003336,CUST_000244,MOV_00468,2026-03-15,True
WL_0003337,CUST_000245,TVS_00035,2026-04-10,True
WL_0003338,CUST_000245,MOV_00245,2025-08-23,True
WL_0003339,CUST_000245,MOV_00298,2025-12-09,False
WL_0003340,CUST_000245,MOV_00291,2026-01-17,True
WL_0003341,CUST_000245,MOV_00488,2025-08-23,False
WL_0003342,CUST_000245,MOV_00256,2025-05-27,False
WL_0003343,CUST_000246,MOV_00099,2026-02-03,False
WL_0003344,CUST_000246,MOV_00369,2026-01-16,False
WL_0003345,CUST_000246,TVS_00053,2026-01-27,False
WL_0003346,CUST_000246,MOV_00373,2026-02-01,False
WL_0003347,CUST_000247,MOV_00324,2026-03-07,True
WL_0003348,CUST_000247,TVS_00113,2025-08-28,True
WL_0003349,CUST_000247,MOV_00081,2026-04-06,True
WL_0003350,CUST_000247,MOV_00165,2025-06-24,True
WL_0003351,CUST_000247,TVS_00113,2025-08-30,True
WL_0003352,CUST_000247,MOV_00404,2025-09-06,True
WL_0003353,CUST_000247,MOV_00438,2026-01-20,False
WL_0003354,CUST_000247,MOV_00329,2025-11-05,False
WL_0003355,CUST_000247,MOV_00165,2026-01-27,True
WL_0003356,CUST_000247,MOV_00454,2025-05-02,False
WL_0003357,CUST_000247,MOV_00301,2025-10-17,False
WL_0003358,CUST_000247,MOV_00280,2026-03-05,False
WL_0003359,CUST_000247,MOV_00494,2025-04-23,True
WL_0003360,CUST_000247,TVS_00193,2025-09-14,False
WL_0003361,CUST_000247,TVS_00128,2025-06-28,False
WL_0003362,CUST_000247,MOV_00081,2025-09-27,True
WL_0003363,CUST_000247,MOV_00048,2025-12-22,True
WL_0003364,CUST_000247,MOV_00229,2025-08-16,False
WL_0003365,CUST_000247,MOV_00460,2025-07-27,False
WL_0003366,CUST_000248,MOV_00280,2026-01-25,True
WL_0003367,CUST_000248,MOV_00256,2026-04-08,True
WL_0003368,CUST_000248,TVS_00049,2026-03-06,True
WL_0003369,CUST_000248,MOV_00081,2025-05-31,True
WL_0003370,CUST_000248,MOV_00184,2025-12-14,False
WL_0003371,CUST_000248,MOV_00058,2025-11-22,True
WL_0003372,CUST_000249,MOV_00411,2025-04-15,False
WL_0003373,CUST_000249,MOV_00089,2025-05-11,False
WL_0003374,CUST_000249,TVS_00129,2025-04-23,True
WL_0003375,CUST_000249,MOV_00093,2025-04-26,False
WL_0003376,CUST_000249,MOV_00431,2025-05-01,False
WL_0003377,CUST_000249,MOV_00465,2025-05-14,False
WL_0003378,CUST_000249,TVS_00182,2025-05-14,True
WL_0003379,CUST_000249,MOV_00200,2025-04-18,False
WL_0003380,CUST_000249,MOV_00145,2025-04-06,True
WL_0003381,CUST_000249,MOV_00225,2025-04-23,False
WL_0003382,CUST_000249,TVS_00139,2025-04-27,False
WL_0003383,CUST_000249,MOV_00148,2025-04-20,True
WL_0003384,CUST_000249,MOV_00434,2025-04-25,False
WL_0003385,CUST_000249,TVS_00087,2025-05-02,False
WL_0003386,CUST_000249,TVS_00014,2025-04-29,False
WL_0003387,CUST_000249,MOV_00409,2025-04-16,True
WL_0003388,CUST_000249,TVS_00126,2025-04-16,False
WL_0003389,CUST_000249,MOV_00334,2025-05-11,False
WL_0003390,CUST_000249,MOV_00169,2025-04-11,False
WL_0003391,CUST_000250,MOV_00317,2025-09-23,False
WL_0003392,CUST_000250,MOV_00411,2025-06-18,True
WL_0003393,CUST_000250,MOV_00343,2025-04-07,True
WL_0003394,CUST_000250,MOV_00429,2025-12-20,True
WL_0003395,CUST_000250,MOV_00089,2025-05-12,True
WL_0003396,CUST_000250,MOV_00159,2025-07-28,True
WL_0003397,CUST_000250,MOV_00392,2025-07-30,True
WL_0003398,CUST_000251,TVS_00113,2025-09-19,True
WL_0003399,CUST_000251,MOV_00186,2026-04-04,False
WL_0003400,CUST_000251,MOV_00096,2026-01-12,True
WL_0003401,CUST_000251,MOV_00160,2026-03-25,True
WL_0003402,CUST_000251,MOV_00225,2026-01-10,True
WL_0003403,CUST_000251,TVS_00097,2026-02-05,False
WL_0003404,CUST_000251,MOV_00470,2025-10-12,True
WL_0003405,CUST_000251,TVS_00126,2026-01-25,False
WL_0003406,CUST_000251,TVS_00126,2026-03-01,True
WL_0003407,CUST_000251,TVS_00173,2025-09-05,False
WL_0003408,CUST_000251,MOV_00479,2025-11-12,False
WL_0003409,CUST_000251,MOV_00288,2026-02-12,False
WL_0003410,CUST_000251,MOV_00323,2025-09-13,False
WL_0003411,CUST_000251,MOV_00429,2025-11-25,True
WL_0003412,CUST_000251,MOV_00097,2025-09-07,False
WL_0003413,CUST_000251,TVS_00102,2025-08-24,False
WL_0003414,CUST_000251,TVS_00056,2026-01-05,False
WL_0003415,CUST_000251,MOV_00454,2025-11-11,True
WL_0003416,CUST_000251,MOV_00292,2025-11-02,False
WL_0003417,CUST_000252,MOV_00438,2026-03-18,False
WL_0003418,CUST_000252,MOV_00159,2026-03-26,True
WL_0003419,CUST_000252,TVS_00074,2026-04-01,False
WL_0003420,CUST_000252,TVS_00198,2026-03-05,False
WL_0003421,CUST_000252,TVS_00021,2026-03-10,False
WL_0003422,CUST_000252,MOV_00336,2026-03-24,True
WL_0003423,CUST_000252,MOV_00001,2026-03-21,True
WL_0003424,CUST_000252,MOV_00366,2026-02-25,False
WL_0003425,CUST_000252,MOV_00384,2026-02-26,False
WL_0003426,CUST_000252,MOV_00340,2026-03-15,False
WL_0003427,CUST_000252,MOV_00365,2026-04-02,True
WL_0003428,CUST_000252,MOV_00459,2026-02-27,False
WL_0003429,CUST_000252,TVS_00198,2026-04-04,True
WL_0003430,CUST_000252,MOV_00158,2026-03-01,True
WL_0003431,CUST_000252,TVS_00060,2026-03-04,False
WL_0003432,CUST_000253,TVS_00152,2026-04-30,False
WL_0003433,CUST_000253,TVS_00098,2026-09-10,False
WL_0003434,CUST_000253,TVS_00135,2026-07-14,True
WL_0003435,CUST_000253,MOV_00400,2026-04-26,False
WL_0003436,CUST_000253,MOV_00272,2026-08-16,True
WL_0003437,CUST_000253,MOV_00363,2026-08-20,True
WL_0003438,CUST_000253,MOV_00081,2026-07-16,False
WL_0003439,CUST_000253,MOV_00166,2026-06-16,True
WL_0003440,CUST_000253,MOV_00084,2026-10-21,True
WL_0003441,CUST_000253,MOV_00165,2026-06-30,False
WL_0003442,CUST_000253,MOV_00007,2026-07-14,True
WL_0003443,CUST_000253,TVS_00085,2026-07-17,True
WL_0003444,CUST_000253,TVS_00152,2026-12-13,False
WL_0003445,CUST_000253,MOV_00164,2026-11-13,True
WL_0003446,CUST_000253,TVS_00193,2026-10-07,False
WL_0003447,CUST_000253,MOV_00215,2026-02-27,True
WL_0003448,CUST_000253,TVS_00054,2026-09-30,True
WL_0003449,CUST_000253,TVS_00086,2026-08-07,False
WL_0003450,CUST_000254,MOV_00482,2025-05-07,False
WL_0003451,CUST_000254,TVS_00164,2025-11-04,False
WL_0003452,CUST_000254,MOV_00393,2025-04-27,False
WL_0003453,CUST_000254,TVS_00073,2024-08-15,True
WL_0003454,CUST_000254,TVS_00086,2025-04-03,False
WL_0003455,CUST_000254,MOV_00475,2024-06-16,False
WL_0003456,CUST_000254,MOV_00311,2025-08-02,False
WL_0003457,CUST_000254,MOV_00222,2024-06-17,True
WL_0003458,CUST_000254,TVS_00098,2024-10-08,True
WL_0003459,CUST_000254,MOV_00410,2026-03-09,False
WL_0003460,CUST_000254,TVS_00164,2024-10-18,False
WL_0003461,CUST_000254,MOV_00062,2025-10-17,True
WL_0003462,CUST_000254,TVS_00142,2025-11-09,True
WL_0003463,CUST_000254,TVS_00141,2025-05-24,False
WL_0003464,CUST_000255,MOV_00090,2025-08-22,False
WL_0003465,CUST_000255,TVS_00138,2025-08-03,True
WL_0003466,CUST_000255,TVS_00159,2025-07-18,True
WL_0003467,CUST_000255,MOV_00296,2025-09-10,False
WL_0003468,CUST_000255,MOV_00086,2025-05-08,False
WL_0003469,CUST_000255,MOV_00379,2025-09-10,True
WL_0003470,CUST_000256,TVS_00185,2025-12-17,True
WL_0003471,CUST_000256,TVS_00033,2025-12-30,True
WL_0003472,CUST_000256,MOV_00395,2026-02-22,True
WL_0003473,CUST_000256,MOV_00344,2026-02-10,False
WL_0003474,CUST_000256,TVS_00086,2026-01-27,True
WL_0003475,CUST_000256,MOV_00212,2026-03-29,False
WL_0003476,CUST_000256,MOV_00196,2026-02-04,False
WL_0003477,CUST_000256,MOV_00454,2026-03-07,True
WL_0003478,CUST_000256,MOV_00294,2026-01-18,False
WL_0003479,CUST_000256,MOV_00460,2026-02-03,False
WL_0003480,CUST_000256,MOV_00345,2025-12-18,True
WL_0003481,CUST_000256,MOV_00030,2026-04-08,True
WL_0003482,CUST_000256,MOV_00164,2026-02-14,False
WL_0003483,CUST_000256,MOV_00040,2026-01-03,False
WL_0003484,CUST_000256,MOV_00242,2026-03-10,True
WL_0003485,CUST_000256,MOV_00324,2025-12-22,True
WL_0003486,CUST_000256,TVS_00165,2026-01-26,False
WL_0003487,CUST_000256,MOV_00280,2026-03-11,False
WL_0003488,CUST_000256,MOV_00071,2026-02-12,True
WL_0003489,CUST_000256,MOV_00048,2026-04-11,False
WL_0003490,CUST_000256,MOV_00460,2026-03-06,False
WL_0003491,CUST_000256,MOV_00276,2025-12-11,False
WL_0003492,CUST_000256,MOV_00037,2026-02-13,True
WL_0003493,CUST_000256,MOV_00046,2026-01-17,False
WL_0003494,CUST_000257,MOV_00297,2025-08-20,True
WL_0003495,CUST_000257,TVS_00026,2025-10-16,True
WL_0003496,CUST_000257,MOV_00047,2026-03-23,True
WL_0003497,CUST_000257,MOV_00339,2025-09-09,False
WL_0003498,CUST_000257,MOV_00399,2025-12-01,True
WL_0003499,CUST_000257,TVS_00038,2025-11-09,True
WL_0003500,CUST_000257,TVS_00105,2026-03-05,False
WL_0003501,CUST_000258,TVS_00059,2025-09-03,False
WL_0003502,CUST_000258,MOV_00045,2025-09-11,False
WL_0003503,CUST_000258,TVS_00047,2024-12-02,False
WL_0003504,CUST_000258,TVS_00076,2026-02-27,False
WL_0003505,CUST_000258,MOV_00477,2026-03-23,False
WL_0003506,CUST_000258,MOV_00072,2026-02-25,True
WL_0003507,CUST_000258,TVS_00050,2025-12-05,True
WL_0003508,CUST_000258,MOV_00041,2025-05-28,True
WL_0003509,CUST_000258,MOV_00319,2025-07-05,True
WL_0003510,CUST_000258,TVS_00131,2024-11-23,True
WL_0003511,CUST_000258,TVS_00164,2025-01-08,False
WL_0003512,CUST_000258,TVS_00048,2025-02-23,False
WL_0003513,CUST_000258,MOV_00343,2026-02-06,False
WL_0003514,CUST_000258,MOV_00169,2025-09-02,True
WL_0003515,CUST_000258,TVS_00167,2025-03-10,False
WL_0003516,CUST_000258,MOV_00006,2025-09-13,True
WL_0003517,CUST_000258,MOV_00236,2025-03-12,True
WL_0003518,CUST_000258,MOV_00012,2025-05-11,False
WL_0003519,CUST_000258,MOV_00411,2025-04-16,True
WL_0003520,CUST_000258,MOV_00475,2025-05-06,True
WL_0003521,CUST_000258,MOV_00255,2025-12-19,False
WL_0003522,CUST_000258,TVS_00033,2025-10-15,False
WL_0003523,CUST_000258,MOV_00283,2025-01-20,False
WL_0003524,CUST_000258,MOV_00141,2025-11-09,True
WL_0003525,CUST_000259,TVS_00139,2025-11-14,True
WL_0003526,CUST_000259,MOV_00403,2025-11-19,True
WL_0003527,CUST_000259,TVS_00164,2026-03-20,False
WL_0003528,CUST_000259,MOV_00164,2026-02-14,True
WL_0003529,CUST_000259,MOV_00437,2026-04-06,True
WL_0003530,CUST_000260,TVS_00097,2024-10-06,False
WL_0003531,CUST_000260,TVS_00047,2024-10-21,False
WL_0003532,CUST_000260,MOV_00292,2024-10-28,False
WL_0003533,CUST_000260,MOV_00330,2024-10-06,False
WL_0003534,CUST_000260,MOV_00294,2024-11-11,False
WL_0003535,CUST_000260,TVS_00078,2024-10-08,False
WL_0003536,CUST_000260,MOV_00102,2024-10-31,False
WL_0003537,CUST_000260,MOV_00368,2024-11-11,False
WL_0003538,CUST_000260,TVS_00091,2024-10-09,False
WL_0003539,CUST_000260,MOV_00354,2024-10-06,False
WL_0003540,CUST_000260,TVS_00078,2024-10-17,False
WL_0003541,CUST_000260,TVS_00067,2024-10-09,False
WL_0003542,CUST_000260,MOV_00050,2024-11-12,False
WL_0003543,CUST_000260,MOV_00112,2024-10-22,False
WL_0003544,CUST_000260,TVS_00078,2024-10-15,False
WL_0003545,CUST_000260,MOV_00225,2024-10-10,False
WL_0003546,CUST_000260,MOV_00324,2024-11-01,False
WL_0003547,CUST_000260,MOV_00427,2024-11-10,False
WL_0003548,CUST_000260,MOV_00128,2024-10-15,True
WL_0003549,CUST_000260,MOV_00018,2024-11-09,False
WL_0003550,CUST_000260,TVS_00089,2024-10-23,False
WL_0003551,CUST_000260,MOV_00467,2024-11-04,False
WL_0003552,CUST_000260,TVS_00046,2024-11-11,False
WL_0003553,CUST_000261,TVS_00001,2025-05-22,True
WL_0003554,CUST_000261,MOV_00094,2025-01-15,True
WL_0003555,CUST_000261,MOV_00446,2024-12-25,True
WL_0003556,CUST_000261,MOV_00093,2025-11-11,True
WL_0003557,CUST_000261,MOV_00199,2025-10-01,True
WL_0003558,CUST_000261,TVS_00073,2026-03-08,True
WL_0003559,CUST_000262,MOV_00276,2024-11-22,False
WL_0003560,CUST_000262,MOV_00258,2024-12-19,False
WL_0003561,CUST_000262,MOV_00472,2024-07-01,False
WL_0003562,CUST_000262,MOV_00352,2024-09-14,False
WL_0003563,CUST_000262,MOV_00169,2024-12-29,True
WL_0003564,CUST_000262,MOV_00352,2024-07-06,False
WL_0003565,CUST_000262,TVS_00084,2024-12-27,True
WL_0003566,CUST_000262,MOV_00149,2024-12-06,False
WL_0003567,CUST_000262,MOV_00239,2024-10-27,True
WL_0003568,CUST_000262,MOV_00346,2024-07-23,True
WL_0003569,CUST_000262,TVS_00013,2024-08-08,False
WL_0003570,CUST_000262,TVS_00130,2024-09-24,True
WL_0003571,CUST_000262,MOV_00122,2024-10-22,True
WL_0003572,CUST_000262,MOV_00145,2024-09-01,True
WL_0003573,CUST_000262,TVS_00009,2024-09-28,False
WL_0003574,CUST_000262,TVS_00197,2024-10-08,True
WL_0003575,CUST_000262,MOV_00337,2024-08-29,False
WL_0003576,CUST_000262,MOV_00331,2024-06-30,False
WL_0003577,CUST_000262,MOV_00299,2024-07-08,True
WL_0003578,CUST_000262,MOV_00008,2025-01-17,True
WL_0003579,CUST_000262,MOV_00258,2024-11-03,False
WL_0003580,CUST_000262,TVS_00001,2024-10-25,False
WL_0003581,CUST_000263,MOV_00375,2025-02-23,True
WL_0003582,CUST_000263,MOV_00287,2025-08-21,False
WL_0003583,CUST_000263,MOV_00108,2025-05-02,False
WL_0003584,CUST_000263,MOV_00074,2025-03-26,False
WL_0003585,CUST_000263,TVS_00049,2024-12-25,True
WL_0003586,CUST_000263,MOV_00391,2026-03-09,False
WL_0003587,CUST_000263,TVS_00012,2025-11-12,True
WL_0003588,CUST_000263,MOV_00250,2025-10-25,False
WL_0003589,CUST_000263,TVS_00098,2025-12-11,True
WL_0003590,CUST_000263,MOV_00180,2024-11-18,True
WL_0003591,CUST_000264,MOV_00335,2025-10-22,True
WL_0003592,CUST_000264,MOV_00185,2025-09-12,True
WL_0003593,CUST_000264,MOV_00463,2026-02-11,True
WL_0003594,CUST_000264,MOV_00082,2025-11-15,True
WL_0003595,CUST_000264,MOV_00379,2025-09-06,True
WL_0003596,CUST_000265,MOV_00273,2025-04-01,False
WL_0003597,CUST_000265,MOV_00431,2025-02-28,True
WL_0003598,CUST_000265,MOV_00437,2025-09-03,True
WL_0003599,CUST_000265,MOV_00148,2025-04-24,True
WL_0003600,CUST_000265,MOV_00188,2025-12-12,True
WL_0003601,CUST_000265,MOV_00453,2025-10-02,False
WL_0003602,CUST_000266,MOV_00081,2024-12-31,True
WL_0003603,CUST_000266,MOV_00187,2025-05-30,True
WL_0003604,CUST_000266,MOV_00381,2025-07-01,True
WL_0003605,CUST_000266,MOV_00083,2024-12-25,True
WL_0003606,CUST_000266,MOV_00136,2025-01-21,False
WL_0003607,CUST_000266,TVS_00188,2025-05-30,True
WL_0003608,CUST_000266,MOV_00228,2025-08-10,False
WL_0003609,CUST_000266,MOV_00134,2026-01-10,True
WL_0003610,CUST_000266,TVS_00018,2025-05-05,True
WL_0003611,CUST_000266,TVS_00040,2025-12-17,True
WL_0003612,CUST_000266,MOV_00391,2025-12-30,False
WL_0003613,CUST_000266,MOV_00432,2025-05-15,True
WL_0003614,CUST_000266,MOV_00109,2026-02-25,True
WL_0003615,CUST_000266,MOV_00229,2025-10-11,True
WL_0003616,CUST_000266,MOV_00283,2025-02-12,False
WL_0003617,CUST_000266,TVS_00114,2026-03-15,False
WL_0003618,CUST_000266,TVS_00133,2026-01-21,True
WL_0003619,CUST_000266,TVS_00142,2025-01-16,False
WL_0003620,CUST_000266,MOV_00207,2025-04-10,False
WL_0003621,CUST_000267,MOV_00120,2026-01-23,True
WL_0003622,CUST_000267,MOV_00091,2025-12-13,True
WL_0003623,CUST_000267,MOV_00310,2026-01-11,False
WL_0003624,CUST_000267,TVS_00192,2026-03-27,True
WL_0003625,CUST_000267,MOV_00341,2025-11-25,True
WL_0003626,CUST_000267,MOV_00005,2025-11-27,False
WL_0003627,CUST_000267,MOV_00333,2025-11-25,False
WL_0003628,CUST_000267,MOV_00067,2026-03-21,True
WL_0003629,CUST_000267,MOV_00347,2026-01-21,True
WL_0003630,CUST_000267,MOV_00209,2025-12-13,True
WL_0003631,CUST_000267,MOV_00107,2025-11-29,True
WL_0003632,CUST_000267,MOV_00253,2026-04-06,True
WL_0003633,CUST_000267,TVS_00025,2026-01-20,True
WL_0003634,CUST_000267,TVS_00173,2026-02-18,True
WL_0003635,CUST_000267,MOV_00310,2025-11-14,True
WL_0003636,CUST_000267,MOV_00398,2026-02-21,True
WL_0003637,CUST_000267,MOV_00009,2025-12-17,True
WL_0003638,CUST_000267,MOV_00066,2026-01-15,True
WL_0003639,CUST_000267,MOV_00086,2026-01-17,True
WL_0003640,CUST_000267,MOV_00301,2025-12-29,True
WL_0003641,CUST_000267,MOV_00009,2025-12-19,True
WL_0003642,CUST_000268,TVS_00067,2025-08-03,False
WL_0003643,CUST_000268,TVS_00187,2025-11-15,False
WL_0003644,CUST_000268,MOV_00096,2025-07-29,True
WL_0003645,CUST_000268,MOV_00177,2025-10-03,False
WL_0003646,CUST_000268,MOV_00150,2025-09-10,True
WL_0003647,CUST_000268,TVS_00032,2026-02-09,True
WL_0003648,CUST_000268,TVS_00050,2025-12-14,True
WL_0003649,CUST_000268,MOV_00254,2026-03-23,False
WL_0003650,CUST_000268,TVS_00108,2025-11-19,True
WL_0003651,CUST_000268,MOV_00139,2026-02-14,True
WL_0003652,CUST_000268,MOV_00283,2026-02-10,False
WL_0003653,CUST_000268,MOV_00416,2025-11-22,True
WL_0003654,CUST_000268,MOV_00183,2025-10-16,True
WL_0003655,CUST_000268,TVS_00000,2026-01-03,True
WL_0003656,CUST_000268,MOV_00479,2026-03-05,True
WL_0003657,CUST_000269,MOV_00474,2026-01-18,True
WL_0003658,CUST_000269,MOV_00129,2026-04-08,True
WL_0003659,CUST_000269,MOV_00307,2026-03-12,False
WL_0003660,CUST_000269,MOV_00160,2026-02-06,True
WL_0003661,CUST_000269,MOV_00345,2026-04-01,False
WL_0003662,CUST_000270,MOV_00451,2026-03-31,False
WL_0003663,CUST_000270,MOV_00077,2025-10-07,True
WL_0003664,CUST_000270,MOV_00028,2025-06-29,True
WL_0003665,CUST_000270,MOV_00322,2025-12-05,True
WL_0003666,CUST_000270,MOV_00470,2026-01-23,True
WL_0003667,CUST_000270,MOV_00073,2026-01-12,False
WL_0003668,CUST_000271,MOV_00114,2026-03-13,True
WL_0003669,CUST_000271,TVS_00118,2025-12-18,False
WL_0003670,CUST_000271,TVS_00092,2025-08-21,True
WL_0003671,CUST_000271,MOV_00123,2025-09-15,False
WL_0003672,CUST_000271,MOV_00071,2025-08-26,True
WL_0003673,CUST_000271,MOV_00304,2025-09-22,True
WL_0003674,CUST_000271,TVS_00018,2025-12-22,True
WL_0003675,CUST_000271,MOV_00160,2026-01-04,True
WL_0003676,CUST_000271,TVS_00017,2025-07-11,True
WL_0003677,CUST_000271,TVS_00128,2025-11-07,False
WL_0003678,CUST_000271,TVS_00077,2025-07-14,False
WL_0003679,CUST_000271,MOV_00166,2025-07-14,True
WL_0003680,CUST_000271,TVS_00162,2025-11-11,True
WL_0003681,CUST_000271,MOV_00298,2025-11-29,False
WL_0003682,CUST_000271,MOV_00107,2026-01-17,True
WL_0003683,CUST_000271,TVS_00062,2025-07-05,True
WL_0003684,CUST_000271,MOV_00156,2025-10-30,True
WL_0003685,CUST_000271,MOV_00482,2026-01-08,False
WL_0003686,CUST_000271,MOV_00444,2025-11-16,True
WL_0003687,CUST_000271,MOV_00182,2025-06-10,True
WL_0003688,CUST_000271,MOV_00120,2025-08-19,True
WL_0003689,CUST_000271,MOV_00181,2025-06-22,True
WL_0003690,CUST_000271,TVS_00182,2025-12-14,True
WL_0003691,CUST_000272,TVS_00030,2025-05-15,True
WL_0003692,CUST_000272,MOV_00000,2025-11-12,False
WL_0003693,CUST_000272,TVS_00079,2025-08-23,False
WL_0003694,CUST_000272,MOV_00344,2025-08-25,True
WL_0003695,CUST_000272,MOV_00067,2025-07-22,True
WL_0003696,CUST_000272,MOV_00107,2025-08-20,True
WL_0003697,CUST_000272,MOV_00435,2025-10-21,True
WL_0003698,CUST_000272,TVS_00032,2025-10-31,False
WL_0003699,CUST_000272,MOV_00330,2025-08-24,False
WL_0003700,CUST_000272,TVS_00131,2025-07-26,True
WL_0003701,CUST_000272,MOV_00205,2025-06-28,False
WL_0003702,CUST_000272,MOV_00151,2025-10-07,True
WL_0003703,CUST_000272,MOV_00144,2025-09-07,False
WL_0003704,CUST_000272,TVS_00029,2025-06-10,False
WL_0003705,CUST_000272,MOV_00000,2025-10-30,False
WL_0003706,CUST_000272,TVS_00066,2025-07-25,False
WL_0003707,CUST_000272,TVS_00152,2025-06-25,False
WL_0003708,CUST_000272,MOV_00473,2025-06-20,False
WL_0003709,CUST_000272,TVS_00175,2025-11-16,True
WL_0003710,CUST_000272,MOV_00350,2025-06-11,True
WL_0003711,CUST_000272,MOV_00254,2025-11-04,False
WL_0003712,CUST_000273,MOV_00011,2025-08-05,True
WL_0003713,CUST_000273,MOV_00182,2025-05-28,True
WL_0003714,CUST_000273,MOV_00054,2025-12-10,False
WL_0003715,CUST_000273,TVS_00076,2025-11-17,True
WL_0003716,CUST_000273,TVS_00061,2026-03-30,False
WL_0003717,CUST_000273,MOV_00108,2025-07-10,True
WL_0003718,CUST_000273,MOV_00392,2025-05-16,True
WL_0003719,CUST_000273,MOV_00498,2026-03-22,True
WL_0003720,CUST_000273,MOV_00310,2025-11-30,True
WL_0003721,CUST_000273,MOV_00487,2025-04-27,False
WL_0003722,CUST_000273,MOV_00059,2025-10-27,True
WL_0003723,CUST_000273,TVS_00101,2025-07-20,False
WL_0003724,CUST_000273,TVS_00076,2025-09-09,True
WL_0003725,CUST_000273,MOV_00216,2025-08-27,False
WL_0003726,CUST_000273,MOV_00429,2025-08-05,False
WL_0003727,CUST_000273,MOV_00210,2026-01-19,False
WL_0003728,CUST_000273,MOV_00138,2025-06-26,True
WL_0003729,CUST_000273,TVS_00079,2025-12-22,False
WL_0003730,CUST_000273,TVS_00160,2026-02-06,True
WL_0003731,CUST_000273,MOV_00272,2026-03-19,True
WL_0003732,CUST_000273,MOV_00173,2025-05-22,False
WL_0003733,CUST_000274,TVS_00158,2026-03-09,True
WL_0003734,CUST_000274,TVS_00028,2026-01-02,True
WL_0003735,CUST_000274,TVS_00127,2026-04-04,False
WL_0003736,CUST_000274,MOV_00302,2026-01-25,True
WL_0003737,CUST_000274,TVS_00053,2025-12-09,True
WL_0003738,CUST_000274,MOV_00330,2025-12-10,False
WL_0003739,CUST_000274,TVS_00046,2026-03-14,True
WL_0003740,CUST_000274,MOV_00315,2026-02-13,True
WL_0003741,CUST_000274,TVS_00123,2025-12-25,False
WL_0003742,CUST_000275,TVS_00186,2026-01-21,True
WL_0003743,CUST_000275,MOV_00160,2025-12-10,True
WL_0003744,CUST_000275,TVS_00157,2025-11-01,True
WL_0003745,CUST_000275,MOV_00176,2025-12-10,False
WL_0003746,CUST_000275,MOV_00260,2025-06-28,True
WL_0003747,CUST_000275,MOV_00126,2025-06-07,True
WL_0003748,CUST_000275,TVS_00026,2025-08-17,True
WL_0003749,CUST_000275,TVS_00066,2025-07-27,False
WL_0003750,CUST_000275,TVS_00127,2025-09-28,True
WL_0003751,CUST_000275,MOV_00366,2025-09-11,False
WL_0003752,CUST_000275,MOV_00443,2025-09-10,True
WL_0003753,CUST_000275,TVS_00191,2025-10-28,True
WL_0003754,CUST_000275,TVS_00066,2025-09-28,False
WL_0003755,CUST_000275,MOV_00324,2025-07-25,False
WL_0003756,CUST_000275,TVS_00199,2026-02-09,True
WL_0003757,CUST_000275,MOV_00304,2025-06-09,False
WL_0003758,CUST_000275,MOV_00427,2025-08-20,True
WL_0003759,CUST_000276,MOV_00119,2025-08-09,False
WL_0003760,CUST_000276,TVS_00190,2025-08-26,False
WL_0003761,CUST_000276,TVS_00026,2025-09-08,False
WL_0003762,CUST_000276,TVS_00140,2025-09-25,True
WL_0003763,CUST_000276,TVS_00125,2025-02-07,False
WL_0003764,CUST_000276,MOV_00174,2025-04-20,False
WL_0003765,CUST_000276,MOV_00155,2025-08-26,False
WL_0003766,CUST_000276,MOV_00183,2025-06-01,False
WL_0003767,CUST_000276,MOV_00126,2025-08-23,False
WL_0003768,CUST_000276,MOV_00006,2025-07-21,True
WL_0003769,CUST_000276,TVS_00167,2025-02-12,False
WL_0003770,CUST_000276,MOV_00498,2025-07-11,True
WL_0003771,CUST_000276,MOV_00144,2025-07-13,True
WL_0003772,CUST_000276,MOV_00039,2025-06-18,False
WL_0003773,CUST_000276,MOV_00382,2025-05-05,False
WL_0003774,CUST_000276,TVS_00032,2025-09-03,True
WL_0003775,CUST_000276,MOV_00410,2025-08-28,False
WL_0003776,CUST_000277,MOV_00215,2025-10-13,False
WL_0003777,CUST_000277,MOV_00470,2025-12-26,False
WL_0003778,CUST_000277,MOV_00395,2025-05-30,True
WL_0003779,CUST_000277,TVS_00098,2025-11-25,True
WL_0003780,CUST_000277,TVS_00004,2025-07-13,False
WL_0003781,CUST_000277,TVS_00092,2025-12-16,True
WL_0003782,CUST_000277,MOV_00134,2025-08-24,False
WL_0003783,CUST_000277,TVS_00092,2025-09-26,False
WL_0003784,CUST_000277,TVS_00193,2026-03-09,True
WL_0003785,CUST_000277,TVS_00113,2025-08-25,False
WL_0003786,CUST_000277,TVS_00004,2025-12-01,False
WL_0003787,CUST_000277,TVS_00196,2025-07-25,False
WL_0003788,CUST_000277,TVS_00040,2025-06-10,False
WL_0003789,CUST_000277,MOV_00403,2025-06-12,True
WL_0003790,CUST_000277,MOV_00331,2025-06-19,True
WL_0003791,CUST_000277,TVS_00113,2026-01-24,False
WL_0003792,CUST_000277,MOV_00164,2025-08-13,True
WL_0003793,CUST_000277,MOV_00327,2025-07-09,True
WL_0003794,CUST_000277,MOV_00261,2025-09-13,False
WL_0003795,CUST_000277,TVS_00130,2026-01-02,True
WL_0003796,CUST_000277,MOV_00445,2026-03-13,True
WL_0003797,CUST_000277,MOV_00395,2025-07-26,True
WL_0003798,CUST_000277,MOV_00081,2025-12-05,True
WL_0003799,CUST_000277,MOV_00263,2025-10-21,True
WL_0003800,CUST_000278,MOV_00203,2025-04-16,True
WL_0003801,CUST_000278,TVS_00076,2025-10-20,True
WL_0003802,CUST_000278,MOV_00487,2025-09-18,False
WL_0003803,CUST_000278,TVS_00032,2025-11-27,True
WL_0003804,CUST_000278,TVS_00160,2025-05-25,True
WL_0003805,CUST_000279,MOV_00275,2026-04-08,True
WL_0003806,CUST_000279,MOV_00345,2026-04-07,False
WL_0003807,CUST_000279,MOV_00301,2026-04-11,False
WL_0003808,CUST_000279,MOV_00298,2026-04-10,True
WL_0003809,CUST_000279,TVS_00062,2026-04-11,True
WL_0003810,CUST_000280,MOV_00496,2025-09-28,True
WL_0003811,CUST_000280,TVS_00030,2025-12-23,False
WL_0003812,CUST_000280,TVS_00119,2025-12-02,True
WL_0003813,CUST_000280,MOV_00142,2025-08-25,True
WL_0003814,CUST_000280,MOV_00116,2024-09-17,True
WL_0003815,CUST_000280,MOV_00452,2025-09-24,True
WL_0003816,CUST_000280,TVS_00054,2025-05-15,False
WL_0003817,CUST_000280,TVS_00072,2024-11-27,True
WL_0003818,CUST_000280,MOV_00085,2024-10-20,True
WL_0003819,CUST_000280,MOV_00447,2026-01-10,True
WL_0003820,CUST_000280,MOV_00198,2025-07-21,True
WL_0003821,CUST_000280,TVS_00125,2025-09-01,True
WL_0003822,CUST_000281,MOV_00060,2026-03-05,True
WL_0003823,CUST_000281,TVS_00106,2026-02-04,True
WL_0003824,CUST_000281,MOV_00254,2026-03-09,True
WL_0003825,CUST_000281,MOV_00145,2026-02-05,True
WL_0003826,CUST_000281,TVS_00058,2026-04-05,False
WL_0003827,CUST_000281,MOV_00221,2026-02-15,False
WL_0003828,CUST_000281,MOV_00146,2026-04-01,True
WL_0003829,CUST_000281,MOV_00489,2026-03-20,True
WL_0003830,CUST_000281,MOV_00221,2026-02-22,False
WL_0003831,CUST_000281,TVS_00030,2026-01-23,False
WL_0003832,CUST_000281,TVS_00122,2026-03-22,False
WL_0003833,CUST_000281,MOV_00000,2026-01-15,False
WL_0003834,CUST_000281,MOV_00131,2026-02-11,True
WL_0003835,CUST_000281,MOV_00177,2026-03-28,False
WL_0003836,CUST_000282,TVS_00061,2026-02-13,True
WL_0003837,CUST_000282,MOV_00329,2026-03-21,True
WL_0003838,CUST_000282,MOV_00159,2026-02-04,False
WL_0003839,CUST_000282,MOV_00352,2026-03-19,True
WL_0003840,CUST_000282,MOV_00414,2026-01-13,False
WL_0003841,CUST_000282,MOV_00041,2026-03-10,True
WL_0003842,CUST_000282,MOV_00334,2026-02-27,True
WL_0003843,CUST_000282,MOV_00290,2026-03-09,False
WL_0003844,CUST_000282,MOV_00146,2026-03-08,False
WL_0003845,CUST_000282,TVS_00056,2026-01-07,False
WL_0003846,CUST_000282,MOV_00244,2026-02-21,False
WL_0003847,CUST_000282,TVS_00111,2026-03-17,False
WL_0003848,CUST_000282,MOV_00424,2026-01-08,False
WL_0003849,CUST_000282,MOV_00337,2026-03-01,True
WL_0003850,CUST_000282,MOV_00400,2026-02-15,False
WL_0003851,CUST_000282,MOV_00186,2026-03-24,False
WL_0003852,CUST_000283,TVS_00123,2026-03-10,True
WL_0003853,CUST_000283,MOV_00011,2026-02-05,False
WL_0003854,CUST_000283,TVS_00154,2026-04-08,True
WL_0003855,CUST_000283,TVS_00028,2026-03-10,False
WL_0003856,CUST_000283,MOV_00074,2026-03-19,False
WL_0003857,CUST_000283,TVS_00018,2025-12-19,False
WL_0003858,CUST_000283,MOV_00445,2026-03-03,True
WL_0003859,CUST_000283,MOV_00445,2025-11-16,True
WL_0003860,CUST_000283,TVS_00140,2026-04-13,False
WL_0003861,CUST_000283,MOV_00276,2026-04-17,False
WL_0003862,CUST_000283,TVS_00198,2025-11-05,False
WL_0003863,CUST_000283,MOV_00158,2026-01-04,False
WL_0003864,CUST_000283,MOV_00151,2025-12-06,False
WL_0003865,CUST_000283,TVS_00198,2025-12-16,False
WL_0003866,CUST_000283,TVS_00192,2025-12-10,True
WL_0003867,CUST_000283,MOV_00158,2026-04-02,False
WL_0003868,CUST_000283,TVS_00183,2026-02-01,False
WL_0003869,CUST_000283,MOV_00498,2026-04-03,False
WL_0003870,CUST_000283,MOV_00066,2026-04-18,False
WL_0003871,CUST_000283,MOV_00166,2026-02-09,False
WL_0003872,CUST_000283,MOV_00210,2026-03-12,False
WL_0003873,CUST_000283,MOV_00139,2026-03-19,False
WL_0003874,CUST_000283,MOV_00034,2025-12-20,True
WL_0003875,CUST_000283,MOV_00257,2025-11-06,False
WL_0003876,CUST_000284,MOV_00189,2026-02-13,True
WL_0003877,CUST_000284,MOV_00262,2026-02-16,False
WL_0003878,CUST_000284,MOV_00257,2026-01-28,True
WL_0003879,CUST_000284,MOV_00197,2025-11-22,True
WL_0003880,CUST_000284,MOV_00480,2026-03-29,True
WL_0003881,CUST_000284,TVS_00098,2025-11-13,False
WL_0003882,CUST_000284,MOV_00131,2025-10-25,False
WL_0003883,CUST_000284,MOV_00428,2025-11-10,True
WL_0003884,CUST_000284,MOV_00473,2026-03-15,True
WL_0003885,CUST_000284,MOV_00280,2026-02-15,True
WL_0003886,CUST_000284,MOV_00005,2025-11-28,False
WL_0003887,CUST_000284,MOV_00037,2025-12-06,True
WL_0003888,CUST_000284,TVS_00040,2026-01-01,True
WL_0003889,CUST_000284,MOV_00208,2026-04-11,False
WL_0003890,CUST_000285,TVS_00155,2025-04-05,True
WL_0003891,CUST_000285,MOV_00000,2025-04-27,True
WL_0003892,CUST_000285,TVS_00042,2025-03-29,False
WL_0003893,CUST_000285,TVS_00107,2025-02-07,True
WL_0003894,CUST_000285,MOV_00368,2025-04-14,True
WL_0003895,CUST_000285,TVS_00066,2025-02-13,False
WL_0003896,CUST_000285,MOV_00119,2025-04-21,True
WL_0003897,CUST_000285,MOV_00313,2025-03-03,True
WL_0003898,CUST_000285,MOV_00195,2025-03-14,False
WL_0003899,CUST_000285,MOV_00230,2025-01-09,False
WL_0003900,CUST_000285,TVS_00018,2025-05-18,True
WL_0003901,CUST_000285,MOV_00428,2025-05-12,True
WL_0003902,CUST_000285,MOV_00010,2025-02-22,True
WL_0003903,CUST_000285,MOV_00499,2025-04-21,False
WL_0003904,CUST_000285,MOV_00128,2025-03-08,True
WL_0003905,CUST_000285,MOV_00396,2025-03-23,False
WL_0003906,CUST_000286,MOV_00495,2026-04-04,False
WL_0003907,CUST_000286,MOV_00163,2026-04-03,False
WL_0003908,CUST_000286,MOV_00235,2026-04-03,True
WL_0003909,CUST_000286,MOV_00265,2026-04-07,False
WL_0003910,CUST_000286,MOV_00463,2026-04-03,False
WL_0003911,CUST_000286,MOV_00113,2026-04-07,False
WL_0003912,CUST_000286,MOV_00468,2026-04-10,False
WL_0003913,CUST_000287,TVS_00071,2025-11-25,False
WL_0003914,CUST_000287,MOV_00469,2026-04-04,True
WL_0003915,CUST_000287,MOV_00110,2026-02-02,True
WL_0003916,CUST_000287,MOV_00375,2025-10-15,False
WL_0003917,CUST_000287,MOV_00443,2025-09-30,True
WL_0003918,CUST_000287,MOV_00268,2026-02-14,True
WL_0003919,CUST_000287,MOV_00110,2026-01-28,True
WL_0003920,CUST_000287,MOV_00130,2026-01-13,True
WL_0003921,CUST_000287,MOV_00054,2025-11-22,True
WL_0003922,CUST_000287,MOV_00207,2025-08-17,True
WL_0003923,CUST_000287,MOV_00004,2025-12-03,True
WL_0003924,CUST_000287,TVS_00141,2026-02-05,True
WL_0003925,CUST_000287,TVS_00165,2025-09-09,True
WL_0003926,CUST_000287,MOV_00267,2025-12-09,True
WL_0003927,CUST_000287,TVS_00161,2026-04-09,True
WL_0003928,CUST_000288,MOV_00439,2026-03-20,True
WL_0003929,CUST_000288,TVS_00102,2026-01-21,True
WL_0003930,CUST_000288,MOV_00106,2025-04-23,True
WL_0003931,CUST_000288,MOV_00037,2025-10-10,True
WL_0003932,CUST_000288,MOV_00062,2025-11-04,True
WL_0003933,CUST_000288,MOV_00389,2025-09-07,False
WL_0003934,CUST_000288,MOV_00103,2026-03-16,False
WL_0003935,CUST_000288,TVS_00065,2025-05-12,False
WL_0003936,CUST_000288,MOV_00217,2025-05-29,True
WL_0003937,CUST_000288,TVS_00010,2025-08-06,False
WL_0003938,CUST_000288,MOV_00297,2025-08-25,False
WL_0003939,CUST_000288,MOV_00123,2026-02-15,False
WL_0003940,CUST_000288,TVS_00172,2026-03-02,True
WL_0003941,CUST_000288,MOV_00095,2025-10-14,True
WL_0003942,CUST_000288,TVS_00127,2025-06-13,True
WL_0003943,CUST_000288,MOV_00469,2026-01-27,False
WL_0003944,CUST_000288,MOV_00162,2025-07-26,True
WL_0003945,CUST_000288,MOV_00462,2025-06-27,True
WL_0003946,CUST_000288,MOV_00080,2025-07-03,True
WL_0003947,CUST_000288,MOV_00067,2025-12-18,True
WL_0003948,CUST_000288,MOV_00399,2025-07-18,True
WL_0003949,CUST_000289,TVS_00174,2025-12-27,False
WL_0003950,CUST_000289,MOV_00060,2026-02-05,True
WL_0003951,CUST_000289,TVS_00098,2026-01-27,True
WL_0003952,CUST_000289,MOV_00385,2025-12-17,True
WL_0003953,CUST_000289,MOV_00244,2026-02-21,True
WL_0003954,CUST_000289,MOV_00390,2026-02-26,False
WL_0003955,CUST_000289,TVS_00012,2025-12-12,True
WL_0003956,CUST_000289,MOV_00296,2026-01-11,True
WL_0003957,CUST_000289,MOV_00047,2025-10-28,False
WL_0003958,CUST_000289,MOV_00496,2025-12-20,True
WL_0003959,CUST_000289,MOV_00145,2026-03-31,False
WL_0003960,CUST_000289,MOV_00023,2026-02-21,False
WL_0003961,CUST_000289,MOV_00000,2025-11-11,True
WL_0003962,CUST_000289,TVS_00138,2026-01-14,True
WL_0003963,CUST_000289,MOV_00063,2026-02-16,True
WL_0003964,CUST_000289,MOV_00015,2025-10-21,True
WL_0003965,CUST_000289,MOV_00258,2025-10-15,True
WL_0003966,CUST_000289,MOV_00332,2025-12-14,False
WL_0003967,CUST_000289,MOV_00239,2025-12-08,True
WL_0003968,CUST_000289,MOV_00147,2026-03-20,False
WL_0003969,CUST_000290,MOV_00474,2026-03-09,False
WL_0003970,CUST_000290,TVS_00044,2026-04-04,True
WL_0003971,CUST_000290,MOV_00111,2026-04-09,False
WL_0003972,CUST_000290,MOV_00024,2026-03-16,True
WL_0003973,CUST_000290,MOV_00393,2026-03-23,True
WL_0003974,CUST_000290,TVS_00141,2026-03-13,True
WL_0003975,CUST_000290,TVS_00006,2026-03-23,True
WL_0003976,CUST_000291,MOV_00133,2026-03-12,True
WL_0003977,CUST_000291,TVS_00164,2024-11-03,False
WL_0003978,CUST_000291,TVS_00006,2025-06-14,True
WL_0003979,CUST_000291,TVS_00069,2025-07-18,False
WL_0003980,CUST_000291,MOV_00053,2026-04-08,False
WL_0003981,CUST_000292,MOV_00014,2026-03-27,True
WL_0003982,CUST_000292,MOV_00215,2026-04-11,False
WL_0003983,CUST_000292,MOV_00160,2026-03-25,True
WL_0003984,CUST_000292,MOV_00111,2026-04-07,False
WL_0003985,CUST_000292,MOV_00190,2026-04-05,True
WL_0003986,CUST_000292,MOV_00201,2026-03-05,False
WL_0003987,CUST_000292,MOV_00448,2026-03-25,True
WL_0003988,CUST_000292,TVS_00194,2026-03-12,True
WL_0003989,CUST_000292,MOV_00377,2026-04-03,False
WL_0003990,CUST_000292,MOV_00440,2026-03-05,False
WL_0003991,CUST_000292,MOV_00429,2026-03-14,True
WL_0003992,CUST_000292,MOV_00042,2026-03-19,True
WL_0003993,CUST_000292,MOV_00123,2026-03-02,True
WL_0003994,CUST_000292,MOV_00070,2026-03-15,True
WL_0003995,CUST_000292,MOV_00035,2026-03-18,True
WL_0003996,CUST_000292,MOV_00239,2026-03-27,False
WL_0003997,CUST_000292,MOV_00406,2026-02-28,False
WL_0003998,CUST_000292,MOV_00063,2026-03-10,True
WL_0003999,CUST_000292,MOV_00462,2026-04-11,False
WL_0004000,CUST_000292,MOV_00372,2026-03-02,True
WL_0004001,CUST_000292,MOV_00032,2026-03-13,True
WL_0004002,CUST_000292,MOV_00381,2026-03-21,True
WL_0004003,CUST_000293,TVS_00011,2026-06-17,True
WL_0004004,CUST_000293,MOV_00468,2026-01-13,True
WL_0004005,CUST_000293,MOV_00461,2026-06-14,False
WL_0004006,CUST_000293,TVS_00144,2026-06-12,True
WL_0004007,CUST_000293,MOV_00472,2026-01-23,False
WL_0004008,CUST_000293,MOV_00387,2026-01-05,False
WL_0004009,CUST_000293,TVS_00042,2026-04-05,False
WL_0004010,CUST_000293,TVS_00032,2026-05-14,True
WL_0004011,CUST_000293,TVS_00121,2026-06-16,False
WL_0004012,CUST_000293,MOV_00387,2026-04-29,True
WL_0004013,CUST_000293,TVS_00183,2026-03-31,False
WL_0004014,CUST_000293,TVS_00040,2026-02-17,False
WL_0004015,CUST_000294,MOV_00248,2025-02-01,False
WL_0004016,CUST_000294,TVS_00156,2025-11-23,True
WL_0004017,CUST_000294,MOV_00158,2025-02-11,True
WL_0004018,CUST_000294,TVS_00000,2025-03-22,False
WL_0004019,CUST_000294,MOV_00398,2024-09-27,True
WL_0004020,CUST_000295,TVS_00167,2025-04-11,True
WL_0004021,CUST_000295,MOV_00484,2025-06-11,True
WL_0004022,CUST_000295,MOV_00262,2025-05-14,False
WL_0004023,CUST_000295,MOV_00333,2025-09-25,True
WL_0004024,CUST_000295,MOV_00308,2025-11-12,True
WL_0004025,CUST_000295,MOV_00464,2026-03-06,True
WL_0004026,CUST_000295,MOV_00383,2025-03-01,False
WL_0004027,CUST_000295,MOV_00379,2026-01-27,True
WL_0004028,CUST_000295,MOV_00383,2025-07-31,True
WL_0004029,CUST_000295,MOV_00070,2025-11-13,False
WL_0004030,CUST_000295,MOV_00094,2025-05-08,True
WL_0004031,CUST_000295,MOV_00396,2025-12-17,True
WL_0004032,CUST_000295,MOV_00052,2025-02-27,True
WL_0004033,CUST_000295,MOV_00168,2026-04-10,True
WL_0004034,CUST_000295,MOV_00144,2025-12-19,False
WL_0004035,CUST_000295,MOV_00066,2025-10-22,True
WL_0004036,CUST_000295,MOV_00051,2026-01-30,False
WL_0004037,CUST_000295,MOV_00388,2025-05-11,False
WL_0004038,CUST_000295,TVS_00070,2025-04-03,False
WL_0004039,CUST_000295,MOV_00125,2025-08-08,False
WL_0004040,CUST_000295,MOV_00481,2025-06-22,False
WL_0004041,CUST_000296,TVS_00068,2025-09-30,True
WL_0004042,CUST_000296,MOV_00474,2025-11-06,False
WL_0004043,CUST_000296,TVS_00133,2025-04-01,True
WL_0004044,CUST_000296,MOV_00303,2025-12-13,False
WL_0004045,CUST_000296,MOV_00136,2025-08-11,True
WL_0004046,CUST_000296,MOV_00433,2025-02-01,True
WL_0004047,CUST_000296,MOV_00066,2025-03-05,False
WL_0004048,CUST_000296,MOV_00384,2024-11-21,False
WL_0004049,CUST_000296,TVS_00047,2025-11-09,True
WL_0004050,CUST_000296,MOV_00162,2025-07-17,True
WL_0004051,CUST_000296,MOV_00037,2024-11-11,False
WL_0004052,CUST_000296,MOV_00043,2024-10-29,True
WL_0004053,CUST_000296,MOV_00310,2025-10-03,False
WL_0004054,CUST_000296,MOV_00286,2025-03-08,True
WL_0004055,CUST_000296,TVS_00143,2025-04-05,False
WL_0004056,CUST_000296,MOV_00370,2025-01-30,True
WL_0004057,CUST_000296,MOV_00335,2025-03-21,True
WL_0004058,CUST_000297,TVS_00118,2025-07-20,True
WL_0004059,CUST_000297,TVS_00056,2025-08-20,True
WL_0004060,CUST_000297,TVS_00147,2025-12-01,False
WL_0004061,CUST_000297,MOV_00366,2025-07-12,True
WL_0004062,CUST_000297,TVS_00173,2025-04-29,True
WL_0004063,CUST_000297,MOV_00491,2025-05-24,True
WL_0004064,CUST_000297,TVS_00059,2026-01-04,True
WL_0004065,CUST_000297,MOV_00031,2025-07-21,True
WL_0004066,CUST_000297,MOV_00329,2025-06-11,True
WL_0004067,CUST_000297,MOV_00160,2025-06-11,True
WL_0004068,CUST_000297,MOV_00360,2025-06-21,True
WL_0004069,CUST_000297,MOV_00212,2025-12-19,False
WL_0004070,CUST_000297,MOV_00096,2025-03-31,False
WL_0004071,CUST_000297,MOV_00140,2025-07-16,True
WL_0004072,CUST_000297,MOV_00215,2025-08-25,False
WL_0004073,CUST_000298,MOV_00299,2025-06-06,False
WL_0004074,CUST_000298,MOV_00313,2025-08-09,False
WL_0004075,CUST_000298,MOV_00034,2025-07-14,False
WL_0004076,CUST_000298,TVS_00034,2025-08-19,True
WL_0004077,CUST_000298,TVS_00147,2025-06-26,False
WL_0004078,CUST_000298,TVS_00150,2025-09-21,False
WL_0004079,CUST_000298,TVS_00196,2025-08-11,False
WL_0004080,CUST_000298,TVS_00181,2025-07-07,False
WL_0004081,CUST_000298,MOV_00169,2025-07-15,True
WL_0004082,CUST_000298,MOV_00479,2025-06-16,False
WL_0004083,CUST_000298,MOV_00313,2025-09-17,True
WL_0004084,CUST_000298,MOV_00306,2025-07-01,True
WL_0004085,CUST_000298,TVS_00155,2025-07-27,True
WL_0004086,CUST_000298,MOV_00478,2025-09-28,False
WL_0004087,CUST_000298,MOV_00449,2025-06-18,False
WL_0004088,CUST_000299,MOV_00079,2025-03-09,False
WL_0004089,CUST_000299,MOV_00056,2025-09-19,True
WL_0004090,CUST_000299,TVS_00178,2025-07-05,False
WL_0004091,CUST_000299,TVS_00177,2025-09-10,True
WL_0004092,CUST_000299,MOV_00032,2025-10-27,False
WL_0004093,CUST_000299,MOV_00361,2025-02-17,False
WL_0004094,CUST_000299,MOV_00381,2025-12-12,True
WL_0004095,CUST_000299,TVS_00137,2025-06-25,False
WL_0004096,CUST_000300,MOV_00256,2024-07-25,False
WL_0004097,CUST_000300,MOV_00150,2024-07-17,False
WL_0004098,CUST_000300,TVS_00126,2024-06-25,True
WL_0004099,CUST_000300,MOV_00466,2024-09-07,False
WL_0004100,CUST_000300,MOV_00215,2024-06-16,True
WL_0004101,CUST_000300,TVS_00173,2024-06-13,False
WL_0004102,CUST_000300,TVS_00157,2024-06-14,False
WL_0004103,CUST_000300,TVS_00033,2024-07-13,False
WL_0004104,CUST_000300,MOV_00040,2024-08-21,False
WL_0004105,CUST_000300,TVS_00026,2024-07-11,False
WL_0004106,CUST_000300,MOV_00494,2024-07-03,True
WL_0004107,CUST_000300,MOV_00024,2024-09-01,True
WL_0004108,CUST_000300,MOV_00226,2024-08-01,False
WL_0004109,CUST_000300,MOV_00498,2024-07-08,True
WL_0004110,CUST_000300,MOV_00023,2024-06-10,False
WL_0004111,CUST_000300,MOV_00372,2024-06-20,False
WL_0004112,CUST_000300,TVS_00101,2024-06-29,True
WL_0004113,CUST_000300,MOV_00357,2024-09-06,False
WL_0004114,CUST_000300,MOV_00184,2024-08-29,False
WL_0004115,CUST_000300,TVS_00053,2024-07-16,True
WL_0004116,CUST_000300,TVS_00157,2024-06-10,False
WL_0004117,CUST_000300,TVS_00098,2024-07-29,False
WL_0004118,CUST_000300,TVS_00048,2024-06-18,False
WL_0004119,CUST_000300,MOV_00454,2024-06-24,False
WL_0004120,CUST_000301,MOV_00218,2026-02-18,True
WL_0004121,CUST_000301,TVS_00096,2024-12-19,True
WL_0004122,CUST_000301,MOV_00477,2025-05-13,False
WL_0004123,CUST_000302,MOV_00352,2024-12-26,False
WL_0004124,CUST_000302,MOV_00345,2025-08-19,False
WL_0004125,CUST_000302,MOV_00216,2025-08-02,True
WL_0004126,CUST_000302,TVS_00080,2026-02-21,True
WL_0004127,CUST_000302,MOV_00343,2026-01-28,False
WL_0004128,CUST_000302,MOV_00428,2025-02-10,True
WL_0004129,CUST_000302,MOV_00317,2025-06-13,False
WL_0004130,CUST_000302,MOV_00356,2026-03-06,False
WL_0004131,CUST_000302,MOV_00456,2024-11-17,True
WL_0004132,CUST_000302,MOV_00202,2025-08-02,True
WL_0004133,CUST_000302,MOV_00184,2025-01-22,True
WL_0004134,CUST_000302,MOV_00424,2024-12-03,True
WL_0004135,CUST_000302,MOV_00243,2025-04-23,True
WL_0004136,CUST_000302,MOV_00202,2024-12-06,True
WL_0004137,CUST_000302,TVS_00009,2024-11-24,True
WL_0004138,CUST_000302,MOV_00048,2025-02-21,True
WL_0004139,CUST_000302,MOV_00115,2025-01-21,False
WL_0004140,CUST_000302,MOV_00082,2025-12-12,True
WL_0004141,CUST_000302,TVS_00137,2026-01-25,True
WL_0004142,CUST_000302,TVS_00054,2024-10-25,False
WL_0004143,CUST_000303,TVS_00170,2026-02-19,True
WL_0004144,CUST_000303,TVS_00030,2025-10-29,False
WL_0004145,CUST_000303,TVS_00072,2025-08-22,False
WL_0004146,CUST_000303,MOV_00239,2025-06-18,False
WL_0004147,CUST_000303,TVS_00151,2025-10-29,False
WL_0004148,CUST_000303,MOV_00190,2025-08-10,True
WL_0004149,CUST_000303,MOV_00496,2026-01-10,True
WL_0004150,CUST_000303,MOV_00259,2025-10-01,False
WL_0004151,CUST_000303,MOV_00424,2025-10-30,True
WL_0004152,CUST_000303,TVS_00155,2026-01-25,True
WL_0004153,CUST_000303,TVS_00037,2025-07-23,True
WL_0004154,CUST_000303,TVS_00037,2025-11-26,False
WL_0004155,CUST_000303,MOV_00213,2026-02-08,True
WL_0004156,CUST_000303,MOV_00218,2025-06-20,True
WL_0004157,CUST_000304,MOV_00394,2025-05-08,True
WL_0004158,CUST_000304,TVS_00018,2026-03-10,True
WL_0004159,CUST_000304,MOV_00261,2025-03-07,True
WL_0004160,CUST_000304,MOV_00062,2025-06-26,True
WL_0004161,CUST_000304,MOV_00324,2026-02-01,False
WL_0004162,CUST_000305,MOV_00087,2025-04-08,False
WL_0004163,CUST_000305,MOV_00108,2025-10-08,False
WL_0004164,CUST_000305,MOV_00253,2025-07-01,True
WL_0004165,CUST_000305,MOV_00332,2025-12-05,True
WL_0004166,CUST_000305,MOV_00084,2025-10-26,False
WL_0004167,CUST_000305,MOV_00426,2026-02-19,True
WL_0004168,CUST_000305,MOV_00302,2025-02-05,True
WL_0004169,CUST_000305,TVS_00192,2025-06-30,True
WL_0004170,CUST_000305,MOV_00370,2025-11-22,True
WL_0004171,CUST_000305,MOV_00016,2025-04-25,False
WL_0004172,CUST_000305,MOV_00064,2025-05-28,False
WL_0004173,CUST_000306,MOV_00084,2026-03-10,False
WL_0004174,CUST_000306,TVS_00136,2026-01-26,True
WL_0004175,CUST_000306,MOV_00246,2025-09-27,False
WL_0004176,CUST_000306,TVS_00037,2026-03-23,False
WL_0004177,CUST_000306,TVS_00025,2025-11-02,True
WL_0004178,CUST_000306,MOV_00480,2026-03-26,False
WL_0004179,CUST_000306,MOV_00369,2025-09-28,True
WL_0004180,CUST_000306,MOV_00207,2025-11-08,True
WL_0004181,CUST_000306,MOV_00452,2026-01-28,False
WL_0004182,CUST_000306,MOV_00318,2026-01-17,False
WL_0004183,CUST_000306,MOV_00257,2026-02-19,True
WL_0004184,CUST_000306,TVS_00063,2026-01-12,False
WL_0004185,CUST_000306,MOV_00027,2025-12-29,False
WL_0004186,CUST_000306,MOV_00333,2025-09-16,False
WL_0004187,CUST_000306,MOV_00297,2025-12-09,False
WL_0004188,CUST_000306,MOV_00245,2025-11-26,True
WL_0004189,CUST_000306,MOV_00267,2025-09-09,False
WL_0004190,CUST_000307,MOV_00483,2025-12-11,True
WL_0004191,CUST_000307,TVS_00000,2025-09-13,True
WL_0004192,CUST_000307,MOV_00374,2025-10-24,True
WL_0004193,CUST_000307,MOV_00440,2025-10-28,True
WL_0004194,CUST_000307,MOV_00170,2025-12-29,True
WL_0004195,CUST_000307,MOV_00476,2025-06-09,True
WL_0004196,CUST_000307,MOV_00271,2026-04-05,True
WL_0004197,CUST_000307,MOV_00164,2026-03-16,True
WL_0004198,CUST_000307,TVS_00042,2025-06-18,False
WL_0004199,CUST_000307,TVS_00174,2026-02-28,True
WL_0004200,CUST_000307,MOV_00167,2025-12-05,True
WL_0004201,CUST_000307,MOV_00166,2025-10-19,True
WL_0004202,CUST_000307,TVS_00010,2026-02-08,True
WL_0004203,CUST_000307,MOV_00259,2025-11-22,True
WL_0004204,CUST_000307,TVS_00002,2025-06-17,False
WL_0004205,CUST_000307,TVS_00000,2025-11-05,True
WL_0004206,CUST_000307,MOV_00204,2025-11-23,True
WL_0004207,CUST_000307,TVS_00169,2025-08-08,True
WL_0004208,CUST_000307,MOV_00058,2025-10-07,True
WL_0004209,CUST_000307,MOV_00029,2025-07-16,False
WL_0004210,CUST_000307,TVS_00147,2025-08-05,False
WL_0004211,CUST_000307,TVS_00138,2026-02-12,True
WL_0004212,CUST_000307,MOV_00088,2025-07-16,True
WL_0004213,CUST_000307,MOV_00072,2025-10-01,True
WL_0004214,CUST_000307,MOV_00164,2025-06-25,True
WL_0004215,CUST_000308,MOV_00378,2025-11-18,True
WL_0004216,CUST_000308,TVS_00152,2025-10-14,False
WL_0004217,CUST_000308,MOV_00062,2025-10-06,False
WL_0004218,CUST_000308,TVS_00042,2025-11-21,False
WL_0004219,CUST_000308,MOV_00486,2025-09-02,True
WL_0004220,CUST_000308,MOV_00172,2025-09-22,True
WL_0004221,CUST_000308,MOV_00414,2025-07-21,True
WL_0004222,CUST_000308,MOV_00044,2025-10-13,True
WL_0004223,CUST_000308,TVS_00018,2025-09-25,False
WL_0004224,CUST_000308,TVS_00174,2025-10-11,False
WL_0004225,CUST_000308,MOV_00085,2025-08-01,False
WL_0004226,CUST_000308,MOV_00494,2025-10-18,False
WL_0004227,CUST_000308,MOV_00400,2025-10-24,False
WL_0004228,CUST_000308,MOV_00000,2025-11-22,False
WL_0004229,CUST_000308,TVS_00107,2025-10-30,True
WL_0004230,CUST_000308,MOV_00000,2025-11-11,False
WL_0004231,CUST_000308,MOV_00234,2025-08-24,False
WL_0004232,CUST_000308,MOV_00226,2025-11-09,True
WL_0004233,CUST_000308,MOV_00083,2025-07-17,True
WL_0004234,CUST_000309,MOV_00207,2026-03-24,False
WL_0004235,CUST_000309,MOV_00141,2026-03-05,True
WL_0004236,CUST_000309,MOV_00499,2026-04-09,True
WL_0004237,CUST_000309,TVS_00119,2026-02-19,True
WL_0004238,CUST_000309,TVS_00142,2026-03-25,False
WL_0004239,CUST_000309,MOV_00483,2026-02-20,False
WL_0004240,CUST_000309,MOV_00494,2026-03-15,False
WL_0004241,CUST_000309,MOV_00269,2026-03-02,False
WL_0004242,CUST_000309,MOV_00330,2026-03-31,False
WL_0004243,CUST_000309,MOV_00488,2026-04-05,True
WL_0004244,CUST_000309,MOV_00232,2026-03-03,True
WL_0004245,CUST_000309,TVS_00116,2026-03-22,True
WL_0004246,CUST_000309,MOV_00200,2026-04-01,False
WL_0004247,CUST_000309,TVS_00136,2026-04-06,True
WL_0004248,CUST_000309,MOV_00034,2026-04-01,False
WL_0004249,CUST_000309,MOV_00191,2026-03-29,False
WL_0004250,CUST_000309,MOV_00278,2026-04-08,True
WL_0004251,CUST_000309,MOV_00133,2026-02-20,True
WL_0004252,CUST_000309,TVS_00043,2026-02-20,True
WL_0004253,CUST_000309,TVS_00140,2026-02-11,False
WL_0004254,CUST_000309,MOV_00022,2026-03-17,True
WL_0004255,CUST_000309,TVS_00140,2026-02-23,False
WL_0004256,CUST_000309,MOV_00496,2026-03-18,True
WL_0004257,CUST_000309,MOV_00121,2026-03-13,True
WL_0004258,CUST_000309,MOV_00369,2026-03-13,False
WL_0004259,CUST_000310,MOV_00181,2026-02-03,True
WL_0004260,CUST_000310,TVS_00121,2025-11-19,True
WL_0004261,CUST_000310,TVS_00094,2026-01-16,False
WL_0004262,CUST_000311,TVS_00188,2026-03-01,False
WL_0004263,CUST_000311,TVS_00152,2025-08-30,False
WL_0004264,CUST_000311,TVS_00109,2026-03-04,False
WL_0004265,CUST_000311,MOV_00280,2025-07-13,True
WL_0004266,CUST_000311,MOV_00008,2025-04-14,True
WL_0004267,CUST_000311,MOV_00260,2025-11-30,True
WL_0004268,CUST_000311,TVS_00008,2025-05-29,True
WL_0004269,CUST_000311,TVS_00092,2025-06-16,True
WL_0004270,CUST_000311,MOV_00239,2025-07-12,True
WL_0004271,CUST_000311,TVS_00129,2025-08-29,True
WL_0004272,CUST_000311,TVS_00066,2025-12-21,False
WL_0004273,CUST_000311,TVS_00084,2025-07-16,True
WL_0004274,CUST_000311,MOV_00389,2025-11-09,True
WL_0004275,CUST_000311,MOV_00247,2026-03-16,True
WL_0004276,CUST_000311,MOV_00450,2025-09-25,False
WL_0004277,CUST_000311,MOV_00071,2025-06-13,True
WL_0004278,CUST_000311,MOV_00052,2025-06-17,True
WL_0004279,CUST_000311,TVS_00147,2025-11-24,False
WL_0004280,CUST_000311,TVS_00062,2025-09-30,True
WL_0004281,CUST_000311,MOV_00362,2026-03-26,True
WL_0004282,CUST_000311,MOV_00381,2026-03-26,True
WL_0004283,CUST_000311,MOV_00071,2025-09-16,True
WL_0004284,CUST_000311,MOV_00444,2025-07-16,True
WL_0004285,CUST_000312,MOV_00050,2026-04-02,True
WL_0004286,CUST_000312,TVS_00037,2025-04-21,True
WL_0004287,CUST_000312,MOV_00384,2025-04-13,False
WL_0004288,CUST_000312,MOV_00289,2025-05-10,True
WL_0004289,CUST_000312,MOV_00289,2025-11-30,True
WL_0004290,CUST_000312,TVS_00084,2025-05-06,False
WL_0004291,CUST_000312,MOV_00088,2025-09-05,False
WL_0004292,CUST_000312,TVS_00128,2025-12-04,False
WL_0004293,CUST_000312,MOV_00000,2025-11-02,True
WL_0004294,CUST_000312,MOV_00424,2025-11-16,True
WL_0004295,CUST_000313,MOV_00282,2024-11-16,True
WL_0004296,CUST_000313,MOV_00398,2025-12-12,True
WL_0004297,CUST_000313,MOV_00172,2025-12-05,True
WL_0004298,CUST_000313,MOV_00013,2025-03-22,False
WL_0004299,CUST_000313,MOV_00163,2025-07-09,False
WL_0004300,CUST_000313,MOV_00326,2025-05-25,True
WL_0004301,CUST_000313,MOV_00399,2026-03-19,True
WL_0004302,CUST_000313,MOV_00017,2025-02-21,True
WL_0004303,CUST_000313,TVS_00056,2025-12-16,True
WL_0004304,CUST_000313,MOV_00443,2026-03-02,True
WL_0004305,CUST_000313,MOV_00184,2025-09-05,True
WL_0004306,CUST_000313,MOV_00288,2025-10-01,False
WL_0004307,CUST_000313,MOV_00340,2025-10-24,True
WL_0004308,CUST_000313,TVS_00086,2026-03-22,False
WL_0004309,CUST_000313,MOV_00013,2024-12-26,True
WL_0004310,CUST_000313,MOV_00441,2026-01-28,True
WL_0004311,CUST_000313,MOV_00361,2026-03-29,False
WL_0004312,CUST_000313,MOV_00147,2025-02-01,False
WL_0004313,CUST_000313,MOV_00300,2025-02-19,True
WL_0004314,CUST_000313,TVS_00132,2025-12-08,True
WL_0004315,CUST_000313,MOV_00184,2025-09-03,True
WL_0004316,CUST_000313,TVS_00048,2025-12-01,True
WL_0004317,CUST_000313,TVS_00157,2025-07-20,False
WL_0004318,CUST_000313,MOV_00094,2026-01-16,False
WL_0004319,CUST_000314,MOV_00003,2025-10-24,True
WL_0004320,CUST_000314,TVS_00088,2025-10-23,True
WL_0004321,CUST_000314,MOV_00263,2025-10-12,True
WL_0004322,CUST_000314,MOV_00299,2025-11-25,False
WL_0004323,CUST_000314,MOV_00348,2026-01-02,True
WL_0004324,CUST_000314,MOV_00036,2025-11-14,False
WL_0004325,CUST_000315,TVS_00193,2026-03-03,True
WL_0004326,CUST_000315,MOV_00493,2026-02-15,False
WL_0004327,CUST_000315,MOV_00062,2025-09-20,False
WL_0004328,CUST_000315,TVS_00172,2026-02-04,False
WL_0004329,CUST_000315,MOV_00401,2025-12-25,False
WL_0004330,CUST_000315,TVS_00004,2025-11-03,True
WL_0004331,CUST_000315,TVS_00145,2026-01-14,False
WL_0004332,CUST_000315,TVS_00042,2025-11-11,False
WL_0004333,CUST_000315,TVS_00040,2026-01-27,True
WL_0004334,CUST_000315,MOV_00110,2025-11-22,False
WL_0004335,CUST_000315,TVS_00169,2025-10-20,True
WL_0004336,CUST_000315,MOV_00175,2026-04-07,False
WL_0004337,CUST_000315,MOV_00083,2026-02-08,False
WL_0004338,CUST_000315,MOV_00188,2026-01-27,False
WL_0004339,CUST_000315,MOV_00099,2026-04-02,True
WL_0004340,CUST_000315,MOV_00474,2025-09-05,True
WL_0004341,CUST_000315,TVS_00195,2026-01-29,True
WL_0004342,CUST_000315,MOV_00114,2026-02-22,True
WL_0004343,CUST_000315,MOV_00437,2025-11-11,True
WL_0004344,CUST_000315,TVS_00037,2025-11-14,True
WL_0004345,CUST_000315,MOV_00157,2026-02-12,False
WL_0004346,CUST_000315,MOV_00096,2026-02-23,True
WL_0004347,CUST_000315,TVS_00045,2025-11-25,False
WL_0004348,CUST_000315,MOV_00086,2026-01-25,False
WL_0004349,CUST_000315,MOV_00086,2026-03-10,False
WL_0004350,CUST_000316,MOV_00320,2026-01-06,True
WL_0004351,CUST_000316,MOV_00452,2025-07-14,True
WL_0004352,CUST_000316,MOV_00153,2025-10-20,True
WL_0004353,CUST_000316,TVS_00044,2026-01-24,True
WL_0004354,CUST_000316,TVS_00151,2026-03-25,True
WL_0004355,CUST_000316,MOV_00227,2025-11-30,False
WL_0004356,CUST_000316,MOV_00323,2026-02-26,False
WL_0004357,CUST_000316,MOV_00190,2025-07-23,False
WL_0004358,CUST_000316,MOV_00205,2025-11-04,True
WL_0004359,CUST_000316,MOV_00087,2025-10-06,False
WL_0004360,CUST_000316,MOV_00218,2025-08-01,True
WL_0004361,CUST_000316,MOV_00339,2026-02-07,False
WL_0004362,CUST_000316,MOV_00286,2025-12-20,True
WL_0004363,CUST_000316,MOV_00303,2026-01-10,True
WL_0004364,CUST_000316,TVS_00085,2025-12-16,True
WL_0004365,CUST_000316,MOV_00244,2026-03-28,False
WL_0004366,CUST_000316,TVS_00057,2026-04-07,False
WL_0004367,CUST_000316,MOV_00240,2025-07-16,True
WL_0004368,CUST_000317,MOV_00036,2025-06-29,False
WL_0004369,CUST_000317,TVS_00156,2026-03-21,True
WL_0004370,CUST_000317,MOV_00000,2025-09-04,True
WL_0004371,CUST_000317,TVS_00134,2026-04-04,True
WL_0004372,CUST_000317,MOV_00450,2026-02-24,True
WL_0004373,CUST_000317,MOV_00252,2026-01-04,True
WL_0004374,CUST_000317,MOV_00041,2025-11-09,True
WL_0004375,CUST_000317,MOV_00440,2025-08-08,True
WL_0004376,CUST_000317,MOV_00361,2026-03-12,True
WL_0004377,CUST_000317,MOV_00475,2026-03-19,True
WL_0004378,CUST_000318,MOV_00050,2026-03-03,False
WL_0004379,CUST_000318,MOV_00277,2026-06-04,False
WL_0004380,CUST_000318,TVS_00045,2026-03-13,True
WL_0004381,CUST_000318,TVS_00049,2026-05-11,True
WL_0004382,CUST_000318,MOV_00352,2026-05-13,False
WL_0004383,CUST_000318,MOV_00083,2026-03-01,False
WL_0004384,CUST_000318,MOV_00391,2026-04-16,False
WL_0004385,CUST_000318,MOV_00317,2026-03-20,False
WL_0004386,CUST_000318,MOV_00481,2026-06-12,False
WL_0004387,CUST_000319,MOV_00260,2026-04-05,False
WL_0004388,CUST_000319,TVS_00066,2026-04-11,True
WL_0004389,CUST_000319,MOV_00460,2026-03-25,False
WL_0004390,CUST_000319,MOV_00185,2026-03-25,True
WL_0004391,CUST_000319,MOV_00134,2026-03-13,False
WL_0004392,CUST_000319,MOV_00283,2026-04-06,True
WL_0004393,CUST_000319,MOV_00391,2026-04-09,False
WL_0004394,CUST_000319,MOV_00185,2026-03-16,True
WL_0004395,CUST_000319,TVS_00070,2026-04-02,False
WL_0004396,CUST_000320,MOV_00286,2025-02-16,True
WL_0004397,CUST_000320,TVS_00029,2025-06-14,True
WL_0004398,CUST_000320,MOV_00025,2025-04-29,False
WL_0004399,CUST_000320,TVS_00165,2025-01-07,False
WL_0004400,CUST_000320,TVS_00116,2025-09-29,True
WL_0004401,CUST_000320,MOV_00443,2025-07-16,True
WL_0004402,CUST_000320,MOV_00388,2025-03-23,True
WL_0004403,CUST_000321,MOV_00029,2026-04-07,False
WL_0004404,CUST_000321,MOV_00197,2026-03-01,False
WL_0004405,CUST_000321,MOV_00472,2026-04-02,False
WL_0004406,CUST_000321,MOV_00039,2026-03-22,True
WL_0004407,CUST_000321,MOV_00435,2026-03-20,True
WL_0004408,CUST_000321,MOV_00095,2026-03-18,False
WL_0004409,CUST_000321,MOV_00434,2026-02-25,False
WL_0004410,CUST_000321,TVS_00107,2026-04-03,False
WL_0004411,CUST_000322,MOV_00310,2025-07-14,False
WL_0004412,CUST_000322,MOV_00064,2025-06-03,True
WL_0004413,CUST_000322,MOV_00077,2025-10-06,False
WL_0004414,CUST_000322,MOV_00076,2025-11-11,False
WL_0004415,CUST_000322,MOV_00442,2025-09-04,False
WL_0004416,CUST_000322,MOV_00368,2025-07-23,True
WL_0004417,CUST_000322,MOV_00454,2025-09-17,False
WL_0004418,CUST_000322,MOV_00235,2026-02-12,True
WL_0004419,CUST_000322,MOV_00310,2025-06-26,False
WL_0004420,CUST_000322,MOV_00113,2025-11-21,True
WL_0004421,CUST_000322,MOV_00164,2026-03-06,True
WL_0004422,CUST_000322,TVS_00026,2026-01-26,True
WL_0004423,CUST_000322,MOV_00175,2025-09-26,False
WL_0004424,CUST_000322,TVS_00101,2026-04-11,True
WL_0004425,CUST_000322,TVS_00117,2025-12-22,False
WL_0004426,CUST_000322,TVS_00115,2025-08-17,True
WL_0004427,CUST_000322,MOV_00254,2026-01-22,True
WL_0004428,CUST_000323,MOV_00103,2025-04-07,True
WL_0004429,CUST_000323,MOV_00263,2024-12-17,False
WL_0004430,CUST_000323,TVS_00173,2025-05-19,True
WL_0004431,CUST_000323,TVS_00053,2025-05-08,True
WL_0004432,CUST_000323,MOV_00415,2026-01-18,False
WL_0004433,CUST_000324,MOV_00439,2025-10-15,True
WL_0004434,CUST_000324,TVS_00039,2026-01-23,False
WL_0004435,CUST_000324,MOV_00139,2025-09-27,False
WL_0004436,CUST_000324,MOV_00496,2026-01-25,True
WL_0004437,CUST_000324,TVS_00006,2026-02-16,True
WL_0004438,CUST_000324,MOV_00278,2026-04-01,True
WL_0004439,CUST_000324,TVS_00185,2025-11-02,False
WL_0004440,CUST_000324,MOV_00139,2025-12-02,False
WL_0004441,CUST_000324,MOV_00121,2025-12-26,True
WL_0004442,CUST_000324,MOV_00095,2026-02-06,True
WL_0004443,CUST_000324,MOV_00396,2026-01-25,True
WL_0004444,CUST_000324,TVS_00063,2026-04-08,False
WL_0004445,CUST_000324,MOV_00389,2026-04-04,True
WL_0004446,CUST_000324,MOV_00245,2026-04-05,False
WL_0004447,CUST_000324,MOV_00046,2025-11-26,True
WL_0004448,CUST_000324,MOV_00278,2025-09-23,True
WL_0004449,CUST_000324,MOV_00241,2026-02-20,False
WL_0004450,CUST_000325,TVS_00184,2025-05-01,False
WL_0004451,CUST_000325,MOV_00244,2026-01-09,False
WL_0004452,CUST_000325,MOV_00405,2024-11-16,True
WL_0004453,CUST_000325,MOV_00431,2025-01-09,True
WL_0004454,CUST_000325,TVS_00155,2025-12-31,False
WL_0004455,CUST_000325,MOV_00290,2024-08-13,True
WL_0004456,CUST_000325,TVS_00071,2026-02-02,True
WL_0004457,CUST_000325,TVS_00031,2025-07-04,True
WL_0004458,CUST_000325,TVS_00095,2025-06-25,False
WL_0004459,CUST_000325,MOV_00171,2024-09-10,False
WL_0004460,CUST_000325,MOV_00216,2025-10-08,True
WL_0004461,CUST_000325,TVS_00068,2025-02-01,True
WL_0004462,CUST_000325,MOV_00256,2025-08-17,False
WL_0004463,CUST_000325,MOV_00340,2024-11-29,True
WL_0004464,CUST_000325,MOV_00159,2024-07-28,True
WL_0004465,CUST_000325,TVS_00147,2024-09-23,False
WL_0004466,CUST_000326,MOV_00408,2025-04-17,True
WL_0004467,CUST_000326,TVS_00120,2025-02-12,False
WL_0004468,CUST_000326,TVS_00055,2024-10-10,False
WL_0004469,CUST_000326,MOV_00120,2025-09-24,True
WL_0004470,CUST_000326,MOV_00006,2024-12-22,True
WL_0004471,CUST_000326,MOV_00047,2024-10-31,True
WL_0004472,CUST_000326,MOV_00294,2025-08-16,True
WL_0004473,CUST_000326,MOV_00076,2025-10-30,True
WL_0004474,CUST_000326,MOV_00036,2025-04-03,True
WL_0004475,CUST_000326,TVS_00081,2025-11-14,True
WL_0004476,CUST_000326,TVS_00003,2025-04-25,False
WL_0004477,CUST_000326,MOV_00382,2025-08-05,True
WL_0004478,CUST_000326,TVS_00120,2025-08-13,False
WL_0004479,CUST_000326,MOV_00292,2026-03-02,True
WL_0004480,CUST_000326,MOV_00374,2024-12-18,False
WL_0004481,CUST_000326,MOV_00064,2026-03-14,True
WL_0004482,CUST_000326,MOV_00330,2024-09-16,True
WL_0004483,CUST_000326,TVS_00157,2024-09-19,True
WL_0004484,CUST_000326,TVS_00002,2025-04-18,True
WL_0004485,CUST_000326,MOV_00098,2025-09-06,True
WL_0004486,CUST_000326,MOV_00052,2025-04-03,True
WL_0004487,CUST_000326,MOV_00460,2025-10-28,True
WL_0004488,CUST_000327,MOV_00210,2026-02-19,True
WL_0004489,CUST_000327,TVS_00077,2026-04-06,True
WL_0004490,CUST_000327,MOV_00452,2026-03-22,True
WL_0004491,CUST_000327,MOV_00363,2026-03-23,False
WL_0004492,CUST_000327,TVS_00124,2026-03-12,False
WL_0004493,CUST_000328,MOV_00148,2025-05-21,True
WL_0004494,CUST_000328,MOV_00093,2025-03-10,True
WL_0004495,CUST_000328,MOV_00295,2026-02-24,False
WL_0004496,CUST_000328,MOV_00386,2025-11-07,True
WL_0004497,CUST_000328,MOV_00188,2026-03-27,True
WL_0004498,CUST_000328,MOV_00135,2026-02-02,True
WL_0004499,CUST_000328,TVS_00019,2025-04-04,False
WL_0004500,CUST_000328,TVS_00179,2026-02-22,True
WL_0004501,CUST_000328,MOV_00362,2025-03-22,False
WL_0004502,CUST_000328,MOV_00144,2025-03-09,True
WL_0004503,CUST_000329,TVS_00172,2025-01-27,False
WL_0004504,CUST_000329,TVS_00089,2025-02-21,False
WL_0004505,CUST_000329,MOV_00222,2025-02-17,True
WL_0004506,CUST_000329,TVS_00168,2025-01-25,True
WL_0004507,CUST_000329,MOV_00163,2025-01-26,False
WL_0004508,CUST_000329,MOV_00105,2025-01-25,False
WL_0004509,CUST_000329,MOV_00263,2025-02-13,False
WL_0004510,CUST_000330,TVS_00050,2025-05-19,True
WL_0004511,CUST_000330,MOV_00163,2025-07-25,False
WL_0004512,CUST_000330,MOV_00212,2025-01-30,True
WL_0004513,CUST_000330,MOV_00335,2024-09-12,True
WL_0004514,CUST_000330,MOV_00268,2024-10-15,True
WL_0004515,CUST_000330,MOV_00273,2025-01-19,True
WL_0004516,CUST_000330,MOV_00079,2025-08-27,False
WL_0004517,CUST_000330,MOV_00399,2026-03-31,True
WL_0004518,CUST_000330,TVS_00071,2026-04-03,True
WL_0004519,CUST_000331,MOV_00183,2026-01-14,True
WL_0004520,CUST_000331,TVS_00170,2025-12-11,True
WL_0004521,CUST_000331,TVS_00159,2025-12-13,False
WL_0004522,CUST_000331,MOV_00409,2025-12-31,False
WL_0004523,CUST_000331,MOV_00370,2026-03-29,False
WL_0004524,CUST_000331,TVS_00001,2026-02-09,True
WL_0004525,CUST_000331,MOV_00117,2026-03-19,False
WL_0004526,CUST_000331,MOV_00111,2026-01-08,True
WL_0004527,CUST_000331,TVS_00186,2026-02-19,False
WL_0004528,CUST_000331,MOV_00149,2026-03-29,False
WL_0004529,CUST_000331,TVS_00100,2026-01-10,False
WL_0004530,CUST_000331,MOV_00046,2025-12-25,True
WL_0004531,CUST_000331,TVS_00013,2026-03-06,True
WL_0004532,CUST_000331,MOV_00196,2026-03-17,False
WL_0004533,CUST_000331,MOV_00188,2026-02-01,True
WL_0004534,CUST_000331,TVS_00192,2026-01-12,False
WL_0004535,CUST_000331,MOV_00272,2026-01-15,True
WL_0004536,CUST_000331,TVS_00133,2026-02-02,False
WL_0004537,CUST_000331,MOV_00262,2026-01-20,False
WL_0004538,CUST_000331,MOV_00113,2026-01-12,False
WL_0004539,CUST_000331,MOV_00465,2026-01-07,False
WL_0004540,CUST_000331,MOV_00274,2026-03-06,False
WL_0004541,CUST_000331,MOV_00014,2026-01-23,False
WL_0004542,CUST_000332,MOV_00445,2025-12-15,False
WL_0004543,CUST_000332,TVS_00122,2025-10-26,False
WL_0004544,CUST_000332,MOV_00271,2025-11-30,True
WL_0004545,CUST_000332,MOV_00417,2025-12-21,True
WL_0004546,CUST_000332,TVS_00108,2026-03-17,True
WL_0004547,CUST_000332,TVS_00129,2026-01-04,False
WL_0004548,CUST_000332,MOV_00044,2026-02-14,True
WL_0004549,CUST_000332,TVS_00035,2025-12-13,True
WL_0004550,CUST_000332,TVS_00091,2025-12-21,True
WL_0004551,CUST_000332,MOV_00232,2025-11-05,True
WL_0004552,CUST_000332,TVS_00164,2026-01-07,True
WL_0004553,CUST_000332,MOV_00319,2026-02-28,True
WL_0004554,CUST_000332,MOV_00226,2026-02-09,True
WL_0004555,CUST_000332,MOV_00497,2026-04-09,False
WL_0004556,CUST_000332,MOV_00319,2026-03-14,False
WL_0004557,CUST_000332,TVS_00179,2026-02-05,True
WL_0004558,CUST_000332,MOV_00232,2025-12-28,False
WL_0004559,CUST_000332,MOV_00349,2026-02-24,False
WL_0004560,CUST_000332,MOV_00330,2026-03-03,False
WL_0004561,CUST_000332,TVS_00180,2026-04-11,True
WL_0004562,CUST_000332,MOV_00119,2026-01-06,False
WL_0004563,CUST_000332,MOV_00167,2026-03-26,False
WL_0004564,CUST_000332,TVS_00065,2025-12-14,True
WL_0004565,CUST_000333,TVS_00044,2026-04-08,True
WL_0004566,CUST_000333,MOV_00290,2026-04-10,False
WL_0004567,CUST_000333,TVS_00044,2026-04-06,True
WL_0004568,CUST_000333,MOV_00467,2026-04-09,False
WL_0004569,CUST_000333,TVS_00015,2026-04-07,True
WL_0004570,CUST_000333,MOV_00333,2026-04-08,False
WL_0004571,CUST_000333,MOV_00095,2026-04-11,False
WL_0004572,CUST_000333,TVS_00051,2026-04-10,False
WL_0004573,CUST_000333,TVS_00082,2026-04-06,False
WL_0004574,CUST_000333,MOV_00032,2026-04-10,False
WL_0004575,CUST_000333,MOV_00114,2026-04-07,False
WL_0004576,CUST_000333,TVS_00072,2026-04-09,True
WL_0004577,CUST_000333,TVS_00076,2026-04-07,True
WL_0004578,CUST_000333,MOV_00077,2026-04-07,False
WL_0004579,CUST_000333,MOV_00439,2026-04-07,False
WL_0004580,CUST_000333,MOV_00023,2026-04-08,True
WL_0004581,CUST_000333,MOV_00295,2026-04-09,False
WL_0004582,CUST_000333,MOV_00118,2026-04-06,True
WL_0004583,CUST_000334,MOV_00172,2025-12-16,True
WL_0004584,CUST_000334,TVS_00196,2026-01-13,True
WL_0004585,CUST_000334,TVS_00093,2026-01-26,True
WL_0004586,CUST_000334,TVS_00147,2025-11-11,True
WL_0004587,CUST_000334,MOV_00010,2026-03-23,False
WL_0004588,CUST_000334,TVS_00174,2026-02-17,False
WL_0004589,CUST_000334,MOV_00013,2025-11-27,True
WL_0004590,CUST_000334,TVS_00062,2025-11-18,True
WL_0004591,CUST_000334,MOV_00469,2026-03-01,False
WL_0004592,CUST_000334,MOV_00394,2026-02-04,True
WL_0004593,CUST_000334,MOV_00197,2026-01-09,True
WL_0004594,CUST_000334,MOV_00396,2025-12-11,True
WL_0004595,CUST_000334,MOV_00054,2026-02-08,True
WL_0004596,CUST_000334,MOV_00490,2025-12-20,True
WL_0004597,CUST_000334,MOV_00174,2026-03-27,True
WL_0004598,CUST_000334,TVS_00027,2026-02-03,True
WL_0004599,CUST_000334,MOV_00174,2026-01-07,True
WL_0004600,CUST_000334,MOV_00313,2025-12-29,True
WL_0004601,CUST_000335,MOV_00020,2025-11-02,True
WL_0004602,CUST_000335,MOV_00313,2025-09-06,True
WL_0004603,CUST_000335,MOV_00043,2025-08-30,False
WL_0004604,CUST_000335,TVS_00164,2025-10-12,False
WL_0004605,CUST_000335,MOV_00305,2025-12-11,True
WL_0004606,CUST_000335,MOV_00113,2025-11-25,True
WL_0004607,CUST_000335,MOV_00100,2025-12-19,False
WL_0004608,CUST_000335,MOV_00100,2025-12-28,True
WL_0004609,CUST_000335,MOV_00069,2025-10-25,True
WL_0004610,CUST_000335,MOV_00021,2026-03-02,True
WL_0004611,CUST_000335,MOV_00104,2026-04-07,False
WL_0004612,CUST_000335,MOV_00401,2025-08-29,False
WL_0004613,CUST_000335,MOV_00221,2026-01-16,True
WL_0004614,CUST_000335,TVS_00137,2026-02-07,False
WL_0004615,CUST_000335,TVS_00003,2025-12-16,True
WL_0004616,CUST_000335,MOV_00387,2025-11-01,True
WL_0004617,CUST_000335,TVS_00087,2026-04-03,True
WL_0004618,CUST_000335,MOV_00336,2026-03-13,False
WL_0004619,CUST_000335,MOV_00247,2026-03-05,True
WL_0004620,CUST_000336,MOV_00452,2025-03-09,True
WL_0004621,CUST_000336,MOV_00486,2025-10-14,True
WL_0004622,CUST_000336,MOV_00087,2025-05-28,True
WL_0004623,CUST_000336,MOV_00317,2026-01-28,True
WL_0004624,CUST_000336,MOV_00169,2025-08-20,True
WL_0004625,CUST_000336,MOV_00093,2024-12-03,True
WL_0004626,CUST_000336,MOV_00455,2025-03-24,True
WL_0004627,CUST_000336,MOV_00041,2026-03-26,False
WL_0004628,CUST_000336,MOV_00156,2025-05-29,True
WL_0004629,CUST_000336,MOV_00200,2025-12-05,False
WL_0004630,CUST_000337,TVS_00138,2024-11-11,False
WL_0004631,CUST_000337,MOV_00090,2025-10-07,True
WL_0004632,CUST_000337,MOV_00395,2025-02-23,True
WL_0004633,CUST_000337,MOV_00229,2025-01-02,True
WL_0004634,CUST_000337,MOV_00094,2026-01-05,False
WL_0004635,CUST_000337,MOV_00302,2025-11-09,False
WL_0004636,CUST_000337,TVS_00045,2024-10-18,True
WL_0004637,CUST_000337,MOV_00480,2026-01-14,True
WL_0004638,CUST_000337,MOV_00224,2025-03-27,False
WL_0004639,CUST_000338,MOV_00355,2026-01-30,True
WL_0004640,CUST_000338,MOV_00300,2026-01-01,False
WL_0004641,CUST_000338,MOV_00202,2025-05-20,True
WL_0004642,CUST_000338,MOV_00296,2025-10-25,True
WL_0004643,CUST_000339,MOV_00162,2024-07-31,True
WL_0004644,CUST_000339,TVS_00011,2025-02-20,True
WL_0004645,CUST_000339,TVS_00099,2025-02-07,True
WL_0004646,CUST_000339,MOV_00211,2025-08-31,False
WL_0004647,CUST_000339,TVS_00103,2024-08-23,True
WL_0004648,CUST_000339,MOV_00027,2025-09-12,True
WL_0004649,CUST_000339,MOV_00332,2026-04-01,False
WL_0004650,CUST_000340,TVS_00104,2025-07-24,False
WL_0004651,CUST_000340,MOV_00444,2025-07-23,True
WL_0004652,CUST_000340,TVS_00046,2025-03-19,False
WL_0004653,CUST_000340,MOV_00182,2025-10-31,False
WL_0004654,CUST_000340,TVS_00104,2026-02-05,False
WL_0004655,CUST_000340,TVS_00160,2025-05-06,False
WL_0004656,CUST_000340,MOV_00306,2025-11-10,True
WL_0004657,CUST_000340,MOV_00392,2024-12-18,True
WL_0004658,CUST_000340,TVS_00171,2025-12-07,True
WL_0004659,CUST_000340,MOV_00302,2026-01-07,True
WL_0004660,CUST_000340,MOV_00137,2025-04-16,True
WL_0004661,CUST_000340,MOV_00108,2025-09-15,True
WL_0004662,CUST_000340,TVS_00017,2025-03-27,False
WL_0004663,CUST_000340,TVS_00162,2025-04-26,True
WL_0004664,CUST_000340,MOV_00003,2024-10-27,False
WL_0004665,CUST_000340,MOV_00109,2026-03-19,True
WL_0004666,CUST_000340,TVS_00181,2025-04-14,True
WL_0004667,CUST_000340,MOV_00239,2025-08-24,True
WL_0004668,CUST_000340,MOV_00381,2024-11-26,True
WL_0004669,CUST_000341,MOV_00057,2025-12-10,False
WL_0004670,CUST_000341,MOV_00332,2025-08-20,False
WL_0004671,CUST_000341,TVS_00146,2025-07-18,False
WL_0004672,CUST_000341,MOV_00325,2025-08-03,True
WL_0004673,CUST_000341,TVS_00179,2025-08-25,True
WL_0004674,CUST_000341,MOV_00007,2025-11-07,False
WL_0004675,CUST_000341,MOV_00123,2025-09-06,False
WL_0004676,CUST_000341,MOV_00182,2025-11-07,True
WL_0004677,CUST_000341,MOV_00182,2026-01-12,True
WL_0004678,CUST_000341,MOV_00301,2025-08-31,False
WL_0004679,CUST_000341,MOV_00308,2025-07-22,False
WL_0004680,CUST_000341,MOV_00218,2025-08-15,True
WL_0004681,CUST_000341,MOV_00490,2025-09-05,False
WL_0004682,CUST_000341,MOV_00205,2025-08-11,False
WL_0004683,CUST_000342,TVS_00125,2024-10-26,True
WL_0004684,CUST_000342,MOV_00357,2025-03-24,True
WL_0004685,CUST_000342,MOV_00099,2026-01-09,True
WL_0004686,CUST_000342,MOV_00415,2025-07-21,False
WL_0004687,CUST_000342,MOV_00275,2024-07-26,True
WL_0004688,CUST_000342,MOV_00252,2026-01-22,True
WL_0004689,CUST_000342,MOV_00190,2025-11-28,True
WL_0004690,CUST_000342,MOV_00163,2024-11-29,False
WL_0004691,CUST_000342,TVS_00020,2026-01-24,True
WL_0004692,CUST_000342,MOV_00086,2024-09-29,True
WL_0004693,CUST_000342,TVS_00015,2024-08-11,False
WL_0004694,CUST_000342,MOV_00261,2025-04-05,True
WL_0004695,CUST_000342,MOV_00404,2024-10-22,False
WL_0004696,CUST_000342,MOV_00369,2026-03-14,True
WL_0004697,CUST_000342,MOV_00284,2024-12-05,True
WL_0004698,CUST_000342,MOV_00011,2024-10-09,True
WL_0004699,CUST_000343,MOV_00470,2025-06-18,False
WL_0004700,CUST_000343,TVS_00074,2025-08-07,False
WL_0004701,CUST_000343,MOV_00370,2025-06-13,True
WL_0004702,CUST_000343,MOV_00266,2025-07-28,False
WL_0004703,CUST_000343,MOV_00340,2026-01-08,True
WL_0004704,CUST_000343,MOV_00242,2025-11-23,True
WL_0004705,CUST_000343,MOV_00498,2025-11-23,False
WL_0004706,CUST_000343,MOV_00479,2025-11-30,True
WL_0004707,CUST_000343,MOV_00086,2025-06-17,True
WL_0004708,CUST_000344,TVS_00186,2025-05-28,True
WL_0004709,CUST_000344,MOV_00240,2026-04-05,True
WL_0004710,CUST_000344,MOV_00213,2026-02-14,True
WL_0004711,CUST_000344,MOV_00140,2025-09-13,True
WL_0004712,CUST_000344,MOV_00254,2026-01-02,False
WL_0004713,CUST_000344,MOV_00013,2025-03-28,True
WL_0004714,CUST_000344,MOV_00024,2026-01-24,True
WL_0004715,CUST_000344,MOV_00126,2026-01-11,True
WL_0004716,CUST_000344,MOV_00218,2026-01-21,False
WL_0004717,CUST_000344,MOV_00420,2025-09-28,True
WL_0004718,CUST_000344,MOV_00261,2025-11-07,False
WL_0004719,CUST_000344,MOV_00364,2025-05-25,True
WL_0004720,CUST_000344,MOV_00175,2025-02-22,True
WL_0004721,CUST_000344,TVS_00016,2025-12-24,True
WL_0004722,CUST_000344,MOV_00240,2025-04-06,False
WL_0004723,CUST_000344,MOV_00357,2024-08-16,True
WL_0004724,CUST_000344,MOV_00488,2025-01-21,False
WL_0004725,CUST_000344,MOV_00254,2024-09-18,True
WL_0004726,CUST_000344,MOV_00345,2025-02-21,True
WL_0004727,CUST_000344,MOV_00072,2024-09-23,False
WL_0004728,CUST_000344,TVS_00186,2024-09-12,True
WL_0004729,CUST_000344,TVS_00091,2025-04-05,True
WL_0004730,CUST_000345,MOV_00327,2026-02-12,False
WL_0004731,CUST_000345,TVS_00056,2026-01-27,False
WL_0004732,CUST_000345,MOV_00312,2026-03-28,False
WL_0004733,CUST_000345,MOV_00380,2025-12-01,False
WL_0004734,CUST_000345,TVS_00098,2025-11-11,False
WL_0004735,CUST_000346,MOV_00404,2026-02-07,False
WL_0004736,CUST_000346,MOV_00183,2025-11-25,True
WL_0004737,CUST_000346,MOV_00399,2025-11-17,True
WL_0004738,CUST_000346,TVS_00165,2026-04-04,False
WL_0004739,CUST_000346,MOV_00068,2025-10-09,False
WL_0004740,CUST_000346,MOV_00041,2025-10-10,False
WL_0004741,CUST_000346,MOV_00429,2025-10-02,True
WL_0004742,CUST_000346,MOV_00233,2025-11-08,False
WL_0004743,CUST_000346,MOV_00129,2025-10-02,True
WL_0004744,CUST_000346,MOV_00026,2025-11-11,True
WL_0004745,CUST_000346,MOV_00097,2026-03-11,False
WL_0004746,CUST_000347,MOV_00157,2026-04-06,False
WL_0004747,CUST_000347,TVS_00043,2026-03-14,False
WL_0004748,CUST_000347,TVS_00071,2026-04-03,True
WL_0004749,CUST_000348,TVS_00100,2026-02-10,True
WL_0004750,CUST_000348,MOV_00467,2026-01-09,True
WL_0004751,CUST_000348,MOV_00265,2026-02-24,False
WL_0004752,CUST_000348,MOV_00082,2025-01-19,True
WL_0004753,CUST_000348,MOV_00002,2025-11-09,False
WL_0004754,CUST_000348,MOV_00230,2025-07-11,True
WL_0004755,CUST_000348,MOV_00425,2025-01-22,True
WL_0004756,CUST_000348,MOV_00349,2024-11-09,False
WL_0004757,CUST_000348,TVS_00031,2025-08-19,True
WL_0004758,CUST_000348,TVS_00069,2026-03-15,False
WL_0004759,CUST_000348,MOV_00291,2024-12-08,True
WL_0004760,CUST_000348,MOV_00444,2025-12-25,False
WL_0004761,CUST_000348,TVS_00094,2025-04-01,False
WL_0004762,CUST_000348,MOV_00427,2025-09-15,True
WL_0004763,CUST_000348,MOV_00162,2026-01-10,True
WL_0004764,CUST_000348,MOV_00178,2025-08-05,False
WL_0004765,CUST_000348,MOV_00387,2025-01-24,False
WL_0004766,CUST_000348,MOV_00434,2024-11-05,True
WL_0004767,CUST_000349,TVS_00044,2025-12-21,True
WL_0004768,CUST_000349,MOV_00405,2025-03-18,True
WL_0004769,CUST_000349,TVS_00141,2024-10-22,True
WL_0004770,CUST_000349,MOV_00439,2024-12-03,False
WL_0004771,CUST_000349,TVS_00036,2026-01-21,False
WL_0004772,CUST_000349,MOV_00442,2025-12-28,False
WL_0004773,CUST_000349,TVS_00050,2025-06-19,True
WL_0004774,CUST_000349,TVS_00147,2025-07-14,False
WL_0004775,CUST_000349,MOV_00186,2025-02-14,True
WL_0004776,CUST_000349,MOV_00315,2024-10-13,False
WL_0004777,CUST_000349,MOV_00412,2024-08-17,True
WL_0004778,CUST_000349,MOV_00140,2025-08-21,False
WL_0004779,CUST_000349,MOV_00476,2025-08-06,True
WL_0004780,CUST_000349,MOV_00286,2026-02-08,False
WL_0004781,CUST_000350,MOV_00005,2025-10-03,True
WL_0004782,CUST_000350,TVS_00135,2025-11-16,False
WL_0004783,CUST_000350,MOV_00084,2025-09-25,False
WL_0004784,CUST_000350,MOV_00246,2025-10-05,True
WL_0004785,CUST_000350,MOV_00416,2026-01-16,True
WL_0004786,CUST_000350,MOV_00367,2025-10-08,False
WL_0004787,CUST_000350,TVS_00154,2026-01-15,True
WL_0004788,CUST_000350,MOV_00332,2026-01-28,False
WL_0004789,CUST_000350,MOV_00368,2025-10-11,False
WL_0004790,CUST_000350,TVS_00090,2026-01-17,True
WL_0004791,CUST_000351,TVS_00034,2026-04-03,False
WL_0004792,CUST_000351,MOV_00074,2026-01-19,False
WL_0004793,CUST_000351,TVS_00104,2025-11-06,True
WL_0004794,CUST_000351,MOV_00412,2025-06-06,False
WL_0004795,CUST_000351,MOV_00182,2025-11-24,True
WL_0004796,CUST_000351,MOV_00421,2025-05-23,True
WL_0004797,CUST_000351,TVS_00164,2025-11-22,False
WL_0004798,CUST_000351,TVS_00138,2025-10-16,True
WL_0004799,CUST_000351,TVS_00068,2026-04-04,True
WL_0004800,CUST_000351,MOV_00012,2026-02-27,True
WL_0004801,CUST_000351,TVS_00047,2025-08-16,True
WL_0004802,CUST_000352,MOV_00207,2026-02-12,False
WL_0004803,CUST_000352,MOV_00414,2025-08-07,False
WL_0004804,CUST_000352,MOV_00267,2024-11-27,False
WL_0004805,CUST_000352,MOV_00069,2025-02-12,True
WL_0004806,CUST_000352,MOV_00155,2026-01-29,False
WL_0004807,CUST_000352,MOV_00479,2024-10-02,True
WL_0004808,CUST_000352,MOV_00311,2025-11-06,False
WL_0004809,CUST_000352,MOV_00145,2025-12-07,True
WL_0004810,CUST_000352,TVS_00175,2025-08-15,True
WL_0004811,CUST_000352,MOV_00008,2024-11-14,True
WL_0004812,CUST_000352,MOV_00462,2024-10-20,False
WL_0004813,CUST_000352,MOV_00369,2025-01-20,False
WL_0004814,CUST_000352,MOV_00335,2025-09-13,False
WL_0004815,CUST_000352,TVS_00129,2026-01-10,True
WL_0004816,CUST_000352,MOV_00497,2024-07-06,True
WL_0004817,CUST_000352,MOV_00008,2026-02-11,True
WL_0004818,CUST_000352,TVS_00132,2025-11-04,True
WL_0004819,CUST_000352,MOV_00060,2025-10-05,True
WL_0004820,CUST_000352,MOV_00379,2025-12-25,True
WL_0004821,CUST_000352,TVS_00096,2025-12-16,True
WL_0004822,CUST_000352,MOV_00174,2024-11-15,False
WL_0004823,CUST_000352,MOV_00115,2025-10-29,True
WL_0004824,CUST_000352,MOV_00088,2025-02-23,False
WL_0004825,CUST_000352,MOV_00142,2025-01-13,True
WL_0004826,CUST_000352,TVS_00191,2025-10-12,True
WL_0004827,CUST_000353,TVS_00033,2026-02-25,False
WL_0004828,CUST_000353,TVS_00018,2026-02-20,False
WL_0004829,CUST_000353,MOV_00476,2025-12-11,True
WL_0004830,CUST_000353,MOV_00139,2026-03-17,True
WL_0004831,CUST_000353,MOV_00016,2026-04-01,False
WL_0004832,CUST_000353,TVS_00148,2025-09-12,True
WL_0004833,CUST_000353,TVS_00000,2025-09-08,True
WL_0004834,CUST_000353,TVS_00082,2025-10-11,True
WL_0004835,CUST_000353,MOV_00497,2026-01-25,False
WL_0004836,CUST_000353,MOV_00032,2026-03-11,False
WL_0004837,CUST_000353,MOV_00202,2026-02-04,True
WL_0004838,CUST_000353,MOV_00122,2025-11-03,True
WL_0004839,CUST_000353,MOV_00305,2025-10-02,False
WL_0004840,CUST_000353,TVS_00088,2025-11-03,True
WL_0004841,CUST_000353,TVS_00097,2025-11-19,False
WL_0004842,CUST_000354,TVS_00106,2026-04-03,True
WL_0004843,CUST_000354,MOV_00265,2026-03-31,True
WL_0004844,CUST_000354,MOV_00056,2025-12-29,False
WL_0004845,CUST_000354,MOV_00317,2026-01-10,False
WL_0004846,CUST_000354,MOV_00112,2026-03-09,True
WL_0004847,CUST_000355,MOV_00011,2025-04-14,True
WL_0004848,CUST_000355,TVS_00129,2025-02-08,False
WL_0004849,CUST_000355,TVS_00190,2025-10-22,True
WL_0004850,CUST_000355,TVS_00043,2025-12-17,True
WL_0004851,CUST_000355,MOV_00116,2025-09-06,False
WL_0004852,CUST_000355,TVS_00107,2025-12-20,False
WL_0004853,CUST_000355,MOV_00477,2025-03-07,True
WL_0004854,CUST_000355,TVS_00043,2025-07-22,True
WL_0004855,CUST_000355,MOV_00400,2025-11-20,False
WL_0004856,CUST_000355,MOV_00452,2025-10-07,True
WL_0004857,CUST_000355,MOV_00012,2025-10-06,False
WL_0004858,CUST_000355,TVS_00008,2025-10-08,True
WL_0004859,CUST_000355,MOV_00265,2025-02-26,True
WL_0004860,CUST_000355,TVS_00020,2025-07-22,False
WL_0004861,CUST_000355,TVS_00047,2025-12-08,True
WL_0004862,CUST_000355,MOV_00291,2025-03-27,False
WL_0004863,CUST_000355,MOV_00326,2025-04-09,False
WL_0004864,CUST_000355,MOV_00202,2025-02-19,False
WL_0004865,CUST_000355,MOV_00069,2025-12-07,True
WL_0004866,CUST_000355,TVS_00190,2025-08-02,True
WL_0004867,CUST_000356,TVS_00052,2026-06-03,True
WL_0004868,CUST_000356,TVS_00106,2026-05-17,False
WL_0004869,CUST_000356,MOV_00102,2026-04-04,False
WL_0004870,CUST_000356,MOV_00140,2026-05-06,True
WL_0004871,CUST_000356,MOV_00457,2026-02-08,True
WL_0004872,CUST_000356,TVS_00184,2026-04-22,True
WL_0004873,CUST_000356,TVS_00026,2026-01-26,True
WL_0004874,CUST_000356,MOV_00182,2026-01-28,False
WL_0004875,CUST_000356,TVS_00076,2026-03-17,True
WL_0004876,CUST_000356,MOV_00363,2026-05-11,False
WL_0004877,CUST_000357,TVS_00079,2025-07-01,True
WL_0004878,CUST_000357,TVS_00005,2025-01-21,True
WL_0004879,CUST_000357,MOV_00284,2025-12-25,False
WL_0004880,CUST_000357,MOV_00115,2024-10-08,False
WL_0004881,CUST_000357,MOV_00254,2025-12-30,True
WL_0004882,CUST_000357,MOV_00357,2025-03-28,True
WL_0004883,CUST_000357,MOV_00380,2026-02-22,True
WL_0004884,CUST_000357,MOV_00149,2026-03-02,True
WL_0004885,CUST_000357,TVS_00040,2025-12-23,True
WL_0004886,CUST_000357,MOV_00218,2025-08-01,False
WL_0004887,CUST_000357,MOV_00359,2025-03-16,False
WL_0004888,CUST_000357,TVS_00045,2025-09-16,False
WL_0004889,CUST_000357,TVS_00076,2025-12-11,False
WL_0004890,CUST_000357,MOV_00365,2025-07-05,True
WL_0004891,CUST_000357,MOV_00391,2025-07-02,True
WL_0004892,CUST_000357,MOV_00246,2025-07-07,True
WL_0004893,CUST_000357,MOV_00433,2026-01-08,True
WL_0004894,CUST_000357,MOV_00409,2026-02-01,False
WL_0004895,CUST_000357,MOV_00325,2025-12-02,True
WL_0004896,CUST_000358,MOV_00145,2025-07-26,True
WL_0004897,CUST_000358,MOV_00488,2025-03-29,True
WL_0004898,CUST_000358,MOV_00052,2025-11-09,False
WL_0004899,CUST_000358,MOV_00062,2025-10-10,True
WL_0004900,CUST_000358,TVS_00071,2026-03-30,False
WL_0004901,CUST_000358,MOV_00134,2025-06-17,True
WL_0004902,CUST_000358,MOV_00360,2026-03-18,True
WL_0004903,CUST_000358,MOV_00477,2025-05-13,False
WL_0004904,CUST_000358,MOV_00265,2025-12-17,False
WL_0004905,CUST_000358,MOV_00079,2025-07-28,False
WL_0004906,CUST_000358,MOV_00001,2025-09-12,True
WL_0004907,CUST_000358,TVS_00105,2025-06-11,False
WL_0004908,CUST_000358,MOV_00361,2025-11-14,False
WL_0004909,CUST_000358,MOV_00433,2025-07-19,True
WL_0004910,CUST_000358,TVS_00016,2025-09-06,True
WL_0004911,CUST_000358,TVS_00199,2026-02-27,True
WL_0004912,CUST_000358,TVS_00108,2025-12-11,True
WL_0004913,CUST_000358,MOV_00246,2025-05-30,False
WL_0004914,CUST_000358,TVS_00191,2026-01-14,True
WL_0004915,CUST_000358,MOV_00411,2025-10-13,True
WL_0004916,CUST_000358,MOV_00141,2025-08-10,False
WL_0004917,CUST_000358,MOV_00266,2025-07-16,True
WL_0004918,CUST_000358,MOV_00365,2025-10-16,True
WL_0004919,CUST_000359,MOV_00392,2026-02-14,False
WL_0004920,CUST_000359,TVS_00165,2024-12-14,False
WL_0004921,CUST_000359,MOV_00122,2025-06-05,False
WL_0004922,CUST_000359,MOV_00097,2025-10-24,True
WL_0004923,CUST_000359,MOV_00377,2025-06-26,True
WL_0004924,CUST_000359,MOV_00279,2026-04-10,True
WL_0004925,CUST_000359,TVS_00194,2025-05-30,True
WL_0004926,CUST_000359,MOV_00199,2025-07-08,False
WL_0004927,CUST_000359,MOV_00363,2025-04-10,False
WL_0004928,CUST_000359,MOV_00411,2025-12-28,True
WL_0004929,CUST_000359,MOV_00236,2025-03-27,True
WL_0004930,CUST_000359,MOV_00117,2024-12-18,True
WL_0004931,CUST_000359,MOV_00329,2026-02-16,False
WL_0004932,CUST_000359,MOV_00030,2025-04-22,True
WL_0004933,CUST_000359,TVS_00146,2025-08-08,True
WL_0004934,CUST_000359,MOV_00429,2025-04-17,True
WL_0004935,CUST_000359,MOV_00017,2025-06-01,True
WL_0004936,CUST_000359,MOV_00377,2026-03-29,True
WL_0004937,CUST_000359,TVS_00119,2025-01-13,True
WL_0004938,CUST_000359,TVS_00168,2026-01-17,True
WL_0004939,CUST_000359,MOV_00429,2026-03-20,True
WL_0004940,CUST_000359,TVS_00193,2025-11-02,True
WL_0004941,CUST_000360,MOV_00067,2026-04-05,True
WL_0004942,CUST_000360,MOV_00487,2026-04-10,True
WL_0004943,CUST_000360,TVS_00047,2026-03-06,False
WL_0004944,CUST_000360,TVS_00072,2026-03-14,True
WL_0004945,CUST_000360,MOV_00240,2026-04-07,True
WL_0004946,CUST_000360,MOV_00136,2026-03-15,True
WL_0004947,CUST_000360,MOV_00435,2026-03-18,True
WL_0004948,CUST_000360,MOV_00499,2026-04-02,False
WL_0004949,CUST_000360,MOV_00292,2026-03-25,True
WL_0004950,CUST_000360,TVS_00172,2026-04-03,True
WL_0004951,CUST_000360,MOV_00112,2026-02-28,False
WL_0004952,CUST_000360,MOV_00480,2026-04-07,False
WL_0004953,CUST_000360,MOV_00326,2026-03-01,True
WL_0004954,CUST_000360,MOV_00395,2026-03-19,False
WL_0004955,CUST_000360,MOV_00169,2026-04-09,False
WL_0004956,CUST_000360,TVS_00085,2026-04-08,True
WL_0004957,CUST_000360,TVS_00052,2026-04-04,False
WL_0004958,CUST_000360,MOV_00093,2026-03-25,False
WL_0004959,CUST_000360,MOV_00120,2026-03-30,False
WL_0004960,CUST_000361,MOV_00010,2025-09-28,False
WL_0004961,CUST_000361,TVS_00126,2025-01-20,True
WL_0004962,CUST_000361,MOV_00495,2025-08-20,True
WL_0004963,CUST_000361,MOV_00118,2024-10-21,False
WL_0004964,CUST_000361,MOV_00275,2024-08-08,True
WL_0004965,CUST_000361,MOV_00131,2024-09-25,True
WL_0004966,CUST_000361,MOV_00447,2025-03-15,True
WL_0004967,CUST_000361,MOV_00111,2025-06-30,False
WL_0004968,CUST_000361,MOV_00063,2025-03-20,True
WL_0004969,CUST_000361,MOV_00016,2024-10-15,True
WL_0004970,CUST_000361,TVS_00025,2025-10-01,True
WL_0004971,CUST_000361,TVS_00037,2025-07-27,True
WL_0004972,CUST_000361,MOV_00240,2026-01-19,False
WL_0004973,CUST_000361,TVS_00199,2026-01-04,True
WL_0004974,CUST_000361,MOV_00314,2024-10-31,True
WL_0004975,CUST_000361,MOV_00033,2025-01-18,True
WL_0004976,CUST_000361,MOV_00118,2024-07-18,True
WL_0004977,CUST_000361,MOV_00018,2026-01-24,True
WL_0004978,CUST_000361,MOV_00166,2024-08-06,True
WL_0004979,CUST_000361,MOV_00166,2025-10-30,True
WL_0004980,CUST_000361,MOV_00327,2025-12-11,False
WL_0004981,CUST_000361,TVS_00134,2024-09-23,True
WL_0004982,CUST_000361,MOV_00166,2025-01-11,True
WL_0004983,CUST_000361,MOV_00426,2025-10-22,True
WL_0004984,CUST_000361,MOV_00413,2025-04-26,True
WL_0004985,CUST_000362,MOV_00473,2026-03-05,False
WL_0004986,CUST_000362,MOV_00467,2026-02-27,True
WL_0004987,CUST_000362,MOV_00189,2026-02-17,False
WL_0004988,CUST_000362,MOV_00036,2026-02-13,False
WL_0004989,CUST_000362,MOV_00248,2026-03-16,True
WL_0004990,CUST_000362,TVS_00004,2026-02-21,False
WL_0004991,CUST_000362,TVS_00087,2026-02-07,True
WL_0004992,CUST_000362,MOV_00202,2026-02-05,True
WL_0004993,CUST_000362,MOV_00396,2026-02-08,True
WL_0004994,CUST_000362,TVS_00172,2026-02-07,False
WL_0004995,CUST_000362,MOV_00436,2026-04-11,True
WL_0004996,CUST_000362,MOV_00043,2026-01-21,False
WL_0004997,CUST_000362,MOV_00396,2026-02-15,False
WL_0004998,CUST_000362,MOV_00090,2026-03-05,False
WL_0004999,CUST_000362,MOV_00006,2026-04-08,True
WL_0005000,CUST_000362,TVS_00061,2026-02-10,False
WL_0005001,CUST_000362,TVS_00152,2026-03-29,True
WL_0005002,CUST_000363,MOV_00157,2026-03-22,False
WL_0005003,CUST_000363,TVS_00163,2025-12-24,True
WL_0005004,CUST_000363,MOV_00107,2026-02-16,False
WL_0005005,CUST_000363,MOV_00103,2026-03-21,False
WL_0005006,CUST_000363,TVS_00172,2026-01-02,True
WL_0005007,CUST_000363,MOV_00302,2026-03-26,True
WL_0005008,CUST_000363,MOV_00011,2026-01-06,False
WL_0005009,CUST_000363,MOV_00068,2025-12-29,True
WL_0005010,CUST_000363,MOV_00302,2026-01-02,False
WL_0005011,CUST_000363,MOV_00120,2026-02-11,False
WL_0005012,CUST_000363,MOV_00167,2026-04-01,False
WL_0005013,CUST_000363,TVS_00127,2025-12-27,False
WL_0005014,CUST_000363,TVS_00142,2026-03-21,False
WL_0005015,CUST_000363,MOV_00168,2026-01-08,True
WL_0005016,CUST_000363,TVS_00062,2026-04-06,False
WL_0005017,CUST_000363,MOV_00083,2026-02-24,True
WL_0005018,CUST_000363,MOV_00157,2026-02-24,True
WL_0005019,CUST_000363,MOV_00399,2026-02-05,False
WL_0005020,CUST_000363,TVS_00051,2025-12-24,True
WL_0005021,CUST_000364,MOV_00237,2024-10-13,False
WL_0005022,CUST_000364,MOV_00293,2024-10-19,True
WL_0005023,CUST_000364,MOV_00360,2025-09-28,False
WL_0005024,CUST_000364,MOV_00449,2025-08-06,True
WL_0005025,CUST_000364,TVS_00052,2025-10-30,True
WL_0005026,CUST_000364,MOV_00251,2025-11-29,False
WL_0005027,CUST_000364,TVS_00077,2025-08-21,True
WL_0005028,CUST_000364,MOV_00223,2025-08-15,True
WL_0005029,CUST_000364,MOV_00276,2026-01-05,False
WL_0005030,CUST_000364,TVS_00150,2025-01-25,False
WL_0005031,CUST_000364,MOV_00457,2026-01-08,False
WL_0005032,CUST_000364,TVS_00187,2025-07-16,False
WL_0005033,CUST_000364,MOV_00349,2025-10-28,False
WL_0005034,CUST_000364,MOV_00483,2025-12-10,True
WL_0005035,CUST_000365,TVS_00151,2025-09-11,True
WL_0005036,CUST_000365,TVS_00146,2025-09-14,True
WL_0005037,CUST_000365,MOV_00078,2026-03-21,True
WL_0005038,CUST_000365,TVS_00139,2026-01-16,True
WL_0005039,CUST_000365,MOV_00348,2025-10-14,True
WL_0005040,CUST_000365,MOV_00454,2025-12-11,False
WL_0005041,CUST_000366,MOV_00267,2026-02-04,False
WL_0005042,CUST_000366,MOV_00334,2025-11-13,True
WL_0005043,CUST_000366,TVS_00032,2025-11-19,True
WL_0005044,CUST_000366,MOV_00277,2026-02-18,True
WL_0005045,CUST_000366,MOV_00050,2026-01-28,False
WL_0005046,CUST_000366,MOV_00341,2025-11-04,False
WL_0005047,CUST_000366,MOV_00337,2026-01-24,False
WL_0005048,CUST_000366,MOV_00316,2025-10-17,True
WL_0005049,CUST_000366,TVS_00046,2025-10-12,True
WL_0005050,CUST_000366,MOV_00080,2026-01-15,False
WL_0005051,CUST_000366,MOV_00207,2026-02-19,False
WL_0005052,CUST_000366,MOV_00188,2025-11-11,True
WL_0005053,CUST_000366,MOV_00493,2025-10-11,False
WL_0005054,CUST_000366,MOV_00264,2026-02-22,True
WL_0005055,CUST_000366,TVS_00070,2025-11-26,True
WL_0005056,CUST_000366,MOV_00116,2026-03-15,False
WL_0005057,CUST_000366,MOV_00346,2025-12-13,False
WL_0005058,CUST_000366,MOV_00054,2025-10-14,False
WL_0005059,CUST_000366,TVS_00013,2026-03-02,True
WL_0005060,CUST_000366,TVS_00136,2025-11-06,True
WL_0005061,CUST_000367,TVS_00014,2026-03-16,False
WL_0005062,CUST_000367,MOV_00105,2026-04-09,True
WL_0005063,CUST_000367,MOV_00441,2026-02-11,False
WL_0005064,CUST_000367,TVS_00009,2026-03-11,False
WL_0005065,CUST_000367,MOV_00085,2026-04-05,False
WL_0005066,CUST_000367,MOV_00425,2026-02-26,False
WL_0005067,CUST_000367,TVS_00002,2026-03-12,True
WL_0005068,CUST_000367,MOV_00023,2026-03-28,False
WL_0005069,CUST_000367,MOV_00401,2026-04-04,True
WL_0005070,CUST_000367,MOV_00123,2026-03-03,True
WL_0005071,CUST_000367,TVS_00034,2026-03-17,False
WL_0005072,CUST_000367,MOV_00455,2026-02-24,True
WL_0005073,CUST_000367,TVS_00107,2026-04-02,False
WL_0005074,CUST_000367,MOV_00228,2026-02-13,False
WL_0005075,CUST_000367,MOV_00015,2026-02-17,False
WL_0005076,CUST_000367,TVS_00155,2026-04-09,True
WL_0005077,CUST_000367,MOV_00368,2026-03-08,True
WL_0005078,CUST_000367,MOV_00400,2026-04-09,False
WL_0005079,CUST_000367,MOV_00398,2026-03-18,True
WL_0005080,CUST_000367,MOV_00423,2026-02-27,False
WL_0005081,CUST_000367,MOV_00016,2026-04-02,True
WL_0005082,CUST_000367,MOV_00484,2026-04-06,False
WL_0005083,CUST_000367,MOV_00484,2026-03-22,True
WL_0005084,CUST_000368,MOV_00332,2026-03-31,False
WL_0005085,CUST_000368,MOV_00091,2026-03-04,True
WL_0005086,CUST_000368,MOV_00348,2025-12-28,False
WL_0005087,CUST_000368,MOV_00292,2026-03-30,False
WL_0005088,CUST_000368,MOV_00207,2026-01-08,False
WL_0005089,CUST_000368,TVS_00081,2026-04-01,False
WL_0005090,CUST_000368,MOV_00305,2026-01-13,True
WL_0005091,CUST_000368,MOV_00442,2026-02-16,False
WL_0005092,CUST_000368,MOV_00458,2026-04-11,False
WL_0005093,CUST_000368,MOV_00253,2026-02-02,False
WL_0005094,CUST_000368,MOV_00130,2026-02-20,True
WL_0005095,CUST_000368,MOV_00026,2026-01-07,False
WL_0005096,CUST_000368,MOV_00077,2026-01-27,True
WL_0005097,CUST_000368,MOV_00109,2026-04-01,True
WL_0005098,CUST_000368,MOV_00254,2026-03-17,False
WL_0005099,CUST_000368,TVS_00079,2026-01-05,True
WL_0005100,CUST_000368,MOV_00046,2026-01-10,True
WL_0005101,CUST_000369,MOV_00300,2025-07-10,True
WL_0005102,CUST_000369,MOV_00307,2025-04-22,True
WL_0005103,CUST_000369,MOV_00167,2025-11-14,False
WL_0005104,CUST_000369,MOV_00019,2025-08-10,True
WL_0005105,CUST_000369,TVS_00197,2025-11-14,True
WL_0005106,CUST_000369,MOV_00313,2025-11-03,True
WL_0005107,CUST_000369,MOV_00174,2024-08-16,True
WL_0005108,CUST_000369,MOV_00475,2025-08-15,False
WL_0005109,CUST_000369,MOV_00299,2025-01-27,False
WL_0005110,CUST_000369,MOV_00432,2025-03-20,True
WL_0005111,CUST_000369,MOV_00119,2024-09-06,False
WL_0005112,CUST_000369,MOV_00019,2025-04-12,True
WL_0005113,CUST_000369,MOV_00483,2024-09-19,False
WL_0005114,CUST_000369,MOV_00072,2024-11-30,True
WL_0005115,CUST_000369,MOV_00313,2025-12-23,True
WL_0005116,CUST_000369,MOV_00222,2025-09-06,False
WL_0005117,CUST_000369,MOV_00394,2025-04-25,True
WL_0005118,CUST_000369,MOV_00331,2025-11-17,True
WL_0005119,CUST_000369,MOV_00039,2025-12-10,False
WL_0005120,CUST_000369,MOV_00251,2025-08-07,True
WL_0005121,CUST_000369,MOV_00053,2024-12-05,True
WL_0005122,CUST_000369,MOV_00053,2026-03-11,True
WL_0005123,CUST_000369,MOV_00306,2026-02-18,False
WL_0005124,CUST_000369,MOV_00309,2026-03-15,False
WL_0005125,CUST_000370,MOV_00207,2025-05-06,True
WL_0005126,CUST_000370,MOV_00372,2025-07-17,True
WL_0005127,CUST_000370,TVS_00008,2025-08-19,True
WL_0005128,CUST_000370,MOV_00156,2024-12-26,True
WL_0005129,CUST_000370,TVS_00125,2025-02-24,True
WL_0005130,CUST_000370,MOV_00099,2025-06-17,True
WL_0005131,CUST_000370,MOV_00194,2025-01-07,True
WL_0005132,CUST_000370,TVS_00078,2025-03-05,True
WL_0005133,CUST_000370,MOV_00086,2025-05-24,True
WL_0005134,CUST_000370,MOV_00004,2025-05-05,False
WL_0005135,CUST_000370,MOV_00402,2025-01-04,True
WL_0005136,CUST_000370,MOV_00479,2025-01-23,True
WL_0005137,CUST_000370,MOV_00267,2025-01-21,True
WL_0005138,CUST_000370,MOV_00135,2025-02-07,False
WL_0005139,CUST_000370,MOV_00033,2025-06-16,True
WL_0005140,CUST_000370,MOV_00129,2025-08-17,True
WL_0005141,CUST_000370,MOV_00491,2025-02-25,False
WL_0005142,CUST_000370,MOV_00314,2025-06-08,False
WL_0005143,CUST_000371,TVS_00164,2024-12-10,False
WL_0005144,CUST_000371,TVS_00167,2025-08-13,False
WL_0005145,CUST_000371,MOV_00149,2025-06-02,False
WL_0005146,CUST_000371,MOV_00376,2025-11-05,True
WL_0005147,CUST_000371,TVS_00038,2026-01-08,True
WL_0005148,CUST_000371,MOV_00179,2025-10-30,True
WL_0005149,CUST_000371,MOV_00134,2025-01-14,True
WL_0005150,CUST_000371,MOV_00167,2024-12-13,True
WL_0005151,CUST_000371,TVS_00164,2025-08-20,True
WL_0005152,CUST_000372,MOV_00364,2025-07-10,True
WL_0005153,CUST_000372,MOV_00187,2025-11-27,True
WL_0005154,CUST_000372,TVS_00102,2026-04-16,True
WL_0005155,CUST_000372,TVS_00178,2025-09-27,True
WL_0005156,CUST_000372,TVS_00117,2026-03-20,True
WL_0005157,CUST_000372,MOV_00135,2025-11-19,False
WL_0005158,CUST_000372,TVS_00057,2026-01-17,True
WL_0005159,CUST_000372,MOV_00107,2025-10-17,True
WL_0005160,CUST_000372,MOV_00105,2026-02-03,True
WL_0005161,CUST_000372,MOV_00447,2025-10-30,True
WL_0005162,CUST_000372,TVS_00178,2026-03-05,True
WL_0005163,CUST_000372,MOV_00339,2026-02-14,False
WL_0005164,CUST_000372,MOV_00095,2025-07-24,False
WL_0005165,CUST_000372,MOV_00458,2026-01-09,True
WL_0005166,CUST_000372,MOV_00413,2025-08-10,False
WL_0005167,CUST_000372,TVS_00110,2026-01-13,False
WL_0005168,CUST_000372,MOV_00276,2025-09-01,False
WL_0005169,CUST_000372,MOV_00364,2026-03-14,True
WL_0005170,CUST_000372,MOV_00371,2025-12-20,False
WL_0005171,CUST_000372,MOV_00121,2025-08-19,True
WL_0005172,CUST_000372,MOV_00280,2025-10-10,True
WL_0005173,CUST_000372,MOV_00321,2025-10-10,False
WL_0005174,CUST_000372,MOV_00219,2025-11-26,False
WL_0005175,CUST_000372,MOV_00422,2025-12-03,False
WL_0005176,CUST_000373,MOV_00211,2025-02-05,False
WL_0005177,CUST_000373,MOV_00207,2025-04-07,True
WL_0005178,CUST_000373,MOV_00186,2025-01-21,False
WL_0005179,CUST_000373,MOV_00004,2024-12-28,True
WL_0005180,CUST_000373,TVS_00023,2024-12-01,True
WL_0005181,CUST_000373,TVS_00078,2025-01-06,True
WL_0005182,CUST_000373,MOV_00236,2025-05-05,False
WL_0005183,CUST_000373,TVS_00140,2025-01-28,True
WL_0005184,CUST_000373,MOV_00369,2025-01-02,False
WL_0005185,CUST_000374,MOV_00275,2024-12-15,True
WL_0005186,CUST_000374,MOV_00213,2025-03-16,True
WL_0005187,CUST_000374,MOV_00491,2026-01-31,True
WL_0005188,CUST_000374,MOV_00026,2025-08-14,False
WL_0005189,CUST_000374,TVS_00074,2025-09-14,True
WL_0005190,CUST_000374,MOV_00071,2025-07-19,True
WL_0005191,CUST_000374,MOV_00213,2025-12-25,False
WL_0005192,CUST_000374,TVS_00146,2024-12-12,True
WL_0005193,CUST_000374,MOV_00372,2026-02-12,False
WL_0005194,CUST_000374,MOV_00427,2025-08-01,True
WL_0005195,CUST_000374,MOV_00071,2025-07-27,True
WL_0005196,CUST_000374,MOV_00377,2026-02-23,True
WL_0005197,CUST_000374,MOV_00212,2025-01-27,True
WL_0005198,CUST_000374,TVS_00134,2026-01-18,True
WL_0005199,CUST_000374,TVS_00056,2025-07-03,True
WL_0005200,CUST_000374,MOV_00357,2025-06-23,False
WL_0005201,CUST_000374,TVS_00185,2025-07-26,False
WL_0005202,CUST_000375,MOV_00403,2025-12-02,False
WL_0005203,CUST_000375,TVS_00039,2025-11-16,False
WL_0005204,CUST_000375,MOV_00403,2026-01-06,False
WL_0005205,CUST_000375,MOV_00061,2026-01-18,True
WL_0005206,CUST_000375,MOV_00308,2025-11-23,True
WL_0005207,CUST_000375,MOV_00153,2025-12-04,False
WL_0005208,CUST_000375,MOV_00224,2025-11-21,True
WL_0005209,CUST_000375,TVS_00102,2026-02-07,False
WL_0005210,CUST_000375,MOV_00013,2026-03-20,False
WL_0005211,CUST_000375,TVS_00152,2026-04-04,False
WL_0005212,CUST_000375,MOV_00262,2026-03-21,False
WL_0005213,CUST_000375,MOV_00473,2025-12-25,False
WL_0005214,CUST_000375,MOV_00395,2025-12-03,False
WL_0005215,CUST_000375,MOV_00393,2026-03-09,True
WL_0005216,CUST_000375,MOV_00185,2026-01-07,False
WL_0005217,CUST_000375,MOV_00250,2025-12-14,False
WL_0005218,CUST_000375,MOV_00114,2026-01-24,False
WL_0005219,CUST_000375,MOV_00344,2026-03-09,True
WL_0005220,CUST_000375,MOV_00158,2025-12-20,True
WL_0005221,CUST_000375,MOV_00355,2026-01-30,True
WL_0005222,CUST_000375,MOV_00170,2025-12-13,True
WL_0005223,CUST_000375,MOV_00321,2026-02-08,False
WL_0005224,CUST_000376,MOV_00246,2025-03-04,True
WL_0005225,CUST_000376,TVS_00061,2025-06-09,True
WL_0005226,CUST_000376,MOV_00069,2025-12-30,True
WL_0005227,CUST_000376,MOV_00335,2025-07-29,True
WL_0005228,CUST_000376,TVS_00167,2025-05-06,False
WL_0005229,CUST_000376,TVS_00092,2024-12-15,True
WL_0005230,CUST_000376,MOV_00417,2025-07-13,False
WL_0005231,CUST_000376,MOV_00383,2025-01-09,True
WL_0005232,CUST_000376,MOV_00452,2024-09-25,True
WL_0005233,CUST_000376,MOV_00478,2025-09-19,False
WL_0005234,CUST_000376,MOV_00489,2025-08-22,True
WL_0005235,CUST_000376,MOV_00440,2025-02-07,False
WL_0005236,CUST_000376,MOV_00475,2026-03-24,False
WL_0005237,CUST_000376,MOV_00119,2026-03-11,False
WL_0005238,CUST_000376,MOV_00143,2025-11-07,True
WL_0005239,CUST_000376,TVS_00100,2025-07-09,False
WL_0005240,CUST_000376,MOV_00450,2026-03-23,True
WL_0005241,CUST_000376,MOV_00304,2025-10-26,False
WL_0005242,CUST_000376,TVS_00070,2025-08-05,False
WL_0005243,CUST_000376,MOV_00207,2025-01-13,False
WL_0005244,CUST_000377,MOV_00114,2025-11-28,True
WL_0005245,CUST_000377,MOV_00026,2025-11-18,False
WL_0005246,CUST_000377,MOV_00375,2025-12-21,True
WL_0005247,CUST_000378,MOV_00122,2026-04-01,True
WL_0005248,CUST_000378,TVS_00080,2026-04-11,True
WL_0005249,CUST_000378,TVS_00196,2026-03-23,True
WL_0005250,CUST_000378,TVS_00183,2026-03-27,False
WL_0005251,CUST_000378,TVS_00185,2026-03-04,False
WL_0005252,CUST_000378,MOV_00003,2026-03-21,True
WL_0005253,CUST_000378,TVS_00156,2026-03-29,True
WL_0005254,CUST_000378,MOV_00092,2026-03-03,True
WL_0005255,CUST_000378,MOV_00262,2026-04-07,False
WL_0005256,CUST_000378,MOV_00226,2026-04-11,True
WL_0005257,CUST_000378,TVS_00005,2026-03-26,True
WL_0005258,CUST_000378,MOV_00122,2026-04-07,True
WL_0005259,CUST_000378,TVS_00090,2026-03-29,True
WL_0005260,CUST_000378,MOV_00407,2026-03-09,False
WL_0005261,CUST_000378,MOV_00119,2026-03-26,True
WL_0005262,CUST_000378,TVS_00137,2026-03-28,True
WL_0005263,CUST_000378,MOV_00221,2026-03-24,False
WL_0005264,CUST_000378,TVS_00095,2026-02-23,False
WL_0005265,CUST_000378,MOV_00398,2026-04-10,False
WL_0005266,CUST_000378,MOV_00192,2026-03-20,False
WL_0005267,CUST_000378,MOV_00419,2026-03-24,False
WL_0005268,CUST_000378,MOV_00486,2026-04-07,True
WL_0005269,CUST_000379,MOV_00132,2025-12-31,True
WL_0005270,CUST_000379,MOV_00333,2025-09-06,True
WL_0005271,CUST_000379,MOV_00156,2026-01-17,True
WL_0005272,CUST_000379,MOV_00382,2025-03-31,False
WL_0005273,CUST_000379,MOV_00117,2025-08-15,False
WL_0005274,CUST_000379,MOV_00154,2025-03-26,False
WL_0005275,CUST_000379,MOV_00023,2025-08-13,False
WL_0005276,CUST_000379,TVS_00185,2026-03-30,True
WL_0005277,CUST_000379,MOV_00222,2026-03-09,False
WL_0005278,CUST_000379,MOV_00484,2025-07-31,True
WL_0005279,CUST_000379,MOV_00160,2026-02-27,True
WL_0005280,CUST_000379,MOV_00491,2025-06-16,False
WL_0005281,CUST_000379,MOV_00176,2025-08-13,True
WL_0005282,CUST_000379,TVS_00197,2025-10-04,True
WL_0005283,CUST_000379,MOV_00470,2026-01-17,True
WL_0005284,CUST_000379,MOV_00398,2025-09-08,True
WL_0005285,CUST_000379,MOV_00097,2025-08-10,True
WL_0005286,CUST_000379,MOV_00029,2025-06-02,False
WL_0005287,CUST_000379,MOV_00331,2025-09-18,True
WL_0005288,CUST_000379,TVS_00181,2025-03-03,True
WL_0005289,CUST_000379,MOV_00176,2025-03-22,False
WL_0005290,CUST_000379,MOV_00038,2025-03-15,True
WL_0005291,CUST_000379,MOV_00147,2025-07-03,False
WL_0005292,CUST_000379,MOV_00071,2025-08-29,False
WL_0005293,CUST_000379,TVS_00045,2025-06-25,False
WL_0005294,CUST_000380,TVS_00007,2026-03-15,True
WL_0005295,CUST_000380,MOV_00104,2026-04-08,False
WL_0005296,CUST_000380,MOV_00428,2026-03-06,True
WL_0005297,CUST_000380,MOV_00459,2026-03-21,True
WL_0005298,CUST_000380,TVS_00159,2026-03-19,False
WL_0005299,CUST_000380,MOV_00108,2026-03-17,False
WL_0005300,CUST_000380,TVS_00085,2026-03-15,True
WL_0005301,CUST_000380,MOV_00392,2026-03-10,False
WL_0005302,CUST_000380,MOV_00037,2026-04-11,False
WL_0005303,CUST_000380,MOV_00163,2026-03-04,False
WL_0005304,CUST_000380,MOV_00149,2026-03-24,True
WL_0005305,CUST_000380,MOV_00460,2026-03-07,False
WL_0005306,CUST_000380,MOV_00161,2026-03-28,False
WL_0005307,CUST_000381,MOV_00401,2026-02-14,False
WL_0005308,CUST_000381,MOV_00492,2025-08-26,False
WL_0005309,CUST_000381,MOV_00423,2025-04-25,True
WL_0005310,CUST_000381,MOV_00465,2025-06-23,True
WL_0005311,CUST_000381,MOV_00017,2025-03-23,True
WL_0005312,CUST_000381,MOV_00157,2025-05-11,False
WL_0005313,CUST_000381,MOV_00017,2025-08-26,True
WL_0005314,CUST_000381,MOV_00216,2025-12-25,True
WL_0005315,CUST_000381,MOV_00021,2025-05-19,False
WL_0005316,CUST_000381,TVS_00068,2026-03-06,True
WL_0005317,CUST_000381,TVS_00171,2025-04-19,False
WL_0005318,CUST_000382,MOV_00316,2025-08-19,True
WL_0005319,CUST_000382,MOV_00042,2026-03-18,False
WL_0005320,CUST_000382,TVS_00164,2026-03-02,True
WL_0005321,CUST_000382,TVS_00019,2025-10-20,True
WL_0005322,CUST_000382,TVS_00005,2025-08-15,True
WL_0005323,CUST_000382,MOV_00306,2025-03-23,True
WL_0005324,CUST_000382,TVS_00153,2025-04-29,True
WL_0005325,CUST_000382,MOV_00251,2025-07-19,False
WL_0005326,CUST_000382,TVS_00114,2025-10-01,True
WL_0005327,CUST_000382,MOV_00337,2025-10-05,True
WL_0005328,CUST_000382,MOV_00050,2026-02-04,True
WL_0005329,CUST_000382,MOV_00330,2025-12-17,True
WL_0005330,CUST_000382,MOV_00055,2025-08-13,False
WL_0005331,CUST_000382,TVS_00018,2026-01-23,True
WL_0005332,CUST_000382,MOV_00410,2025-04-02,True
WL_0005333,CUST_000382,TVS_00024,2025-01-21,False
WL_0005334,CUST_000383,MOV_00202,2025-09-26,True
WL_0005335,CUST_000383,MOV_00303,2025-09-04,False
WL_0005336,CUST_000383,MOV_00390,2025-12-22,False
WL_0005337,CUST_000383,MOV_00333,2026-01-25,True
WL_0005338,CUST_000383,MOV_00264,2026-03-21,True
WL_0005339,CUST_000383,TVS_00169,2026-03-21,True
WL_0005340,CUST_000383,TVS_00181,2026-01-03,True
WL_0005341,CUST_000383,MOV_00143,2025-12-16,False
WL_0005342,CUST_000383,MOV_00202,2025-12-04,True
WL_0005343,CUST_000383,TVS_00069,2025-10-14,True
WL_0005344,CUST_000383,TVS_00169,2025-11-08,True
WL_0005345,CUST_000383,MOV_00021,2025-09-03,False
WL_0005346,CUST_000383,MOV_00007,2026-03-11,True
WL_0005347,CUST_000383,TVS_00124,2026-01-11,False
WL_0005348,CUST_000383,MOV_00390,2025-09-11,False
WL_0005349,CUST_000383,MOV_00003,2025-12-12,True
WL_0005350,CUST_000383,MOV_00277,2025-08-03,True
WL_0005351,CUST_000383,MOV_00176,2025-11-06,True
WL_0005352,CUST_000383,TVS_00045,2025-08-21,True
WL_0005353,CUST_000383,MOV_00381,2026-02-03,True
WL_0005354,CUST_000383,TVS_00003,2025-12-20,False
WL_0005355,CUST_000383,TVS_00192,2025-09-16,False
WL_0005356,CUST_000383,MOV_00162,2025-10-01,True
WL_0005357,CUST_000383,TVS_00115,2025-10-07,True
WL_0005358,CUST_000384,MOV_00386,2025-08-03,True
WL_0005359,CUST_000384,MOV_00094,2025-07-03,False
WL_0005360,CUST_000384,MOV_00114,2025-12-24,False
WL_0005361,CUST_000384,TVS_00154,2025-08-06,True
WL_0005362,CUST_000384,MOV_00287,2025-07-22,False
WL_0005363,CUST_000384,MOV_00199,2025-12-04,False
WL_0005364,CUST_000384,TVS_00120,2025-07-25,True
WL_0005365,CUST_000384,MOV_00126,2025-05-27,False
WL_0005366,CUST_000384,MOV_00389,2025-05-27,True
WL_0005367,CUST_000384,MOV_00488,2025-09-02,False
WL_0005368,CUST_000384,MOV_00027,2025-07-07,False
WL_0005369,CUST_000384,TVS_00127,2025-08-03,True
WL_0005370,CUST_000384,TVS_00170,2025-12-20,True
WL_0005371,CUST_000384,TVS_00128,2025-11-25,False
WL_0005372,CUST_000385,MOV_00372,2026-01-23,False
WL_0005373,CUST_000385,MOV_00372,2026-01-28,True
WL_0005374,CUST_000385,TVS_00030,2026-03-07,True
WL_0005375,CUST_000385,MOV_00447,2026-01-19,True
WL_0005376,CUST_000385,TVS_00092,2026-01-26,False
WL_0005377,CUST_000385,TVS_00199,2026-02-15,True
WL_0005378,CUST_000385,TVS_00072,2026-01-10,True
WL_0005379,CUST_000385,TVS_00006,2026-02-18,True
WL_0005380,CUST_000385,MOV_00133,2025-12-28,True
WL_0005381,CUST_000385,MOV_00350,2026-03-15,False
WL_0005382,CUST_000385,MOV_00121,2025-12-15,True
WL_0005383,CUST_000385,MOV_00081,2026-03-23,True
WL_0005384,CUST_000385,TVS_00127,2026-04-03,True
WL_0005385,CUST_000385,MOV_00427,2026-03-22,False
WL_0005386,CUST_000386,TVS_00165,2025-04-24,False
WL_0005387,CUST_000386,TVS_00016,2025-04-15,False
WL_0005388,CUST_000386,MOV_00463,2025-03-06,True
WL_0005389,CUST_000386,MOV_00382,2025-04-09,False
WL_0005390,CUST_000386,MOV_00461,2025-04-20,False
WL_0005391,CUST_000386,MOV_00410,2025-04-13,False
WL_0005392,CUST_000386,TVS_00132,2025-03-21,False
WL_0005393,CUST_000387,MOV_00258,2026-03-14,False
WL_0005394,CUST_000387,MOV_00071,2025-12-29,False
WL_0005395,CUST_000387,MOV_00075,2026-03-07,True
WL_0005396,CUST_000387,MOV_00255,2025-12-22,False
WL_0005397,CUST_000388,TVS_00059,2026-03-05,True
WL_0005398,CUST_000388,TVS_00147,2025-09-27,False
WL_0005399,CUST_000388,TVS_00056,2026-04-08,False
WL_0005400,CUST_000388,TVS_00197,2025-06-25,False
WL_0005401,CUST_000388,MOV_00172,2025-04-15,False
WL_0005402,CUST_000388,MOV_00000,2025-04-15,True
WL_0005403,CUST_000388,MOV_00358,2025-11-15,True
WL_0005404,CUST_000388,TVS_00028,2025-02-22,False
WL_0005405,CUST_000388,MOV_00041,2025-08-20,True
WL_0005406,CUST_000388,MOV_00255,2025-06-08,True
WL_0005407,CUST_000388,MOV_00358,2025-10-26,True
WL_0005408,CUST_000388,MOV_00012,2025-08-29,False
WL_0005409,CUST_000388,MOV_00019,2025-08-13,True
WL_0005410,CUST_000388,MOV_00476,2025-10-18,False
WL_0005411,CUST_000389,MOV_00132,2024-07-21,False
WL_0005412,CUST_000389,MOV_00000,2024-10-11,False
WL_0005413,CUST_000389,MOV_00387,2025-09-28,False
WL_0005414,CUST_000389,MOV_00060,2025-12-31,False
WL_0005415,CUST_000389,TVS_00116,2026-02-14,True
WL_0005416,CUST_000389,MOV_00003,2025-02-04,True
WL_0005417,CUST_000389,MOV_00289,2026-03-02,False
WL_0005418,CUST_000389,TVS_00137,2025-11-01,True
WL_0005419,CUST_000389,MOV_00212,2025-08-16,False
WL_0005420,CUST_000389,TVS_00080,2025-07-14,False
WL_0005421,CUST_000389,TVS_00121,2026-01-12,False
WL_0005422,CUST_000389,MOV_00141,2025-10-02,True
WL_0005423,CUST_000390,MOV_00051,2026-03-15,True
WL_0005424,CUST_000390,MOV_00046,2026-02-06,False
WL_0005425,CUST_000390,MOV_00481,2026-01-04,True
WL_0005426,CUST_000390,MOV_00304,2026-04-07,True
WL_0005427,CUST_000390,MOV_00151,2025-12-27,True
WL_0005428,CUST_000391,MOV_00133,2026-02-02,True
WL_0005429,CUST_000391,TVS_00169,2026-01-11,True
WL_0005430,CUST_000391,MOV_00472,2025-11-30,True
WL_0005431,CUST_000391,MOV_00034,2026-01-09,True
WL_0005432,CUST_000391,TVS_00130,2025-12-11,True
WL_0005433,CUST_000391,MOV_00081,2026-04-10,False
WL_0005434,CUST_000391,MOV_00164,2025-12-27,True
WL_0005435,CUST_000391,TVS_00086,2026-04-11,True
WL_0005436,CUST_000391,TVS_00040,2026-03-04,False
WL_0005437,CUST_000391,MOV_00497,2026-03-29,False
WL_0005438,CUST_000391,TVS_00107,2026-02-05,False
WL_0005439,CUST_000391,MOV_00408,2025-12-10,True
WL_0005440,CUST_000392,MOV_00414,2025-10-17,False
WL_0005441,CUST_000392,TVS_00167,2025-03-17,True
WL_0005442,CUST_000392,TVS_00046,2025-01-06,True
WL_0005443,CUST_000392,TVS_00040,2025-08-23,False
WL_0005444,CUST_000392,MOV_00234,2025-09-27,True
WL_0005445,CUST_000392,TVS_00025,2025-03-07,False
WL_0005446,CUST_000392,MOV_00194,2024-10-02,False
WL_0005447,CUST_000392,MOV_00498,2024-09-22,False
WL_0005448,CUST_000392,MOV_00178,2024-10-02,True
WL_0005449,CUST_000392,MOV_00215,2025-07-21,True
WL_0005450,CUST_000392,MOV_00094,2024-10-25,False
WL_0005451,CUST_000392,MOV_00215,2025-09-24,True
WL_0005452,CUST_000392,MOV_00027,2025-10-20,True
WL_0005453,CUST_000392,TVS_00099,2024-12-25,False
WL_0005454,CUST_000392,MOV_00232,2025-09-20,True
WL_0005455,CUST_000392,MOV_00427,2025-11-18,True
WL_0005456,CUST_000392,MOV_00330,2025-11-26,True
WL_0005457,CUST_000392,MOV_00352,2025-06-09,False
WL_0005458,CUST_000392,MOV_00042,2026-02-05,True
WL_0005459,CUST_000392,TVS_00098,2024-11-13,False
WL_0005460,CUST_000392,MOV_00198,2025-11-14,True
WL_0005461,CUST_000393,MOV_00030,2026-03-16,True
WL_0005462,CUST_000393,MOV_00084,2025-08-22,True
WL_0005463,CUST_000393,TVS_00099,2025-05-18,True
WL_0005464,CUST_000393,TVS_00170,2024-12-01,True
WL_0005465,CUST_000393,MOV_00038,2025-02-27,True
WL_0005466,CUST_000393,MOV_00235,2025-04-12,True
WL_0005467,CUST_000393,TVS_00059,2025-05-24,True
WL_0005468,CUST_000393,MOV_00314,2026-01-24,True
WL_0005469,CUST_000393,MOV_00166,2025-07-24,True
WL_0005470,CUST_000393,MOV_00262,2025-02-27,False
WL_0005471,CUST_000393,TVS_00166,2024-12-08,True
WL_0005472,CUST_000393,MOV_00245,2025-11-25,False
WL_0005473,CUST_000393,MOV_00007,2026-01-29,False
WL_0005474,CUST_000393,MOV_00194,2025-07-08,False
WL_0005475,CUST_000394,MOV_00152,2025-11-01,True
WL_0005476,CUST_000394,TVS_00080,2026-04-02,True
WL_0005477,CUST_000394,MOV_00425,2025-12-13,False
WL_0005478,CUST_000394,MOV_00203,2025-11-25,True
WL_0005479,CUST_000394,MOV_00123,2026-02-26,True
WL_0005480,CUST_000394,MOV_00023,2026-01-30,True
WL_0005481,CUST_000394,MOV_00398,2025-11-08,True
WL_0005482,CUST_000394,MOV_00102,2025-12-27,True
WL_0005483,CUST_000394,MOV_00310,2025-12-25,True
WL_0005484,CUST_000395,TVS_00114,2026-04-10,True
WL_0005485,CUST_000395,MOV_00145,2026-04-11,False
WL_0005486,CUST_000395,MOV_00100,2026-04-11,False
WL_0005487,CUST_000395,MOV_00188,2026-04-11,False
WL_0005488,CUST_000395,MOV_00173,2026-04-10,False
WL_0005489,CUST_000395,TVS_00039,2026-04-11,True
WL_0005490,CUST_000395,MOV_00245,2026-04-11,False
WL_0005491,CUST_000396,TVS_00162,2026-04-01,True
WL_0005492,CUST_000396,TVS_00120,2025-08-25,False
WL_0005493,CUST_000396,MOV_00141,2026-03-18,True
WL_0005494,CUST_000396,MOV_00459,2025-07-14,True
WL_0005495,CUST_000396,TVS_00046,2025-09-03,False
WL_0005496,CUST_000396,TVS_00179,2026-01-01,True
WL_0005497,CUST_000396,TVS_00044,2026-02-16,True
WL_0005498,CUST_000396,MOV_00390,2025-08-02,False
WL_0005499,CUST_000396,MOV_00185,2026-03-20,False
WL_0005500,CUST_000396,TVS_00140,2026-02-07,False
WL_0005501,CUST_000396,MOV_00077,2026-03-08,True
WL_0005502,CUST_000396,TVS_00090,2026-03-10,False
WL_0005503,CUST_000396,MOV_00002,2026-04-08,False
WL_0005504,CUST_000396,TVS_00137,2026-01-19,True
WL_0005505,CUST_000396,MOV_00374,2026-03-19,True
WL_0005506,CUST_000396,TVS_00101,2025-05-09,False
WL_0005507,CUST_000396,MOV_00085,2025-02-28,False
WL_0005508,CUST_000396,MOV_00347,2026-02-25,False
WL_0005509,CUST_000396,MOV_00193,2026-03-19,True
WL_0005510,CUST_000397,MOV_00284,2025-10-18,True
WL_0005511,CUST_000397,TVS_00135,2024-07-22,False
WL_0005512,CUST_000397,MOV_00304,2025-02-21,True
WL_0005513,CUST_000397,TVS_00067,2025-06-02,True
WL_0005514,CUST_000397,MOV_00096,2025-04-24,False
WL_0005515,CUST_000397,MOV_00244,2024-09-01,True
WL_0005516,CUST_000397,MOV_00367,2025-03-30,True
WL_0005517,CUST_000397,TVS_00111,2025-07-08,False
WL_0005518,CUST_000397,TVS_00078,2024-08-29,True
WL_0005519,CUST_000397,MOV_00069,2026-03-02,True
WL_0005520,CUST_000397,MOV_00442,2026-02-18,True
WL_0005521,CUST_000397,TVS_00029,2024-12-12,True
WL_0005522,CUST_000397,MOV_00361,2024-10-27,True
WL_0005523,CUST_000397,MOV_00239,2025-04-16,True
WL_0005524,CUST_000397,MOV_00069,2024-09-23,True
WL_0005525,CUST_000397,MOV_00443,2025-06-10,False
WL_0005526,CUST_000397,MOV_00479,2024-09-08,True
WL_0005527,CUST_000397,MOV_00026,2025-12-05,True
WL_0005528,CUST_000397,MOV_00116,2024-11-15,False
WL_0005529,CUST_000397,TVS_00064,2024-07-20,False
WL_0005530,CUST_000398,MOV_00157,2026-02-20,True
WL_0005531,CUST_000398,MOV_00091,2026-02-19,False
WL_0005532,CUST_000398,MOV_00483,2026-03-22,False
WL_0005533,CUST_000398,TVS_00199,2026-04-03,True
WL_0005534,CUST_000398,MOV_00347,2026-03-21,True
WL_0005535,CUST_000398,TVS_00030,2026-03-13,True
WL_0005536,CUST_000398,MOV_00102,2026-03-03,True
WL_0005537,CUST_000398,MOV_00371,2026-04-09,True
WL_0005538,CUST_000398,MOV_00049,2026-04-03,True
WL_0005539,CUST_000398,TVS_00045,2026-02-15,False
WL_0005540,CUST_000398,MOV_00439,2026-03-13,True
WL_0005541,CUST_000398,MOV_00104,2026-03-31,False
WL_0005542,CUST_000398,TVS_00082,2026-03-27,True
WL_0005543,CUST_000398,TVS_00090,2026-02-24,True
WL_0005544,CUST_000399,MOV_00188,2025-05-10,False
WL_0005545,CUST_000399,MOV_00114,2026-01-18,True
WL_0005546,CUST_000399,MOV_00395,2025-09-09,True
WL_0005547,CUST_000399,MOV_00089,2025-05-09,True
WL_0005548,CUST_000399,MOV_00452,2026-01-06,True
WL_0005549,CUST_000399,MOV_00371,2025-12-14,False
WL_0005550,CUST_000399,TVS_00089,2025-05-05,True
WL_0005551,CUST_000399,MOV_00447,2025-09-20,True
WL_0005552,CUST_000399,MOV_00196,2026-02-14,True
WL_0005553,CUST_000399,MOV_00025,2025-07-07,True
WL_0005554,CUST_000399,TVS_00085,2025-10-18,True
WL_0005555,CUST_000399,MOV_00464,2026-02-12,False
WL_0005556,CUST_000399,TVS_00116,2026-04-10,True
WL_0005557,CUST_000400,MOV_00186,2026-01-17,True
WL_0005558,CUST_000400,MOV_00165,2026-03-31,True
WL_0005559,CUST_000400,MOV_00418,2025-06-19,True
WL_0005560,CUST_000400,MOV_00346,2025-11-03,False
WL_0005561,CUST_000400,MOV_00039,2025-06-09,True
WL_0005562,CUST_000400,MOV_00217,2025-05-20,False
WL_0005563,CUST_000400,MOV_00181,2024-08-29,True
WL_0005564,CUST_000400,MOV_00335,2024-06-29,True
WL_0005565,CUST_000400,TVS_00163,2025-10-12,True
WL_0005566,CUST_000400,MOV_00244,2024-10-08,True
WL_0005567,CUST_000400,MOV_00104,2025-02-03,True
WL_0005568,CUST_000400,MOV_00055,2025-06-22,True
WL_0005569,CUST_000400,MOV_00148,2024-07-17,True
WL_0005570,CUST_000400,MOV_00074,2025-06-21,True
WL_0005571,CUST_000400,MOV_00426,2025-02-17,True
WL_0005572,CUST_000400,MOV_00396,2025-04-24,True
WL_0005573,CUST_000400,MOV_00446,2025-05-31,True
WL_0005574,CUST_000400,TVS_00027,2026-01-01,False
WL_0005575,CUST_000400,MOV_00316,2024-08-03,True
WL_0005576,CUST_000401,MOV_00340,2025-05-10,True
WL_0005577,CUST_000401,TVS_00097,2025-06-27,False
WL_0005578,CUST_000401,MOV_00374,2025-10-05,False
WL_0005579,CUST_000401,MOV_00413,2025-08-11,True
WL_0005580,CUST_000401,MOV_00120,2025-05-16,False
WL_0005581,CUST_000401,MOV_00089,2025-07-05,True
WL_0005582,CUST_000401,MOV_00420,2025-09-04,False
WL_0005583,CUST_000401,MOV_00294,2025-05-02,False
WL_0005584,CUST_000401,MOV_00161,2025-07-16,False
WL_0005585,CUST_000401,MOV_00240,2025-10-14,False
WL_0005586,CUST_000401,MOV_00196,2025-06-24,False
WL_0005587,CUST_000401,TVS_00144,2025-05-31,False
WL_0005588,CUST_000401,MOV_00107,2025-03-13,True
WL_0005589,CUST_000401,TVS_00065,2025-07-11,False
WL_0005590,CUST_000401,MOV_00133,2025-05-03,True
WL_0005591,CUST_000401,TVS_00074,2025-08-13,True
WL_0005592,CUST_000401,MOV_00155,2025-08-29,False
WL_0005593,CUST_000401,TVS_00138,2025-09-29,False
WL_0005594,CUST_000401,TVS_00104,2025-06-21,True
WL_0005595,CUST_000401,TVS_00147,2025-06-27,True
WL_0005596,CUST_000401,MOV_00462,2025-04-03,False
WL_0005597,CUST_000401,MOV_00156,2025-06-28,False
WL_0005598,CUST_000402,MOV_00300,2025-11-01,True
WL_0005599,CUST_000402,MOV_00269,2026-01-29,True
WL_0005600,CUST_000402,MOV_00042,2025-12-08,True
WL_0005601,CUST_000402,MOV_00444,2026-03-01,True
WL_0005602,CUST_000402,MOV_00033,2026-01-17,False
WL_0005603,CUST_000402,TVS_00150,2026-03-09,True
WL_0005604,CUST_000402,MOV_00176,2026-01-26,False
WL_0005605,CUST_000402,MOV_00182,2025-09-11,True
WL_0005606,CUST_000402,MOV_00176,2026-02-08,False
WL_0005607,CUST_000402,MOV_00307,2026-03-16,True
WL_0005608,CUST_000402,MOV_00269,2026-04-06,True
WL_0005609,CUST_000403,MOV_00426,2025-08-20,True
WL_0005610,CUST_000403,MOV_00207,2026-04-02,False
WL_0005611,CUST_000403,MOV_00200,2026-03-10,True
WL_0005612,CUST_000403,MOV_00384,2025-03-14,True
WL_0005613,CUST_000403,MOV_00168,2025-02-25,True
WL_0005614,CUST_000403,MOV_00093,2025-10-03,True
WL_0005615,CUST_000403,MOV_00392,2026-04-01,True
WL_0005616,CUST_000403,MOV_00001,2025-09-18,True
WL_0005617,CUST_000403,MOV_00436,2025-08-13,False
WL_0005618,CUST_000403,TVS_00007,2025-09-01,True
WL_0005619,CUST_000403,MOV_00277,2025-11-16,True
WL_0005620,CUST_000403,MOV_00490,2025-11-18,False
WL_0005621,CUST_000403,MOV_00336,2025-11-23,True
WL_0005622,CUST_000404,TVS_00196,2025-05-28,True
WL_0005623,CUST_000404,TVS_00185,2025-04-03,True
WL_0005624,CUST_000404,MOV_00124,2026-02-24,False
WL_0005625,CUST_000404,MOV_00147,2025-12-21,True
WL_0005626,CUST_000404,MOV_00041,2025-12-15,False
WL_0005627,CUST_000404,MOV_00271,2026-03-01,True
WL_0005628,CUST_000404,MOV_00236,2026-02-12,False
WL_0005629,CUST_000404,MOV_00387,2024-10-09,True
WL_0005630,CUST_000404,MOV_00166,2025-06-29,False
WL_0005631,CUST_000404,MOV_00163,2025-11-17,True
WL_0005632,CUST_000404,MOV_00019,2024-10-02,True
WL_0005633,CUST_000405,MOV_00120,2024-10-19,False
WL_0005634,CUST_000405,MOV_00477,2025-03-22,True
WL_0005635,CUST_000405,MOV_00077,2025-01-06,False
WL_0005636,CUST_000405,TVS_00068,2024-07-17,True
WL_0005637,CUST_000405,MOV_00149,2025-07-05,True
WL_0005638,CUST_000405,MOV_00074,2025-06-23,True
WL_0005639,CUST_000406,MOV_00086,2025-10-17,True
WL_0005640,CUST_000406,TVS_00177,2026-01-16,False
WL_0005641,CUST_000406,TVS_00078,2025-11-08,True
WL_0005642,CUST_000406,TVS_00033,2025-04-09,True
WL_0005643,CUST_000406,TVS_00067,2025-11-28,True
WL_0005644,CUST_000406,MOV_00327,2026-03-21,True
WL_0005645,CUST_000406,MOV_00255,2025-10-19,True
WL_0005646,CUST_000406,MOV_00314,2026-02-10,True
WL_0005647,CUST_000406,TVS_00092,2025-06-22,True
WL_0005648,CUST_000406,MOV_00116,2025-12-18,True
WL_0005649,CUST_000406,MOV_00454,2025-12-07,False
WL_0005650,CUST_000406,MOV_00411,2025-06-28,True
WL_0005651,CUST_000406,MOV_00142,2025-09-16,False
WL_0005652,CUST_000406,TVS_00067,2026-02-09,True
WL_0005653,CUST_000407,MOV_00238,2026-03-15,True
WL_0005654,CUST_000407,TVS_00106,2026-03-24,True
WL_0005655,CUST_000407,MOV_00269,2026-02-27,False
WL_0005656,CUST_000407,MOV_00423,2026-02-04,True
WL_0005657,CUST_000407,MOV_00375,2026-04-05,False
WL_0005658,CUST_000407,TVS_00143,2026-02-07,False
WL_0005659,CUST_000407,TVS_00048,2026-02-15,False
WL_0005660,CUST_000407,MOV_00269,2026-03-25,False
WL_0005661,CUST_000407,MOV_00457,2026-01-20,True
WL_0005662,CUST_000407,MOV_00307,2026-01-15,True
WL_0005663,CUST_000407,TVS_00114,2026-02-21,True
WL_0005664,CUST_000407,MOV_00079,2026-01-11,True
WL_0005665,CUST_000407,MOV_00423,2026-01-14,False
WL_0005666,CUST_000407,TVS_00077,2026-01-10,True
WL_0005667,CUST_000407,TVS_00005,2026-02-24,True
WL_0005668,CUST_000407,TVS_00106,2026-02-26,True
WL_0005669,CUST_000407,MOV_00469,2026-01-15,True
WL_0005670,CUST_000407,MOV_00269,2025-12-30,False
WL_0005671,CUST_000407,MOV_00448,2026-03-27,False
WL_0005672,CUST_000408,MOV_00351,2025-01-14,False
WL_0005673,CUST_000408,MOV_00341,2025-03-23,False
WL_0005674,CUST_000408,MOV_00036,2025-04-07,False
WL_0005675,CUST_000409,MOV_00173,2026-03-10,True
WL_0005676,CUST_000409,TVS_00017,2026-03-30,True
WL_0005677,CUST_000409,MOV_00043,2025-12-02,True
WL_0005678,CUST_000409,MOV_00343,2025-11-12,True
WL_0005679,CUST_000409,MOV_00129,2026-03-20,True
WL_0005680,CUST_000409,MOV_00463,2026-01-19,False
WL_0005681,CUST_000409,TVS_00135,2025-12-18,True
WL_0005682,CUST_000409,MOV_00022,2025-10-25,True
WL_0005683,CUST_000409,MOV_00009,2025-11-19,True
WL_0005684,CUST_000409,MOV_00199,2026-01-21,False
WL_0005685,CUST_000409,TVS_00195,2025-11-20,True
WL_0005686,CUST_000409,MOV_00402,2026-03-16,True
WL_0005687,CUST_000409,MOV_00028,2025-12-30,True
WL_0005688,CUST_000409,MOV_00262,2026-03-21,False
WL_0005689,CUST_000409,MOV_00021,2025-12-09,True
WL_0005690,CUST_000409,TVS_00149,2025-12-17,False
WL_0005691,CUST_000409,MOV_00029,2026-01-20,False
WL_0005692,CUST_000409,MOV_00153,2026-01-05,False
WL_0005693,CUST_000409,MOV_00060,2025-11-28,False
WL_0005694,CUST_000409,TVS_00017,2026-04-09,True
WL_0005695,CUST_000410,MOV_00494,2026-01-22,True
WL_0005696,CUST_000410,MOV_00428,2026-02-23,False
WL_0005697,CUST_000410,MOV_00490,2026-01-12,False
WL_0005698,CUST_000410,TVS_00082,2025-11-27,True
WL_0005699,CUST_000410,MOV_00167,2026-01-25,False
WL_0005700,CUST_000410,TVS_00047,2026-02-11,False
WL_0005701,CUST_000410,MOV_00325,2026-01-20,False
WL_0005702,CUST_000410,MOV_00367,2026-01-12,False
WL_0005703,CUST_000410,MOV_00016,2025-11-11,True
WL_0005704,CUST_000411,MOV_00023,2025-10-15,False
WL_0005705,CUST_000411,MOV_00319,2025-11-21,True
WL_0005706,CUST_000411,TVS_00146,2025-10-01,False
WL_0005707,CUST_000411,TVS_00009,2025-10-30,False
WL_0005708,CUST_000412,MOV_00124,2026-01-10,False
WL_0005709,CUST_000412,MOV_00276,2026-02-10,False
WL_0005710,CUST_000412,MOV_00198,2025-12-19,True
WL_0005711,CUST_000412,TVS_00041,2025-11-18,True
WL_0005712,CUST_000412,MOV_00416,2026-01-01,False
WL_0005713,CUST_000412,TVS_00106,2026-03-29,False
WL_0005714,CUST_000412,MOV_00495,2025-12-07,False
WL_0005715,CUST_000412,MOV_00444,2025-12-21,False
WL_0005716,CUST_000412,TVS_00155,2025-12-20,True
WL_0005717,CUST_000412,TVS_00018,2025-12-22,False
WL_0005718,CUST_000412,MOV_00284,2025-11-30,True
WL_0005719,CUST_000412,TVS_00043,2026-04-05,True
WL_0005720,CUST_000412,TVS_00158,2026-01-17,True
WL_0005721,CUST_000412,MOV_00415,2026-03-05,True
WL_0005722,CUST_000412,MOV_00248,2026-03-19,False
WL_0005723,CUST_000412,TVS_00190,2026-01-09,False
WL_0005724,CUST_000413,MOV_00314,2025-09-23,True
WL_0005725,CUST_000413,TVS_00089,2025-10-01,False
WL_0005726,CUST_000413,MOV_00209,2026-02-18,True
WL_0005727,CUST_000413,TVS_00028,2025-11-06,True
WL_0005728,CUST_000413,TVS_00169,2025-06-21,True
WL_0005729,CUST_000413,MOV_00411,2025-05-31,False
WL_0005730,CUST_000413,MOV_00094,2025-10-08,True
WL_0005731,CUST_000413,TVS_00066,2025-03-17,True
WL_0005732,CUST_000413,MOV_00201,2025-12-05,False
WL_0005733,CUST_000414,MOV_00297,2026-03-05,False
WL_0005734,CUST_000414,TVS_00119,2026-02-03,False
WL_0005735,CUST_000414,TVS_00182,2026-03-26,True
WL_0005736,CUST_000414,MOV_00083,2026-03-11,True
WL_0005737,CUST_000414,MOV_00480,2026-04-10,False
WL_0005738,CUST_000414,MOV_00342,2025-11-04,False
WL_0005739,CUST_000414,MOV_00493,2025-12-24,True
WL_0005740,CUST_000414,TVS_00195,2026-03-31,True
WL_0005741,CUST_000414,TVS_00004,2025-12-11,True
WL_0005742,CUST_000414,MOV_00490,2026-04-11,True
WL_0005743,CUST_000414,MOV_00355,2025-11-30,False
WL_0005744,CUST_000414,MOV_00257,2026-01-24,False
WL_0005745,CUST_000414,MOV_00070,2026-01-22,True
WL_0005746,CUST_000414,TVS_00066,2026-03-14,True
WL_0005747,CUST_000414,TVS_00135,2025-11-13,False
WL_0005748,CUST_000414,MOV_00408,2026-03-06,False
WL_0005749,CUST_000415,TVS_00118,2025-01-08,False
WL_0005750,CUST_000415,MOV_00495,2024-11-13,True
WL_0005751,CUST_000415,MOV_00047,2026-02-15,True
WL_0005752,CUST_000415,TVS_00056,2025-02-20,True
WL_0005753,CUST_000415,TVS_00031,2025-09-20,False
WL_0005754,CUST_000415,MOV_00426,2026-01-22,False
WL_0005755,CUST_000415,TVS_00154,2025-08-12,False
WL_0005756,CUST_000415,MOV_00310,2025-10-10,False
WL_0005757,CUST_000415,TVS_00104,2025-05-18,True
WL_0005758,CUST_000416,MOV_00454,2025-05-08,False
WL_0005759,CUST_000416,MOV_00067,2026-03-29,True
WL_0005760,CUST_000416,TVS_00086,2026-02-15,False
WL_0005761,CUST_000416,TVS_00128,2026-03-12,True
WL_0005762,CUST_000416,MOV_00454,2026-02-11,False
WL_0005763,CUST_000416,MOV_00091,2026-03-28,True
WL_0005764,CUST_000416,TVS_00146,2025-09-04,True
WL_0005765,CUST_000416,MOV_00176,2026-02-24,False
WL_0005766,CUST_000416,MOV_00373,2026-03-29,True
WL_0005767,CUST_000417,MOV_00287,2026-01-09,True
WL_0005768,CUST_000417,TVS_00194,2026-02-14,False
WL_0005769,CUST_000417,MOV_00463,2026-02-17,False
WL_0005770,CUST_000417,MOV_00166,2025-12-28,False
WL_0005771,CUST_000417,TVS_00164,2026-01-10,True
WL_0005772,CUST_000418,MOV_00432,2025-09-12,True
WL_0005773,CUST_000418,MOV_00401,2024-09-03,True
WL_0005774,CUST_000418,TVS_00171,2024-05-16,True
WL_0005775,CUST_000418,TVS_00182,2025-01-07,True
WL_0005776,CUST_000418,TVS_00192,2025-11-15,False
WL_0005777,CUST_000418,MOV_00407,2025-07-05,True
WL_0005778,CUST_000418,MOV_00261,2025-10-15,False
WL_0005779,CUST_000418,MOV_00381,2024-06-02,True
WL_0005780,CUST_000418,MOV_00309,2025-11-22,False
WL_0005781,CUST_000418,MOV_00309,2025-08-28,True
WL_0005782,CUST_000418,TVS_00036,2024-09-29,True
WL_0005783,CUST_000418,TVS_00114,2024-08-11,True
WL_0005784,CUST_000418,MOV_00322,2025-06-21,True
WL_0005785,CUST_000418,TVS_00088,2025-06-29,True
WL_0005786,CUST_000418,MOV_00291,2025-08-13,False
WL_0005787,CUST_000418,MOV_00423,2024-06-22,True
WL_0005788,CUST_000418,MOV_00322,2024-05-18,True
WL_0005789,CUST_000418,MOV_00258,2026-01-28,True
WL_0005790,CUST_000418,MOV_00048,2025-12-01,True
WL_0005791,CUST_000419,MOV_00017,2025-09-29,False
WL_0005792,CUST_000419,TVS_00145,2025-10-13,True
WL_0005793,CUST_000419,MOV_00410,2025-08-09,False
WL_0005794,CUST_000419,TVS_00034,2026-01-10,True
WL_0005795,CUST_000419,TVS_00010,2026-01-02,True
WL_0005796,CUST_000419,MOV_00324,2026-01-18,True
WL_0005797,CUST_000419,MOV_00423,2025-08-17,False
WL_0005798,CUST_000419,MOV_00384,2025-10-16,True
WL_0005799,CUST_000419,MOV_00376,2026-03-29,True
WL_0005800,CUST_000419,MOV_00242,2025-11-09,True
WL_0005801,CUST_000419,MOV_00302,2025-08-19,True
WL_0005802,CUST_000419,MOV_00401,2025-10-30,True
WL_0005803,CUST_000419,TVS_00171,2025-10-28,True
WL_0005804,CUST_000419,TVS_00066,2026-01-17,True
WL_0005805,CUST_000419,MOV_00194,2026-04-03,False
WL_0005806,CUST_000419,TVS_00171,2026-01-25,True
WL_0005807,CUST_000419,TVS_00018,2025-10-18,True
WL_0005808,CUST_000419,MOV_00192,2025-10-12,True
WL_0005809,CUST_000419,TVS_00094,2026-02-20,True
WL_0005810,CUST_000419,MOV_00230,2026-02-25,True
WL_0005811,CUST_000419,MOV_00395,2026-01-30,False
WL_0005812,CUST_000420,MOV_00277,2026-02-17,False
WL_0005813,CUST_000420,MOV_00261,2025-10-12,False
WL_0005814,CUST_000420,MOV_00461,2026-04-01,False
WL_0005815,CUST_000420,MOV_00192,2025-11-09,False
WL_0005816,CUST_000420,MOV_00171,2026-01-27,False
WL_0005817,CUST_000420,MOV_00381,2025-09-27,False
WL_0005818,CUST_000420,MOV_00300,2025-11-29,False
WL_0005819,CUST_000420,TVS_00172,2025-12-09,False
WL_0005820,CUST_000420,MOV_00446,2026-03-20,False
WL_0005821,CUST_000420,TVS_00068,2026-04-05,True
WL_0005822,CUST_000420,MOV_00400,2026-02-14,False
WL_0005823,CUST_000420,MOV_00113,2026-03-27,True
WL_0005824,CUST_000420,MOV_00346,2025-10-15,True
WL_0005825,CUST_000420,MOV_00015,2025-12-05,False
WL_0005826,CUST_000420,MOV_00322,2025-10-01,True
WL_0005827,CUST_000420,MOV_00059,2025-11-08,False
WL_0005828,CUST_000420,MOV_00025,2026-01-09,True
WL_0005829,CUST_000420,MOV_00444,2026-01-21,True
WL_0005830,CUST_000420,MOV_00053,2026-02-10,False
WL_0005831,CUST_000420,MOV_00039,2026-04-06,False
WL_0005832,CUST_000420,TVS_00014,2025-09-27,True
WL_0005833,CUST_000421,MOV_00328,2025-09-08,True
WL_0005834,CUST_000421,TVS_00010,2025-07-24,True
WL_0005835,CUST_000421,MOV_00399,2025-08-10,True
WL_0005836,CUST_000421,MOV_00458,2025-07-27,False
WL_0005837,CUST_000421,MOV_00438,2025-07-25,False
WL_0005838,CUST_000421,MOV_00092,2025-10-01,True
WL_0005839,CUST_000421,MOV_00312,2025-09-26,False
WL_0005840,CUST_000421,MOV_00147,2025-07-25,False
WL_0005841,CUST_000422,MOV_00419,2026-04-08,True
WL_0005842,CUST_000422,MOV_00037,2026-02-15,False
WL_0005843,CUST_000422,TVS_00064,2026-03-17,True
WL_0005844,CUST_000422,MOV_00283,2026-03-04,True
WL_0005845,CUST_000422,MOV_00349,2026-02-16,True
WL_0005846,CUST_000422,TVS_00161,2026-03-20,True
WL_0005847,CUST_000422,MOV_00295,2026-04-07,True
WL_0005848,CUST_000422,MOV_00236,2026-02-08,True
WL_0005849,CUST_000422,MOV_00283,2026-03-25,True
WL_0005850,CUST_000422,MOV_00111,2026-02-08,True
WL_0005851,CUST_000422,MOV_00306,2026-03-18,True
WL_0005852,CUST_000422,MOV_00205,2026-02-04,False
WL_0005853,CUST_000422,MOV_00043,2026-03-31,True
WL_0005854,CUST_000422,TVS_00120,2026-04-02,True
WL_0005855,CUST_000422,MOV_00061,2026-03-21,True
WL_0005856,CUST_000422,TVS_00038,2026-04-06,True
WL_0005857,CUST_000422,MOV_00198,2026-03-08,True
WL_0005858,CUST_000422,TVS_00164,2026-02-07,True
WL_0005859,CUST_000422,TVS_00009,2026-04-07,True
WL_0005860,CUST_000423,TVS_00000,2026-01-04,True
WL_0005861,CUST_000423,MOV_00497,2025-01-15,False
WL_0005862,CUST_000423,TVS_00060,2025-08-17,True
WL_0005863,CUST_000423,MOV_00062,2025-04-01,False
WL_0005864,CUST_000423,TVS_00174,2025-02-26,True
WL_0005865,CUST_000423,MOV_00328,2025-08-27,False
WL_0005866,CUST_000423,MOV_00062,2025-10-25,False
WL_0005867,CUST_000423,TVS_00093,2025-07-03,True
WL_0005868,CUST_000423,MOV_00445,2025-05-04,True
WL_0005869,CUST_000423,TVS_00093,2025-03-11,True
WL_0005870,CUST_000423,MOV_00259,2025-03-25,True
WL_0005871,CUST_000423,TVS_00174,2025-01-22,False
WL_0005872,CUST_000423,MOV_00223,2025-03-14,True
WL_0005873,CUST_000424,MOV_00183,2025-10-15,False
WL_0005874,CUST_000424,MOV_00232,2025-11-15,True
WL_0005875,CUST_000424,TVS_00044,2025-03-12,True
WL_0005876,CUST_000424,MOV_00200,2025-02-27,True
WL_0005877,CUST_000424,MOV_00026,2026-03-30,True
WL_0005878,CUST_000424,TVS_00179,2025-11-05,False
WL_0005879,CUST_000424,MOV_00334,2025-09-23,False
WL_0005880,CUST_000424,MOV_00366,2025-11-09,True
WL_0005881,CUST_000424,MOV_00475,2025-03-02,True
WL_0005882,CUST_000424,MOV_00006,2025-08-22,False
WL_0005883,CUST_000424,TVS_00019,2025-03-03,True
WL_0005884,CUST_000424,MOV_00329,2025-03-28,True
WL_0005885,CUST_000424,MOV_00254,2025-08-31,True
WL_0005886,CUST_000424,TVS_00146,2025-05-18,False
WL_0005887,CUST_000424,MOV_00024,2025-03-16,True
WL_0005888,CUST_000424,TVS_00120,2024-12-09,True
WL_0005889,CUST_000424,MOV_00184,2025-08-04,False
WL_0005890,CUST_000424,TVS_00052,2025-06-02,True
WL_0005891,CUST_000424,MOV_00471,2025-10-24,True
WL_0005892,CUST_000424,MOV_00181,2025-09-09,True
WL_0005893,CUST_000424,MOV_00130,2026-01-25,False
WL_0005894,CUST_000424,MOV_00365,2026-01-24,True
WL_0005895,CUST_000424,MOV_00104,2025-04-30,False
WL_0005896,CUST_000425,MOV_00431,2024-12-29,False
WL_0005897,CUST_000425,MOV_00400,2024-10-21,False
WL_0005898,CUST_000425,MOV_00361,2025-01-22,False
WL_0005899,CUST_000425,MOV_00477,2024-10-29,True
WL_0005900,CUST_000425,MOV_00183,2024-06-29,False
WL_0005901,CUST_000425,MOV_00282,2025-02-04,True
WL_0005902,CUST_000425,MOV_00097,2024-12-05,False
WL_0005903,CUST_000425,MOV_00157,2024-09-23,True
WL_0005904,CUST_000425,MOV_00056,2024-07-16,True
WL_0005905,CUST_000425,TVS_00044,2024-12-26,True
WL_0005906,CUST_000425,MOV_00108,2024-10-23,False
WL_0005907,CUST_000425,MOV_00238,2024-10-29,True
WL_0005908,CUST_000425,MOV_00089,2024-09-29,False
WL_0005909,CUST_000425,MOV_00172,2025-01-01,False
WL_0005910,CUST_000425,TVS_00191,2024-11-10,False
WL_0005911,CUST_000425,TVS_00044,2024-08-14,True
WL_0005912,CUST_000425,MOV_00496,2024-12-22,True
WL_0005913,CUST_000425,TVS_00048,2025-01-21,False
WL_0005914,CUST_000426,MOV_00118,2026-04-29,False
WL_0005915,CUST_000426,MOV_00389,2025-09-03,False
WL_0005916,CUST_000426,TVS_00040,2025-10-07,True
WL_0005917,CUST_000426,MOV_00361,2026-01-19,False
WL_0005918,CUST_000426,MOV_00339,2025-11-02,False
WL_0005919,CUST_000426,MOV_00499,2026-01-19,False
WL_0005920,CUST_000426,TVS_00145,2025-11-24,True
WL_0005921,CUST_000426,MOV_00366,2025-12-15,True
WL_0005922,CUST_000426,MOV_00445,2025-12-03,False
WL_0005923,CUST_000426,MOV_00496,2025-09-20,False
WL_0005924,CUST_000426,MOV_00213,2026-03-17,True
WL_0005925,CUST_000426,MOV_00280,2025-09-03,False
WL_0005926,CUST_000426,MOV_00086,2026-02-06,False
WL_0005927,CUST_000426,TVS_00031,2026-04-12,False
WL_0005928,CUST_000426,TVS_00042,2026-02-18,False
WL_0005929,CUST_000426,TVS_00020,2026-02-15,True
WL_0005930,CUST_000426,MOV_00411,2025-11-23,True
WL_0005931,CUST_000426,MOV_00339,2026-02-27,True
WL_0005932,CUST_000426,MOV_00493,2025-08-31,True
WL_0005933,CUST_000427,MOV_00499,2025-06-21,True
WL_0005934,CUST_000427,MOV_00464,2025-04-24,False
WL_0005935,CUST_000427,MOV_00490,2025-04-14,False
WL_0005936,CUST_000427,MOV_00289,2026-04-10,False
WL_0005937,CUST_000427,MOV_00016,2026-03-03,True
WL_0005938,CUST_000427,MOV_00144,2025-01-02,True
WL_0005939,CUST_000428,TVS_00006,2026-02-25,False
WL_0005940,CUST_000428,MOV_00405,2025-12-29,False
WL_0005941,CUST_000428,MOV_00241,2026-02-13,True
WL_0005942,CUST_000428,MOV_00424,2026-02-14,False
WL_0005943,CUST_000428,TVS_00010,2026-03-30,False
WL_0005944,CUST_000428,MOV_00162,2026-03-12,False
WL_0005945,CUST_000428,MOV_00180,2026-03-07,False
WL_0005946,CUST_000428,MOV_00065,2026-02-15,True
WL_0005947,CUST_000428,TVS_00192,2026-03-11,False
WL_0005948,CUST_000428,TVS_00059,2026-03-10,True
WL_0005949,CUST_000429,TVS_00049,2026-02-27,True
WL_0005950,CUST_000429,TVS_00188,2026-03-20,False
WL_0005951,CUST_000429,MOV_00102,2025-11-19,True
WL_0005952,CUST_000429,TVS_00018,2026-02-14,False
WL_0005953,CUST_000429,MOV_00256,2026-02-19,True
WL_0005954,CUST_000429,MOV_00448,2026-04-08,True
WL_0005955,CUST_000429,TVS_00188,2025-10-09,True
WL_0005956,CUST_000429,MOV_00190,2026-03-20,True
WL_0005957,CUST_000429,MOV_00250,2025-09-17,True
WL_0005958,CUST_000429,TVS_00188,2026-03-24,False
WL_0005959,CUST_000429,TVS_00066,2025-12-19,True
WL_0005960,CUST_000429,MOV_00248,2026-03-26,False
WL_0005961,CUST_000429,TVS_00113,2026-01-04,True
WL_0005962,CUST_000429,MOV_00477,2026-04-02,False
WL_0005963,CUST_000429,TVS_00066,2026-04-05,False
WL_0005964,CUST_000429,TVS_00169,2026-02-02,True
WL_0005965,CUST_000429,MOV_00391,2025-10-03,True
WL_0005966,CUST_000429,TVS_00069,2025-12-03,True
WL_0005967,CUST_000429,MOV_00450,2025-11-15,True
WL_0005968,CUST_000429,MOV_00474,2025-12-24,False
WL_0005969,CUST_000429,TVS_00171,2026-02-25,True
WL_0005970,CUST_000430,TVS_00007,2026-01-13,True
WL_0005971,CUST_000430,MOV_00400,2025-12-20,True
WL_0005972,CUST_000430,MOV_00291,2025-03-14,True
WL_0005973,CUST_000431,MOV_00174,2025-09-18,True
WL_0005974,CUST_000431,MOV_00486,2026-03-06,True
WL_0005975,CUST_000431,MOV_00172,2025-11-13,False
WL_0005976,CUST_000431,MOV_00437,2025-09-22,False
WL_0005977,CUST_000431,TVS_00147,2026-03-08,False
WL_0005978,CUST_000431,MOV_00364,2025-12-13,False
WL_0005979,CUST_000431,MOV_00088,2025-11-10,True
WL_0005980,CUST_000431,MOV_00041,2026-03-21,False
WL_0005981,CUST_000431,MOV_00002,2026-02-02,True
WL_0005982,CUST_000431,MOV_00415,2025-10-03,True
WL_0005983,CUST_000431,MOV_00319,2026-04-11,False
WL_0005984,CUST_000431,TVS_00070,2026-02-27,True
WL_0005985,CUST_000431,MOV_00425,2025-09-07,True
WL_0005986,CUST_000431,TVS_00023,2025-11-11,False
WL_0005987,CUST_000431,MOV_00341,2025-08-27,False
WL_0005988,CUST_000431,MOV_00380,2026-01-15,True
WL_0005989,CUST_000431,MOV_00273,2025-11-14,True
WL_0005990,CUST_000431,TVS_00197,2025-12-02,True
WL_0005991,CUST_000432,MOV_00248,2026-01-18,True
WL_0005992,CUST_000432,MOV_00381,2025-11-13,True
WL_0005993,CUST_000432,MOV_00175,2025-08-06,True
WL_0005994,CUST_000432,MOV_00428,2025-05-21,True
WL_0005995,CUST_000432,MOV_00096,2025-09-22,True
WL_0005996,CUST_000432,MOV_00192,2025-10-23,False
WL_0005997,CUST_000432,TVS_00112,2024-12-21,True
WL_0005998,CUST_000433,MOV_00463,2024-08-03,True
WL_0005999,CUST_000433,MOV_00415,2025-03-20,False
WL_0006000,CUST_000433,TVS_00079,2025-10-06,True
WL_0006001,CUST_000433,MOV_00296,2026-03-10,False
WL_0006002,CUST_000433,MOV_00431,2025-04-14,True
WL_0006003,CUST_000433,MOV_00249,2025-07-30,True
WL_0006004,CUST_000433,MOV_00463,2025-03-30,True
WL_0006005,CUST_000433,MOV_00132,2025-09-02,True
WL_0006006,CUST_000433,MOV_00443,2024-08-02,False
WL_0006007,CUST_000433,MOV_00352,2025-02-07,False
WL_0006008,CUST_000433,MOV_00350,2025-05-25,True
WL_0006009,CUST_000433,MOV_00239,2026-01-05,False
WL_0006010,CUST_000434,MOV_00097,2026-01-29,True
WL_0006011,CUST_000434,MOV_00063,2024-11-23,True
WL_0006012,CUST_000434,TVS_00170,2025-03-13,False
WL_0006013,CUST_000434,TVS_00010,2024-10-29,True
WL_0006014,CUST_000434,MOV_00286,2024-10-22,True
WL_0006015,CUST_000434,MOV_00455,2024-12-07,False
WL_0006016,CUST_000434,MOV_00014,2025-06-08,False
WL_0006017,CUST_000434,MOV_00013,2025-02-20,True
WL_0006018,CUST_000434,TVS_00135,2025-12-30,True
WL_0006019,CUST_000434,MOV_00124,2025-07-10,True
WL_0006020,CUST_000434,MOV_00009,2024-08-14,True
WL_0006021,CUST_000434,MOV_00009,2025-08-24,True
WL_0006022,CUST_000434,MOV_00199,2025-04-14,True
WL_0006023,CUST_000435,MOV_00204,2025-06-27,True
WL_0006024,CUST_000435,TVS_00154,2025-08-23,False
WL_0006025,CUST_000435,MOV_00397,2025-06-18,True
WL_0006026,CUST_000435,MOV_00367,2025-10-16,False
WL_0006027,CUST_000435,MOV_00194,2026-02-28,True
WL_0006028,CUST_000435,TVS_00173,2025-06-01,True
WL_0006029,CUST_000435,MOV_00280,2026-02-18,False
WL_0006030,CUST_000435,TVS_00066,2025-07-23,True
WL_0006031,CUST_000435,MOV_00041,2025-05-12,False
WL_0006032,CUST_000435,MOV_00366,2025-08-04,True
WL_0006033,CUST_000435,MOV_00030,2026-04-05,True
WL_0006034,CUST_000435,MOV_00164,2025-07-26,True
WL_0006035,CUST_000435,MOV_00437,2026-04-09,True
WL_0006036,CUST_000435,TVS_00066,2026-01-07,True
WL_0006037,CUST_000435,MOV_00260,2025-04-16,True
WL_0006038,CUST_000435,MOV_00386,2025-07-21,True
WL_0006039,CUST_000436,MOV_00258,2026-04-05,False
WL_0006040,CUST_000436,TVS_00170,2025-04-10,False
WL_0006041,CUST_000436,MOV_00292,2025-07-07,True
WL_0006042,CUST_000436,TVS_00037,2025-04-10,False
WL_0006043,CUST_000436,MOV_00315,2025-06-13,True
WL_0006044,CUST_000436,MOV_00434,2025-09-27,True
WL_0006045,CUST_000436,MOV_00272,2026-01-17,True
WL_0006046,CUST_000436,MOV_00492,2025-04-06,False
WL_0006047,CUST_000436,MOV_00161,2025-06-18,True
WL_0006048,CUST_000436,MOV_00161,2025-09-18,True
WL_0006049,CUST_000436,MOV_00209,2025-08-08,True
WL_0006050,CUST_000436,TVS_00177,2025-10-18,False
WL_0006051,CUST_000436,MOV_00249,2025-08-30,True
WL_0006052,CUST_000436,MOV_00057,2026-03-14,True
WL_0006053,CUST_000436,MOV_00341,2025-06-17,False
WL_0006054,CUST_000436,TVS_00012,2025-04-18,True
WL_0006055,CUST_000436,MOV_00340,2025-06-13,True
WL_0006056,CUST_000436,MOV_00089,2025-06-25,True
WL_0006057,CUST_000436,TVS_00139,2025-04-08,True
WL_0006058,CUST_000436,MOV_00078,2025-07-07,True
WL_0006059,CUST_000436,MOV_00241,2025-03-04,True
WL_0006060,CUST_000437,MOV_00448,2025-08-16,False
WL_0006061,CUST_000437,MOV_00330,2026-03-10,False
WL_0006062,CUST_000437,MOV_00403,2025-07-09,True
WL_0006063,CUST_000438,MOV_00183,2026-04-09,False
WL_0006064,CUST_000438,MOV_00119,2026-03-06,False
WL_0006065,CUST_000438,MOV_00121,2026-01-21,True
WL_0006066,CUST_000438,MOV_00456,2026-01-19,True
WL_0006067,CUST_000438,TVS_00072,2026-03-07,True
WL_0006068,CUST_000438,TVS_00135,2026-03-14,False
WL_0006069,CUST_000438,TVS_00125,2026-02-22,True
WL_0006070,CUST_000438,MOV_00150,2026-03-03,True
WL_0006071,CUST_000438,MOV_00443,2026-04-06,True
WL_0006072,CUST_000438,MOV_00056,2026-03-09,False
WL_0006073,CUST_000438,TVS_00006,2026-04-03,True
WL_0006074,CUST_000438,MOV_00068,2026-02-06,True
WL_0006075,CUST_000438,MOV_00177,2026-03-05,True
WL_0006076,CUST_000438,MOV_00095,2026-03-14,True
WL_0006077,CUST_000438,MOV_00393,2026-02-22,True
WL_0006078,CUST_000438,TVS_00001,2026-03-31,True
WL_0006079,CUST_000438,MOV_00114,2026-01-19,False
WL_0006080,CUST_000438,MOV_00140,2026-02-28,True
WL_0006081,CUST_000439,MOV_00160,2025-10-26,True
WL_0006082,CUST_000439,MOV_00311,2025-10-28,True
WL_0006083,CUST_000439,TVS_00175,2025-10-19,True
WL_0006084,CUST_000439,MOV_00270,2025-11-28,False
WL_0006085,CUST_000439,MOV_00341,2026-01-23,False
WL_0006086,CUST_000439,MOV_00042,2026-01-30,False
WL_0006087,CUST_000439,MOV_00334,2026-04-02,True
WL_0006088,CUST_000439,MOV_00377,2026-02-09,True
WL_0006089,CUST_000439,MOV_00290,2026-04-08,True
WL_0006090,CUST_000440,TVS_00188,2026-03-25,True
WL_0006091,CUST_000440,MOV_00063,2024-09-17,True
WL_0006092,CUST_000440,MOV_00052,2024-10-05,False
WL_0006093,CUST_000440,MOV_00010,2024-09-15,True
WL_0006094,CUST_000440,MOV_00211,2026-04-05,False
WL_0006095,CUST_000440,MOV_00382,2025-06-17,False
WL_0006096,CUST_000440,MOV_00052,2025-09-13,False
WL_0006097,CUST_000440,MOV_00101,2026-01-27,False
WL_0006098,CUST_000440,TVS_00085,2024-12-24,False
WL_0006099,CUST_000440,MOV_00319,2024-10-25,True
WL_0006100,CUST_000440,MOV_00401,2025-04-01,True
WL_0006101,CUST_000440,TVS_00182,2024-10-01,True
WL_0006102,CUST_000440,TVS_00182,2025-05-02,True
WL_0006103,CUST_000440,TVS_00120,2025-10-15,False
WL_0006104,CUST_000440,MOV_00389,2025-04-22,True
WL_0006105,CUST_000440,MOV_00047,2026-03-28,False
WL_0006106,CUST_000440,MOV_00002,2025-08-12,True
WL_0006107,CUST_000440,MOV_00288,2025-04-10,False
WL_0006108,CUST_000440,MOV_00127,2024-10-21,True
WL_0006109,CUST_000440,MOV_00152,2026-01-13,True
WL_0006110,CUST_000440,TVS_00077,2025-04-16,True
WL_0006111,CUST_000440,MOV_00007,2024-12-19,True
WL_0006112,CUST_000441,TVS_00136,2026-03-04,False
WL_0006113,CUST_000441,MOV_00247,2025-12-23,True
WL_0006114,CUST_000441,MOV_00231,2026-03-12,True
WL_0006115,CUST_000441,MOV_00280,2026-02-08,True
WL_0006116,CUST_000441,TVS_00100,2025-11-01,False
WL_0006117,CUST_000441,MOV_00214,2025-12-14,False
WL_0006118,CUST_000441,MOV_00350,2025-12-29,True
WL_0006119,CUST_000441,MOV_00138,2025-11-21,True
WL_0006120,CUST_000441,MOV_00143,2025-11-21,False
WL_0006121,CUST_000441,MOV_00180,2025-11-22,True
WL_0006122,CUST_000441,TVS_00035,2025-10-27,True
WL_0006123,CUST_000441,TVS_00150,2026-01-18,False
WL_0006124,CUST_000441,MOV_00086,2026-02-20,True
WL_0006125,CUST_000442,MOV_00034,2026-01-21,True
WL_0006126,CUST_000442,MOV_00175,2026-02-06,True
WL_0006127,CUST_000442,TVS_00072,2025-07-31,False
WL_0006128,CUST_000442,MOV_00183,2026-03-05,True
WL_0006129,CUST_000442,TVS_00047,2025-06-21,True
WL_0006130,CUST_000442,TVS_00108,2025-09-11,True
WL_0006131,CUST_000442,MOV_00181,2025-09-22,True
WL_0006132,CUST_000442,TVS_00105,2025-06-18,True
WL_0006133,CUST_000442,TVS_00160,2026-03-30,False
WL_0006134,CUST_000442,TVS_00062,2025-09-30,False
WL_0006135,CUST_000442,TVS_00181,2025-05-13,False
WL_0006136,CUST_000442,MOV_00223,2025-09-29,True
WL_0006137,CUST_000443,MOV_00225,2026-03-25,True
WL_0006138,CUST_000443,MOV_00378,2025-04-03,True
WL_0006139,CUST_000443,MOV_00093,2025-07-16,True
WL_0006140,CUST_000443,MOV_00037,2025-07-16,True
WL_0006141,CUST_000443,TVS_00068,2026-01-13,True
WL_0006142,CUST_000443,MOV_00414,2025-03-14,True
WL_0006143,CUST_000443,MOV_00299,2025-03-20,True
WL_0006144,CUST_000443,MOV_00074,2025-09-12,False
WL_0006145,CUST_000443,MOV_00292,2025-04-05,True
WL_0006146,CUST_000443,MOV_00460,2025-08-24,True
WL_0006147,CUST_000443,MOV_00265,2025-04-17,True
WL_0006148,CUST_000443,MOV_00302,2026-04-01,False
WL_0006149,CUST_000443,MOV_00370,2025-12-01,True
WL_0006150,CUST_000443,MOV_00446,2025-07-18,True
WL_0006151,CUST_000443,MOV_00332,2025-01-19,True
WL_0006152,CUST_000443,MOV_00338,2025-11-04,True
WL_0006153,CUST_000443,MOV_00436,2026-03-07,True
WL_0006154,CUST_000443,MOV_00229,2025-07-07,False
WL_0006155,CUST_000443,MOV_00101,2025-10-30,True
WL_0006156,CUST_000443,MOV_00327,2026-01-10,False
WL_0006157,CUST_000444,MOV_00109,2026-03-25,True
WL_0006158,CUST_000444,MOV_00257,2026-04-11,True
WL_0006159,CUST_000444,MOV_00090,2026-04-11,False
WL_0006160,CUST_000444,MOV_00076,2026-03-27,True
WL_0006161,CUST_000444,MOV_00062,2026-03-25,False
WL_0006162,CUST_000444,MOV_00437,2026-03-23,True
WL_0006163,CUST_000444,TVS_00065,2026-04-05,False
WL_0006164,CUST_000444,TVS_00002,2026-04-09,False
WL_0006165,CUST_000444,TVS_00085,2026-04-01,True
WL_0006166,CUST_000444,TVS_00052,2026-04-10,True
WL_0006167,CUST_000444,MOV_00093,2026-03-29,True
WL_0006168,CUST_000444,MOV_00143,2026-04-08,False
WL_0006169,CUST_000444,MOV_00036,2026-04-05,True
WL_0006170,CUST_000444,MOV_00442,2026-04-09,False
WL_0006171,CUST_000444,MOV_00184,2026-04-01,False
WL_0006172,CUST_000444,MOV_00037,2026-04-09,True
WL_0006173,CUST_000444,MOV_00026,2026-04-11,False
WL_0006174,CUST_000444,MOV_00002,2026-03-28,False
WL_0006175,CUST_000444,MOV_00056,2026-03-27,False
WL_0006176,CUST_000444,MOV_00294,2026-03-25,False
WL_0006177,CUST_000445,MOV_00462,2025-09-06,False
WL_0006178,CUST_000445,MOV_00005,2026-02-16,True
WL_0006179,CUST_000445,MOV_00070,2025-10-20,True
WL_0006180,CUST_000445,MOV_00406,2025-10-18,False
WL_0006181,CUST_000445,MOV_00191,2025-10-23,False
WL_0006182,CUST_000445,MOV_00066,2025-12-15,True
WL_0006183,CUST_000445,MOV_00368,2026-03-24,False
WL_0006184,CUST_000445,TVS_00066,2025-11-22,False
WL_0006185,CUST_000445,MOV_00252,2026-01-17,False
WL_0006186,CUST_000445,MOV_00167,2025-09-02,False
WL_0006187,CUST_000445,MOV_00209,2026-02-11,True
WL_0006188,CUST_000445,TVS_00120,2025-12-25,True
WL_0006189,CUST_000445,MOV_00134,2026-02-23,True
WL_0006190,CUST_000445,MOV_00395,2026-01-17,True
WL_0006191,CUST_000446,MOV_00128,2025-01-19,False
WL_0006192,CUST_000446,MOV_00110,2025-05-27,True
WL_0006193,CUST_000446,MOV_00378,2025-05-17,True
WL_0006194,CUST_000446,TVS_00125,2025-05-24,True
WL_0006195,CUST_000446,MOV_00143,2025-02-02,True
WL_0006196,CUST_000446,MOV_00273,2025-04-23,False
WL_0006197,CUST_000446,MOV_00267,2025-01-01,True
WL_0006198,CUST_000446,MOV_00036,2025-04-17,True
WL_0006199,CUST_000446,TVS_00181,2026-01-14,True
WL_0006200,CUST_000446,MOV_00493,2025-02-02,True
WL_0006201,CUST_000446,MOV_00016,2026-04-03,True
WL_0006202,CUST_000446,TVS_00083,2025-09-16,True
WL_0006203,CUST_000446,MOV_00125,2026-02-12,False
WL_0006204,CUST_000447,TVS_00056,2026-03-05,False
WL_0006205,CUST_000447,MOV_00059,2025-09-13,True
WL_0006206,CUST_000447,MOV_00371,2026-01-28,True
WL_0006207,CUST_000447,MOV_00115,2026-01-16,False
WL_0006208,CUST_000447,MOV_00339,2025-10-19,False
WL_0006209,CUST_000447,MOV_00275,2025-10-05,False
WL_0006210,CUST_000448,MOV_00272,2025-12-11,False
WL_0006211,CUST_000448,TVS_00193,2026-03-31,True
WL_0006212,CUST_000448,TVS_00047,2025-12-15,True
WL_0006213,CUST_000448,MOV_00137,2025-11-28,True
WL_0006214,CUST_000448,MOV_00319,2025-11-23,False
WL_0006215,CUST_000449,MOV_00022,2026-03-08,True
WL_0006216,CUST_000449,TVS_00070,2026-01-21,False
WL_0006217,CUST_000449,MOV_00404,2026-01-18,False
WL_0006218,CUST_000449,TVS_00174,2025-10-15,True
WL_0006219,CUST_000449,TVS_00019,2026-03-28,True
WL_0006220,CUST_000449,MOV_00006,2026-02-25,True
WL_0006221,CUST_000449,MOV_00052,2026-02-14,True
WL_0006222,CUST_000449,MOV_00271,2026-02-09,True
WL_0006223,CUST_000449,MOV_00374,2026-01-24,True
WL_0006224,CUST_000449,MOV_00205,2026-02-03,False
WL_0006225,CUST_000449,TVS_00122,2025-11-03,False
WL_0006226,CUST_000449,MOV_00249,2025-10-21,False
WL_0006227,CUST_000449,MOV_00167,2026-03-12,False
WL_0006228,CUST_000449,MOV_00151,2026-03-30,True
WL_0006229,CUST_000449,TVS_00058,2026-03-07,True
WL_0006230,CUST_000449,TVS_00000,2026-02-09,False
WL_0006231,CUST_000449,MOV_00259,2025-10-17,False
WL_0006232,CUST_000449,MOV_00167,2026-01-05,True
WL_0006233,CUST_000449,TVS_00083,2025-11-18,True
WL_0006234,CUST_000449,MOV_00475,2026-01-17,False
WL_0006235,CUST_000449,MOV_00408,2026-02-08,False
WL_0006236,CUST_000449,MOV_00374,2025-11-21,True
WL_0006237,CUST_000450,MOV_00212,2024-09-10,True
WL_0006238,CUST_000450,MOV_00358,2024-07-02,False
WL_0006239,CUST_000450,TVS_00173,2024-08-27,False
WL_0006240,CUST_000450,TVS_00059,2024-08-03,True
WL_0006241,CUST_000450,MOV_00372,2024-06-23,True
WL_0006242,CUST_000450,MOV_00359,2024-07-17,False
WL_0006243,CUST_000450,MOV_00332,2024-07-30,False
WL_0006244,CUST_000450,TVS_00081,2024-09-02,True
WL_0006245,CUST_000450,TVS_00000,2024-08-13,False
WL_0006246,CUST_000450,MOV_00016,2024-06-07,True
WL_0006247,CUST_000450,TVS_00146,2024-06-27,True
WL_0006248,CUST_000450,MOV_00466,2024-09-09,False
WL_0006249,CUST_000451,MOV_00380,2026-02-28,False
WL_0006250,CUST_000451,TVS_00161,2026-03-04,False
WL_0006251,CUST_000451,MOV_00129,2026-04-06,False
WL_0006252,CUST_000451,MOV_00142,2026-03-24,True
WL_0006253,CUST_000451,MOV_00255,2026-03-06,True
WL_0006254,CUST_000451,MOV_00069,2026-03-12,True
WL_0006255,CUST_000451,TVS_00087,2026-02-20,True
WL_0006256,CUST_000451,MOV_00133,2026-03-24,False
WL_0006257,CUST_000451,TVS_00077,2026-02-13,True
WL_0006258,CUST_000451,MOV_00347,2026-03-25,False
WL_0006259,CUST_000451,TVS_00078,2026-03-20,False
WL_0006260,CUST_000451,MOV_00454,2026-02-25,False
WL_0006261,CUST_000451,MOV_00404,2026-02-06,False
WL_0006262,CUST_000451,MOV_00273,2026-02-17,True
WL_0006263,CUST_000451,MOV_00372,2026-03-19,True
WL_0006264,CUST_000451,TVS_00030,2026-02-10,True
WL_0006265,CUST_000451,MOV_00197,2026-04-04,False
WL_0006266,CUST_000451,MOV_00357,2026-03-25,True
WL_0006267,CUST_000451,TVS_00192,2026-02-08,True
WL_0006268,CUST_000452,MOV_00417,2025-07-20,True
WL_0006269,CUST_000452,TVS_00070,2025-02-25,False
WL_0006270,CUST_000452,TVS_00041,2025-06-11,True
WL_0006271,CUST_000452,MOV_00320,2025-06-28,True
WL_0006272,CUST_000452,MOV_00167,2025-05-21,False
WL_0006273,CUST_000452,MOV_00075,2025-05-23,True
WL_0006274,CUST_000452,MOV_00406,2025-03-17,True
WL_0006275,CUST_000452,MOV_00303,2025-09-22,True
WL_0006276,CUST_000452,MOV_00408,2025-04-07,False
WL_0006277,CUST_000452,MOV_00261,2025-08-31,True
WL_0006278,CUST_000452,TVS_00058,2025-09-15,True
WL_0006279,CUST_000452,MOV_00437,2025-01-17,True
WL_0006280,CUST_000452,MOV_00073,2025-06-06,True
WL_0006281,CUST_000452,TVS_00179,2025-07-12,False
WL_0006282,CUST_000452,MOV_00153,2025-03-30,False
WL_0006283,CUST_000453,MOV_00427,2025-07-11,True
WL_0006284,CUST_000453,MOV_00097,2025-07-10,False
WL_0006285,CUST_000453,TVS_00116,2025-05-26,True
WL_0006286,CUST_000453,MOV_00410,2025-10-14,True
WL_0006287,CUST_000453,TVS_00126,2025-08-08,True
WL_0006288,CUST_000454,TVS_00053,2024-11-12,True
WL_0006289,CUST_000454,TVS_00171,2026-03-15,True
WL_0006290,CUST_000454,MOV_00000,2026-03-04,True
WL_0006291,CUST_000454,MOV_00450,2026-02-05,True
WL_0006292,CUST_000454,TVS_00169,2024-12-13,True
WL_0006293,CUST_000454,TVS_00175,2025-03-24,True
WL_0006294,CUST_000454,TVS_00058,2024-10-13,False
WL_0006295,CUST_000454,MOV_00162,2024-10-03,False
WL_0006296,CUST_000454,MOV_00260,2024-10-23,True
WL_0006297,CUST_000454,TVS_00126,2025-02-05,True
WL_0006298,CUST_000455,MOV_00062,2024-12-05,False
WL_0006299,CUST_000455,MOV_00000,2025-02-12,False
WL_0006300,CUST_000455,TVS_00011,2025-03-09,True
WL_0006301,CUST_000455,TVS_00102,2025-01-31,False
WL_0006302,CUST_000455,TVS_00037,2025-03-16,True
WL_0006303,CUST_000455,MOV_00419,2025-01-24,True
WL_0006304,CUST_000455,TVS_00044,2024-11-05,False
WL_0006305,CUST_000455,TVS_00023,2024-12-20,False
WL_0006306,CUST_000455,MOV_00472,2025-01-10,False
WL_0006307,CUST_000455,MOV_00331,2024-11-19,False
WL_0006308,CUST_000455,MOV_00269,2024-11-26,True
WL_0006309,CUST_000455,TVS_00193,2024-12-22,True
WL_0006310,CUST_000455,MOV_00389,2025-03-03,False
WL_0006311,CUST_000455,MOV_00034,2024-12-29,False
WL_0006312,CUST_000455,MOV_00006,2024-12-14,False
WL_0006313,CUST_000455,MOV_00324,2024-11-29,False
WL_0006314,CUST_000456,MOV_00348,2026-01-09,False
WL_0006315,CUST_000456,MOV_00010,2025-10-05,True
WL_0006316,CUST_000456,MOV_00182,2026-03-30,True
WL_0006317,CUST_000456,MOV_00368,2026-02-24,True
WL_0006318,CUST_000456,MOV_00301,2026-03-22,True
WL_0006319,CUST_000456,TVS_00036,2026-01-13,True
WL_0006320,CUST_000456,MOV_00431,2025-10-29,False
WL_0006321,CUST_000456,MOV_00380,2026-01-16,True
WL_0006322,CUST_000456,MOV_00098,2026-02-17,False
WL_0006323,CUST_000456,MOV_00313,2026-02-07,True
WL_0006324,CUST_000456,TVS_00084,2025-11-22,False
WL_0006325,CUST_000456,TVS_00156,2025-10-10,True
WL_0006326,CUST_000456,MOV_00330,2026-02-11,False
WL_0006327,CUST_000456,MOV_00368,2025-11-13,True
WL_0006328,CUST_000456,MOV_00167,2025-11-29,True
WL_0006329,CUST_000456,MOV_00201,2025-11-26,False
WL_0006330,CUST_000456,TVS_00065,2026-03-15,True
WL_0006331,CUST_000457,MOV_00389,2025-12-17,False
WL_0006332,CUST_000457,MOV_00084,2025-05-23,False
WL_0006333,CUST_000457,MOV_00119,2025-12-20,True
WL_0006334,CUST_000457,MOV_00334,2025-03-25,True
WL_0006335,CUST_000457,MOV_00337,2026-03-28,True
WL_0006336,CUST_000457,TVS_00028,2025-01-16,False
WL_0006337,CUST_000457,MOV_00019,2025-07-03,False
WL_0006338,CUST_000457,TVS_00043,2025-04-30,False
WL_0006339,CUST_000457,MOV_00214,2025-04-14,True
WL_0006340,CUST_000457,MOV_00034,2026-01-22,True
WL_0006341,CUST_000457,TVS_00174,2025-09-08,False
WL_0006342,CUST_000457,MOV_00188,2025-02-06,True
WL_0006343,CUST_000457,TVS_00132,2025-04-24,True
WL_0006344,CUST_000457,MOV_00170,2025-07-18,True
WL_0006345,CUST_000457,TVS_00139,2026-02-24,True
WL_0006346,CUST_000457,MOV_00072,2024-11-17,False
WL_0006347,CUST_000457,TVS_00064,2025-12-26,False
WL_0006348,CUST_000457,MOV_00008,2025-05-26,False
WL_0006349,CUST_000458,MOV_00313,2025-08-08,True
WL_0006350,CUST_000458,MOV_00000,2026-03-06,True
WL_0006351,CUST_000458,TVS_00114,2025-08-25,True
WL_0006352,CUST_000458,MOV_00490,2025-09-01,True
WL_0006353,CUST_000458,MOV_00372,2025-08-13,True
WL_0006354,CUST_000458,TVS_00182,2026-02-25,False
WL_0006355,CUST_000458,MOV_00245,2025-07-14,True
WL_0006356,CUST_000458,MOV_00244,2026-02-10,True
WL_0006357,CUST_000458,MOV_00019,2026-03-27,False
WL_0006358,CUST_000458,MOV_00272,2026-01-31,False
WL_0006359,CUST_000458,MOV_00114,2025-10-04,False
WL_0006360,CUST_000458,TVS_00074,2026-01-17,False
WL_0006361,CUST_000458,TVS_00096,2025-10-21,True
WL_0006362,CUST_000458,MOV_00195,2026-03-17,True
WL_0006363,CUST_000458,MOV_00314,2025-08-17,True
WL_0006364,CUST_000458,MOV_00246,2025-08-23,False
WL_0006365,CUST_000458,TVS_00087,2025-10-08,False
WL_0006366,CUST_000459,MOV_00267,2024-11-29,False
WL_0006367,CUST_000459,TVS_00195,2024-09-11,False
WL_0006368,CUST_000459,MOV_00397,2025-02-27,False
WL_0006369,CUST_000459,MOV_00025,2024-10-12,True
WL_0006370,CUST_000459,MOV_00459,2025-03-18,False
WL_0006371,CUST_000459,MOV_00112,2025-03-04,False
WL_0006372,CUST_000459,MOV_00249,2024-11-07,True
WL_0006373,CUST_000459,TVS_00119,2025-01-24,False
WL_0006374,CUST_000459,MOV_00084,2024-10-01,False
WL_0006375,CUST_000459,MOV_00349,2024-09-12,False
WL_0006376,CUST_000459,MOV_00112,2025-04-03,False
WL_0006377,CUST_000459,TVS_00043,2024-11-17,True
WL_0006378,CUST_000459,MOV_00278,2024-12-31,False
WL_0006379,CUST_000459,MOV_00302,2025-03-16,False
WL_0006380,CUST_000459,MOV_00367,2025-03-07,True
WL_0006381,CUST_000459,TVS_00043,2025-01-19,True
WL_0006382,CUST_000459,MOV_00070,2024-08-15,True
WL_0006383,CUST_000459,MOV_00382,2025-03-23,True
WL_0006384,CUST_000459,MOV_00388,2024-07-04,True
WL_0006385,CUST_000459,MOV_00035,2025-04-12,False
WL_0006386,CUST_000459,TVS_00128,2024-08-13,False
WL_0006387,CUST_000459,MOV_00052,2025-04-28,False
WL_0006388,CUST_000459,TVS_00125,2024-07-01,False
WL_0006389,CUST_000459,MOV_00042,2024-07-31,False
WL_0006390,CUST_000459,MOV_00435,2024-11-10,False
WL_0006391,CUST_000460,MOV_00173,2026-03-23,True
WL_0006392,CUST_000460,MOV_00438,2026-03-04,True
WL_0006393,CUST_000460,MOV_00446,2026-03-06,True
WL_0006394,CUST_000460,MOV_00074,2025-12-26,True
WL_0006395,CUST_000460,MOV_00039,2026-03-08,True
WL_0006396,CUST_000460,TVS_00065,2026-02-23,False
WL_0006397,CUST_000460,TVS_00168,2026-03-04,True
WL_0006398,CUST_000460,TVS_00109,2025-12-30,False
WL_0006399,CUST_000460,MOV_00492,2026-03-12,False
WL_0006400,CUST_000460,MOV_00241,2026-01-25,True
WL_0006401,CUST_000460,MOV_00317,2026-03-30,True
WL_0006402,CUST_000460,MOV_00236,2026-03-20,False
WL_0006403,CUST_000460,MOV_00001,2026-03-15,True
WL_0006404,CUST_000460,MOV_00241,2025-12-24,False
WL_0006405,CUST_000460,MOV_00312,2026-01-09,True
WL_0006406,CUST_000461,TVS_00173,2025-04-18,True
WL_0006407,CUST_000461,MOV_00441,2025-09-03,False
WL_0006408,CUST_000461,MOV_00017,2024-12-25,True
WL_0006409,CUST_000461,TVS_00007,2026-01-24,False
WL_0006410,CUST_000461,TVS_00154,2026-04-07,True
WL_0006411,CUST_000461,MOV_00356,2026-03-21,False
WL_0006412,CUST_000462,TVS_00094,2025-06-17,False
WL_0006413,CUST_000462,MOV_00353,2026-01-09,True
WL_0006414,CUST_000462,TVS_00158,2026-01-01,True
WL_0006415,CUST_000462,MOV_00213,2025-06-03,False
WL_0006416,CUST_000462,MOV_00419,2026-01-30,True
WL_0006417,CUST_000462,MOV_00328,2025-02-07,True
WL_0006418,CUST_000462,MOV_00164,2025-03-06,False
WL_0006419,CUST_000462,MOV_00419,2025-11-12,True
WL_0006420,CUST_000462,MOV_00399,2025-02-04,True
WL_0006421,CUST_000462,TVS_00066,2025-08-01,False
WL_0006422,CUST_000462,MOV_00260,2026-03-13,True
WL_0006423,CUST_000462,MOV_00399,2025-10-19,True
WL_0006424,CUST_000462,TVS_00060,2025-06-18,True
WL_0006425,CUST_000462,MOV_00076,2025-03-15,False
WL_0006426,CUST_000462,MOV_00395,2025-05-14,True
WL_0006427,CUST_000462,MOV_00438,2025-11-27,True
WL_0006428,CUST_000462,MOV_00403,2025-07-24,False
WL_0006429,CUST_000462,MOV_00162,2025-06-24,False
WL_0006430,CUST_000462,MOV_00164,2025-08-23,False
WL_0006431,CUST_000462,TVS_00039,2025-10-30,True
WL_0006432,CUST_000462,MOV_00399,2025-06-08,True
WL_0006433,CUST_000462,MOV_00351,2025-07-25,True
WL_0006434,CUST_000462,MOV_00409,2025-02-13,False
WL_0006435,CUST_000462,TVS_00045,2025-03-27,False
WL_0006436,CUST_000462,MOV_00423,2026-02-08,False
WL_0006437,CUST_000463,MOV_00063,2025-09-15,True
WL_0006438,CUST_000463,MOV_00485,2025-10-17,True
WL_0006439,CUST_000463,TVS_00041,2025-02-12,True
WL_0006440,CUST_000463,MOV_00404,2025-12-09,True
WL_0006441,CUST_000463,TVS_00146,2025-05-06,True
WL_0006442,CUST_000463,MOV_00036,2025-07-30,True
WL_0006443,CUST_000464,TVS_00140,2025-12-04,True
WL_0006444,CUST_000464,TVS_00024,2026-01-29,False
WL_0006445,CUST_000464,MOV_00209,2025-10-20,True
WL_0006446,CUST_000464,MOV_00002,2026-02-06,True
WL_0006447,CUST_000464,MOV_00125,2026-02-20,True
WL_0006448,CUST_000464,MOV_00437,2025-12-04,True
WL_0006449,CUST_000464,MOV_00110,2026-01-06,False
WL_0006450,CUST_000465,TVS_00198,2025-07-03,True
WL_0006451,CUST_000465,MOV_00309,2025-08-19,True
WL_0006452,CUST_000465,TVS_00173,2026-02-19,True
WL_0006453,CUST_000465,TVS_00096,2026-03-08,False
WL_0006454,CUST_000465,MOV_00251,2025-08-13,True
WL_0006455,CUST_000465,MOV_00160,2025-08-18,False
WL_0006456,CUST_000465,MOV_00033,2025-11-14,False
WL_0006457,CUST_000465,MOV_00400,2025-11-20,False
WL_0006458,CUST_000465,TVS_00123,2025-10-23,False
WL_0006459,CUST_000465,TVS_00102,2025-08-11,False
WL_0006460,CUST_000465,MOV_00251,2025-05-25,True
WL_0006461,CUST_000465,TVS_00150,2025-09-26,True
WL_0006462,CUST_000465,TVS_00149,2025-07-19,False
WL_0006463,CUST_000465,MOV_00222,2026-03-07,True
WL_0006464,CUST_000465,TVS_00143,2025-02-01,True
WL_0006465,CUST_000465,TVS_00034,2025-10-30,False
WL_0006466,CUST_000465,TVS_00145,2026-03-25,False
WL_0006467,CUST_000465,MOV_00469,2025-07-27,True
WL_0006468,CUST_000465,MOV_00152,2026-02-12,True
WL_0006469,CUST_000465,TVS_00064,2025-01-30,True
WL_0006470,CUST_000465,MOV_00012,2025-01-24,True
WL_0006471,CUST_000465,MOV_00089,2026-01-28,False
WL_0006472,CUST_000465,MOV_00159,2025-07-28,True
WL_0006473,CUST_000466,TVS_00136,2026-02-23,True
WL_0006474,CUST_000466,TVS_00111,2026-03-04,True
WL_0006475,CUST_000466,TVS_00133,2026-02-27,True
WL_0006476,CUST_000466,TVS_00135,2026-02-27,False
WL_0006477,CUST_000466,TVS_00078,2026-03-05,False
WL_0006478,CUST_000466,MOV_00246,2026-03-16,True
WL_0006479,CUST_000466,MOV_00490,2026-03-12,False
WL_0006480,CUST_000466,MOV_00069,2026-01-20,False
WL_0006481,CUST_000466,MOV_00481,2026-02-27,False
WL_0006482,CUST_000466,MOV_00112,2026-03-17,False
WL_0006483,CUST_000466,MOV_00452,2026-03-09,True
WL_0006484,CUST_000466,TVS_00111,2026-03-17,True
WL_0006485,CUST_000466,MOV_00170,2026-02-11,False
WL_0006486,CUST_000466,TVS_00013,2026-02-16,False
WL_0006487,CUST_000466,TVS_00190,2026-02-01,False
WL_0006488,CUST_000466,MOV_00337,2026-02-26,True
WL_0006489,CUST_000466,TVS_00023,2026-01-18,False
WL_0006490,CUST_000466,TVS_00190,2026-02-08,False
WL_0006491,CUST_000466,MOV_00205,2026-01-16,False
WL_0006492,CUST_000466,MOV_00448,2026-04-10,False
WL_0006493,CUST_000466,MOV_00479,2026-01-25,True
WL_0006494,CUST_000466,MOV_00142,2026-04-07,True
WL_0006495,CUST_000467,TVS_00154,2025-09-27,False
WL_0006496,CUST_000467,TVS_00050,2025-09-24,True
WL_0006497,CUST_000467,MOV_00349,2025-07-20,True
WL_0006498,CUST_000467,TVS_00042,2025-07-14,False
WL_0006499,CUST_000467,MOV_00444,2025-12-13,True
WL_0006500,CUST_000467,TVS_00029,2025-09-19,True
WL_0006501,CUST_000468,MOV_00170,2026-01-09,False
WL_0006502,CUST_000468,MOV_00188,2026-03-28,False
WL_0006503,CUST_000468,MOV_00016,2026-02-25,False
WL_0006504,CUST_000468,TVS_00056,2026-04-10,False
WL_0006505,CUST_000468,TVS_00159,2026-04-05,False
WL_0006506,CUST_000468,MOV_00422,2026-02-22,True
WL_0006507,CUST_000468,TVS_00165,2026-01-07,False
WL_0006508,CUST_000468,TVS_00033,2026-04-15,False
WL_0006509,CUST_000468,MOV_00404,2026-03-02,False
WL_0006510,CUST_000468,MOV_00316,2025-12-29,False
WL_0006511,CUST_000468,TVS_00118,2026-01-03,True
WL_0006512,CUST_000468,MOV_00335,2026-01-28,False
WL_0006513,CUST_000468,MOV_00459,2026-02-27,False
WL_0006514,CUST_000468,MOV_00255,2026-04-10,False
WL_0006515,CUST_000468,MOV_00372,2026-02-15,True
WL_0006516,CUST_000468,MOV_00194,2026-01-09,True
WL_0006517,CUST_000468,TVS_00173,2026-01-03,True
WL_0006518,CUST_000468,MOV_00404,2026-01-10,False
WL_0006519,CUST_000468,TVS_00173,2026-03-07,False
WL_0006520,CUST_000468,MOV_00274,2026-01-23,False
WL_0006521,CUST_000468,MOV_00117,2026-03-02,False
WL_0006522,CUST_000468,MOV_00214,2026-02-21,False
WL_0006523,CUST_000468,MOV_00097,2026-01-08,False
WL_0006524,CUST_000469,TVS_00130,2024-10-24,False
WL_0006525,CUST_000469,TVS_00127,2024-08-03,False
WL_0006526,CUST_000469,MOV_00167,2025-10-11,False
WL_0006527,CUST_000470,MOV_00432,2025-05-19,False
WL_0006528,CUST_000470,MOV_00300,2025-06-19,True
WL_0006529,CUST_000470,MOV_00448,2025-05-18,True
WL_0006530,CUST_000470,MOV_00306,2025-07-07,True
WL_0006531,CUST_000470,MOV_00375,2025-09-11,False
WL_0006532,CUST_000470,MOV_00053,2025-05-29,True
WL_0006533,CUST_000470,MOV_00195,2025-08-01,True
WL_0006534,CUST_000471,MOV_00186,2026-01-25,True
WL_0006535,CUST_000471,MOV_00010,2025-12-10,True
WL_0006536,CUST_000471,MOV_00098,2026-02-24,True
WL_0006537,CUST_000471,MOV_00141,2025-10-30,False
WL_0006538,CUST_000471,MOV_00080,2025-09-20,False
WL_0006539,CUST_000471,TVS_00034,2025-07-16,False
WL_0006540,CUST_000471,MOV_00038,2025-10-22,False
WL_0006541,CUST_000471,TVS_00018,2025-10-24,False
WL_0006542,CUST_000471,MOV_00307,2025-09-02,True
WL_0006543,CUST_000471,TVS_00132,2025-08-19,True
WL_0006544,CUST_000471,MOV_00285,2025-12-29,True
WL_0006545,CUST_000471,MOV_00469,2025-11-19,True
WL_0006546,CUST_000471,MOV_00053,2025-11-21,True
WL_0006547,CUST_000471,MOV_00321,2025-08-14,True
WL_0006548,CUST_000471,MOV_00022,2025-11-15,True
WL_0006549,CUST_000471,MOV_00211,2026-02-24,True
WL_0006550,CUST_000471,MOV_00127,2025-10-07,True
WL_0006551,CUST_000472,MOV_00246,2024-07-31,False
WL_0006552,CUST_000472,MOV_00118,2025-01-28,False
WL_0006553,CUST_000472,MOV_00265,2024-10-25,False
WL_0006554,CUST_000472,MOV_00469,2025-05-18,True
WL_0006555,CUST_000472,MOV_00191,2024-08-03,False
WL_0006556,CUST_000473,MOV_00225,2025-08-19,False
WL_0006557,CUST_000473,TVS_00017,2025-02-06,True
WL_0006558,CUST_000473,TVS_00186,2025-03-18,True
WL_0006559,CUST_000473,MOV_00480,2025-05-25,True
WL_0006560,CUST_000473,MOV_00098,2025-10-03,False
WL_0006561,CUST_000473,MOV_00076,2025-12-08,True
WL_0006562,CUST_000473,MOV_00177,2025-03-16,True
WL_0006563,CUST_000473,MOV_00423,2025-02-09,True
WL_0006564,CUST_000473,TVS_00155,2025-03-02,True
WL_0006565,CUST_000473,MOV_00360,2026-02-10,True
WL_0006566,CUST_000473,MOV_00459,2025-08-09,False
WL_0006567,CUST_000473,MOV_00487,2025-01-30,True
WL_0006568,CUST_000473,MOV_00109,2026-02-24,True
WL_0006569,CUST_000473,MOV_00007,2025-08-08,False
WL_0006570,CUST_000473,MOV_00189,2025-12-22,False
WL_0006571,CUST_000473,MOV_00292,2025-10-18,True
WL_0006572,CUST_000473,TVS_00029,2025-11-10,True
WL_0006573,CUST_000473,MOV_00341,2025-10-17,True
WL_0006574,CUST_000473,MOV_00183,2025-04-09,False
WL_0006575,CUST_000473,TVS_00153,2025-02-22,True
WL_0006576,CUST_000473,MOV_00225,2025-07-26,False
WL_0006577,CUST_000473,MOV_00301,2025-04-03,True
WL_0006578,CUST_000473,MOV_00024,2025-12-09,True
WL_0006579,CUST_000473,MOV_00070,2025-07-09,True
WL_0006580,CUST_000474,MOV_00411,2026-02-10,False
WL_0006581,CUST_000474,TVS_00067,2024-10-04,True
WL_0006582,CUST_000474,TVS_00170,2024-10-22,True
WL_0006583,CUST_000474,TVS_00047,2026-02-16,True
WL_0006584,CUST_000474,MOV_00123,2025-09-03,True
WL_0006585,CUST_000474,MOV_00084,2024-12-28,False
WL_0006586,CUST_000474,MOV_00369,2025-02-20,False
WL_0006587,CUST_000474,TVS_00165,2025-03-01,False
WL_0006588,CUST_000474,MOV_00406,2025-02-20,True
WL_0006589,CUST_000474,MOV_00222,2025-06-10,False
WL_0006590,CUST_000474,MOV_00009,2025-12-29,True
WL_0006591,CUST_000474,MOV_00199,2025-05-10,True
WL_0006592,CUST_000474,TVS_00089,2025-07-06,True
WL_0006593,CUST_000474,TVS_00017,2025-12-29,False
WL_0006594,CUST_000474,TVS_00074,2025-01-30,True
WL_0006595,CUST_000474,MOV_00017,2024-10-29,False
WL_0006596,CUST_000474,MOV_00099,2025-03-30,True
WL_0006597,CUST_000474,MOV_00201,2025-04-14,False
WL_0006598,CUST_000474,TVS_00136,2025-03-17,True
WL_0006599,CUST_000474,MOV_00074,2025-01-03,True
WL_0006600,CUST_000474,TVS_00141,2024-12-21,False
WL_0006601,CUST_000474,TVS_00194,2025-08-17,True
WL_0006602,CUST_000475,MOV_00311,2026-04-11,True
WL_0006603,CUST_000475,MOV_00415,2026-01-18,False
WL_0006604,CUST_000475,MOV_00451,2026-04-08,True
WL_0006605,CUST_000475,MOV_00014,2026-04-05,False
WL_0006606,CUST_000475,MOV_00425,2026-04-04,True
WL_0006607,CUST_000475,TVS_00194,2026-03-02,True
WL_0006608,CUST_000475,MOV_00262,2026-02-09,False
WL_0006609,CUST_000475,MOV_00168,2026-01-17,False
WL_0006610,CUST_000475,TVS_00001,2026-02-24,True
WL_0006611,CUST_000475,MOV_00072,2026-03-21,False
WL_0006612,CUST_000475,MOV_00199,2026-03-30,True
WL_0006613,CUST_000475,MOV_00451,2026-04-01,True
WL_0006614,CUST_000475,TVS_00139,2026-01-02,True
WL_0006615,CUST_000475,MOV_00035,2026-03-02,False
WL_0006616,CUST_000476,MOV_00238,2025-06-15,True
WL_0006617,CUST_000476,MOV_00496,2026-01-16,True
WL_0006618,CUST_000476,MOV_00342,2025-07-14,True
WL_0006619,CUST_000476,MOV_00363,2025-07-10,False
WL_0006620,CUST_000476,MOV_00132,2026-03-11,True
WL_0006621,CUST_000476,MOV_00087,2025-05-18,True
WL_0006622,CUST_000476,MOV_00389,2025-08-09,True
WL_0006623,CUST_000476,TVS_00194,2026-01-14,True
WL_0006624,CUST_000476,MOV_00263,2025-09-11,True
WL_0006625,CUST_000476,MOV_00127,2026-01-30,True
WL_0006626,CUST_000476,TVS_00117,2025-04-08,True
WL_0006627,CUST_000476,MOV_00009,2025-12-21,True
WL_0006628,CUST_000476,MOV_00303,2025-11-30,True
WL_0006629,CUST_000476,TVS_00101,2025-08-09,True
WL_0006630,CUST_000476,MOV_00103,2026-01-30,True
WL_0006631,CUST_000476,MOV_00133,2025-03-12,True
WL_0006632,CUST_000476,MOV_00322,2025-06-14,False
WL_0006633,CUST_000476,MOV_00418,2025-08-17,True
WL_0006634,CUST_000476,MOV_00157,2025-04-15,False
WL_0006635,CUST_000476,MOV_00087,2025-07-19,True
WL_0006636,CUST_000477,MOV_00072,2025-12-01,True
WL_0006637,CUST_000477,MOV_00434,2026-01-01,False
WL_0006638,CUST_000477,TVS_00019,2026-02-08,True
WL_0006639,CUST_000477,TVS_00130,2025-09-12,False
WL_0006640,CUST_000477,TVS_00098,2026-03-06,True
WL_0006641,CUST_000477,MOV_00316,2025-11-01,False
WL_0006642,CUST_000478,MOV_00115,2026-03-18,True
WL_0006643,CUST_000478,MOV_00157,2026-03-05,False
WL_0006644,CUST_000478,TVS_00152,2026-01-24,False
WL_0006645,CUST_000478,MOV_00323,2026-03-29,True
WL_0006646,CUST_000478,MOV_00209,2026-03-21,False
WL_0006647,CUST_000478,MOV_00379,2026-02-03,True
WL_0006648,CUST_000478,MOV_00469,2025-12-07,False
WL_0006649,CUST_000478,TVS_00163,2026-03-01,True
WL_0006650,CUST_000478,MOV_00135,2026-03-11,True
WL_0006651,CUST_000478,TVS_00147,2026-02-23,False
WL_0006652,CUST_000478,MOV_00005,2026-03-19,False
WL_0006653,CUST_000478,TVS_00049,2025-11-27,True
WL_0006654,CUST_000478,MOV_00456,2025-12-16,True
WL_0006655,CUST_000478,TVS_00092,2025-12-16,True
WL_0006656,CUST_000478,MOV_00105,2025-12-02,True
WL_0006657,CUST_000478,MOV_00035,2026-01-21,False
WL_0006658,CUST_000478,MOV_00322,2026-03-14,False
WL_0006659,CUST_000478,TVS_00091,2026-03-30,True
WL_0006660,CUST_000478,MOV_00066,2026-01-28,True
WL_0006661,CUST_000478,MOV_00183,2026-03-29,False
WL_0006662,CUST_000478,TVS_00025,2025-12-31,False
WL_0006663,CUST_000478,TVS_00069,2026-04-06,True
WL_0006664,CUST_000478,TVS_00037,2026-03-30,False
WL_0006665,CUST_000478,MOV_00376,2025-12-21,False
WL_0006666,CUST_000478,TVS_00105,2026-01-01,False
WL_0006667,CUST_000479,MOV_00155,2025-08-22,False
WL_0006668,CUST_000479,MOV_00210,2026-01-19,False
WL_0006669,CUST_000479,MOV_00106,2025-08-11,True
WL_0006670,CUST_000479,MOV_00121,2025-07-19,True
WL_0006671,CUST_000479,MOV_00047,2025-11-15,False
WL_0006672,CUST_000479,MOV_00122,2025-12-03,True
WL_0006673,CUST_000479,MOV_00141,2025-09-24,True
WL_0006674,CUST_000479,MOV_00347,2026-03-12,False
WL_0006675,CUST_000479,MOV_00107,2025-12-06,True
WL_0006676,CUST_000479,MOV_00448,2026-03-06,True
WL_0006677,CUST_000479,MOV_00106,2025-09-19,True
WL_0006678,CUST_000479,MOV_00106,2025-12-14,True
WL_0006679,CUST_000479,TVS_00024,2025-08-21,False
WL_0006680,CUST_000479,MOV_00382,2026-03-21,True
WL_0006681,CUST_000479,MOV_00499,2026-02-06,True
WL_0006682,CUST_000479,MOV_00349,2025-09-30,True
WL_0006683,CUST_000479,TVS_00006,2026-02-09,True
WL_0006684,CUST_000479,MOV_00143,2026-03-23,True
WL_0006685,CUST_000479,TVS_00164,2025-11-21,True
WL_0006686,CUST_000479,MOV_00389,2025-11-02,True
WL_0006687,CUST_000479,MOV_00410,2025-10-14,True
WL_0006688,CUST_000479,TVS_00179,2026-02-19,True
WL_0006689,CUST_000479,MOV_00326,2026-02-21,True
WL_0006690,CUST_000480,MOV_00390,2026-01-09,True
WL_0006691,CUST_000480,MOV_00006,2026-02-26,True
WL_0006692,CUST_000480,TVS_00146,2025-12-12,True
WL_0006693,CUST_000480,MOV_00010,2025-12-30,True
WL_0006694,CUST_000480,TVS_00059,2025-11-01,True
WL_0006695,CUST_000480,MOV_00096,2026-03-03,False
WL_0006696,CUST_000480,TVS_00087,2025-11-21,True
WL_0006697,CUST_000480,TVS_00181,2026-02-24,True
WL_0006698,CUST_000480,MOV_00165,2026-01-03,True
WL_0006699,CUST_000481,MOV_00074,2025-09-10,True
WL_0006700,CUST_000481,MOV_00107,2025-09-21,True
WL_0006701,CUST_000481,MOV_00103,2026-01-16,True
WL_0006702,CUST_000481,TVS_00199,2025-11-29,False
WL_0006703,CUST_000481,TVS_00043,2025-10-27,True
WL_0006704,CUST_000481,MOV_00104,2026-02-15,False
WL_0006705,CUST_000481,MOV_00435,2026-02-20,True
WL_0006706,CUST_000481,MOV_00493,2025-09-07,True
WL_0006707,CUST_000481,MOV_00311,2025-11-14,False
WL_0006708,CUST_000481,MOV_00082,2026-01-23,True
WL_0006709,CUST_000481,TVS_00133,2026-03-27,True
WL_0006710,CUST_000481,MOV_00078,2025-10-21,True
WL_0006711,CUST_000482,MOV_00049,2026-02-16,False
WL_0006712,CUST_000482,TVS_00056,2026-01-15,True
WL_0006713,CUST_000482,MOV_00452,2025-12-31,False
WL_0006714,CUST_000482,MOV_00256,2026-02-04,False
WL_0006715,CUST_000482,TVS_00019,2026-03-04,True
WL_0006716,CUST_000482,MOV_00386,2026-03-26,False
WL_0006717,CUST_000482,MOV_00343,2025-12-29,False
WL_0006718,CUST_000482,TVS_00164,2026-03-05,False
WL_0006719,CUST_000482,TVS_00043,2026-01-17,True
WL_0006720,CUST_000482,MOV_00496,2026-01-14,False
WL_0006721,CUST_000482,TVS_00005,2026-03-20,False
WL_0006722,CUST_000482,TVS_00063,2026-02-09,True
WL_0006723,CUST_000482,TVS_00041,2026-03-19,False
WL_0006724,CUST_000482,MOV_00227,2026-02-06,False
WL_0006725,CUST_000482,TVS_00112,2025-12-25,False
WL_0006726,CUST_000482,TVS_00116,2026-03-20,False
WL_0006727,CUST_000482,MOV_00380,2026-03-30,False
WL_0006728,CUST_000482,MOV_00279,2026-01-21,True
WL_0006729,CUST_000482,MOV_00348,2026-02-21,True
WL_0006730,CUST_000483,MOV_00312,2024-08-30,False
WL_0006731,CUST_000483,TVS_00110,2024-10-07,False
WL_0006732,CUST_000483,MOV_00061,2024-09-16,False
WL_0006733,CUST_000484,TVS_00061,2026-02-14,False
WL_0006734,CUST_000484,MOV_00030,2025-04-18,True
WL_0006735,CUST_000484,TVS_00192,2026-03-11,True
WL_0006736,CUST_000484,MOV_00153,2025-01-23,True
WL_0006737,CUST_000484,MOV_00325,2026-02-28,True
WL_0006738,CUST_000484,MOV_00023,2025-04-10,True
WL_0006739,CUST_000484,TVS_00126,2025-04-10,True
WL_0006740,CUST_000484,MOV_00033,2025-04-08,True
WL_0006741,CUST_000484,TVS_00129,2026-01-10,True
WL_0006742,CUST_000484,MOV_00379,2025-05-17,True
WL_0006743,CUST_000485,TVS_00054,2025-12-25,False
WL_0006744,CUST_000485,MOV_00202,2025-10-26,True
WL_0006745,CUST_000485,MOV_00297,2025-09-17,True
WL_0006746,CUST_000485,TVS_00137,2025-10-12,False
WL_0006747,CUST_000485,MOV_00216,2025-06-22,True
WL_0006748,CUST_000485,MOV_00447,2026-04-02,False
WL_0006749,CUST_000485,MOV_00132,2026-01-31,True
WL_0006750,CUST_000485,MOV_00289,2026-03-22,True
WL_0006751,CUST_000485,MOV_00306,2025-08-24,True
WL_0006752,CUST_000485,MOV_00053,2025-08-17,True
WL_0006753,CUST_000485,MOV_00248,2026-02-22,False
WL_0006754,CUST_000485,MOV_00067,2025-09-04,True
WL_0006755,CUST_000485,MOV_00265,2025-09-28,False
WL_0006756,CUST_000485,MOV_00065,2025-07-21,True
WL_0006757,CUST_000485,MOV_00278,2025-12-01,True
WL_0006758,CUST_000485,TVS_00165,2025-09-28,True
WL_0006759,CUST_000486,MOV_00005,2026-02-14,True
WL_0006760,CUST_000486,MOV_00233,2025-10-11,False
WL_0006761,CUST_000486,MOV_00313,2025-12-13,True
WL_0006762,CUST_000486,MOV_00449,2025-08-12,True
WL_0006763,CUST_000486,MOV_00486,2025-09-07,True
WL_0006764,CUST_000486,MOV_00316,2025-07-18,False
WL_0006765,CUST_000486,MOV_00448,2026-04-08,True
WL_0006766,CUST_000486,MOV_00044,2025-11-26,False
WL_0006767,CUST_000486,MOV_00080,2026-01-19,False
WL_0006768,CUST_000486,MOV_00397,2025-06-30,True
WL_0006769,CUST_000486,MOV_00269,2026-02-27,True
WL_0006770,CUST_000487,TVS_00079,2026-02-04,False
WL_0006771,CUST_000487,MOV_00420,2026-02-09,False
WL_0006772,CUST_000487,MOV_00108,2026-06-07,False
WL_0006773,CUST_000487,TVS_00030,2026-02-21,False
WL_0006774,CUST_000487,MOV_00366,2026-01-28,False
WL_0006775,CUST_000487,TVS_00099,2026-01-16,False
WL_0006776,CUST_000487,TVS_00128,2026-04-09,False
WL_0006777,CUST_000487,MOV_00156,2026-02-17,False
WL_0006778,CUST_000487,MOV_00473,2026-06-05,True
WL_0006779,CUST_000487,MOV_00359,2026-07-03,False
WL_0006780,CUST_000487,TVS_00092,2026-03-15,False
WL_0006781,CUST_000487,MOV_00079,2026-02-13,True
WL_0006782,CUST_000487,TVS_00169,2026-06-18,False
WL_0006783,CUST_000487,MOV_00181,2026-06-30,False
WL_0006784,CUST_000487,TVS_00115,2026-04-20,False
WL_0006785,CUST_000487,MOV_00376,2026-07-02,False
WL_0006786,CUST_000487,MOV_00085,2026-03-03,False
WL_0006787,CUST_000487,MOV_00164,2026-06-24,True
WL_0006788,CUST_000487,MOV_00191,2026-04-13,True
WL_0006789,CUST_000487,TVS_00071,2026-03-03,False
WL_0006790,CUST_000487,TVS_00173,2026-04-15,False
WL_0006791,CUST_000487,MOV_00234,2026-02-27,True
WL_0006792,CUST_000487,MOV_00333,2026-03-17,True
WL_0006793,CUST_000487,MOV_00026,2026-03-19,False
WL_0006794,CUST_000488,MOV_00087,2024-11-20,True
WL_0006795,CUST_000488,MOV_00448,2025-03-21,True
WL_0006796,CUST_000488,TVS_00176,2025-02-24,False
WL_0006797,CUST_000488,TVS_00157,2026-02-16,False
WL_0006798,CUST_000488,TVS_00101,2025-11-03,True
WL_0006799,CUST_000488,MOV_00387,2026-04-05,True
WL_0006800,CUST_000488,TVS_00135,2026-01-25,True
WL_0006801,CUST_000488,MOV_00370,2026-02-05,False
WL_0006802,CUST_000488,MOV_00342,2025-01-29,True
WL_0006803,CUST_000488,MOV_00286,2025-06-04,False
WL_0006804,CUST_000488,TVS_00077,2025-10-23,True
WL_0006805,CUST_000488,MOV_00002,2026-04-11,False
WL_0006806,CUST_000488,MOV_00483,2024-08-31,True
WL_0006807,CUST_000489,MOV_00230,2026-03-15,False
WL_0006808,CUST_000489,MOV_00376,2026-02-20,False
WL_0006809,CUST_000489,MOV_00420,2026-03-30,False
WL_0006810,CUST_000490,MOV_00084,2025-07-11,True
WL_0006811,CUST_000490,MOV_00300,2025-12-09,True
WL_0006812,CUST_000490,MOV_00441,2025-08-25,True
WL_0006813,CUST_000490,MOV_00352,2026-03-22,True
WL_0006814,CUST_000490,MOV_00350,2026-03-21,True
WL_0006815,CUST_000490,MOV_00200,2025-07-26,True
WL_0006816,CUST_000490,TVS_00158,2025-12-03,True
WL_0006817,CUST_000490,TVS_00181,2026-02-04,True
WL_0006818,CUST_000491,TVS_00054,2025-01-30,False
WL_0006819,CUST_000491,TVS_00071,2025-01-31,False
WL_0006820,CUST_000491,TVS_00016,2025-01-24,False
WL_0006821,CUST_000491,MOV_00077,2025-02-17,False
WL_0006822,CUST_000491,TVS_00191,2025-02-04,False
WL_0006823,CUST_000491,MOV_00213,2025-01-30,False
WL_0006824,CUST_000491,MOV_00295,2025-02-07,False
WL_0006825,CUST_000491,TVS_00051,2025-01-20,False
WL_0006826,CUST_000491,MOV_00360,2025-02-17,False
WL_0006827,CUST_000491,MOV_00477,2025-01-26,False
WL_0006828,CUST_000491,MOV_00047,2025-02-10,False
WL_0006829,CUST_000491,TVS_00167,2025-01-29,False
WL_0006830,CUST_000491,MOV_00254,2025-02-16,False
WL_0006831,CUST_000491,TVS_00050,2025-01-30,False
WL_0006832,CUST_000491,TVS_00074,2025-02-08,False
WL_0006833,CUST_000491,MOV_00295,2025-01-19,False
WL_0006834,CUST_000491,MOV_00047,2025-01-26,False
WL_0006835,CUST_000491,MOV_00236,2025-01-17,False
WL_0006836,CUST_000491,MOV_00252,2025-01-30,False
WL_0006837,CUST_000491,MOV_00261,2025-01-17,False
WL_0006838,CUST_000491,TVS_00030,2025-02-19,False
WL_0006839,CUST_000491,TVS_00105,2025-01-20,True
WL_0006840,CUST_000491,MOV_00420,2025-02-04,False
WL_0006841,CUST_000491,MOV_00361,2025-02-13,False
WL_0006842,CUST_000492,TVS_00017,2025-08-15,True
WL_0006843,CUST_000492,TVS_00126,2025-12-21,False
WL_0006844,CUST_000492,MOV_00288,2025-05-22,False
WL_0006845,CUST_000492,MOV_00157,2025-12-18,False
WL_0006846,CUST_000493,MOV_00015,2025-07-25,False
WL_0006847,CUST_000493,MOV_00493,2026-02-12,True
WL_0006848,CUST_000493,TVS_00008,2025-07-15,True
WL_0006849,CUST_000493,MOV_00282,2026-02-26,True
WL_0006850,CUST_000493,TVS_00119,2026-04-08,True
WL_0006851,CUST_000493,MOV_00266,2024-12-01,True
WL_0006852,CUST_000493,MOV_00365,2025-11-04,True
WL_0006853,CUST_000493,MOV_00059,2025-05-31,True
WL_0006854,CUST_000493,TVS_00119,2026-04-10,True
WL_0006855,CUST_000493,MOV_00319,2025-12-04,True
WL_0006856,CUST_000493,MOV_00390,2026-04-01,True
WL_0006857,CUST_000493,MOV_00097,2026-02-04,False
WL_0006858,CUST_000493,MOV_00151,2024-11-10,True
WL_0006859,CUST_000493,MOV_00164,2025-01-16,False
WL_0006860,CUST_000493,TVS_00195,2025-01-08,False
WL_0006861,CUST_000493,MOV_00169,2025-06-09,True
WL_0006862,CUST_000493,TVS_00032,2025-05-11,True
WL_0006863,CUST_000494,TVS_00169,2025-08-24,True
WL_0006864,CUST_000494,MOV_00434,2025-10-12,True
WL_0006865,CUST_000494,TVS_00049,2025-04-28,False
WL_0006866,CUST_000494,MOV_00391,2025-04-16,True
WL_0006867,CUST_000494,MOV_00065,2025-09-23,False
WL_0006868,CUST_000494,MOV_00342,2026-02-13,False
WL_0006869,CUST_000494,MOV_00075,2025-05-06,True
WL_0006870,CUST_000494,MOV_00035,2025-07-31,True
WL_0006871,CUST_000494,MOV_00178,2025-06-16,True
WL_0006872,CUST_000494,MOV_00359,2025-12-17,True
WL_0006873,CUST_000494,MOV_00054,2025-11-28,False
WL_0006874,CUST_000494,MOV_00178,2026-02-08,True
WL_0006875,CUST_000495,TVS_00188,2024-11-14,True
WL_0006876,CUST_000495,MOV_00233,2025-09-04,False
WL_0006877,CUST_000495,MOV_00335,2025-07-13,False
WL_0006878,CUST_000495,MOV_00441,2025-05-28,True
WL_0006879,CUST_000495,MOV_00171,2025-07-04,False
WL_0006880,CUST_000495,MOV_00078,2026-02-02,True
WL_0006881,CUST_000495,MOV_00300,2025-08-14,True
WL_0006882,CUST_000495,TVS_00155,2025-09-06,True
WL_0006883,CUST_000495,MOV_00448,2026-04-03,False
WL_0006884,CUST_000495,MOV_00422,2025-04-04,True
WL_0006885,CUST_000495,MOV_00422,2025-05-05,True
WL_0006886,CUST_000495,TVS_00013,2025-12-27,True
WL_0006887,CUST_000495,MOV_00045,2025-04-13,True
WL_0006888,CUST_000495,MOV_00188,2026-03-22,True
WL_0006889,CUST_000495,MOV_00459,2026-01-31,True
WL_0006890,CUST_000495,MOV_00258,2025-02-10,False
WL_0006891,CUST_000495,TVS_00018,2024-12-27,True
WL_0006892,CUST_000495,TVS_00153,2025-06-22,True
WL_0006893,CUST_000495,MOV_00398,2024-12-08,False
WL_0006894,CUST_000495,TVS_00081,2026-01-27,False
WL_0006895,CUST_000495,MOV_00424,2026-01-25,False
WL_0006896,CUST_000496,MOV_00463,2026-05-07,True
WL_0006897,CUST_000496,MOV_00240,2026-02-09,True
WL_0006898,CUST_000496,MOV_00487,2026-10-13,False
WL_0006899,CUST_000496,TVS_00139,2026-06-29,True
WL_0006900,CUST_000496,MOV_00277,2026-03-19,False
WL_0006901,CUST_000496,MOV_00053,2026-10-21,True
WL_0006902,CUST_000496,TVS_00049,2026-04-22,False
WL_0006903,CUST_000496,MOV_00188,2026-10-26,True
WL_0006904,CUST_000496,MOV_00260,2026-03-08,True
WL_0006905,CUST_000496,MOV_00335,2026-07-13,False
WL_0006906,CUST_000496,MOV_00441,2026-06-28,True
WL_0006907,CUST_000496,MOV_00277,2026-10-14,False
WL_0006908,CUST_000497,MOV_00166,2026-02-13,True
WL_0006909,CUST_000497,MOV_00127,2026-01-24,True
WL_0006910,CUST_000497,MOV_00089,2026-01-21,True
WL_0006911,CUST_000497,MOV_00488,2025-05-20,False
WL_0006912,CUST_000497,MOV_00390,2024-09-18,False
WL_0006913,CUST_000497,MOV_00311,2025-06-27,True
WL_0006914,CUST_000497,MOV_00387,2025-12-21,True
WL_0006915,CUST_000497,MOV_00396,2024-07-30,False
WL_0006916,CUST_000497,MOV_00119,2025-11-13,True
WL_0006917,CUST_000497,MOV_00138,2025-01-07,True
WL_0006918,CUST_000497,MOV_00041,2026-03-07,False
WL_0006919,CUST_000497,MOV_00030,2025-08-30,True
WL_0006920,CUST_000497,TVS_00084,2025-10-09,True
WL_0006921,CUST_000497,TVS_00137,2024-09-19,True
WL_0006922,CUST_000497,MOV_00470,2026-01-09,True
WL_0006923,CUST_000497,MOV_00034,2025-04-27,True
WL_0006924,CUST_000497,TVS_00118,2026-03-22,True
WL_0006925,CUST_000497,MOV_00468,2025-04-06,True
WL_0006926,CUST_000497,TVS_00148,2025-12-07,False
WL_0006927,CUST_000497,TVS_00033,2025-10-14,True
WL_0006928,CUST_000497,MOV_00472,2025-02-21,False
WL_0006929,CUST_000497,MOV_00044,2024-09-23,True
WL_0006930,CUST_000497,TVS_00147,2024-07-21,False
WL_0006931,CUST_000498,MOV_00339,2025-10-14,False
WL_0006932,CUST_000498,MOV_00303,2025-08-12,True
WL_0006933,CUST_000498,MOV_00302,2024-10-28,False
WL_0006934,CUST_000498,TVS_00118,2025-12-02,False
WL_0006935,CUST_000498,TVS_00021,2025-08-28,True
WL_0006936,CUST_000498,MOV_00427,2026-02-15,True
WL_0006937,CUST_000498,TVS_00011,2024-11-04,False
WL_0006938,CUST_000498,TVS_00050,2024-11-01,False
WL_0006939,CUST_000498,MOV_00473,2025-04-09,True
WL_0006940,CUST_000498,TVS_00173,2025-10-25,True
WL_0006941,CUST_000498,TVS_00040,2025-12-11,True
WL_0006942,CUST_000498,MOV_00399,2024-11-26,False
WL_0006943,CUST_000498,MOV_00376,2025-05-24,True
WL_0006944,CUST_000498,TVS_00042,2025-10-02,True
WL_0006945,CUST_000498,TVS_00059,2025-03-02,False
WL_0006946,CUST_000498,TVS_00041,2024-08-11,True
WL_0006947,CUST_000498,TVS_00146,2024-10-07,False
WL_0006948,CUST_000498,MOV_00356,2025-02-22,True
WL_0006949,CUST_000498,TVS_00092,2025-02-11,False
WL_0006950,CUST_000498,MOV_00105,2025-08-09,True
WL_0006951,CUST_000498,MOV_00071,2024-09-06,True
WL_0006952,CUST_000498,TVS_00185,2026-04-09,False
WL_0006953,CUST_000498,TVS_00169,2024-12-12,True
WL_0006954,CUST_000499,MOV_00018,2025-11-26,True
WL_0006955,CUST_000499,MOV_00375,2025-10-18,False
WL_0006956,CUST_000499,MOV_00252,2025-09-17,False
WL_0006957,CUST_000499,MOV_00182,2025-10-03,False
WL_0006958,CUST_000499,MOV_00354,2025-09-29,False
WL_0006959,CUST_000499,MOV_00115,2025-12-01,True
WL_0006960,CUST_000499,MOV_00048,2025-09-23,False
WL_0006961,CUST_000499,MOV_00024,2025-11-04,False
WL_0006962,CUST_000499,MOV_00048,2025-11-15,False
WL_0006963,CUST_000499,MOV_00367,2025-10-30,True
WL_0006964,CUST_000499,MOV_00447,2025-11-10,False
WL_0006965,CUST_000499,MOV_00207,2025-09-14,False
WL_0006966,CUST_000500,TVS_00132,2026-03-23,True
WL_0006967,CUST_000500,MOV_00369,2025-05-19,True
WL_0006968,CUST_000500,TVS_00139,2024-11-03,False
WL_0006969,CUST_000500,TVS_00156,2026-01-02,False
WL_0006970,CUST_000500,MOV_00464,2025-12-01,True
WL_0006971,CUST_000500,MOV_00397,2024-12-05,True
WL_0006972,CUST_000500,MOV_00424,2024-12-03,True
WL_0006973,CUST_000500,TVS_00026,2025-10-04,False
WL_0006974,CUST_000500,MOV_00291,2025-04-15,True
WL_0006975,CUST_000500,TVS_00115,2025-03-20,True
WL_0006976,CUST_000500,MOV_00493,2025-12-21,True
WL_0006977,CUST_000500,MOV_00082,2025-04-13,False
WL_0006978,CUST_000500,MOV_00331,2026-04-09,False
WL_0006979,CUST_000500,MOV_00337,2026-04-03,True
WL_0006980,CUST_000500,TVS_00100,2025-07-08,False
WL_0006981,CUST_000500,MOV_00360,2025-08-07,True
WL_0006982,CUST_000500,MOV_00256,2026-01-30,True
WL_0006983,CUST_000500,MOV_00373,2024-11-03,False
WL_0006984,CUST_000501,MOV_00462,2025-12-13,True
WL_0006985,CUST_000501,TVS_00093,2025-03-12,True
WL_0006986,CUST_000501,MOV_00196,2026-03-11,False
WL_0006987,CUST_000501,TVS_00178,2025-08-06,False
WL_0006988,CUST_000501,MOV_00298,2025-05-26,True
WL_0006989,CUST_000501,MOV_00403,2025-04-18,True
WL_0006990,CUST_000501,TVS_00193,2025-05-04,True
WL_0006991,CUST_000501,MOV_00236,2026-01-03,True
WL_0006992,CUST_000501,MOV_00469,2025-02-03,True
WL_0006993,CUST_000501,MOV_00290,2026-02-09,True
WL_0006994,CUST_000501,TVS_00049,2025-09-29,True
WL_0006995,CUST_000501,TVS_00079,2025-04-14,True
WL_0006996,CUST_000501,TVS_00173,2026-01-21,False
WL_0006997,CUST_000501,TVS_00178,2025-12-13,False
WL_0006998,CUST_000501,TVS_00152,2025-11-05,True
WL_0006999,CUST_000501,MOV_00114,2025-02-17,True
WL_0007000,CUST_000501,MOV_00157,2025-02-26,False
WL_0007001,CUST_000501,MOV_00378,2025-12-29,False
WL_0007002,CUST_000501,TVS_00142,2025-11-17,True
WL_0007003,CUST_000501,TVS_00074,2026-02-23,False
WL_0007004,CUST_000501,TVS_00141,2025-04-18,True
WL_0007005,CUST_000501,TVS_00048,2025-06-01,True
WL_0007006,CUST_000501,MOV_00100,2025-06-19,False
WL_0007007,CUST_000501,MOV_00242,2025-10-01,True
WL_0007008,CUST_000501,MOV_00230,2026-03-19,True
WL_0007009,CUST_000502,MOV_00480,2026-01-24,False
WL_0007010,CUST_000502,MOV_00482,2026-02-25,False
WL_0007011,CUST_000502,MOV_00145,2026-03-25,True
WL_0007012,CUST_000502,MOV_00315,2025-12-26,False
WL_0007013,CUST_000502,MOV_00334,2026-04-07,False
WL_0007014,CUST_000502,MOV_00014,2026-02-20,False
WL_0007015,CUST_000502,MOV_00335,2026-04-01,True
WL_0007016,CUST_000502,MOV_00094,2025-12-12,False
WL_0007017,CUST_000502,TVS_00012,2026-02-23,True
WL_0007018,CUST_000502,MOV_00350,2026-03-14,True
WL_0007019,CUST_000502,TVS_00014,2026-04-08,False
WL_0007020,CUST_000502,TVS_00132,2026-02-12,False
WL_0007021,CUST_000502,MOV_00348,2025-12-24,False
WL_0007022,CUST_000502,TVS_00154,2026-01-17,False
WL_0007023,CUST_000502,MOV_00379,2026-03-26,False
WL_0007024,CUST_000502,MOV_00346,2026-02-18,False
WL_0007025,CUST_000502,MOV_00397,2025-12-26,True
WL_0007026,CUST_000502,TVS_00141,2026-03-29,True
WL_0007027,CUST_000503,TVS_00151,2024-12-04,True
WL_0007028,CUST_000503,MOV_00035,2025-11-05,True
WL_0007029,CUST_000503,TVS_00007,2026-03-13,True
WL_0007030,CUST_000503,MOV_00478,2024-08-09,True
WL_0007031,CUST_000503,MOV_00035,2025-06-11,True
WL_0007032,CUST_000503,MOV_00262,2024-07-23,True
WL_0007033,CUST_000504,TVS_00144,2025-06-28,True
WL_0007034,CUST_000504,MOV_00275,2025-07-22,True
WL_0007035,CUST_000504,MOV_00288,2025-03-01,False
WL_0007036,CUST_000504,MOV_00000,2026-03-26,True
WL_0007037,CUST_000504,TVS_00041,2026-03-09,False
WL_0007038,CUST_000504,TVS_00155,2025-06-11,True
WL_0007039,CUST_000504,MOV_00368,2026-01-17,True
WL_0007040,CUST_000504,MOV_00489,2025-06-01,True
WL_0007041,CUST_000504,TVS_00089,2025-01-26,True
WL_0007042,CUST_000504,MOV_00119,2025-11-27,True
WL_0007043,CUST_000504,TVS_00117,2025-04-07,True
WL_0007044,CUST_000504,MOV_00010,2026-03-11,True
WL_0007045,CUST_000504,MOV_00039,2026-03-18,True
WL_0007046,CUST_000504,MOV_00275,2025-10-24,True
WL_0007047,CUST_000504,MOV_00467,2025-02-08,True
WL_0007048,CUST_000504,MOV_00348,2026-03-16,False
WL_0007049,CUST_000504,MOV_00488,2026-03-09,False
WL_0007050,CUST_000504,TVS_00127,2025-02-24,True
WL_0007051,CUST_000504,MOV_00121,2025-09-29,True
WL_0007052,CUST_000504,MOV_00348,2026-02-19,True
WL_0007053,CUST_000505,MOV_00402,2024-07-30,False
WL_0007054,CUST_000505,TVS_00084,2025-07-16,True
WL_0007055,CUST_000505,TVS_00119,2025-06-01,True
WL_0007056,CUST_000506,TVS_00117,2025-02-28,True
WL_0007057,CUST_000506,MOV_00119,2025-05-04,True
WL_0007058,CUST_000506,MOV_00353,2025-02-22,False
WL_0007059,CUST_000506,MOV_00035,2025-05-27,True
WL_0007060,CUST_000506,MOV_00435,2025-05-30,False
WL_0007061,CUST_000506,MOV_00067,2025-04-15,False
WL_0007062,CUST_000506,TVS_00192,2025-04-08,False
WL_0007063,CUST_000506,MOV_00278,2025-06-26,True
WL_0007064,CUST_000506,TVS_00154,2025-05-09,False
WL_0007065,CUST_000506,MOV_00014,2025-01-23,True
WL_0007066,CUST_000506,TVS_00107,2025-03-23,False
WL_0007067,CUST_000506,MOV_00380,2025-04-23,False
WL_0007068,CUST_000506,MOV_00001,2025-06-17,False
WL_0007069,CUST_000506,MOV_00488,2025-07-04,False
WL_0007070,CUST_000506,TVS_00001,2025-07-09,True
WL_0007071,CUST_000506,MOV_00496,2025-04-13,False
WL_0007072,CUST_000506,MOV_00000,2025-05-19,False
WL_0007073,CUST_000506,MOV_00447,2025-03-04,False
WL_0007074,CUST_000506,MOV_00095,2025-03-18,True
WL_0007075,CUST_000507,MOV_00114,2026-02-23,False
WL_0007076,CUST_000507,MOV_00496,2025-04-03,True
WL_0007077,CUST_000507,MOV_00435,2025-01-13,True
WL_0007078,CUST_000507,MOV_00133,2025-02-15,True
WL_0007079,CUST_000507,MOV_00410,2025-04-24,True
WL_0007080,CUST_000507,MOV_00342,2025-08-02,False
WL_0007081,CUST_000507,MOV_00234,2025-09-15,True
WL_0007082,CUST_000507,TVS_00127,2025-10-27,False
WL_0007083,CUST_000507,TVS_00179,2025-10-03,True
WL_0007084,CUST_000507,MOV_00376,2025-01-21,True
WL_0007085,CUST_000507,MOV_00179,2026-01-29,True
WL_0007086,CUST_000507,TVS_00105,2025-01-17,True
WL_0007087,CUST_000507,TVS_00164,2025-12-23,True
WL_0007088,CUST_000507,MOV_00067,2025-01-26,True
WL_0007089,CUST_000507,MOV_00180,2025-11-12,True
WL_0007090,CUST_000507,MOV_00221,2025-03-27,True
WL_0007091,CUST_000508,MOV_00434,2025-02-10,True
WL_0007092,CUST_000508,TVS_00013,2025-02-05,True
WL_0007093,CUST_000508,MOV_00309,2025-02-08,True
WL_0007094,CUST_000508,MOV_00381,2026-02-21,False
WL_0007095,CUST_000508,MOV_00064,2024-12-19,False
WL_0007096,CUST_000508,MOV_00428,2025-12-19,False
WL_0007097,CUST_000508,TVS_00134,2025-10-07,False
WL_0007098,CUST_000508,MOV_00109,2024-11-29,True
WL_0007099,CUST_000508,MOV_00034,2025-08-18,False
WL_0007100,CUST_000508,MOV_00195,2026-01-06,False
WL_0007101,CUST_000508,TVS_00013,2026-02-14,True
WL_0007102,CUST_000508,MOV_00149,2025-06-10,True
WL_0007103,CUST_000508,TVS_00002,2025-01-09,False
WL_0007104,CUST_000509,MOV_00032,2025-08-26,False
WL_0007105,CUST_000509,MOV_00146,2024-11-25,False
WL_0007106,CUST_000509,TVS_00015,2024-12-29,True
WL_0007107,CUST_000509,MOV_00253,2025-01-15,True
WL_0007108,CUST_000509,MOV_00477,2024-05-13,True
WL_0007109,CUST_000509,MOV_00484,2024-10-04,False
WL_0007110,CUST_000509,TVS_00015,2025-08-14,False
WL_0007111,CUST_000509,MOV_00396,2025-07-14,False
WL_0007112,CUST_000509,MOV_00305,2025-08-25,True
WL_0007113,CUST_000509,MOV_00251,2025-01-27,True
WL_0007114,CUST_000509,MOV_00203,2025-10-15,False
WL_0007115,CUST_000509,MOV_00423,2024-12-19,False
WL_0007116,CUST_000509,MOV_00333,2025-09-13,True
WL_0007117,CUST_000509,MOV_00032,2025-07-12,True
WL_0007118,CUST_000509,TVS_00048,2026-03-28,False
WL_0007119,CUST_000509,TVS_00030,2025-07-19,True
WL_0007120,CUST_000510,MOV_00171,2025-09-24,False
WL_0007121,CUST_000510,MOV_00352,2025-07-29,False
WL_0007122,CUST_000510,TVS_00068,2025-05-25,False
WL_0007123,CUST_000510,MOV_00368,2025-11-01,False
WL_0007124,CUST_000510,MOV_00415,2025-01-25,True
WL_0007125,CUST_000510,TVS_00125,2025-07-25,True
WL_0007126,CUST_000510,MOV_00099,2026-02-24,True
WL_0007127,CUST_000510,TVS_00013,2025-08-14,False
WL_0007128,CUST_000510,TVS_00016,2025-11-03,False
WL_0007129,CUST_000510,MOV_00174,2025-01-30,True
WL_0007130,CUST_000510,MOV_00324,2025-12-22,True
WL_0007131,CUST_000510,MOV_00122,2025-08-20,False
WL_0007132,CUST_000510,MOV_00026,2025-12-25,False
WL_0007133,CUST_000510,MOV_00169,2025-10-16,True
WL_0007134,CUST_000510,TVS_00035,2026-01-22,False
WL_0007135,CUST_000510,TVS_00136,2024-12-13,False
WL_0007136,CUST_000510,TVS_00134,2025-03-16,True
WL_0007137,CUST_000510,TVS_00008,2026-02-28,False
WL_0007138,CUST_000510,TVS_00122,2024-11-12,False
WL_0007139,CUST_000510,MOV_00105,2025-09-06,True
WL_0007140,CUST_000510,MOV_00373,2025-08-12,False
WL_0007141,CUST_000510,TVS_00041,2026-01-06,False
WL_0007142,CUST_000510,TVS_00144,2025-09-14,True
WL_0007143,CUST_000510,TVS_00186,2025-07-15,False
WL_0007144,CUST_000511,MOV_00059,2025-09-23,False
WL_0007145,CUST_000511,TVS_00195,2026-02-04,False
WL_0007146,CUST_000511,TVS_00160,2025-12-25,True
WL_0007147,CUST_000511,MOV_00022,2025-12-13,True
WL_0007148,CUST_000511,MOV_00246,2025-10-15,True
WL_0007149,CUST_000512,MOV_00388,2026-03-26,False
WL_0007150,CUST_000512,MOV_00001,2025-12-30,True
WL_0007151,CUST_000512,MOV_00400,2026-02-18,True
WL_0007152,CUST_000512,MOV_00240,2026-02-09,True
WL_0007153,CUST_000512,MOV_00359,2026-01-03,True
WL_0007154,CUST_000512,MOV_00320,2025-12-08,True
WL_0007155,CUST_000512,MOV_00282,2025-10-19,True
WL_0007156,CUST_000512,MOV_00237,2025-11-01,True
WL_0007157,CUST_000512,MOV_00420,2026-02-07,False
WL_0007158,CUST_000512,MOV_00174,2026-02-23,False
WL_0007159,CUST_000512,MOV_00356,2026-03-05,True
WL_0007160,CUST_000512,MOV_00378,2025-11-04,False
WL_0007161,CUST_000512,MOV_00303,2026-03-01,True
WL_0007162,CUST_000512,MOV_00105,2026-02-28,True
WL_0007163,CUST_000512,MOV_00492,2025-11-25,False
WL_0007164,CUST_000512,MOV_00161,2026-01-30,False
WL_0007165,CUST_000512,TVS_00151,2026-04-09,False
WL_0007166,CUST_000512,TVS_00068,2026-02-25,True
WL_0007167,CUST_000512,MOV_00340,2026-01-12,False
WL_0007168,CUST_000512,MOV_00208,2026-03-13,True
WL_0007169,CUST_000512,MOV_00018,2025-10-13,True
WL_0007170,CUST_000512,MOV_00457,2025-11-08,False
WL_0007171,CUST_000512,TVS_00143,2026-03-18,True
WL_0007172,CUST_000513,TVS_00073,2025-11-05,True
WL_0007173,CUST_000513,MOV_00382,2026-03-13,False
WL_0007174,CUST_000513,MOV_00272,2025-11-03,False
WL_0007175,CUST_000513,TVS_00138,2026-03-14,False
WL_0007176,CUST_000513,TVS_00001,2026-01-30,False
WL_0007177,CUST_000513,TVS_00136,2026-01-13,True
WL_0007178,CUST_000513,TVS_00011,2026-03-04,False
WL_0007179,CUST_000513,TVS_00099,2025-09-04,True
WL_0007180,CUST_000513,MOV_00246,2026-02-10,False
WL_0007181,CUST_000513,MOV_00476,2026-01-14,False
WL_0007182,CUST_000513,MOV_00493,2026-03-01,False
WL_0007183,CUST_000513,TVS_00050,2025-12-21,True
WL_0007184,CUST_000513,MOV_00262,2025-09-22,True
WL_0007185,CUST_000513,TVS_00025,2025-08-04,True
WL_0007186,CUST_000513,MOV_00180,2025-11-08,True
WL_0007187,CUST_000513,MOV_00054,2025-10-08,False
WL_0007188,CUST_000513,MOV_00164,2025-12-20,True
WL_0007189,CUST_000513,MOV_00083,2025-07-03,True
WL_0007190,CUST_000513,MOV_00313,2026-01-27,True
WL_0007191,CUST_000513,TVS_00138,2025-08-16,True
WL_0007192,CUST_000513,MOV_00035,2026-02-14,True
WL_0007193,CUST_000513,MOV_00341,2025-09-08,True
WL_0007194,CUST_000513,TVS_00122,2025-09-11,False
WL_0007195,CUST_000514,MOV_00266,2026-01-22,True
WL_0007196,CUST_000514,MOV_00146,2025-07-04,True
WL_0007197,CUST_000514,MOV_00411,2025-06-07,False
WL_0007198,CUST_000514,MOV_00181,2025-08-28,True
WL_0007199,CUST_000514,MOV_00361,2025-04-17,True
WL_0007200,CUST_000514,MOV_00169,2024-12-03,True
WL_0007201,CUST_000514,TVS_00105,2025-05-18,True
WL_0007202,CUST_000514,TVS_00043,2024-12-17,False
WL_0007203,CUST_000514,MOV_00074,2025-12-26,True
WL_0007204,CUST_000514,TVS_00057,2024-10-07,False
WL_0007205,CUST_000514,MOV_00040,2025-02-19,True
WL_0007206,CUST_000514,MOV_00256,2024-08-20,False
WL_0007207,CUST_000514,MOV_00031,2025-05-13,True
WL_0007208,CUST_000515,MOV_00496,2026-04-01,False
WL_0007209,CUST_000515,MOV_00103,2026-04-01,True
WL_0007210,CUST_000515,MOV_00177,2026-04-10,True
WL_0007211,CUST_000515,TVS_00076,2026-04-08,False
WL_0007212,CUST_000515,TVS_00030,2026-04-10,False
WL_0007213,CUST_000515,MOV_00376,2026-04-11,True
WL_0007214,CUST_000515,MOV_00431,2026-04-07,True
WL_0007215,CUST_000515,MOV_00433,2026-04-03,True
WL_0007216,CUST_000515,MOV_00409,2026-04-07,False
WL_0007217,CUST_000515,MOV_00166,2026-04-07,False
WL_0007218,CUST_000515,MOV_00389,2026-04-11,True
WL_0007219,CUST_000515,TVS_00172,2026-04-06,True
WL_0007220,CUST_000515,MOV_00233,2026-04-02,True
WL_0007221,CUST_000515,TVS_00012,2026-04-11,True
WL_0007222,CUST_000515,MOV_00037,2026-04-06,False
WL_0007223,CUST_000515,MOV_00156,2026-03-31,False
WL_0007224,CUST_000515,MOV_00488,2026-04-01,False
WL_0007225,CUST_000515,MOV_00280,2026-04-08,False
WL_0007226,CUST_000515,MOV_00171,2026-04-07,True
WL_0007227,CUST_000516,MOV_00339,2026-02-15,True
WL_0007228,CUST_000516,MOV_00026,2026-01-12,False
WL_0007229,CUST_000516,MOV_00490,2025-10-29,True
WL_0007230,CUST_000516,TVS_00048,2026-03-20,True
WL_0007231,CUST_000516,TVS_00119,2026-03-14,False
WL_0007232,CUST_000516,MOV_00115,2025-11-17,True
WL_0007233,CUST_000516,TVS_00016,2026-01-24,False
WL_0007234,CUST_000516,TVS_00020,2025-12-31,True
WL_0007235,CUST_000516,MOV_00069,2026-03-13,True
WL_0007236,CUST_000516,MOV_00135,2025-11-05,True
WL_0007237,CUST_000516,MOV_00433,2026-02-19,False
WL_0007238,CUST_000516,MOV_00438,2026-02-05,False
WL_0007239,CUST_000516,MOV_00416,2025-12-14,True
WL_0007240,CUST_000516,MOV_00323,2026-03-05,True
WL_0007241,CUST_000516,MOV_00049,2026-03-04,True
WL_0007242,CUST_000516,MOV_00181,2025-11-28,True
WL_0007243,CUST_000516,MOV_00031,2025-11-02,False
WL_0007244,CUST_000516,MOV_00367,2026-03-31,True
WL_0007245,CUST_000516,MOV_00413,2025-12-11,True
WL_0007246,CUST_000516,TVS_00097,2026-01-28,True
WL_0007247,CUST_000517,MOV_00352,2025-09-18,False
WL_0007248,CUST_000517,MOV_00177,2025-10-18,False
WL_0007249,CUST_000517,MOV_00404,2026-04-05,False
WL_0007250,CUST_000517,TVS_00105,2026-01-06,True
WL_0007251,CUST_000517,TVS_00112,2026-03-20,False
WL_0007252,CUST_000517,MOV_00377,2026-01-11,True
WL_0007253,CUST_000517,MOV_00016,2026-03-31,False
WL_0007254,CUST_000517,TVS_00143,2025-11-15,False
WL_0007255,CUST_000517,MOV_00041,2026-02-15,False
WL_0007256,CUST_000517,MOV_00212,2025-08-01,False
WL_0007257,CUST_000517,MOV_00082,2025-08-18,True
WL_0007258,CUST_000517,TVS_00005,2025-07-05,True
WL_0007259,CUST_000517,MOV_00372,2026-02-09,True
WL_0007260,CUST_000517,MOV_00293,2025-09-06,False
WL_0007261,CUST_000517,MOV_00322,2025-09-25,False
WL_0007262,CUST_000517,MOV_00292,2026-04-04,True
WL_0007263,CUST_000517,MOV_00090,2025-08-26,True
WL_0007264,CUST_000517,TVS_00118,2025-08-03,True
WL_0007265,CUST_000517,TVS_00112,2025-09-04,True
WL_0007266,CUST_000517,MOV_00449,2025-10-03,True
WL_0007267,CUST_000517,MOV_00130,2025-12-12,False
WL_0007268,CUST_000517,MOV_00063,2025-07-16,False
WL_0007269,CUST_000517,TVS_00185,2026-03-21,False
WL_0007270,CUST_000517,MOV_00117,2026-03-26,True
WL_0007271,CUST_000518,TVS_00149,2025-11-17,False
WL_0007272,CUST_000518,MOV_00185,2026-04-11,False
WL_0007273,CUST_000518,MOV_00282,2026-03-31,False
WL_0007274,CUST_000518,TVS_00180,2025-12-06,False
WL_0007275,CUST_000518,MOV_00269,2026-01-02,False
WL_0007276,CUST_000518,MOV_00251,2025-10-19,True
WL_0007277,CUST_000518,MOV_00383,2025-10-24,True
WL_0007278,CUST_000519,TVS_00100,2026-01-02,False
WL_0007279,CUST_000519,MOV_00379,2026-02-21,True
WL_0007280,CUST_000519,TVS_00132,2026-04-05,True
WL_0007281,CUST_000519,MOV_00264,2026-02-12,False
WL_0007282,CUST_000519,MOV_00082,2026-02-26,False
WL_0007283,CUST_000519,MOV_00045,2025-12-21,True
WL_0007284,CUST_000519,MOV_00423,2026-01-17,False
WL_0007285,CUST_000519,MOV_00481,2025-12-13,True
WL_0007286,CUST_000519,MOV_00459,2026-01-01,False
WL_0007287,CUST_000519,TVS_00188,2026-03-13,False
WL_0007288,CUST_000519,TVS_00013,2026-04-04,False
WL_0007289,CUST_000519,TVS_00056,2026-01-18,False
WL_0007290,CUST_000519,TVS_00114,2025-11-21,True
WL_0007291,CUST_000519,MOV_00474,2026-01-25,True
WL_0007292,CUST_000519,TVS_00148,2026-01-01,True
WL_0007293,CUST_000519,MOV_00470,2025-12-03,False
WL_0007294,CUST_000520,MOV_00393,2026-03-27,False
WL_0007295,CUST_000520,MOV_00095,2026-03-17,False
WL_0007296,CUST_000520,MOV_00439,2026-04-03,True
WL_0007297,CUST_000520,MOV_00316,2026-03-20,True
WL_0007298,CUST_000520,MOV_00164,2026-03-24,True
WL_0007299,CUST_000520,MOV_00488,2026-04-04,False
WL_0007300,CUST_000520,MOV_00095,2026-04-03,False
WL_0007301,CUST_000520,MOV_00120,2026-03-23,True
WL_0007302,CUST_000520,MOV_00192,2026-03-26,True
WL_0007303,CUST_000521,MOV_00416,2024-06-19,True
WL_0007304,CUST_000521,MOV_00076,2024-07-03,False
WL_0007305,CUST_000521,MOV_00171,2024-07-01,True
WL_0007306,CUST_000521,MOV_00487,2024-07-19,True
WL_0007307,CUST_000521,MOV_00106,2024-05-09,True
WL_0007308,CUST_000521,MOV_00487,2024-06-30,True
WL_0007309,CUST_000521,MOV_00435,2024-05-19,False
WL_0007310,CUST_000521,MOV_00157,2024-05-24,True
WL_0007311,CUST_000521,MOV_00433,2024-06-21,False
WL_0007312,CUST_000521,MOV_00282,2024-06-08,True
WL_0007313,CUST_000521,MOV_00067,2024-06-04,True
WL_0007314,CUST_000521,MOV_00370,2024-05-03,False
WL_0007315,CUST_000521,MOV_00278,2024-05-10,False
WL_0007316,CUST_000521,MOV_00498,2024-06-11,False
WL_0007317,CUST_000521,TVS_00047,2024-07-06,False
WL_0007318,CUST_000522,MOV_00062,2025-11-08,True
WL_0007319,CUST_000522,MOV_00264,2025-11-14,True
WL_0007320,CUST_000522,MOV_00435,2025-08-05,False
WL_0007321,CUST_000522,MOV_00396,2026-01-27,False
WL_0007322,CUST_000522,MOV_00393,2025-08-28,False
WL_0007323,CUST_000522,TVS_00123,2026-05-12,False
WL_0007324,CUST_000522,MOV_00093,2026-03-16,False
WL_0007325,CUST_000522,MOV_00407,2025-10-06,False
WL_0007326,CUST_000522,MOV_00347,2026-04-01,False
WL_0007327,CUST_000522,TVS_00057,2026-04-10,False
WL_0007328,CUST_000522,TVS_00184,2025-09-24,False
WL_0007329,CUST_000522,MOV_00071,2025-11-23,True
WL_0007330,CUST_000522,MOV_00455,2025-12-12,False
WL_0007331,CUST_000522,TVS_00117,2025-10-04,False
WL_0007332,CUST_000522,TVS_00113,2025-10-20,True
WL_0007333,CUST_000522,TVS_00088,2025-08-21,False
WL_0007334,CUST_000522,TVS_00007,2025-09-18,True
WL_0007335,CUST_000522,MOV_00389,2026-03-12,False
WL_0007336,CUST_000522,MOV_00392,2025-07-25,True
WL_0007337,CUST_000522,TVS_00080,2025-09-04,False
WL_0007338,CUST_000522,TVS_00057,2026-02-13,False
WL_0007339,CUST_000522,MOV_00433,2026-04-16,True
WL_0007340,CUST_000522,MOV_00436,2025-10-14,True
WL_0007341,CUST_000522,TVS_00184,2025-11-19,False
WL_0007342,CUST_000522,MOV_00118,2026-05-13,False
WL_0007343,CUST_000523,MOV_00274,2024-11-27,True
WL_0007344,CUST_000523,MOV_00199,2025-01-11,True
WL_0007345,CUST_000523,TVS_00073,2025-02-15,True
WL_0007346,CUST_000523,MOV_00460,2024-12-26,False
WL_0007347,CUST_000523,MOV_00416,2025-02-11,True
WL_0007348,CUST_000523,MOV_00086,2024-10-20,False
WL_0007349,CUST_000523,MOV_00456,2024-10-15,False
WL_0007350,CUST_000523,MOV_00412,2024-11-26,False
WL_0007351,CUST_000523,TVS_00073,2024-09-28,True
WL_0007352,CUST_000523,MOV_00111,2025-02-13,True
WL_0007353,CUST_000523,TVS_00035,2024-11-26,False
WL_0007354,CUST_000523,MOV_00199,2024-10-21,True
WL_0007355,CUST_000523,MOV_00479,2024-12-11,True
WL_0007356,CUST_000523,MOV_00128,2025-02-13,False
WL_0007357,CUST_000523,MOV_00128,2025-02-16,False
WL_0007358,CUST_000523,MOV_00076,2024-10-28,True
WL_0007359,CUST_000523,TVS_00002,2025-01-15,False
WL_0007360,CUST_000523,MOV_00182,2024-10-17,False
WL_0007361,CUST_000523,MOV_00306,2024-10-03,False
WL_0007362,CUST_000523,MOV_00369,2025-02-04,True
WL_0007363,CUST_000523,TVS_00114,2024-11-07,False
WL_0007364,CUST_000523,MOV_00407,2025-01-28,False
WL_0007365,CUST_000523,MOV_00248,2024-11-09,False
WL_0007366,CUST_000524,MOV_00017,2025-11-06,True
WL_0007367,CUST_000524,TVS_00007,2026-03-10,True
WL_0007368,CUST_000524,TVS_00168,2026-03-03,False
WL_0007369,CUST_000524,MOV_00434,2026-01-12,False
WL_0007370,CUST_000524,TVS_00192,2025-10-13,False
WL_0007371,CUST_000524,MOV_00422,2025-12-03,False
WL_0007372,CUST_000524,MOV_00300,2025-09-22,True
WL_0007373,CUST_000524,MOV_00492,2025-12-29,True
WL_0007374,CUST_000524,MOV_00430,2026-03-03,False
WL_0007375,CUST_000524,MOV_00091,2025-12-13,False
WL_0007376,CUST_000524,MOV_00466,2026-01-26,True
WL_0007377,CUST_000524,MOV_00315,2026-01-06,False
WL_0007378,CUST_000524,TVS_00073,2025-10-12,False
WL_0007379,CUST_000525,MOV_00290,2025-04-27,False
WL_0007380,CUST_000525,MOV_00102,2025-05-07,True
WL_0007381,CUST_000525,MOV_00289,2025-10-21,True
WL_0007382,CUST_000525,MOV_00303,2025-06-30,True
WL_0007383,CUST_000525,MOV_00051,2025-09-30,False
WL_0007384,CUST_000526,MOV_00076,2026-01-19,False
WL_0007385,CUST_000526,MOV_00127,2025-04-04,True
WL_0007386,CUST_000526,MOV_00498,2025-07-28,True
WL_0007387,CUST_000526,MOV_00182,2025-12-18,False
WL_0007388,CUST_000526,MOV_00189,2025-11-28,True
WL_0007389,CUST_000526,MOV_00337,2025-12-01,False
WL_0007390,CUST_000526,TVS_00171,2026-01-27,False
WL_0007391,CUST_000527,TVS_00133,2025-02-18,False
WL_0007392,CUST_000527,MOV_00256,2025-03-26,False
WL_0007393,CUST_000527,TVS_00030,2025-04-08,True
WL_0007394,CUST_000527,TVS_00026,2025-02-26,True
WL_0007395,CUST_000527,TVS_00108,2025-02-07,False
WL_0007396,CUST_000527,TVS_00075,2025-04-12,False
WL_0007397,CUST_000528,MOV_00494,2025-11-18,False
WL_0007398,CUST_000528,MOV_00129,2025-10-01,True
WL_0007399,CUST_000528,MOV_00453,2025-12-11,True
WL_0007400,CUST_000528,MOV_00052,2025-09-08,True
WL_0007401,CUST_000528,MOV_00494,2025-12-23,False
WL_0007402,CUST_000528,MOV_00006,2025-10-12,False
WL_0007403,CUST_000528,MOV_00306,2026-02-17,False
WL_0007404,CUST_000528,TVS_00023,2026-01-02,True
WL_0007405,CUST_000528,MOV_00179,2025-12-25,False
WL_0007406,CUST_000528,MOV_00427,2025-10-11,True
WL_0007407,CUST_000528,TVS_00142,2025-07-19,True
WL_0007408,CUST_000528,MOV_00226,2025-12-19,False
WL_0007409,CUST_000528,MOV_00166,2025-11-13,True
WL_0007410,CUST_000529,MOV_00038,2026-01-13,False
WL_0007411,CUST_000529,MOV_00322,2025-11-18,True
WL_0007412,CUST_000529,MOV_00401,2026-01-31,False
WL_0007413,CUST_000529,MOV_00284,2025-11-19,False
WL_0007414,CUST_000529,MOV_00129,2025-12-02,True
WL_0007415,CUST_000529,MOV_00466,2026-02-08,False
WL_0007416,CUST_000529,MOV_00352,2025-12-20,True
WL_0007417,CUST_000529,MOV_00211,2025-11-24,True
WL_0007418,CUST_000529,MOV_00054,2026-03-19,True
WL_0007419,CUST_000529,MOV_00338,2025-12-25,True
WL_0007420,CUST_000529,MOV_00011,2026-03-30,True
WL_0007421,CUST_000529,MOV_00191,2026-02-01,False
WL_0007422,CUST_000529,MOV_00069,2026-04-01,True
WL_0007423,CUST_000529,MOV_00338,2025-12-17,True
WL_0007424,CUST_000529,MOV_00083,2025-12-13,False
WL_0007425,CUST_000529,TVS_00097,2025-12-29,True
WL_0007426,CUST_000529,MOV_00207,2026-02-03,False
WL_0007427,CUST_000529,MOV_00452,2025-11-19,True
WL_0007428,CUST_000529,MOV_00345,2025-11-19,False
WL_0007429,CUST_000529,MOV_00469,2025-12-24,True
WL_0007430,CUST_000529,TVS_00124,2026-03-26,False
WL_0007431,CUST_000529,MOV_00265,2026-01-21,True
WL_0007432,CUST_000530,TVS_00055,2025-09-21,True
WL_0007433,CUST_000530,TVS_00155,2025-11-07,True
WL_0007434,CUST_000530,TVS_00112,2025-11-16,True
WL_0007435,CUST_000530,MOV_00366,2026-01-18,False
WL_0007436,CUST_000530,TVS_00150,2025-12-27,True
WL_0007437,CUST_000530,MOV_00248,2026-01-21,True
WL_0007438,CUST_000530,TVS_00016,2026-02-25,True
WL_0007439,CUST_000530,MOV_00293,2025-12-03,True
WL_0007440,CUST_000530,MOV_00040,2026-03-30,True
WL_0007441,CUST_000530,MOV_00405,2026-03-14,False
WL_0007442,CUST_000530,MOV_00174,2026-02-03,True
WL_0007443,CUST_000531,TVS_00182,2026-04-06,True
WL_0007444,CUST_000531,MOV_00483,2026-04-09,False
WL_0007445,CUST_000531,MOV_00140,2026-02-09,False
WL_0007446,CUST_000531,TVS_00187,2025-12-05,True
WL_0007447,CUST_000531,TVS_00043,2026-03-07,True
WL_0007448,CUST_000531,MOV_00307,2025-12-02,True
WL_0007449,CUST_000531,TVS_00195,2025-12-30,True
WL_0007450,CUST_000531,MOV_00442,2026-01-31,True
WL_0007451,CUST_000531,MOV_00490,2025-12-16,True
WL_0007452,CUST_000531,TVS_00133,2025-12-11,True
WL_0007453,CUST_000531,MOV_00366,2025-12-04,True
WL_0007454,CUST_000531,MOV_00269,2026-01-03,True
WL_0007455,CUST_000531,TVS_00112,2026-02-24,False
WL_0007456,CUST_000531,TVS_00012,2026-03-22,True
WL_0007457,CUST_000531,MOV_00024,2026-02-26,True
WL_0007458,CUST_000531,MOV_00043,2026-02-11,False
WL_0007459,CUST_000531,TVS_00035,2025-12-15,False
WL_0007460,CUST_000531,TVS_00014,2026-03-25,True
WL_0007461,CUST_000531,MOV_00256,2025-11-24,True
WL_0007462,CUST_000531,MOV_00248,2026-02-05,False
WL_0007463,CUST_000532,MOV_00362,2025-12-30,True
WL_0007464,CUST_000532,MOV_00029,2025-03-24,True
WL_0007465,CUST_000532,MOV_00469,2025-11-15,False
WL_0007466,CUST_000532,MOV_00029,2026-03-16,True
WL_0007467,CUST_000532,MOV_00297,2026-01-02,False
WL_0007468,CUST_000532,MOV_00047,2025-09-22,False
WL_0007469,CUST_000532,MOV_00429,2024-12-03,True
WL_0007470,CUST_000532,MOV_00429,2025-01-22,True
WL_0007471,CUST_000532,MOV_00469,2024-12-29,True
WL_0007472,CUST_000533,MOV_00275,2025-10-31,True
WL_0007473,CUST_000533,MOV_00165,2025-08-12,False
WL_0007474,CUST_000533,MOV_00221,2024-11-11,True
WL_0007475,CUST_000533,MOV_00281,2025-02-05,False
WL_0007476,CUST_000533,MOV_00403,2025-09-05,False
WL_0007477,CUST_000533,MOV_00444,2025-09-25,True
WL_0007478,CUST_000533,MOV_00086,2026-03-21,True
WL_0007479,CUST_000533,TVS_00122,2025-04-06,True
WL_0007480,CUST_000533,TVS_00130,2026-02-25,True
WL_0007481,CUST_000533,MOV_00046,2026-03-05,False
WL_0007482,CUST_000533,MOV_00186,2025-10-17,True
WL_0007483,CUST_000533,TVS_00085,2025-03-21,False
WL_0007484,CUST_000533,MOV_00037,2025-10-13,True
WL_0007485,CUST_000533,MOV_00145,2025-07-22,True
WL_0007486,CUST_000533,MOV_00099,2025-01-23,True
WL_0007487,CUST_000533,MOV_00342,2026-03-22,False
WL_0007488,CUST_000533,MOV_00045,2024-12-17,False
WL_0007489,CUST_000533,MOV_00136,2026-03-03,True
WL_0007490,CUST_000533,MOV_00039,2025-09-02,True
WL_0007491,CUST_000533,MOV_00432,2026-02-19,True
WL_0007492,CUST_000533,MOV_00119,2024-10-06,False
WL_0007493,CUST_000533,MOV_00221,2024-09-28,True
WL_0007494,CUST_000533,MOV_00201,2025-07-17,True
WL_0007495,CUST_000534,MOV_00053,2026-01-07,True
WL_0007496,CUST_000534,TVS_00062,2026-01-17,True
WL_0007497,CUST_000534,MOV_00445,2026-01-30,True
WL_0007498,CUST_000534,MOV_00062,2026-01-25,True
WL_0007499,CUST_000534,TVS_00001,2026-02-23,True
WL_0007500,CUST_000534,MOV_00095,2025-12-29,False
WL_0007501,CUST_000534,MOV_00318,2026-03-12,False
WL_0007502,CUST_000534,MOV_00174,2026-02-05,False
WL_0007503,CUST_000534,MOV_00151,2026-01-05,True
WL_0007504,CUST_000535,MOV_00290,2026-03-18,True
WL_0007505,CUST_000535,MOV_00400,2026-03-20,True
WL_0007506,CUST_000535,TVS_00080,2026-04-04,True
WL_0007507,CUST_000535,MOV_00200,2026-04-07,False
WL_0007508,CUST_000535,TVS_00090,2026-03-21,True
WL_0007509,CUST_000535,MOV_00059,2026-03-30,True
WL_0007510,CUST_000535,MOV_00001,2026-04-08,False
WL_0007511,CUST_000535,MOV_00210,2026-03-18,True
WL_0007512,CUST_000535,MOV_00465,2026-03-16,False
WL_0007513,CUST_000536,MOV_00499,2026-01-05,True
WL_0007514,CUST_000536,MOV_00340,2026-02-14,True
WL_0007515,CUST_000536,TVS_00117,2026-02-13,False
WL_0007516,CUST_000536,MOV_00447,2025-08-25,True
WL_0007517,CUST_000536,MOV_00384,2026-03-22,True
WL_0007518,CUST_000536,MOV_00499,2025-12-09,True
WL_0007519,CUST_000536,TVS_00073,2025-10-22,True
WL_0007520,CUST_000536,MOV_00499,2025-11-27,True
WL_0007521,CUST_000536,MOV_00196,2026-01-09,True
WL_0007522,CUST_000536,MOV_00012,2025-12-21,True
WL_0007523,CUST_000536,MOV_00027,2026-02-05,True
WL_0007524,CUST_000536,MOV_00000,2026-04-05,False
WL_0007525,CUST_000536,MOV_00168,2026-01-24,True
WL_0007526,CUST_000536,MOV_00266,2025-12-01,True
WL_0007527,CUST_000536,MOV_00027,2025-11-09,False
WL_0007528,CUST_000536,MOV_00244,2026-03-01,False
WL_0007529,CUST_000536,MOV_00399,2026-02-15,True
WL_0007530,CUST_000536,TVS_00037,2026-01-29,False
WL_0007531,CUST_000536,MOV_00210,2025-11-27,True
WL_0007532,CUST_000536,MOV_00498,2026-01-19,False
WL_0007533,CUST_000536,MOV_00107,2026-02-28,True
WL_0007534,CUST_000536,MOV_00111,2025-11-11,True
WL_0007535,CUST_000536,TVS_00068,2026-01-19,True
WL_0007536,CUST_000536,TVS_00192,2026-02-07,False
WL_0007537,CUST_000537,MOV_00456,2025-10-13,True
WL_0007538,CUST_000537,TVS_00099,2025-05-16,True
WL_0007539,CUST_000537,MOV_00058,2025-07-04,False
WL_0007540,CUST_000537,MOV_00244,2025-12-28,True
WL_0007541,CUST_000537,MOV_00262,2025-09-27,False
WL_0007542,CUST_000537,TVS_00022,2025-12-20,True
WL_0007543,CUST_000537,MOV_00237,2025-05-27,True
WL_0007544,CUST_000537,MOV_00451,2025-11-19,True
WL_0007545,CUST_000537,MOV_00168,2025-08-14,True
WL_0007546,CUST_000537,MOV_00168,2026-01-25,True
WL_0007547,CUST_000537,TVS_00143,2026-02-28,True
WL_0007548,CUST_000538,TVS_00051,2025-12-30,True
WL_0007549,CUST_000538,MOV_00033,2025-11-01,False
WL_0007550,CUST_000538,MOV_00201,2025-04-06,False
WL_0007551,CUST_000538,TVS_00003,2026-04-03,True
WL_0007552,CUST_000539,TVS_00048,2025-12-19,False
WL_0007553,CUST_000539,MOV_00192,2026-03-23,False
WL_0007554,CUST_000539,TVS_00034,2026-01-20,True
WL_0007555,CUST_000540,MOV_00109,2024-09-18,True
WL_0007556,CUST_000540,MOV_00262,2025-09-18,False
WL_0007557,CUST_000540,MOV_00301,2024-12-17,False
WL_0007558,CUST_000540,TVS_00188,2025-02-05,True
WL_0007559,CUST_000540,MOV_00042,2026-01-29,False
WL_0007560,CUST_000540,TVS_00059,2024-09-07,True
WL_0007561,CUST_000540,MOV_00435,2024-09-03,True
WL_0007562,CUST_000540,MOV_00014,2025-06-06,True
WL_0007563,CUST_000540,MOV_00444,2025-11-09,True
WL_0007564,CUST_000540,MOV_00053,2025-10-10,False
WL_0007565,CUST_000540,MOV_00389,2026-01-13,True
WL_0007566,CUST_000540,TVS_00112,2024-11-23,True
WL_0007567,CUST_000540,MOV_00401,2025-10-10,True
WL_0007568,CUST_000540,TVS_00182,2024-12-22,True
WL_0007569,CUST_000540,MOV_00070,2025-12-14,True
WL_0007570,CUST_000540,MOV_00107,2025-08-27,False
WL_0007571,CUST_000541,TVS_00081,2024-08-09,True
WL_0007572,CUST_000541,MOV_00348,2025-07-05,True
WL_0007573,CUST_000541,MOV_00055,2026-01-13,True
WL_0007574,CUST_000541,MOV_00330,2024-12-11,True
WL_0007575,CUST_000541,MOV_00016,2025-12-24,False
WL_0007576,CUST_000541,TVS_00054,2024-11-29,False
WL_0007577,CUST_000541,TVS_00127,2025-11-04,True
WL_0007578,CUST_000541,MOV_00157,2026-03-22,True
WL_0007579,CUST_000541,MOV_00439,2024-07-04,True
WL_0007580,CUST_000541,MOV_00185,2025-11-05,True
WL_0007581,CUST_000541,MOV_00036,2024-12-20,False
WL_0007582,CUST_000541,MOV_00200,2025-05-19,True
WL_0007583,CUST_000541,TVS_00059,2025-06-12,False
WL_0007584,CUST_000541,TVS_00030,2026-02-05,True
WL_0007585,CUST_000541,MOV_00347,2026-01-02,True
WL_0007586,CUST_000541,MOV_00232,2024-12-18,True
WL_0007587,CUST_000541,MOV_00351,2026-01-25,False
WL_0007588,CUST_000541,MOV_00298,2024-08-07,True
WL_0007589,CUST_000541,MOV_00185,2026-01-09,True
WL_0007590,CUST_000541,TVS_00085,2024-10-24,True
WL_0007591,CUST_000542,TVS_00126,2024-11-27,True
WL_0007592,CUST_000542,MOV_00020,2025-01-22,False
WL_0007593,CUST_000542,TVS_00037,2025-02-01,True
WL_0007594,CUST_000542,MOV_00298,2025-04-05,True
WL_0007595,CUST_000542,TVS_00064,2026-02-15,False
WL_0007596,CUST_000542,TVS_00064,2025-02-24,True
WL_0007597,CUST_000543,MOV_00226,2026-02-28,False
WL_0007598,CUST_000543,TVS_00190,2026-02-26,True
WL_0007599,CUST_000543,TVS_00147,2025-11-06,True
WL_0007600,CUST_000543,MOV_00452,2025-07-30,False
WL_0007601,CUST_000543,MOV_00479,2026-02-25,True
WL_0007602,CUST_000543,MOV_00476,2025-12-17,True
WL_0007603,CUST_000543,TVS_00025,2026-01-14,False
WL_0007604,CUST_000544,MOV_00191,2025-05-29,False
WL_0007605,CUST_000544,MOV_00374,2026-01-27,True
WL_0007606,CUST_000544,MOV_00129,2025-10-03,True
WL_0007607,CUST_000544,MOV_00454,2025-06-20,True
WL_0007608,CUST_000544,MOV_00459,2025-11-26,False
WL_0007609,CUST_000544,MOV_00082,2026-04-09,True
WL_0007610,CUST_000544,MOV_00166,2025-03-05,False
WL_0007611,CUST_000544,MOV_00394,2025-12-27,True
WL_0007612,CUST_000544,MOV_00167,2025-07-14,False
WL_0007613,CUST_000544,MOV_00221,2025-06-18,False
WL_0007614,CUST_000544,MOV_00041,2025-11-28,False
WL_0007615,CUST_000545,MOV_00324,2024-09-26,True
WL_0007616,CUST_000545,MOV_00361,2024-08-12,False
WL_0007617,CUST_000545,MOV_00441,2024-09-23,True
WL_0007618,CUST_000545,MOV_00316,2024-09-05,False
WL_0007619,CUST_000545,MOV_00089,2024-07-27,False
WL_0007620,CUST_000545,MOV_00238,2024-08-10,False
WL_0007621,CUST_000545,MOV_00411,2024-09-17,False
WL_0007622,CUST_000545,MOV_00359,2024-09-21,True
WL_0007623,CUST_000545,MOV_00161,2024-09-03,False
WL_0007624,CUST_000546,MOV_00161,2025-07-03,True
WL_0007625,CUST_000546,TVS_00146,2025-04-08,True
WL_0007626,CUST_000546,MOV_00329,2026-01-17,True
WL_0007627,CUST_000546,MOV_00041,2025-11-10,False
WL_0007628,CUST_000546,TVS_00185,2025-07-06,True
WL_0007629,CUST_000546,MOV_00402,2026-03-30,True
WL_0007630,CUST_000546,TVS_00026,2025-04-11,False
WL_0007631,CUST_000546,MOV_00487,2026-03-11,False
WL_0007632,CUST_000547,MOV_00331,2025-05-13,False
WL_0007633,CUST_000547,MOV_00080,2025-05-04,False
WL_0007634,CUST_000547,MOV_00032,2025-04-30,True
WL_0007635,CUST_000547,MOV_00304,2025-04-08,True
WL_0007636,CUST_000547,TVS_00198,2025-04-17,False
WL_0007637,CUST_000547,MOV_00183,2025-04-18,True
WL_0007638,CUST_000547,MOV_00158,2025-04-19,False
WL_0007639,CUST_000547,TVS_00141,2025-05-06,False
WL_0007640,CUST_000547,MOV_00146,2025-04-16,False
WL_0007641,CUST_000547,MOV_00043,2025-04-22,True
WL_0007642,CUST_000547,MOV_00343,2025-05-04,False
WL_0007643,CUST_000547,TVS_00189,2025-05-02,True
WL_0007644,CUST_000548,TVS_00194,2025-04-13,False
WL_0007645,CUST_000548,TVS_00144,2025-06-07,True
WL_0007646,CUST_000548,MOV_00353,2025-05-08,False
WL_0007647,CUST_000548,TVS_00057,2025-10-05,False
WL_0007648,CUST_000548,TVS_00102,2025-12-11,False
WL_0007649,CUST_000548,TVS_00021,2025-05-23,True
WL_0007650,CUST_000548,TVS_00064,2025-08-17,True
WL_0007651,CUST_000548,TVS_00063,2026-01-14,True
WL_0007652,CUST_000548,MOV_00147,2026-02-24,True
WL_0007653,CUST_000548,TVS_00144,2026-02-06,True
WL_0007654,CUST_000548,MOV_00049,2025-04-25,False
WL_0007655,CUST_000548,MOV_00392,2026-01-30,False
WL_0007656,CUST_000548,MOV_00109,2025-07-21,False
WL_0007657,CUST_000548,MOV_00231,2025-06-08,False
WL_0007658,CUST_000548,TVS_00057,2025-08-19,False
WL_0007659,CUST_000548,MOV_00286,2025-12-20,True
WL_0007660,CUST_000548,MOV_00371,2025-04-09,True
WL_0007661,CUST_000548,MOV_00425,2026-03-04,True
WL_0007662,CUST_000548,TVS_00093,2026-03-31,False
WL_0007663,CUST_000548,MOV_00197,2025-10-04,False
WL_0007664,CUST_000549,MOV_00267,2026-03-02,False
WL_0007665,CUST_000549,MOV_00058,2026-04-08,False
WL_0007666,CUST_000549,TVS_00020,2026-03-18,True
WL_0007667,CUST_000549,MOV_00406,2026-03-06,True
WL_0007668,CUST_000549,MOV_00000,2026-04-06,False
WL_0007669,CUST_000549,TVS_00034,2026-03-23,True
WL_0007670,CUST_000549,MOV_00284,2026-02-15,False
WL_0007671,CUST_000549,MOV_00135,2026-03-22,True
WL_0007672,CUST_000549,MOV_00291,2026-04-04,False
WL_0007673,CUST_000549,MOV_00233,2026-03-03,True
WL_0007674,CUST_000549,MOV_00049,2026-03-26,False
WL_0007675,CUST_000549,TVS_00125,2026-04-05,True
WL_0007676,CUST_000549,TVS_00144,2026-02-23,True
WL_0007677,CUST_000550,TVS_00180,2026-03-02,False
WL_0007678,CUST_000550,MOV_00392,2026-03-16,False
WL_0007679,CUST_000550,MOV_00361,2026-02-26,True
WL_0007680,CUST_000550,MOV_00042,2026-03-14,False
WL_0007681,CUST_000550,MOV_00150,2026-04-01,True
WL_0007682,CUST_000550,MOV_00049,2026-04-05,True
WL_0007683,CUST_000550,MOV_00023,2026-03-20,False
WL_0007684,CUST_000550,MOV_00077,2026-03-06,True
WL_0007685,CUST_000551,MOV_00427,2025-01-10,False
WL_0007686,CUST_000551,MOV_00250,2024-05-05,True
WL_0007687,CUST_000551,MOV_00425,2024-06-12,True
WL_0007688,CUST_000551,TVS_00176,2025-03-19,True
WL_0007689,CUST_000551,TVS_00134,2024-06-09,True
WL_0007690,CUST_000551,TVS_00017,2024-11-25,False
WL_0007691,CUST_000551,TVS_00185,2025-06-05,True
WL_0007692,CUST_000551,MOV_00227,2024-09-10,True
WL_0007693,CUST_000551,MOV_00223,2024-12-29,False
WL_0007694,CUST_000551,MOV_00415,2024-11-09,True
WL_0007695,CUST_000551,TVS_00134,2025-09-28,True
WL_0007696,CUST_000551,TVS_00041,2025-03-17,False
WL_0007697,CUST_000551,MOV_00454,2024-11-01,False
WL_0007698,CUST_000551,MOV_00496,2024-06-01,True
WL_0007699,CUST_000551,TVS_00030,2024-07-30,True
WL_0007700,CUST_000551,MOV_00454,2026-01-13,False
WL_0007701,CUST_000551,MOV_00118,2025-04-15,True
WL_0007702,CUST_000551,MOV_00414,2025-12-02,True
WL_0007703,CUST_000551,MOV_00252,2025-09-09,False
WL_0007704,CUST_000551,TVS_00074,2026-02-06,False
WL_0007705,CUST_000552,MOV_00293,2026-01-21,False
WL_0007706,CUST_000552,MOV_00470,2026-03-09,True
WL_0007707,CUST_000552,MOV_00019,2026-02-12,False
WL_0007708,CUST_000552,TVS_00072,2026-01-31,False
WL_0007709,CUST_000552,MOV_00024,2026-02-20,True
WL_0007710,CUST_000552,MOV_00233,2026-03-02,False
WL_0007711,CUST_000552,TVS_00030,2026-03-10,False
WL_0007712,CUST_000553,MOV_00308,2025-08-03,True
WL_0007713,CUST_000553,MOV_00207,2025-06-10,True
WL_0007714,CUST_000553,MOV_00493,2026-03-17,True
WL_0007715,CUST_000553,MOV_00004,2025-04-18,True
WL_0007716,CUST_000553,MOV_00432,2025-06-29,True
WL_0007717,CUST_000553,MOV_00324,2025-04-01,False
WL_0007718,CUST_000553,MOV_00246,2025-12-14,False
WL_0007719,CUST_000553,TVS_00078,2025-11-16,False
WL_0007720,CUST_000553,MOV_00430,2025-03-10,True
WL_0007721,CUST_000553,TVS_00125,2025-05-02,True
WL_0007722,CUST_000553,MOV_00110,2025-07-26,True
WL_0007723,CUST_000553,MOV_00251,2025-09-11,True
WL_0007724,CUST_000553,MOV_00329,2025-04-28,False
WL_0007725,CUST_000553,MOV_00448,2025-10-26,True
WL_0007726,CUST_000553,TVS_00129,2025-11-24,False
WL_0007727,CUST_000553,MOV_00320,2026-01-04,True
WL_0007728,CUST_000553,TVS_00163,2025-08-25,False
WL_0007729,CUST_000553,TVS_00020,2025-04-13,True
WL_0007730,CUST_000553,TVS_00077,2025-07-05,True
WL_0007731,CUST_000553,MOV_00269,2026-01-16,True
WL_0007732,CUST_000553,TVS_00188,2025-07-24,True
WL_0007733,CUST_000553,MOV_00452,2025-10-26,True
WL_0007734,CUST_000553,MOV_00099,2026-01-28,True
WL_0007735,CUST_000553,MOV_00207,2026-03-30,True
WL_0007736,CUST_000553,MOV_00004,2025-03-29,False
WL_0007737,CUST_000554,MOV_00475,2026-02-27,True
WL_0007738,CUST_000554,TVS_00090,2026-03-26,False
WL_0007739,CUST_000554,MOV_00103,2026-03-25,False
WL_0007740,CUST_000554,MOV_00073,2026-03-31,False
WL_0007741,CUST_000554,MOV_00121,2026-02-20,True
WL_0007742,CUST_000554,TVS_00164,2026-03-14,False
WL_0007743,CUST_000555,TVS_00048,2025-06-09,False
WL_0007744,CUST_000555,MOV_00488,2025-10-28,True
WL_0007745,CUST_000555,TVS_00021,2025-05-14,True
WL_0007746,CUST_000555,TVS_00058,2025-12-26,False
WL_0007747,CUST_000555,MOV_00247,2025-02-13,True
WL_0007748,CUST_000555,MOV_00120,2025-07-19,True
WL_0007749,CUST_000555,MOV_00339,2025-05-25,True
WL_0007750,CUST_000555,MOV_00278,2026-02-06,True
WL_0007751,CUST_000555,MOV_00319,2025-08-10,True
WL_0007752,CUST_000555,MOV_00313,2025-07-30,True
WL_0007753,CUST_000555,TVS_00102,2025-09-01,True
WL_0007754,CUST_000555,TVS_00116,2025-09-29,True
WL_0007755,CUST_000555,TVS_00172,2025-07-17,False
WL_0007756,CUST_000555,TVS_00037,2025-05-03,True
WL_0007757,CUST_000555,MOV_00216,2026-03-16,False
WL_0007758,CUST_000555,TVS_00026,2025-07-23,True
WL_0007759,CUST_000555,MOV_00174,2025-04-14,False
WL_0007760,CUST_000555,TVS_00180,2025-08-02,True
WL_0007761,CUST_000555,MOV_00497,2025-05-25,True
WL_0007762,CUST_000555,TVS_00115,2025-04-30,False
WL_0007763,CUST_000555,MOV_00374,2025-05-24,False
WL_0007764,CUST_000555,MOV_00226,2025-08-14,False
WL_0007765,CUST_000555,MOV_00499,2026-02-27,False
WL_0007766,CUST_000556,TVS_00128,2024-12-09,True
WL_0007767,CUST_000556,MOV_00447,2026-03-17,True
WL_0007768,CUST_000556,MOV_00376,2024-11-19,False
WL_0007769,CUST_000556,MOV_00132,2026-03-09,True
WL_0007770,CUST_000556,TVS_00098,2026-01-29,False
WL_0007771,CUST_000556,MOV_00095,2026-02-26,True
WL_0007772,CUST_000556,TVS_00142,2024-12-08,False
WL_0007773,CUST_000556,TVS_00069,2025-07-02,False
WL_0007774,CUST_000556,MOV_00447,2025-04-18,False
WL_0007775,CUST_000556,MOV_00387,2026-03-18,False
WL_0007776,CUST_000556,MOV_00396,2025-03-03,True
WL_0007777,CUST_000556,TVS_00041,2025-01-24,False
WL_0007778,CUST_000556,MOV_00021,2025-01-26,True
WL_0007779,CUST_000556,MOV_00091,2024-12-05,False
WL_0007780,CUST_000557,TVS_00019,2025-12-22,True
WL_0007781,CUST_000557,TVS_00067,2025-11-18,False
WL_0007782,CUST_000557,MOV_00125,2025-12-05,False
WL_0007783,CUST_000557,MOV_00270,2025-11-23,False
WL_0007784,CUST_000557,MOV_00469,2025-11-19,True
WL_0007785,CUST_000557,MOV_00319,2025-11-19,False
WL_0007786,CUST_000557,MOV_00273,2025-11-23,True
WL_0007787,CUST_000557,MOV_00217,2025-12-21,True
WL_0007788,CUST_000557,MOV_00330,2025-11-20,False
WL_0007789,CUST_000557,MOV_00328,2025-12-16,False
WL_0007790,CUST_000557,MOV_00203,2025-11-25,True
WL_0007791,CUST_000557,TVS_00076,2025-11-25,False
WL_0007792,CUST_000557,TVS_00039,2025-12-07,True
WL_0007793,CUST_000557,TVS_00167,2025-11-19,False
WL_0007794,CUST_000557,MOV_00296,2025-12-15,False
WL_0007795,CUST_000557,MOV_00233,2025-11-25,False
WL_0007796,CUST_000557,TVS_00198,2025-12-01,True
WL_0007797,CUST_000557,TVS_00189,2025-11-19,False
WL_0007798,CUST_000557,MOV_00438,2025-11-26,False
WL_0007799,CUST_000557,TVS_00189,2025-11-21,True
WL_0007800,CUST_000557,MOV_00088,2025-12-19,True
WL_0007801,CUST_000557,TVS_00046,2025-12-08,False
WL_0007802,CUST_000558,MOV_00424,2026-03-22,False
WL_0007803,CUST_000558,TVS_00027,2025-09-03,True
WL_0007804,CUST_000558,MOV_00332,2026-01-26,True
WL_0007805,CUST_000558,MOV_00010,2025-05-29,True
WL_0007806,CUST_000558,MOV_00350,2025-04-16,False
WL_0007807,CUST_000558,MOV_00464,2025-06-18,False
WL_0007808,CUST_000558,MOV_00128,2025-07-12,True
WL_0007809,CUST_000558,MOV_00098,2026-01-28,True
WL_0007810,CUST_000558,MOV_00351,2025-08-15,True
WL_0007811,CUST_000558,MOV_00351,2024-12-31,True
WL_0007812,CUST_000558,MOV_00076,2025-09-14,False
WL_0007813,CUST_000558,MOV_00229,2025-07-27,True
WL_0007814,CUST_000558,TVS_00079,2025-01-11,True
WL_0007815,CUST_000558,MOV_00016,2025-08-16,True
WL_0007816,CUST_000558,MOV_00046,2025-02-23,True
WL_0007817,CUST_000558,MOV_00124,2025-09-27,False
WL_0007818,CUST_000558,MOV_00145,2025-04-28,True
WL_0007819,CUST_000558,MOV_00136,2025-07-08,False
WL_0007820,CUST_000558,MOV_00303,2025-09-18,False
WL_0007821,CUST_000558,MOV_00264,2025-08-02,False
WL_0007822,CUST_000558,MOV_00090,2025-01-02,True
WL_0007823,CUST_000558,MOV_00322,2025-08-03,True
WL_0007824,CUST_000558,MOV_00334,2025-12-26,False
WL_0007825,CUST_000558,TVS_00052,2025-04-17,False
WL_0007826,CUST_000559,TVS_00121,2025-11-30,True
WL_0007827,CUST_000559,MOV_00053,2024-11-02,True
WL_0007828,CUST_000559,MOV_00029,2025-09-09,True
WL_0007829,CUST_000559,MOV_00183,2025-06-21,True
WL_0007830,CUST_000559,MOV_00258,2025-08-06,True
WL_0007831,CUST_000559,MOV_00089,2026-04-10,True
WL_0007832,CUST_000559,MOV_00093,2025-02-09,True
WL_0007833,CUST_000559,MOV_00126,2024-06-29,False
WL_0007834,CUST_000560,TVS_00155,2026-02-21,True
WL_0007835,CUST_000560,MOV_00431,2025-10-17,False
WL_0007836,CUST_000560,MOV_00053,2026-01-19,True
WL_0007837,CUST_000560,TVS_00150,2025-09-19,True
WL_0007838,CUST_000560,MOV_00046,2025-10-10,True
WL_0007839,CUST_000560,MOV_00386,2025-07-23,False
WL_0007840,CUST_000560,MOV_00248,2026-02-19,True
WL_0007841,CUST_000560,MOV_00306,2025-07-28,True
WL_0007842,CUST_000560,MOV_00188,2026-01-06,True
WL_0007843,CUST_000560,TVS_00161,2025-06-23,True
WL_0007844,CUST_000560,TVS_00018,2026-03-23,True
WL_0007845,CUST_000560,MOV_00232,2026-04-02,False
WL_0007846,CUST_000560,MOV_00089,2025-11-30,False
WL_0007847,CUST_000560,MOV_00239,2025-08-20,False
WL_0007848,CUST_000560,MOV_00107,2026-03-20,False
WL_0007849,CUST_000560,MOV_00113,2026-03-14,False
WL_0007850,CUST_000560,MOV_00346,2025-06-24,True
WL_0007851,CUST_000560,MOV_00486,2026-02-13,False
WL_0007852,CUST_000560,TVS_00041,2026-03-02,False
WL_0007853,CUST_000560,MOV_00185,2025-09-17,True
WL_0007854,CUST_000560,MOV_00069,2025-12-22,False
WL_0007855,CUST_000560,TVS_00071,2025-07-09,False
WL_0007856,CUST_000560,MOV_00047,2025-11-08,False
WL_0007857,CUST_000561,TVS_00188,2025-02-02,False
WL_0007858,CUST_000561,MOV_00456,2026-02-22,True
WL_0007859,CUST_000561,MOV_00109,2025-10-12,True
WL_0007860,CUST_000561,MOV_00083,2025-05-14,True
WL_0007861,CUST_000561,MOV_00206,2025-12-08,True
WL_0007862,CUST_000561,TVS_00093,2025-12-19,False
WL_0007863,CUST_000561,MOV_00480,2025-12-28,False
WL_0007864,CUST_000562,TVS_00078,2025-11-08,True
WL_0007865,CUST_000562,TVS_00070,2026-02-10,False
WL_0007866,CUST_000562,MOV_00002,2025-11-12,True
WL_0007867,CUST_000562,MOV_00026,2025-12-04,True
WL_0007868,CUST_000562,MOV_00327,2026-03-15,False
WL_0007869,CUST_000562,MOV_00132,2026-03-02,True
WL_0007870,CUST_000562,MOV_00052,2026-01-09,True
WL_0007871,CUST_000562,MOV_00069,2025-11-12,True
WL_0007872,CUST_000562,MOV_00418,2025-11-22,True
WL_0007873,CUST_000562,MOV_00085,2025-12-28,True
WL_0007874,CUST_000562,MOV_00003,2026-03-10,True
WL_0007875,CUST_000562,TVS_00140,2025-12-24,True
WL_0007876,CUST_000562,MOV_00319,2026-01-14,True
WL_0007877,CUST_000562,TVS_00003,2026-04-11,False
WL_0007878,CUST_000562,MOV_00264,2025-12-02,False
WL_0007879,CUST_000562,MOV_00243,2026-01-25,True
WL_0007880,CUST_000562,TVS_00162,2026-03-09,True
WL_0007881,CUST_000563,MOV_00038,2026-03-23,True
WL_0007882,CUST_000563,MOV_00400,2025-09-06,True
WL_0007883,CUST_000563,MOV_00124,2025-12-14,False
WL_0007884,CUST_000563,MOV_00426,2026-04-05,False
WL_0007885,CUST_000563,MOV_00487,2025-09-28,True
WL_0007886,CUST_000563,MOV_00282,2026-03-12,True
WL_0007887,CUST_000563,MOV_00195,2025-09-07,True
WL_0007888,CUST_000563,TVS_00158,2025-11-28,True
WL_0007889,CUST_000563,TVS_00141,2025-10-09,True
WL_0007890,CUST_000563,MOV_00384,2025-10-23,True
WL_0007891,CUST_000563,MOV_00104,2026-02-14,True
WL_0007892,CUST_000563,TVS_00171,2026-02-09,True
WL_0007893,CUST_000563,MOV_00147,2025-10-18,True
WL_0007894,CUST_000563,TVS_00011,2025-10-27,False
WL_0007895,CUST_000563,MOV_00483,2026-01-31,False
WL_0007896,CUST_000564,MOV_00279,2025-09-19,False
WL_0007897,CUST_000564,MOV_00274,2025-07-30,True
WL_0007898,CUST_000564,MOV_00033,2026-02-19,True
WL_0007899,CUST_000564,MOV_00093,2026-01-22,False
WL_0007900,CUST_000564,TVS_00126,2026-02-23,True
WL_0007901,CUST_000564,MOV_00410,2025-11-21,False
WL_0007902,CUST_000564,MOV_00414,2025-09-08,True
WL_0007903,CUST_000564,MOV_00477,2026-02-25,True
WL_0007904,CUST_000564,MOV_00329,2026-01-22,False
WL_0007905,CUST_000564,MOV_00326,2025-07-23,True
WL_0007906,CUST_000564,MOV_00377,2026-01-16,False
WL_0007907,CUST_000564,MOV_00178,2025-11-05,True
WL_0007908,CUST_000564,MOV_00295,2025-09-07,True
WL_0007909,CUST_000564,MOV_00370,2025-08-31,True
WL_0007910,CUST_000564,TVS_00044,2026-03-21,False
WL_0007911,CUST_000564,MOV_00166,2025-12-08,True
WL_0007912,CUST_000564,MOV_00255,2026-03-21,True
WL_0007913,CUST_000564,MOV_00385,2025-07-31,True
WL_0007914,CUST_000564,MOV_00279,2025-11-11,True
WL_0007915,CUST_000564,MOV_00274,2025-08-09,True
WL_0007916,CUST_000564,MOV_00340,2025-11-03,True
WL_0007917,CUST_000565,TVS_00099,2025-04-01,False
WL_0007918,CUST_000565,TVS_00051,2025-06-07,False
WL_0007919,CUST_000565,MOV_00009,2026-01-12,True
WL_0007920,CUST_000565,MOV_00168,2025-07-16,True
WL_0007921,CUST_000565,TVS_00111,2025-05-02,True
WL_0007922,CUST_000565,MOV_00450,2025-06-19,True
WL_0007923,CUST_000565,MOV_00117,2025-03-23,False
WL_0007924,CUST_000566,TVS_00108,2024-09-24,True
WL_0007925,CUST_000566,TVS_00123,2026-02-22,True
WL_0007926,CUST_000566,MOV_00037,2026-01-29,True
WL_0007927,CUST_000566,MOV_00105,2026-02-15,False
WL_0007928,CUST_000566,MOV_00140,2025-04-17,True
WL_0007929,CUST_000566,MOV_00158,2026-01-23,True
WL_0007930,CUST_000566,TVS_00039,2024-08-27,True
WL_0007931,CUST_000566,MOV_00219,2025-10-22,True
WL_0007932,CUST_000566,MOV_00361,2025-10-07,False
WL_0007933,CUST_000567,MOV_00294,2026-03-19,False
WL_0007934,CUST_000567,MOV_00306,2026-03-23,False
WL_0007935,CUST_000567,MOV_00070,2026-02-21,False
WL_0007936,CUST_000567,MOV_00185,2026-03-08,True
WL_0007937,CUST_000567,MOV_00188,2026-02-15,False
WL_0007938,CUST_000567,MOV_00047,2026-03-11,True
WL_0007939,CUST_000568,MOV_00157,2024-06-07,False
WL_0007940,CUST_000568,TVS_00081,2024-06-05,False
WL_0007941,CUST_000568,TVS_00059,2024-06-12,False
WL_0007942,CUST_000568,MOV_00182,2024-07-07,True
WL_0007943,CUST_000568,MOV_00291,2024-06-24,False
WL_0007944,CUST_000568,MOV_00235,2024-06-20,False
WL_0007945,CUST_000568,TVS_00064,2024-07-09,True
WL_0007946,CUST_000568,MOV_00412,2024-06-18,False
WL_0007947,CUST_000568,MOV_00120,2024-06-02,True
WL_0007948,CUST_000568,MOV_00255,2024-06-28,True
WL_0007949,CUST_000568,TVS_00016,2024-06-22,False
WL_0007950,CUST_000568,MOV_00279,2024-06-16,False
WL_0007951,CUST_000568,MOV_00101,2024-06-04,False
WL_0007952,CUST_000568,MOV_00435,2024-06-05,False
WL_0007953,CUST_000568,MOV_00189,2024-06-16,False
WL_0007954,CUST_000569,MOV_00129,2026-01-01,False
WL_0007955,CUST_000569,MOV_00243,2026-02-22,True
WL_0007956,CUST_000569,MOV_00311,2025-12-29,True
WL_0007957,CUST_000569,TVS_00111,2025-08-10,True
WL_0007958,CUST_000569,MOV_00350,2025-11-22,True
WL_0007959,CUST_000569,MOV_00401,2025-12-23,True
WL_0007960,CUST_000569,TVS_00034,2025-11-03,True
WL_0007961,CUST_000569,MOV_00072,2026-03-08,True
WL_0007962,CUST_000569,MOV_00248,2025-10-04,True
WL_0007963,CUST_000569,MOV_00072,2026-01-01,True
WL_0007964,CUST_000569,TVS_00171,2026-02-12,True
WL_0007965,CUST_000569,TVS_00012,2025-11-19,True
WL_0007966,CUST_000569,MOV_00078,2025-12-20,True
WL_0007967,CUST_000569,MOV_00227,2025-09-23,False
WL_0007968,CUST_000569,MOV_00306,2025-08-01,True
WL_0007969,CUST_000569,MOV_00195,2026-04-02,True
WL_0007970,CUST_000569,TVS_00182,2026-02-11,True
WL_0007971,CUST_000569,MOV_00306,2026-03-21,True
WL_0007972,CUST_000570,TVS_00076,2026-04-07,True
WL_0007973,CUST_000570,TVS_00097,2026-03-19,False
WL_0007974,CUST_000570,TVS_00150,2026-04-08,True
WL_0007975,CUST_000570,MOV_00342,2026-04-06,True
WL_0007976,CUST_000570,MOV_00134,2026-03-27,False
WL_0007977,CUST_000570,MOV_00021,2026-04-07,False
WL_0007978,CUST_000570,MOV_00142,2026-04-02,True
WL_0007979,CUST_000571,MOV_00019,2026-02-21,False
WL_0007980,CUST_000571,MOV_00090,2026-03-10,True
WL_0007981,CUST_000571,TVS_00135,2026-02-04,True
WL_0007982,CUST_000571,MOV_00197,2026-02-02,False
WL_0007983,CUST_000571,TVS_00154,2026-03-05,False
WL_0007984,CUST_000571,MOV_00456,2025-12-12,True
WL_0007985,CUST_000571,MOV_00299,2026-01-19,False
WL_0007986,CUST_000571,MOV_00497,2026-03-15,True
WL_0007987,CUST_000571,TVS_00135,2026-04-01,True
WL_0007988,CUST_000571,TVS_00196,2026-01-31,True
WL_0007989,CUST_000571,MOV_00005,2025-11-09,True
WL_0007990,CUST_000571,MOV_00221,2026-01-20,True
WL_0007991,CUST_000572,MOV_00394,2025-01-28,True
WL_0007992,CUST_000572,MOV_00400,2025-08-27,False
WL_0007993,CUST_000572,TVS_00084,2025-09-03,True
WL_0007994,CUST_000572,MOV_00478,2026-01-09,True
WL_0007995,CUST_000572,MOV_00163,2025-02-12,False
WL_0007996,CUST_000572,TVS_00030,2026-03-06,True
WL_0007997,CUST_000573,MOV_00223,2026-03-19,True
WL_0007998,CUST_000573,MOV_00488,2026-03-30,True
WL_0007999,CUST_000573,MOV_00103,2026-05-08,False
WL_0008000,CUST_000573,MOV_00326,2026-05-07,False
WL_0008001,CUST_000573,MOV_00068,2026-05-01,True
WL_0008002,CUST_000573,MOV_00094,2026-03-17,True
WL_0008003,CUST_000573,MOV_00230,2026-05-06,True
WL_0008004,CUST_000573,MOV_00387,2026-05-30,False
WL_0008005,CUST_000573,MOV_00451,2026-05-15,True
WL_0008006,CUST_000573,TVS_00069,2026-04-26,True
WL_0008007,CUST_000573,MOV_00234,2026-02-24,False
WL_0008008,CUST_000573,MOV_00365,2026-05-25,False
WL_0008009,CUST_000573,TVS_00163,2026-04-18,False
WL_0008010,CUST_000573,MOV_00107,2026-02-24,False
WL_0008011,CUST_000573,TVS_00042,2026-03-07,True
WL_0008012,CUST_000574,MOV_00229,2026-01-30,False
WL_0008013,CUST_000574,TVS_00120,2025-08-07,False
WL_0008014,CUST_000574,MOV_00107,2025-03-15,True
WL_0008015,CUST_000574,MOV_00200,2025-03-29,False
WL_0008016,CUST_000574,MOV_00002,2025-07-05,True
WL_0008017,CUST_000574,TVS_00121,2026-01-18,False
WL_0008018,CUST_000574,TVS_00140,2025-03-04,True
WL_0008019,CUST_000574,TVS_00117,2026-01-15,True
WL_0008020,CUST_000574,TVS_00140,2025-12-01,True
WL_0008021,CUST_000574,MOV_00462,2025-10-07,True
WL_0008022,CUST_000574,MOV_00125,2025-07-17,True
WL_0008023,CUST_000574,TVS_00142,2026-03-09,True
WL_0008024,CUST_000574,MOV_00347,2025-02-15,False
WL_0008025,CUST_000574,MOV_00144,2025-10-12,False
WL_0008026,CUST_000574,TVS_00006,2025-08-29,False
WL_0008027,CUST_000574,TVS_00120,2026-01-01,False
WL_0008028,CUST_000575,MOV_00427,2026-02-20,True
WL_0008029,CUST_000575,MOV_00398,2026-03-30,False
WL_0008030,CUST_000575,MOV_00290,2026-03-08,True
WL_0008031,CUST_000575,TVS_00005,2026-04-06,True
WL_0008032,CUST_000575,MOV_00170,2026-02-09,True
WL_0008033,CUST_000575,MOV_00105,2026-04-06,True
WL_0008034,CUST_000575,TVS_00134,2026-03-29,True
WL_0008035,CUST_000575,MOV_00267,2026-03-13,False
WL_0008036,CUST_000575,MOV_00051,2026-02-25,False
WL_0008037,CUST_000575,TVS_00133,2026-03-09,True
WL_0008038,CUST_000575,TVS_00051,2026-03-13,False
WL_0008039,CUST_000575,MOV_00303,2026-02-20,False
WL_0008040,CUST_000575,MOV_00092,2026-03-30,True
WL_0008041,CUST_000575,MOV_00409,2026-03-09,True
WL_0008042,CUST_000575,MOV_00431,2026-02-16,False
WL_0008043,CUST_000575,TVS_00007,2026-03-29,False
WL_0008044,CUST_000575,MOV_00305,2026-03-27,True
WL_0008045,CUST_000575,MOV_00158,2026-02-13,True
WL_0008046,CUST_000575,TVS_00111,2026-04-03,False
WL_0008047,CUST_000575,MOV_00060,2026-02-27,False
WL_0008048,CUST_000575,MOV_00043,2026-03-29,True
WL_0008049,CUST_000575,MOV_00015,2026-02-27,True
WL_0008050,CUST_000576,MOV_00409,2025-10-16,False
WL_0008051,CUST_000576,MOV_00126,2025-11-23,False
WL_0008052,CUST_000576,TVS_00078,2025-12-06,True
WL_0008053,CUST_000576,TVS_00149,2025-11-09,False
WL_0008054,CUST_000576,MOV_00406,2025-12-21,True
WL_0008055,CUST_000576,MOV_00084,2026-04-02,True
WL_0008056,CUST_000576,MOV_00457,2025-10-23,False
WL_0008057,CUST_000576,MOV_00024,2026-01-05,False
WL_0008058,CUST_000576,TVS_00050,2025-10-20,True
WL_0008059,CUST_000577,MOV_00482,2026-04-03,True
WL_0008060,CUST_000577,MOV_00070,2026-04-02,False
WL_0008061,CUST_000577,MOV_00227,2026-03-23,False
WL_0008062,CUST_000577,MOV_00045,2026-04-02,False
WL_0008063,CUST_000577,MOV_00199,2026-03-31,False
WL_0008064,CUST_000577,MOV_00354,2026-03-23,False
WL_0008065,CUST_000577,MOV_00042,2026-03-30,False
WL_0008066,CUST_000577,TVS_00190,2026-03-16,True
WL_0008067,CUST_000578,TVS_00068,2026-01-27,False
WL_0008068,CUST_000578,MOV_00255,2026-01-11,True
WL_0008069,CUST_000578,MOV_00251,2025-11-01,True
WL_0008070,CUST_000578,MOV_00343,2026-02-01,True
WL_0008071,CUST_000578,TVS_00169,2026-01-13,True
WL_0008072,CUST_000578,MOV_00465,2025-07-14,True
WL_0008073,CUST_000578,MOV_00255,2026-01-18,True
WL_0008074,CUST_000578,MOV_00454,2025-08-20,True
WL_0008075,CUST_000579,MOV_00174,2026-04-09,True
WL_0008076,CUST_000579,TVS_00188,2026-01-12,True
WL_0008077,CUST_000579,TVS_00058,2026-02-20,True
WL_0008078,CUST_000579,MOV_00318,2026-03-17,True
WL_0008079,CUST_000579,TVS_00093,2026-03-04,False
WL_0008080,CUST_000579,MOV_00147,2026-04-09,False
WL_0008081,CUST_000579,MOV_00085,2026-03-16,False
WL_0008082,CUST_000579,MOV_00407,2026-03-05,False
WL_0008083,CUST_000579,MOV_00236,2026-01-30,False
WL_0008084,CUST_000579,MOV_00306,2026-01-30,False
WL_0008085,CUST_000579,MOV_00438,2025-12-27,True
WL_0008086,CUST_000579,MOV_00450,2026-01-25,True
WL_0008087,CUST_000579,TVS_00093,2026-03-24,False
WL_0008088,CUST_000579,TVS_00107,2026-01-02,True
WL_0008089,CUST_000579,MOV_00167,2026-01-19,True
WL_0008090,CUST_000579,MOV_00174,2026-03-24,False
WL_0008091,CUST_000579,TVS_00107,2026-02-06,True
WL_0008092,CUST_000579,MOV_00008,2026-02-02,False
WL_0008093,CUST_000579,TVS_00166,2026-01-19,True
WL_0008094,CUST_000579,MOV_00306,2026-01-26,True
WL_0008095,CUST_000579,MOV_00163,2026-01-19,True
WL_0008096,CUST_000579,MOV_00248,2026-03-17,False
WL_0008097,CUST_000579,TVS_00153,2026-04-08,False
WL_0008098,CUST_000579,MOV_00139,2026-01-03,True
WL_0008099,CUST_000580,MOV_00002,2026-02-19,True
WL_0008100,CUST_000580,MOV_00355,2025-09-13,False
WL_0008101,CUST_000580,MOV_00112,2024-09-14,True
WL_0008102,CUST_000580,TVS_00131,2024-12-20,False
WL_0008103,CUST_000580,MOV_00338,2025-10-13,True
WL_0008104,CUST_000580,MOV_00344,2025-07-09,True
WL_0008105,CUST_000580,MOV_00167,2024-10-04,True
WL_0008106,CUST_000581,TVS_00178,2026-04-03,False
WL_0008107,CUST_000581,MOV_00104,2025-08-28,False
WL_0008108,CUST_000581,MOV_00368,2025-10-15,True
WL_0008109,CUST_000581,MOV_00275,2026-01-04,True
WL_0008110,CUST_000581,TVS_00153,2025-12-01,True
WL_0008111,CUST_000581,MOV_00485,2026-04-08,True
WL_0008112,CUST_000581,MOV_00263,2025-07-27,False
WL_0008113,CUST_000581,MOV_00004,2025-07-06,False
WL_0008114,CUST_000581,MOV_00294,2025-08-31,True
WL_0008115,CUST_000581,TVS_00113,2026-03-20,False
WL_0008116,CUST_000581,TVS_00146,2025-09-24,False
WL_0008117,CUST_000581,MOV_00465,2026-01-31,True
WL_0008118,CUST_000581,MOV_00030,2025-08-15,True
WL_0008119,CUST_000581,TVS_00132,2025-10-16,False
WL_0008120,CUST_000581,MOV_00277,2026-03-07,False
WL_0008121,CUST_000581,MOV_00042,2026-02-21,True
WL_0008122,CUST_000581,TVS_00059,2025-09-11,True
WL_0008123,CUST_000581,MOV_00046,2025-09-24,True
WL_0008124,CUST_000581,MOV_00129,2025-11-26,True
WL_0008125,CUST_000581,MOV_00048,2025-08-06,True
WL_0008126,CUST_000581,MOV_00206,2025-09-26,False
WL_0008127,CUST_000581,TVS_00001,2026-03-20,False
WL_0008128,CUST_000581,MOV_00209,2025-07-01,True
WL_0008129,CUST_000581,MOV_00010,2025-12-12,True
WL_0008130,CUST_000582,TVS_00136,2026-03-09,False
WL_0008131,CUST_000582,TVS_00131,2026-03-03,False
WL_0008132,CUST_000582,MOV_00347,2026-03-23,False
WL_0008133,CUST_000582,MOV_00216,2026-04-02,True
WL_0008134,CUST_000582,MOV_00207,2026-03-19,True
WL_0008135,CUST_000582,MOV_00022,2026-03-10,True
WL_0008136,CUST_000582,TVS_00190,2026-03-27,False
WL_0008137,CUST_000582,TVS_00140,2026-03-17,False
WL_0008138,CUST_000582,TVS_00136,2026-03-12,False
WL_0008139,CUST_000582,MOV_00032,2026-03-02,True
WL_0008140,CUST_000582,MOV_00079,2026-03-27,False
WL_0008141,CUST_000583,MOV_00357,2026-02-14,True
WL_0008142,CUST_000583,MOV_00076,2025-09-20,False
WL_0008143,CUST_000583,MOV_00288,2025-11-04,True
WL_0008144,CUST_000583,MOV_00063,2025-11-20,True
WL_0008145,CUST_000583,MOV_00408,2025-09-14,True
WL_0008146,CUST_000583,MOV_00135,2025-12-02,False
WL_0008147,CUST_000583,MOV_00057,2026-01-15,True
WL_0008148,CUST_000583,MOV_00244,2025-09-23,True
WL_0008149,CUST_000583,MOV_00492,2025-11-17,True
WL_0008150,CUST_000583,MOV_00106,2026-02-08,False
WL_0008151,CUST_000583,MOV_00051,2025-10-09,True
WL_0008152,CUST_000583,MOV_00046,2025-09-04,True
WL_0008153,CUST_000583,MOV_00441,2026-03-16,False
WL_0008154,CUST_000583,TVS_00115,2026-03-01,False
WL_0008155,CUST_000583,TVS_00047,2025-09-27,False
WL_0008156,CUST_000583,MOV_00003,2026-03-15,False
WL_0008157,CUST_000583,MOV_00358,2026-03-27,False
WL_0008158,CUST_000583,MOV_00159,2025-12-14,True
WL_0008159,CUST_000583,MOV_00182,2025-09-08,True
WL_0008160,CUST_000583,TVS_00036,2025-11-04,True
WL_0008161,CUST_000583,MOV_00159,2026-04-03,True
WL_0008162,CUST_000583,MOV_00351,2026-01-03,False
WL_0008163,CUST_000583,MOV_00055,2026-03-14,True
WL_0008164,CUST_000583,MOV_00127,2026-03-15,True
WL_0008165,CUST_000583,MOV_00229,2026-01-07,False
WL_0008166,CUST_000584,MOV_00173,2025-03-02,True
WL_0008167,CUST_000584,MOV_00102,2025-06-21,True
WL_0008168,CUST_000584,MOV_00140,2026-02-01,True
WL_0008169,CUST_000584,MOV_00194,2025-06-13,True
WL_0008170,CUST_000584,MOV_00190,2025-08-01,True
WL_0008171,CUST_000584,TVS_00056,2026-01-09,True
WL_0008172,CUST_000584,MOV_00290,2025-10-17,True
WL_0008173,CUST_000584,MOV_00223,2025-10-27,True
WL_0008174,CUST_000584,TVS_00106,2025-03-21,True
WL_0008175,CUST_000584,MOV_00023,2025-01-10,False
WL_0008176,CUST_000584,MOV_00024,2025-04-18,True
WL_0008177,CUST_000584,MOV_00100,2026-04-07,True
WL_0008178,CUST_000584,MOV_00289,2026-04-09,True
WL_0008179,CUST_000584,TVS_00089,2026-02-21,True
WL_0008180,CUST_000584,TVS_00137,2025-12-12,True
WL_0008181,CUST_000585,MOV_00255,2025-09-14,True
WL_0008182,CUST_000585,MOV_00212,2026-01-14,True
WL_0008183,CUST_000585,TVS_00053,2025-11-10,True
WL_0008184,CUST_000585,MOV_00262,2025-05-17,False
WL_0008185,CUST_000585,MOV_00421,2025-12-25,False
WL_0008186,CUST_000585,MOV_00272,2025-07-05,True
WL_0008187,CUST_000585,MOV_00359,2025-12-05,True
WL_0008188,CUST_000585,MOV_00325,2026-01-16,False
WL_0008189,CUST_000585,MOV_00451,2025-05-20,True
WL_0008190,CUST_000585,MOV_00014,2025-12-24,True
WL_0008191,CUST_000585,MOV_00404,2026-04-09,False
WL_0008192,CUST_000585,MOV_00272,2025-08-21,False
WL_0008193,CUST_000585,MOV_00097,2026-01-14,False
WL_0008194,CUST_000585,MOV_00194,2025-07-13,True
WL_0008195,CUST_000585,MOV_00468,2025-12-14,True
WL_0008196,CUST_000585,MOV_00398,2026-03-05,True
WL_0008197,CUST_000585,MOV_00429,2025-06-24,True
WL_0008198,CUST_000585,TVS_00113,2025-10-23,True
WL_0008199,CUST_000586,TVS_00178,2025-11-13,True
WL_0008200,CUST_000586,MOV_00009,2025-12-09,True
WL_0008201,CUST_000586,MOV_00065,2026-04-10,True
WL_0008202,CUST_000586,TVS_00112,2025-12-15,True
WL_0008203,CUST_000586,MOV_00281,2026-01-19,True
WL_0008204,CUST_000586,MOV_00147,2025-11-07,True
WL_0008205,CUST_000586,MOV_00014,2025-03-09,False
WL_0008206,CUST_000586,TVS_00108,2025-11-10,True
WL_0008207,CUST_000586,MOV_00309,2025-10-18,True
WL_0008208,CUST_000586,TVS_00016,2025-08-14,False
WL_0008209,CUST_000586,TVS_00186,2025-01-06,False
WL_0008210,CUST_000586,MOV_00145,2025-10-07,True
WL_0008211,CUST_000586,MOV_00318,2025-12-16,True
WL_0008212,CUST_000586,TVS_00028,2025-12-04,True
WL_0008213,CUST_000586,MOV_00293,2025-05-26,False
WL_0008214,CUST_000586,MOV_00028,2025-07-20,True
WL_0008215,CUST_000586,MOV_00065,2025-02-24,True
WL_0008216,CUST_000586,MOV_00272,2025-12-30,True
WL_0008217,CUST_000586,MOV_00480,2025-11-28,False
WL_0008218,CUST_000586,MOV_00058,2025-04-30,False
WL_0008219,CUST_000586,MOV_00021,2026-03-23,False
WL_0008220,CUST_000586,TVS_00158,2025-03-14,True
WL_0008221,CUST_000586,MOV_00105,2026-03-01,False
WL_0008222,CUST_000586,MOV_00197,2026-01-04,True
WL_0008223,CUST_000586,MOV_00137,2025-07-13,False
WL_0008224,CUST_000587,TVS_00183,2026-01-13,False
WL_0008225,CUST_000587,MOV_00047,2025-11-28,False
WL_0008226,CUST_000587,MOV_00389,2025-10-02,False
WL_0008227,CUST_000587,MOV_00418,2025-08-08,False
WL_0008228,CUST_000587,TVS_00072,2025-12-16,False
WL_0008229,CUST_000587,TVS_00143,2024-11-30,True
WL_0008230,CUST_000587,MOV_00289,2025-08-18,False
WL_0008231,CUST_000587,MOV_00439,2025-03-01,True
WL_0008232,CUST_000587,TVS_00030,2025-03-19,False
WL_0008233,CUST_000587,MOV_00340,2026-01-26,True
WL_0008234,CUST_000587,TVS_00037,2024-10-24,False
WL_0008235,CUST_000587,TVS_00076,2025-09-23,True
WL_0008236,CUST_000587,TVS_00082,2025-06-14,True
WL_0008237,CUST_000587,MOV_00455,2025-08-14,False
WL_0008238,CUST_000587,TVS_00000,2025-01-20,True
WL_0008239,CUST_000587,MOV_00236,2024-09-13,False
WL_0008240,CUST_000587,TVS_00044,2026-03-17,False
WL_0008241,CUST_000587,TVS_00076,2026-01-27,False
WL_0008242,CUST_000587,MOV_00455,2026-01-15,False
WL_0008243,CUST_000588,MOV_00156,2025-08-22,False
WL_0008244,CUST_000588,MOV_00372,2025-05-29,False
WL_0008245,CUST_000588,MOV_00044,2025-08-22,True
WL_0008246,CUST_000589,TVS_00006,2025-08-15,False
WL_0008247,CUST_000589,MOV_00317,2026-04-04,True
WL_0008248,CUST_000589,MOV_00263,2025-02-21,True
WL_0008249,CUST_000589,MOV_00093,2025-01-17,True
WL_0008250,CUST_000589,MOV_00001,2024-06-29,True
WL_0008251,CUST_000589,MOV_00121,2026-03-02,True
WL_0008252,CUST_000589,MOV_00182,2025-05-26,False
WL_0008253,CUST_000589,MOV_00001,2025-03-17,True
WL_0008254,CUST_000589,MOV_00273,2024-11-28,False
WL_0008255,CUST_000589,MOV_00002,2025-11-26,False
WL_0008256,CUST_000589,MOV_00298,2025-11-02,False
WL_0008257,CUST_000589,TVS_00104,2025-12-14,True
WL_0008258,CUST_000589,TVS_00116,2024-10-23,False
WL_0008259,CUST_000589,TVS_00179,2024-10-05,True
WL_0008260,CUST_000589,TVS_00019,2025-11-12,False
WL_0008261,CUST_000589,MOV_00471,2024-11-12,True
WL_0008262,CUST_000589,MOV_00389,2025-02-04,True
WL_0008263,CUST_000590,TVS_00162,2024-12-23,True
WL_0008264,CUST_000590,MOV_00068,2024-12-12,False
WL_0008265,CUST_000590,MOV_00212,2024-10-23,True
WL_0008266,CUST_000590,TVS_00124,2024-12-13,True
WL_0008267,CUST_000590,MOV_00021,2024-11-05,True
WL_0008268,CUST_000590,TVS_00184,2024-10-09,True
WL_0008269,CUST_000590,MOV_00468,2024-11-13,False
WL_0008270,CUST_000590,MOV_00487,2024-09-24,False
WL_0008271,CUST_000590,MOV_00154,2024-09-24,False
WL_0008272,CUST_000590,TVS_00076,2024-09-21,False
WL_0008273,CUST_000590,TVS_00183,2024-09-26,True
WL_0008274,CUST_000590,MOV_00003,2024-11-03,True
WL_0008275,CUST_000590,MOV_00310,2024-10-12,False
WL_0008276,CUST_000590,MOV_00274,2024-12-24,True
WL_0008277,CUST_000590,MOV_00491,2024-09-27,False
WL_0008278,CUST_000590,TVS_00118,2024-10-28,True
WL_0008279,CUST_000591,MOV_00469,2025-10-15,True
WL_0008280,CUST_000591,TVS_00017,2026-02-28,True
WL_0008281,CUST_000591,MOV_00392,2025-01-23,False
WL_0008282,CUST_000591,MOV_00314,2025-07-06,True
WL_0008283,CUST_000591,TVS_00146,2025-01-30,False
WL_0008284,CUST_000591,TVS_00092,2025-11-02,True
WL_0008285,CUST_000591,MOV_00158,2025-06-09,True
WL_0008286,CUST_000591,MOV_00194,2025-03-12,False
WL_0008287,CUST_000591,MOV_00231,2025-12-12,True
WL_0008288,CUST_000591,MOV_00489,2025-10-04,False
WL_0008289,CUST_000592,MOV_00309,2026-03-25,True
WL_0008290,CUST_000592,MOV_00357,2025-11-28,False
WL_0008291,CUST_000592,MOV_00303,2026-02-01,True
WL_0008292,CUST_000592,MOV_00492,2025-11-09,False
WL_0008293,CUST_000592,TVS_00188,2026-03-12,True
WL_0008294,CUST_000592,MOV_00237,2025-11-07,False
WL_0008295,CUST_000592,TVS_00147,2025-12-29,False
WL_0008296,CUST_000592,MOV_00088,2025-12-29,False
WL_0008297,CUST_000592,TVS_00164,2025-06-30,False
WL_0008298,CUST_000592,MOV_00240,2025-12-20,False
WL_0008299,CUST_000592,MOV_00271,2025-07-26,False
WL_0008300,CUST_000592,MOV_00483,2025-07-03,False
WL_0008301,CUST_000592,MOV_00417,2026-02-09,True
WL_0008302,CUST_000592,MOV_00437,2026-01-23,True
WL_0008303,CUST_000592,MOV_00049,2025-09-02,True
WL_0008304,CUST_000593,MOV_00347,2026-03-30,False
WL_0008305,CUST_000593,TVS_00190,2026-02-04,False
WL_0008306,CUST_000593,MOV_00006,2026-03-28,False
WL_0008307,CUST_000593,TVS_00108,2026-02-08,True
WL_0008308,CUST_000593,TVS_00140,2026-02-26,False
WL_0008309,CUST_000593,TVS_00000,2026-03-26,False
WL_0008310,CUST_000593,MOV_00382,2026-02-28,True
WL_0008311,CUST_000593,MOV_00330,2026-03-07,False
WL_0008312,CUST_000593,TVS_00057,2026-04-07,True
WL_0008313,CUST_000593,TVS_00131,2026-04-01,False
WL_0008314,CUST_000593,MOV_00283,2026-02-03,True
WL_0008315,CUST_000593,MOV_00086,2026-02-17,False
WL_0008316,CUST_000593,MOV_00402,2026-03-31,True
WL_0008317,CUST_000593,MOV_00435,2026-04-06,True
WL_0008318,CUST_000593,MOV_00025,2026-02-19,False
WL_0008319,CUST_000593,MOV_00295,2026-03-24,True
WL_0008320,CUST_000593,MOV_00120,2026-03-29,True
WL_0008321,CUST_000593,MOV_00283,2026-02-15,False
WL_0008322,CUST_000593,MOV_00114,2026-02-28,True
WL_0008323,CUST_000594,TVS_00096,2025-09-23,True
WL_0008324,CUST_000594,MOV_00434,2025-10-16,False
WL_0008325,CUST_000594,MOV_00316,2025-12-14,True
WL_0008326,CUST_000594,TVS_00081,2026-01-21,True
WL_0008327,CUST_000594,MOV_00378,2025-11-14,True
WL_0008328,CUST_000594,MOV_00424,2025-10-08,True
WL_0008329,CUST_000594,MOV_00458,2026-04-03,False
WL_0008330,CUST_000594,MOV_00113,2026-02-17,True
WL_0008331,CUST_000594,TVS_00050,2025-09-22,False
WL_0008332,CUST_000594,MOV_00076,2026-04-02,True
WL_0008333,CUST_000594,MOV_00308,2025-12-20,True
WL_0008334,CUST_000594,TVS_00013,2026-02-15,True
WL_0008335,CUST_000594,MOV_00368,2026-03-16,False
WL_0008336,CUST_000594,MOV_00229,2025-10-04,True
WL_0008337,CUST_000594,MOV_00048,2026-01-19,True
WL_0008338,CUST_000595,MOV_00451,2025-06-06,True
WL_0008339,CUST_000595,MOV_00481,2025-08-31,True
WL_0008340,CUST_000595,TVS_00001,2025-05-15,True
WL_0008341,CUST_000595,MOV_00311,2025-12-14,True
WL_0008342,CUST_000595,MOV_00078,2025-10-10,True
WL_0008343,CUST_000595,MOV_00009,2026-01-04,True
WL_0008344,CUST_000595,MOV_00311,2026-02-08,True
WL_0008345,CUST_000595,TVS_00154,2025-05-17,True
WL_0008346,CUST_000595,MOV_00388,2025-10-04,True
WL_0008347,CUST_000595,MOV_00201,2026-03-19,True
WL_0008348,CUST_000595,MOV_00035,2026-03-09,True
WL_0008349,CUST_000595,MOV_00281,2025-06-12,True
WL_0008350,CUST_000595,TVS_00135,2025-06-20,True
WL_0008351,CUST_000595,MOV_00272,2026-01-29,True
WL_0008352,CUST_000595,MOV_00277,2025-07-20,True
WL_0008353,CUST_000595,MOV_00262,2025-10-06,False
WL_0008354,CUST_000595,MOV_00201,2025-04-22,True
WL_0008355,CUST_000595,MOV_00311,2025-05-11,False
WL_0008356,CUST_000595,TVS_00067,2025-07-30,True
WL_0008357,CUST_000595,MOV_00456,2026-04-06,True
WL_0008358,CUST_000595,TVS_00135,2025-08-21,True
WL_0008359,CUST_000596,MOV_00454,2026-02-12,True
WL_0008360,CUST_000596,MOV_00124,2026-04-09,False
WL_0008361,CUST_000596,MOV_00148,2026-01-20,False
WL_0008362,CUST_000596,MOV_00424,2026-01-24,True
WL_0008363,CUST_000596,TVS_00013,2026-01-26,True
WL_0008364,CUST_000596,MOV_00170,2026-02-19,False
WL_0008365,CUST_000596,MOV_00188,2026-02-28,True
WL_0008366,CUST_000596,TVS_00113,2026-01-27,False
WL_0008367,CUST_000596,MOV_00377,2026-02-14,False
WL_0008368,CUST_000596,MOV_00327,2026-03-16,False
WL_0008369,CUST_000596,TVS_00111,2026-02-13,True
WL_0008370,CUST_000597,MOV_00206,2025-10-15,True
WL_0008371,CUST_000597,MOV_00038,2025-04-10,True
WL_0008372,CUST_000597,TVS_00199,2024-10-07,True
WL_0008373,CUST_000597,TVS_00199,2025-07-16,True
WL_0008374,CUST_000597,MOV_00086,2025-07-24,True
WL_0008375,CUST_000597,MOV_00294,2025-02-21,True
WL_0008376,CUST_000597,MOV_00428,2025-01-28,False
WL_0008377,CUST_000597,MOV_00182,2024-06-26,False
WL_0008378,CUST_000597,MOV_00091,2026-02-03,True
WL_0008379,CUST_000597,MOV_00349,2025-12-10,False
WL_0008380,CUST_000598,MOV_00012,2026-03-09,False
WL_0008381,CUST_000598,MOV_00455,2025-12-31,True
WL_0008382,CUST_000598,MOV_00191,2026-02-10,False
WL_0008383,CUST_000598,TVS_00143,2026-02-01,False
WL_0008384,CUST_000598,MOV_00239,2026-02-23,False
WL_0008385,CUST_000598,MOV_00360,2026-02-23,True
WL_0008386,CUST_000598,MOV_00077,2026-03-08,True
WL_0008387,CUST_000598,TVS_00188,2026-02-25,False
WL_0008388,CUST_000598,MOV_00477,2026-01-19,True
WL_0008389,CUST_000598,TVS_00090,2026-03-16,True
WL_0008390,CUST_000598,TVS_00048,2026-03-04,True
WL_0008391,CUST_000599,TVS_00124,2024-10-19,True
WL_0008392,CUST_000599,MOV_00123,2024-09-19,False
WL_0008393,CUST_000599,MOV_00252,2024-09-22,False
WL_0008394,CUST_000599,MOV_00191,2024-10-04,False
WL_0008395,CUST_000599,MOV_00277,2024-10-03,False
WL_0008396,CUST_000599,MOV_00458,2024-10-12,False
WL_0008397,CUST_000599,MOV_00267,2024-10-13,False
WL_0008398,CUST_000599,MOV_00434,2024-10-11,True
WL_0008399,CUST_000599,MOV_00227,2024-10-06,False
WL_0008400,CUST_000599,TVS_00021,2024-09-27,False
WL_0008401,CUST_000599,MOV_00487,2024-10-08,False
WL_0008402,CUST_000599,TVS_00163,2024-09-30,False
WL_0008403,CUST_000599,MOV_00148,2024-10-13,False
WL_0008404,CUST_000599,MOV_00479,2024-09-21,False
WL_0008405,CUST_000599,TVS_00012,2024-09-16,False
WL_0008406,CUST_000599,MOV_00208,2024-10-10,False
WL_0008407,CUST_000599,TVS_00159,2024-10-09,False
WL_0008408,CUST_000599,MOV_00032,2024-09-22,True
WL_0008409,CUST_000599,TVS_00042,2024-09-21,False
WL_0008410,CUST_000599,TVS_00089,2024-10-20,True
WL_0008411,CUST_000600,MOV_00357,2025-10-10,True
WL_0008412,CUST_000600,MOV_00493,2026-03-03,False
WL_0008413,CUST_000600,MOV_00455,2025-10-22,True
WL_0008414,CUST_000600,MOV_00197,2026-03-26,True
WL_0008415,CUST_000601,MOV_00352,2026-04-02,False
WL_0008416,CUST_000601,TVS_00114,2026-02-12,False
WL_0008417,CUST_000601,MOV_00219,2025-12-04,False
WL_0008418,CUST_000601,MOV_00149,2026-01-13,False
WL_0008419,CUST_000601,MOV_00481,2026-03-23,True
WL_0008420,CUST_000601,MOV_00457,2026-03-08,True
WL_0008421,CUST_000601,MOV_00254,2025-11-19,False
WL_0008422,CUST_000601,TVS_00087,2026-03-12,False
WL_0008423,CUST_000601,MOV_00177,2026-03-03,True
WL_0008424,CUST_000601,MOV_00447,2026-02-06,False
WL_0008425,CUST_000601,MOV_00296,2026-01-28,True
WL_0008426,CUST_000601,MOV_00366,2025-11-15,False
WL_0008427,CUST_000601,MOV_00421,2026-02-13,True
WL_0008428,CUST_000601,MOV_00360,2026-01-03,True
WL_0008429,CUST_000601,TVS_00139,2026-02-15,False
WL_0008430,CUST_000601,MOV_00181,2026-03-11,True
WL_0008431,CUST_000602,MOV_00160,2025-11-18,True
WL_0008432,CUST_000602,MOV_00458,2024-11-28,True
WL_0008433,CUST_000602,MOV_00213,2024-08-02,False
WL_0008434,CUST_000602,MOV_00105,2025-12-10,True
WL_0008435,CUST_000602,TVS_00033,2024-10-03,True
WL_0008436,CUST_000602,MOV_00235,2025-12-26,True
WL_0008437,CUST_000602,MOV_00123,2025-06-17,True
WL_0008438,CUST_000602,TVS_00197,2026-01-06,True
WL_0008439,CUST_000602,MOV_00263,2025-08-24,False
WL_0008440,CUST_000602,TVS_00000,2025-05-20,True
WL_0008441,CUST_000602,MOV_00151,2025-12-09,False
WL_0008442,CUST_000603,MOV_00242,2025-11-04,True
WL_0008443,CUST_000603,MOV_00103,2026-02-25,True
WL_0008444,CUST_000603,MOV_00105,2026-04-11,True
WL_0008445,CUST_000603,TVS_00199,2025-12-17,False
WL_0008446,CUST_000603,MOV_00190,2025-08-17,False
WL_0008447,CUST_000603,TVS_00199,2026-04-06,False
WL_0008448,CUST_000603,MOV_00238,2025-08-16,False
WL_0008449,CUST_000603,TVS_00139,2026-03-22,True
WL_0008450,CUST_000603,TVS_00074,2025-11-26,True
WL_0008451,CUST_000603,MOV_00474,2025-08-02,False
WL_0008452,CUST_000603,TVS_00041,2025-11-19,True
WL_0008453,CUST_000603,TVS_00171,2026-02-03,True
WL_0008454,CUST_000603,TVS_00027,2025-11-02,False
WL_0008455,CUST_000603,MOV_00123,2025-09-03,False
WL_0008456,CUST_000603,MOV_00310,2025-09-01,False
WL_0008457,CUST_000603,TVS_00032,2025-10-08,True
WL_0008458,CUST_000603,TVS_00077,2026-01-16,True
WL_0008459,CUST_000603,MOV_00499,2025-10-03,False
WL_0008460,CUST_000603,MOV_00429,2025-08-08,True
WL_0008461,CUST_000603,MOV_00449,2026-02-02,False
WL_0008462,CUST_000603,MOV_00425,2026-02-16,True
WL_0008463,CUST_000603,TVS_00127,2025-07-19,True
WL_0008464,CUST_000603,MOV_00488,2026-03-17,True
WL_0008465,CUST_000604,MOV_00029,2026-02-27,False
WL_0008466,CUST_000604,MOV_00130,2025-12-23,True
WL_0008467,CUST_000604,MOV_00285,2026-02-01,False
WL_0008468,CUST_000604,MOV_00065,2025-10-21,True
WL_0008469,CUST_000604,MOV_00433,2026-02-28,True
WL_0008470,CUST_000604,MOV_00042,2025-12-18,True
WL_0008471,CUST_000604,TVS_00155,2025-09-28,True
WL_0008472,CUST_000604,MOV_00138,2026-04-06,True
WL_0008473,CUST_000604,MOV_00093,2025-09-28,False
WL_0008474,CUST_000604,MOV_00193,2026-02-20,True
WL_0008475,CUST_000604,MOV_00163,2025-11-24,False
WL_0008476,CUST_000604,TVS_00141,2026-01-12,False
WL_0008477,CUST_000604,MOV_00436,2026-01-05,True
WL_0008478,CUST_000605,TVS_00081,2025-10-23,True
WL_0008479,CUST_000605,MOV_00229,2024-06-27,False
WL_0008480,CUST_000605,MOV_00093,2025-04-30,True
WL_0008481,CUST_000606,TVS_00108,2026-02-15,True
WL_0008482,CUST_000606,TVS_00131,2025-04-09,True
WL_0008483,CUST_000606,MOV_00390,2025-04-22,True
WL_0008484,CUST_000606,MOV_00408,2025-11-01,False
WL_0008485,CUST_000606,MOV_00190,2025-03-27,False
WL_0008486,CUST_000606,MOV_00497,2025-10-24,True
WL_0008487,CUST_000606,MOV_00338,2025-10-21,False
WL_0008488,CUST_000606,MOV_00210,2025-04-19,True
WL_0008489,CUST_000606,MOV_00215,2025-03-26,True
WL_0008490,CUST_000606,MOV_00254,2025-05-05,True
WL_0008491,CUST_000606,MOV_00372,2025-04-24,True
WL_0008492,CUST_000606,MOV_00039,2025-11-04,True
WL_0008493,CUST_000606,TVS_00174,2025-09-13,False
WL_0008494,CUST_000607,TVS_00038,2025-07-19,True
WL_0008495,CUST_000607,MOV_00413,2025-06-07,False
WL_0008496,CUST_000607,TVS_00116,2025-07-29,True
WL_0008497,CUST_000607,MOV_00205,2026-02-07,True
WL_0008498,CUST_000607,MOV_00088,2025-07-30,True
WL_0008499,CUST_000607,MOV_00382,2025-05-23,True
WL_0008500,CUST_000607,TVS_00144,2026-03-05,True
WL_0008501,CUST_000607,MOV_00364,2025-06-11,True
WL_0008502,CUST_000607,MOV_00139,2026-03-14,False
WL_0008503,CUST_000607,MOV_00198,2025-09-01,True
WL_0008504,CUST_000607,MOV_00467,2025-04-11,True
WL_0008505,CUST_000607,MOV_00323,2025-12-27,True
WL_0008506,CUST_000607,MOV_00122,2026-02-27,False
WL_0008507,CUST_000607,MOV_00319,2026-01-05,True
WL_0008508,CUST_000607,MOV_00022,2025-04-21,False
WL_0008509,CUST_000607,MOV_00406,2025-10-21,True
WL_0008510,CUST_000607,TVS_00030,2025-11-27,True
WL_0008511,CUST_000607,MOV_00319,2025-10-14,True
WL_0008512,CUST_000607,MOV_00430,2026-03-19,True
WL_0008513,CUST_000607,TVS_00116,2025-08-05,True
WL_0008514,CUST_000607,TVS_00023,2025-12-25,False
WL_0008515,CUST_000607,MOV_00339,2025-02-26,False
WL_0008516,CUST_000607,MOV_00006,2026-01-30,False
WL_0008517,CUST_000607,TVS_00002,2025-08-04,False
WL_0008518,CUST_000607,MOV_00371,2025-10-30,True
WL_0008519,CUST_000608,MOV_00359,2025-10-28,False
WL_0008520,CUST_000608,MOV_00150,2026-03-08,True
WL_0008521,CUST_000608,MOV_00130,2025-10-25,True
WL_0008522,CUST_000608,TVS_00069,2026-03-28,True
WL_0008523,CUST_000608,MOV_00177,2025-12-17,True
WL_0008524,CUST_000608,MOV_00429,2026-03-12,False
WL_0008525,CUST_000608,MOV_00391,2026-04-11,True
WL_0008526,CUST_000608,TVS_00012,2025-12-13,False
WL_0008527,CUST_000608,TVS_00052,2025-08-20,True
WL_0008528,CUST_000608,MOV_00304,2026-01-27,True
WL_0008529,CUST_000608,MOV_00349,2025-10-28,False
WL_0008530,CUST_000608,MOV_00126,2025-07-27,False
WL_0008531,CUST_000608,MOV_00044,2025-10-06,True
WL_0008532,CUST_000608,MOV_00230,2026-01-16,False
WL_0008533,CUST_000608,MOV_00070,2026-01-20,True
WL_0008534,CUST_000608,TVS_00120,2025-09-09,True
WL_0008535,CUST_000609,TVS_00097,2025-01-03,False
WL_0008536,CUST_000609,TVS_00175,2024-10-31,False
WL_0008537,CUST_000609,TVS_00156,2024-12-28,False
WL_0008538,CUST_000609,TVS_00074,2025-01-19,True
WL_0008539,CUST_000609,MOV_00081,2025-01-03,False
WL_0008540,CUST_000609,MOV_00039,2025-03-14,False
WL_0008541,CUST_000609,MOV_00321,2025-03-23,False
WL_0008542,CUST_000609,TVS_00193,2024-11-04,False
WL_0008543,CUST_000610,TVS_00094,2026-01-27,True
WL_0008544,CUST_000610,MOV_00349,2025-11-22,False
WL_0008545,CUST_000610,MOV_00447,2025-12-22,True
WL_0008546,CUST_000610,MOV_00429,2026-02-17,False
WL_0008547,CUST_000610,MOV_00329,2026-02-17,True
WL_0008548,CUST_000610,TVS_00019,2026-03-16,True
WL_0008549,CUST_000610,TVS_00006,2025-11-08,False
WL_0008550,CUST_000610,MOV_00121,2026-03-07,False
WL_0008551,CUST_000610,MOV_00278,2025-11-20,True
WL_0008552,CUST_000610,MOV_00393,2025-11-11,True
WL_0008553,CUST_000610,TVS_00151,2026-04-10,True
WL_0008554,CUST_000610,MOV_00024,2025-12-01,True
WL_0008555,CUST_000610,TVS_00142,2026-03-06,False
WL_0008556,CUST_000610,MOV_00088,2026-04-10,True
WL_0008557,CUST_000610,MOV_00263,2026-02-21,True
WL_0008558,CUST_000610,MOV_00166,2026-01-22,False
WL_0008559,CUST_000610,MOV_00199,2025-12-20,True
WL_0008560,CUST_000610,MOV_00386,2026-01-21,True
WL_0008561,CUST_000611,TVS_00033,2025-07-27,True
WL_0008562,CUST_000611,MOV_00051,2024-12-17,True
WL_0008563,CUST_000611,MOV_00166,2026-01-11,False
WL_0008564,CUST_000611,MOV_00470,2025-07-12,True
WL_0008565,CUST_000611,MOV_00263,2026-02-24,True
WL_0008566,CUST_000611,MOV_00329,2025-11-17,True
WL_0008567,CUST_000611,TVS_00181,2026-02-11,True
WL_0008568,CUST_000611,TVS_00033,2025-02-05,True
WL_0008569,CUST_000611,MOV_00011,2024-12-13,True
WL_0008570,CUST_000611,MOV_00493,2026-01-12,True
WL_0008571,CUST_000611,TVS_00173,2024-11-25,True
WL_0008572,CUST_000611,MOV_00429,2024-12-19,True
WL_0008573,CUST_000611,MOV_00327,2025-06-26,True
WL_0008574,CUST_000611,MOV_00003,2025-07-21,True
WL_0008575,CUST_000611,MOV_00408,2025-04-13,False
WL_0008576,CUST_000611,MOV_00156,2024-09-17,False
WL_0008577,CUST_000611,TVS_00160,2025-10-28,False
WL_0008578,CUST_000611,MOV_00077,2026-03-03,True
WL_0008579,CUST_000611,MOV_00284,2025-06-07,False
WL_0008580,CUST_000611,TVS_00190,2024-11-04,False
WL_0008581,CUST_000611,MOV_00003,2025-10-03,True
WL_0008582,CUST_000611,MOV_00452,2025-01-10,True
WL_0008583,CUST_000611,MOV_00069,2026-01-17,True
WL_0008584,CUST_000612,MOV_00059,2026-03-27,True
WL_0008585,CUST_000612,MOV_00396,2026-03-28,True
WL_0008586,CUST_000612,MOV_00438,2025-10-01,True
WL_0008587,CUST_000612,TVS_00199,2025-12-22,True
WL_0008588,CUST_000612,MOV_00091,2025-12-12,False
WL_0008589,CUST_000612,MOV_00317,2025-10-04,True
WL_0008590,CUST_000612,MOV_00203,2026-02-13,True
WL_0008591,CUST_000612,MOV_00362,2025-12-07,True
WL_0008592,CUST_000612,MOV_00353,2025-11-01,False
WL_0008593,CUST_000612,MOV_00080,2026-04-05,True
WL_0008594,CUST_000612,MOV_00035,2026-03-09,False
WL_0008595,CUST_000612,MOV_00138,2025-12-08,True
WL_0008596,CUST_000612,MOV_00453,2025-12-19,False
WL_0008597,CUST_000612,MOV_00003,2025-10-19,True
WL_0008598,CUST_000612,MOV_00021,2025-12-19,False
WL_0008599,CUST_000612,MOV_00168,2026-01-23,True
WL_0008600,CUST_000612,MOV_00432,2026-02-11,True
WL_0008601,CUST_000612,MOV_00158,2026-01-02,True
WL_0008602,CUST_000612,MOV_00424,2025-10-21,False
WL_0008603,CUST_000612,MOV_00173,2025-09-18,False
WL_0008604,CUST_000612,MOV_00247,2026-02-03,True
WL_0008605,CUST_000612,TVS_00185,2026-01-10,False
WL_0008606,CUST_000613,MOV_00492,2025-02-26,True
WL_0008607,CUST_000613,MOV_00378,2025-02-25,False
WL_0008608,CUST_000613,MOV_00159,2025-09-22,True
WL_0008609,CUST_000613,TVS_00160,2025-03-05,True
WL_0008610,CUST_000613,MOV_00251,2025-12-30,False
WL_0008611,CUST_000613,MOV_00217,2025-06-23,True
WL_0008612,CUST_000613,MOV_00326,2025-08-08,True
WL_0008613,CUST_000613,MOV_00061,2025-02-28,True
WL_0008614,CUST_000613,MOV_00489,2025-05-22,True
WL_0008615,CUST_000614,MOV_00490,2024-11-14,False
WL_0008616,CUST_000614,MOV_00369,2024-09-09,True
WL_0008617,CUST_000614,MOV_00365,2024-07-03,True
WL_0008618,CUST_000614,TVS_00011,2024-06-28,True
WL_0008619,CUST_000614,MOV_00380,2025-01-01,False
WL_0008620,CUST_000614,MOV_00074,2025-01-01,True
WL_0008621,CUST_000614,MOV_00490,2024-09-09,False
WL_0008622,CUST_000614,MOV_00260,2024-11-11,True
WL_0008623,CUST_000614,TVS_00075,2024-06-12,False
WL_0008624,CUST_000614,MOV_00086,2024-07-08,True
WL_0008625,CUST_000614,MOV_00402,2024-10-10,True
WL_0008626,CUST_000614,MOV_00260,2024-06-22,False
WL_0008627,CUST_000614,TVS_00172,2024-06-25,False
WL_0008628,CUST_000615,TVS_00129,2026-01-13,True
WL_0008629,CUST_000615,MOV_00416,2026-01-08,True
WL_0008630,CUST_000615,MOV_00086,2026-04-02,False
WL_0008631,CUST_000615,MOV_00376,2026-01-06,False
WL_0008632,CUST_000615,TVS_00043,2026-02-05,True
WL_0008633,CUST_000615,MOV_00491,2026-01-25,True
WL_0008634,CUST_000615,MOV_00061,2026-02-08,True
WL_0008635,CUST_000615,MOV_00062,2026-02-23,False
WL_0008636,CUST_000615,MOV_00004,2026-02-25,True
WL_0008637,CUST_000616,MOV_00420,2026-01-29,False
WL_0008638,CUST_000616,MOV_00134,2025-12-28,True
WL_0008639,CUST_000616,MOV_00265,2025-11-20,False
WL_0008640,CUST_000617,MOV_00041,2025-08-04,True
WL_0008641,CUST_000617,MOV_00450,2025-04-14,True
WL_0008642,CUST_000617,MOV_00213,2025-08-05,False
WL_0008643,CUST_000617,MOV_00372,2024-09-27,True
WL_0008644,CUST_000618,MOV_00490,2026-03-10,True
WL_0008645,CUST_000618,TVS_00048,2025-11-19,True
WL_0008646,CUST_000618,TVS_00035,2026-03-15,True
WL_0008647,CUST_000618,TVS_00037,2026-04-03,True
WL_0008648,CUST_000619,TVS_00039,2025-11-08,True
WL_0008649,CUST_000619,MOV_00157,2026-02-13,True
WL_0008650,CUST_000619,TVS_00001,2025-08-26,False
WL_0008651,CUST_000619,MOV_00084,2026-01-28,False
WL_0008652,CUST_000620,MOV_00462,2025-05-15,False
WL_0008653,CUST_000620,TVS_00072,2025-08-18,True
WL_0008654,CUST_000620,MOV_00286,2025-01-12,True
WL_0008655,CUST_000620,MOV_00321,2025-08-29,False
WL_0008656,CUST_000620,MOV_00068,2025-04-13,False
WL_0008657,CUST_000620,MOV_00498,2025-06-12,True
WL_0008658,CUST_000620,MOV_00244,2025-03-09,True
WL_0008659,CUST_000620,MOV_00114,2025-03-26,False
WL_0008660,CUST_000620,MOV_00158,2025-08-01,True
WL_0008661,CUST_000620,MOV_00488,2025-07-17,False
WL_0008662,CUST_000620,TVS_00044,2025-05-15,False
WL_0008663,CUST_000620,MOV_00061,2025-05-30,True
WL_0008664,CUST_000620,TVS_00026,2025-01-26,False
WL_0008665,CUST_000620,MOV_00496,2025-06-26,True
WL_0008666,CUST_000620,MOV_00158,2025-01-15,True
WL_0008667,CUST_000620,MOV_00488,2025-02-21,False
WL_0008668,CUST_000620,MOV_00193,2025-07-03,True
WL_0008669,CUST_000620,TVS_00127,2025-01-08,True
WL_0008670,CUST_000620,TVS_00189,2025-03-31,True
WL_0008671,CUST_000620,MOV_00002,2025-03-09,False
WL_0008672,CUST_000620,MOV_00353,2025-03-14,True
WL_0008673,CUST_000620,TVS_00044,2025-12-05,False
WL_0008674,CUST_000620,MOV_00259,2025-09-13,False
WL_0008675,CUST_000620,TVS_00072,2025-01-08,True
WL_0008676,CUST_000621,MOV_00229,2026-03-08,True
WL_0008677,CUST_000621,MOV_00064,2026-03-21,False
WL_0008678,CUST_000621,TVS_00031,2026-03-19,False
WL_0008679,CUST_000621,MOV_00001,2026-03-10,True
WL_0008680,CUST_000621,MOV_00416,2026-03-10,False
WL_0008681,CUST_000621,MOV_00068,2026-03-24,False
WL_0008682,CUST_000621,MOV_00453,2026-03-21,False
WL_0008683,CUST_000621,TVS_00081,2026-03-28,False
WL_0008684,CUST_000621,MOV_00075,2026-04-09,False
WL_0008685,CUST_000621,MOV_00475,2026-03-13,False
WL_0008686,CUST_000621,TVS_00135,2026-03-11,True
WL_0008687,CUST_000621,MOV_00143,2026-04-03,False
WL_0008688,CUST_000621,MOV_00412,2026-04-05,True
WL_0008689,CUST_000621,TVS_00040,2026-03-07,True
WL_0008690,CUST_000621,MOV_00397,2026-04-03,True
WL_0008691,CUST_000621,MOV_00219,2026-04-09,False
WL_0008692,CUST_000621,MOV_00168,2026-03-08,False
WL_0008693,CUST_000621,MOV_00243,2026-03-20,False
WL_0008694,CUST_000621,MOV_00229,2026-03-15,True
WL_0008695,CUST_000621,TVS_00025,2026-03-14,False
WL_0008696,CUST_000621,MOV_00123,2026-03-11,False
WL_0008697,CUST_000621,MOV_00452,2026-03-08,True
WL_0008698,CUST_000621,MOV_00490,2026-04-02,True
WL_0008699,CUST_000621,MOV_00088,2026-04-01,True
WL_0008700,CUST_000621,MOV_00070,2026-04-07,True
WL_0008701,CUST_000622,TVS_00078,2026-03-08,True
WL_0008702,CUST_000622,MOV_00254,2025-11-23,False
WL_0008703,CUST_000622,MOV_00431,2024-07-14,False
WL_0008704,CUST_000622,MOV_00239,2025-07-08,True
WL_0008705,CUST_000622,MOV_00295,2024-09-23,True
WL_0008706,CUST_000622,MOV_00412,2024-07-22,True
WL_0008707,CUST_000622,TVS_00086,2025-03-04,True
WL_0008708,CUST_000622,MOV_00443,2024-11-14,True
WL_0008709,CUST_000622,MOV_00234,2026-02-01,False
WL_0008710,CUST_000622,MOV_00083,2025-03-07,True
WL_0008711,CUST_000622,MOV_00422,2025-03-22,True
WL_0008712,CUST_000622,MOV_00265,2025-03-25,True
WL_0008713,CUST_000622,MOV_00148,2025-05-27,False
WL_0008714,CUST_000622,MOV_00031,2025-03-15,True
WL_0008715,CUST_000622,TVS_00122,2025-09-11,True
WL_0008716,CUST_000622,MOV_00366,2025-08-11,True
WL_0008717,CUST_000622,MOV_00316,2024-08-16,False
WL_0008718,CUST_000622,MOV_00335,2025-05-13,True
WL_0008719,CUST_000622,MOV_00352,2024-08-28,True
WL_0008720,CUST_000622,MOV_00443,2024-05-08,True
WL_0008721,CUST_000622,MOV_00405,2025-05-13,True
WL_0008722,CUST_000622,MOV_00175,2024-11-13,True
WL_0008723,CUST_000622,MOV_00026,2024-06-09,True
WL_0008724,CUST_000623,MOV_00213,2026-01-28,True
WL_0008725,CUST_000623,TVS_00031,2025-07-09,False
WL_0008726,CUST_000623,MOV_00208,2026-03-29,False
WL_0008727,CUST_000623,MOV_00363,2026-03-07,False
WL_0008728,CUST_000623,MOV_00303,2025-12-31,True
WL_0008729,CUST_000623,MOV_00305,2025-09-28,False
WL_0008730,CUST_000624,TVS_00039,2026-06-13,True
WL_0008731,CUST_000624,TVS_00039,2026-08-14,True
WL_0008732,CUST_000624,TVS_00063,2026-04-09,True
WL_0008733,CUST_000624,MOV_00436,2026-07-01,True
WL_0008734,CUST_000624,MOV_00233,2026-07-18,False
WL_0008735,CUST_000624,MOV_00408,2026-03-15,True
WL_0008736,CUST_000624,MOV_00017,2026-03-09,True
WL_0008737,CUST_000624,MOV_00169,2026-02-18,True
WL_0008738,CUST_000624,TVS_00047,2026-02-24,False
WL_0008739,CUST_000624,MOV_00196,2026-03-29,False
WL_0008740,CUST_000624,MOV_00270,2026-06-26,True
WL_0008741,CUST_000624,MOV_00100,2026-03-27,False
WL_0008742,CUST_000624,MOV_00144,2026-05-07,True
WL_0008743,CUST_000624,MOV_00328,2026-08-03,True
WL_0008744,CUST_000624,MOV_00161,2026-03-27,True
WL_0008745,CUST_000624,MOV_00299,2026-03-05,True
WL_0008746,CUST_000624,MOV_00368,2026-08-15,False
WL_0008747,CUST_000624,MOV_00336,2026-02-14,True
WL_0008748,CUST_000624,MOV_00469,2026-07-27,False
WL_0008749,CUST_000624,MOV_00498,2026-07-12,False
WL_0008750,CUST_000624,TVS_00198,2026-06-14,False
WL_0008751,CUST_000624,TVS_00109,2026-06-28,True
WL_0008752,CUST_000624,MOV_00286,2026-04-06,True
WL_0008753,CUST_000624,MOV_00159,2026-05-06,True
WL_0008754,CUST_000625,MOV_00268,2025-11-19,True
WL_0008755,CUST_000625,MOV_00028,2025-05-07,False
WL_0008756,CUST_000625,MOV_00195,2025-02-19,False
WL_0008757,CUST_000625,MOV_00320,2025-08-23,True
WL_0008758,CUST_000625,MOV_00474,2025-11-29,True
WL_0008759,CUST_000625,MOV_00346,2024-12-18,False
WL_0008760,CUST_000625,MOV_00432,2025-08-09,True
WL_0008761,CUST_000625,MOV_00360,2025-08-08,True
WL_0008762,CUST_000625,MOV_00083,2025-04-19,True
WL_0008763,CUST_000625,MOV_00320,2025-11-30,True
WL_0008764,CUST_000625,TVS_00132,2025-05-24,True
WL_0008765,CUST_000625,MOV_00223,2024-11-26,True
WL_0008766,CUST_000625,MOV_00105,2025-12-10,True
WL_0008767,CUST_000625,TVS_00005,2024-08-26,True
WL_0008768,CUST_000626,MOV_00490,2026-03-10,False
WL_0008769,CUST_000626,MOV_00291,2026-01-11,True
WL_0008770,CUST_000626,TVS_00075,2026-01-07,False
WL_0008771,CUST_000626,MOV_00046,2026-04-02,True
WL_0008772,CUST_000626,MOV_00086,2025-11-20,True
WL_0008773,CUST_000626,MOV_00406,2025-07-31,True
WL_0008774,CUST_000626,MOV_00253,2026-03-11,False
WL_0008775,CUST_000626,MOV_00284,2025-06-20,False
WL_0008776,CUST_000626,MOV_00007,2025-07-04,True
WL_0008777,CUST_000626,MOV_00334,2025-07-28,True
WL_0008778,CUST_000626,MOV_00329,2025-08-14,False
WL_0008779,CUST_000626,TVS_00000,2026-02-16,False
WL_0008780,CUST_000626,MOV_00352,2025-08-27,True
WL_0008781,CUST_000626,MOV_00116,2025-09-08,True
WL_0008782,CUST_000626,TVS_00192,2025-12-29,True
WL_0008783,CUST_000626,MOV_00332,2025-12-10,True
WL_0008784,CUST_000626,MOV_00373,2026-03-06,False
WL_0008785,CUST_000626,MOV_00464,2026-03-01,True
WL_0008786,CUST_000627,MOV_00218,2024-11-15,False
WL_0008787,CUST_000627,MOV_00122,2025-04-16,False
WL_0008788,CUST_000627,MOV_00355,2025-05-29,False
WL_0008789,CUST_000627,MOV_00277,2025-02-28,False
WL_0008790,CUST_000627,MOV_00070,2025-06-01,True
WL_0008791,CUST_000627,MOV_00316,2025-02-13,False
WL_0008792,CUST_000627,MOV_00434,2025-05-21,False
WL_0008793,CUST_000627,TVS_00135,2024-10-21,False
WL_0008794,CUST_000627,MOV_00473,2024-10-14,True
WL_0008795,CUST_000627,MOV_00142,2024-12-07,False
WL_0008796,CUST_000628,TVS_00040,2026-04-11,False
WL_0008797,CUST_000628,TVS_00125,2026-04-09,False
WL_0008798,CUST_000628,MOV_00072,2026-04-11,True
WL_0008799,CUST_000628,MOV_00028,2026-04-09,True
WL_0008800,CUST_000628,TVS_00167,2026-04-07,False
WL_0008801,CUST_000629,MOV_00304,2026-03-15,False
WL_0008802,CUST_000629,MOV_00006,2026-02-19,False
WL_0008803,CUST_000629,MOV_00361,2026-01-31,True
WL_0008804,CUST_000629,TVS_00063,2026-02-24,False
WL_0008805,CUST_000629,MOV_00486,2026-04-01,True
WL_0008806,CUST_000629,TVS_00162,2026-02-14,True
WL_0008807,CUST_000629,MOV_00214,2026-03-26,False
WL_0008808,CUST_000629,MOV_00445,2026-03-03,False
WL_0008809,CUST_000630,TVS_00134,2025-07-25,True
WL_0008810,CUST_000630,MOV_00263,2025-11-12,False
WL_0008811,CUST_000630,TVS_00190,2026-03-07,True
WL_0008812,CUST_000630,MOV_00111,2025-02-03,False
WL_0008813,CUST_000630,MOV_00187,2025-11-13,True
WL_0008814,CUST_000631,MOV_00311,2025-12-18,False
WL_0008815,CUST_000631,TVS_00002,2026-02-21,False
WL_0008816,CUST_000631,MOV_00350,2026-02-08,True
WL_0008817,CUST_000631,TVS_00112,2026-04-07,True
WL_0008818,CUST_000631,MOV_00222,2025-11-09,False
WL_0008819,CUST_000631,TVS_00014,2025-09-13,True
WL_0008820,CUST_000631,MOV_00154,2026-03-05,False
WL_0008821,CUST_000631,MOV_00059,2025-12-03,False
WL_0008822,CUST_000631,MOV_00398,2025-11-08,False
WL_0008823,CUST_000631,MOV_00422,2026-03-03,True
WL_0008824,CUST_000631,TVS_00139,2026-02-25,False
WL_0008825,CUST_000631,MOV_00419,2025-07-24,True
WL_0008826,CUST_000631,MOV_00052,2025-11-03,True
WL_0008827,CUST_000631,TVS_00009,2025-11-01,True
WL_0008828,CUST_000631,MOV_00176,2025-11-29,False
WL_0008829,CUST_000631,TVS_00038,2025-10-15,True
WL_0008830,CUST_000631,MOV_00232,2025-12-28,False
WL_0008831,CUST_000631,MOV_00335,2026-01-10,True
WL_0008832,CUST_000631,MOV_00411,2025-09-11,True
WL_0008833,CUST_000632,MOV_00357,2025-07-02,True
WL_0008834,CUST_000632,TVS_00065,2025-07-15,False
WL_0008835,CUST_000632,TVS_00091,2025-06-16,False
WL_0008836,CUST_000632,MOV_00289,2025-11-01,False
WL_0008837,CUST_000632,MOV_00045,2026-03-22,True
WL_0008838,CUST_000632,MOV_00151,2026-03-16,True
WL_0008839,CUST_000632,MOV_00495,2025-11-26,False
WL_0008840,CUST_000633,TVS_00175,2025-12-13,False
WL_0008841,CUST_000633,MOV_00317,2025-09-08,True
WL_0008842,CUST_000633,MOV_00262,2026-03-21,False
WL_0008843,CUST_000633,MOV_00282,2026-03-31,False
WL_0008844,CUST_000633,MOV_00355,2026-03-31,True
WL_0008845,CUST_000634,TVS_00179,2026-04-08,True
WL_0008846,CUST_000634,MOV_00284,2025-07-10,True
WL_0008847,CUST_000634,TVS_00078,2024-11-02,True
WL_0008848,CUST_000635,MOV_00230,2025-10-28,True
WL_0008849,CUST_000635,TVS_00011,2026-03-26,True
WL_0008850,CUST_000635,TVS_00074,2025-08-02,True
WL_0008851,CUST_000635,MOV_00288,2026-01-30,False
WL_0008852,CUST_000635,MOV_00320,2024-07-30,False
WL_0008853,CUST_000635,MOV_00438,2025-11-23,True
WL_0008854,CUST_000635,MOV_00245,2024-06-11,True
WL_0008855,CUST_000635,TVS_00008,2024-05-11,False
WL_0008856,CUST_000635,MOV_00129,2025-12-04,False
WL_0008857,CUST_000635,TVS_00145,2025-04-10,True
WL_0008858,CUST_000636,MOV_00432,2025-05-20,True
WL_0008859,CUST_000636,MOV_00137,2025-02-23,True
WL_0008860,CUST_000636,TVS_00034,2025-02-23,False
WL_0008861,CUST_000636,MOV_00474,2025-03-16,True
WL_0008862,CUST_000636,MOV_00309,2025-05-11,False
WL_0008863,CUST_000636,TVS_00050,2025-11-18,True
WL_0008864,CUST_000636,MOV_00150,2026-04-03,True
WL_0008865,CUST_000636,MOV_00375,2025-09-08,True
WL_0008866,CUST_000636,MOV_00450,2026-04-08,True
WL_0008867,CUST_000636,TVS_00171,2025-05-07,True
WL_0008868,CUST_000636,TVS_00048,2025-07-06,True
WL_0008869,CUST_000636,MOV_00268,2026-03-25,True
WL_0008870,CUST_000636,TVS_00171,2025-05-02,False
WL_0008871,CUST_000636,MOV_00199,2025-02-20,True
WL_0008872,CUST_000636,MOV_00405,2026-01-30,True
WL_0008873,CUST_000636,TVS_00165,2025-12-27,True
WL_0008874,CUST_000636,MOV_00307,2025-04-04,True
WL_0008875,CUST_000636,MOV_00158,2026-04-02,False
WL_0008876,CUST_000636,MOV_00046,2025-07-05,False
WL_0008877,CUST_000636,MOV_00177,2026-03-03,False
WL_0008878,CUST_000636,MOV_00251,2026-02-01,True
WL_0008879,CUST_000636,MOV_00368,2025-03-25,True
WL_0008880,CUST_000636,TVS_00077,2025-10-27,True
WL_0008881,CUST_000637,MOV_00069,2025-04-09,True
WL_0008882,CUST_000637,MOV_00348,2026-03-05,False
WL_0008883,CUST_000637,MOV_00175,2025-01-16,True
WL_0008884,CUST_000637,TVS_00159,2024-12-27,True
WL_0008885,CUST_000637,MOV_00281,2025-10-05,False
WL_0008886,CUST_000637,MOV_00036,2024-08-27,True
WL_0008887,CUST_000637,MOV_00395,2026-01-08,False
WL_0008888,CUST_000637,TVS_00012,2026-03-29,False
WL_0008889,CUST_000637,MOV_00430,2026-01-14,False
WL_0008890,CUST_000637,MOV_00145,2025-08-29,True
WL_0008891,CUST_000637,MOV_00207,2026-02-14,False
WL_0008892,CUST_000637,MOV_00354,2025-02-16,True
WL_0008893,CUST_000637,MOV_00246,2025-01-04,True
WL_0008894,CUST_000637,MOV_00050,2025-06-09,False
WL_0008895,CUST_000637,MOV_00113,2025-01-23,True
WL_0008896,CUST_000637,MOV_00170,2025-03-04,True
WL_0008897,CUST_000638,MOV_00484,2026-02-23,True
WL_0008898,CUST_000638,MOV_00472,2025-12-05,False
WL_0008899,CUST_000638,MOV_00458,2026-03-23,True
WL_0008900,CUST_000638,MOV_00320,2025-12-22,False
WL_0008901,CUST_000638,MOV_00173,2026-01-22,True
WL_0008902,CUST_000638,TVS_00113,2026-04-04,False
WL_0008903,CUST_000638,TVS_00155,2025-10-10,False
WL_0008904,CUST_000638,MOV_00135,2026-03-19,False
WL_0008905,CUST_000638,MOV_00444,2025-12-04,False
WL_0008906,CUST_000638,MOV_00021,2025-09-11,False
WL_0008907,CUST_000638,MOV_00227,2025-09-12,True
WL_0008908,CUST_000638,TVS_00080,2026-02-24,False
WL_0008909,CUST_000638,MOV_00325,2025-12-17,False
WL_0008910,CUST_000638,MOV_00089,2025-10-25,False
WL_0008911,CUST_000638,MOV_00393,2025-11-21,True
WL_0008912,CUST_000638,MOV_00032,2025-10-28,False
WL_0008913,CUST_000638,MOV_00036,2026-01-13,True
WL_0008914,CUST_000638,TVS_00104,2026-04-09,True
WL_0008915,CUST_000638,MOV_00462,2025-09-29,True
WL_0008916,CUST_000638,MOV_00467,2025-08-25,False
WL_0008917,CUST_000638,MOV_00365,2026-02-06,True
WL_0008918,CUST_000638,MOV_00059,2026-02-18,True
WL_0008919,CUST_000638,TVS_00051,2026-02-17,False
WL_0008920,CUST_000639,TVS_00028,2026-03-02,True
WL_0008921,CUST_000639,MOV_00478,2025-09-24,True
WL_0008922,CUST_000639,TVS_00058,2026-02-10,True
WL_0008923,CUST_000639,MOV_00070,2025-08-01,True
WL_0008924,CUST_000639,TVS_00156,2025-06-11,False
WL_0008925,CUST_000639,MOV_00179,2024-10-23,True
WL_0008926,CUST_000639,MOV_00394,2025-06-30,True
WL_0008927,CUST_000639,MOV_00122,2026-01-03,False
WL_0008928,CUST_000639,TVS_00096,2024-12-05,True
WL_0008929,CUST_000639,MOV_00119,2025-02-06,True
WL_0008930,CUST_000639,MOV_00008,2025-08-14,False
WL_0008931,CUST_000639,TVS_00058,2025-11-13,True
WL_0008932,CUST_000639,MOV_00155,2025-06-10,False
WL_0008933,CUST_000639,TVS_00122,2025-03-30,True
WL_0008934,CUST_000639,MOV_00396,2026-03-13,False
WL_0008935,CUST_000639,TVS_00156,2025-08-22,False
WL_0008936,CUST_000639,MOV_00388,2025-11-04,True
WL_0008937,CUST_000639,MOV_00480,2025-09-10,True
WL_0008938,CUST_000639,MOV_00379,2025-01-15,False
WL_0008939,CUST_000639,TVS_00147,2024-09-22,True
WL_0008940,CUST_000639,MOV_00000,2025-08-31,True
WL_0008941,CUST_000639,MOV_00299,2025-12-08,False
WL_0008942,CUST_000639,MOV_00085,2025-07-17,False
WL_0008943,CUST_000639,TVS_00135,2025-10-16,True
WL_0008944,CUST_000640,MOV_00451,2025-08-31,True
WL_0008945,CUST_000640,MOV_00286,2025-10-27,False
WL_0008946,CUST_000640,MOV_00064,2025-09-02,False
WL_0008947,CUST_000640,MOV_00377,2025-10-10,False
WL_0008948,CUST_000640,MOV_00228,2025-11-10,False
WL_0008949,CUST_000640,MOV_00027,2025-10-12,True
WL_0008950,CUST_000640,TVS_00028,2025-07-20,True
WL_0008951,CUST_000640,TVS_00066,2025-09-17,True
WL_0008952,CUST_000640,MOV_00230,2025-12-01,True
WL_0008953,CUST_000640,TVS_00152,2025-10-20,False
WL_0008954,CUST_000640,MOV_00451,2026-02-20,True
WL_0008955,CUST_000640,MOV_00391,2025-10-29,True
WL_0008956,CUST_000640,MOV_00248,2026-03-28,True
WL_0008957,CUST_000640,MOV_00391,2026-04-06,True
WL_0008958,CUST_000640,MOV_00211,2025-12-05,True
WL_0008959,CUST_000640,MOV_00380,2026-04-01,True
WL_0008960,CUST_000640,MOV_00460,2025-08-06,False
WL_0008961,CUST_000640,TVS_00042,2025-08-31,False
WL_0008962,CUST_000640,MOV_00055,2025-10-12,True
WL_0008963,CUST_000640,TVS_00099,2026-03-02,True
WL_0008964,CUST_000640,MOV_00083,2026-03-27,True
WL_0008965,CUST_000640,TVS_00049,2025-10-08,True
WL_0008966,CUST_000640,MOV_00380,2025-10-19,True
WL_0008967,CUST_000640,TVS_00172,2025-08-29,True
WL_0008968,CUST_000640,TVS_00028,2025-12-17,True
WL_0008969,CUST_000641,TVS_00052,2025-03-25,True
WL_0008970,CUST_000641,MOV_00181,2025-11-26,True
WL_0008971,CUST_000641,TVS_00029,2026-01-07,True
WL_0008972,CUST_000641,TVS_00007,2025-10-10,True
WL_0008973,CUST_000641,TVS_00155,2025-07-18,True
WL_0008974,CUST_000641,TVS_00168,2025-06-23,True
WL_0008975,CUST_000641,MOV_00175,2026-03-19,True
WL_0008976,CUST_000641,MOV_00244,2026-03-20,True
WL_0008977,CUST_000641,MOV_00161,2026-04-06,True
WL_0008978,CUST_000641,MOV_00175,2025-07-09,True
WL_0008979,CUST_000641,TVS_00079,2025-06-23,False
WL_0008980,CUST_000641,MOV_00295,2025-11-27,False
WL_0008981,CUST_000641,MOV_00442,2025-11-03,False
WL_0008982,CUST_000641,TVS_00107,2025-11-12,True
WL_0008983,CUST_000641,TVS_00068,2026-03-07,True
WL_0008984,CUST_000641,TVS_00051,2026-03-07,False
WL_0008985,CUST_000641,MOV_00089,2025-08-08,True
WL_0008986,CUST_000641,MOV_00248,2025-04-21,False
WL_0008987,CUST_000641,MOV_00081,2025-08-31,True
WL_0008988,CUST_000641,MOV_00304,2026-03-19,True
WL_0008989,CUST_000642,MOV_00344,2026-01-06,False
WL_0008990,CUST_000642,TVS_00174,2026-03-13,True
WL_0008991,CUST_000642,MOV_00308,2025-11-10,True
WL_0008992,CUST_000642,MOV_00152,2026-02-10,True
WL_0008993,CUST_000642,MOV_00361,2026-01-22,False
WL_0008994,CUST_000642,MOV_00179,2026-01-07,False
WL_0008995,CUST_000642,MOV_00002,2026-02-15,False
WL_0008996,CUST_000643,MOV_00159,2025-08-13,False
WL_0008997,CUST_000643,TVS_00048,2025-07-28,True
WL_0008998,CUST_000643,MOV_00384,2025-07-28,False
WL_0008999,CUST_000643,MOV_00235,2025-05-23,False
WL_0009000,CUST_000643,TVS_00069,2025-07-21,False
WL_0009001,CUST_000643,MOV_00442,2025-07-06,False
WL_0009002,CUST_000643,TVS_00011,2025-07-24,False
WL_0009003,CUST_000644,MOV_00179,2025-03-21,False
WL_0009004,CUST_000644,MOV_00489,2026-02-03,False
WL_0009005,CUST_000644,MOV_00027,2025-02-07,False
WL_0009006,CUST_000644,MOV_00451,2025-08-15,True
WL_0009007,CUST_000644,MOV_00027,2025-10-16,False
WL_0009008,CUST_000644,MOV_00448,2025-07-03,True
WL_0009009,CUST_000644,MOV_00119,2025-05-24,False
WL_0009010,CUST_000644,TVS_00158,2025-07-19,False
WL_0009011,CUST_000644,MOV_00248,2026-02-02,False
WL_0009012,CUST_000644,TVS_00137,2025-11-27,False
WL_0009013,CUST_000644,TVS_00177,2025-07-04,False
WL_0009014,CUST_000644,MOV_00008,2025-01-21,True
WL_0009015,CUST_000644,MOV_00007,2026-01-23,False
WL_0009016,CUST_000644,TVS_00028,2025-03-02,True
WL_0009017,CUST_000644,MOV_00225,2025-06-21,False
WL_0009018,CUST_000644,MOV_00152,2025-05-18,True
WL_0009019,CUST_000644,TVS_00127,2025-07-29,True
WL_0009020,CUST_000644,MOV_00228,2025-06-20,True
WL_0009021,CUST_000644,MOV_00136,2025-07-20,True
WL_0009022,CUST_000644,TVS_00138,2025-04-20,False
WL_0009023,CUST_000644,MOV_00437,2025-12-05,True
WL_0009024,CUST_000644,MOV_00351,2026-01-04,False
WL_0009025,CUST_000644,MOV_00262,2025-06-20,True
WL_0009026,CUST_000645,MOV_00220,2026-02-25,True
WL_0009027,CUST_000645,MOV_00086,2025-11-19,True
WL_0009028,CUST_000645,MOV_00235,2025-11-02,False
WL_0009029,CUST_000645,TVS_00067,2025-12-25,True
WL_0009030,CUST_000645,MOV_00210,2026-01-01,False
WL_0009031,CUST_000645,TVS_00144,2025-12-10,False
WL_0009032,CUST_000645,TVS_00043,2025-12-21,True
WL_0009033,CUST_000645,TVS_00128,2025-11-26,True
WL_0009034,CUST_000645,MOV_00320,2026-01-09,True
WL_0009035,CUST_000645,MOV_00295,2025-11-21,False
WL_0009036,CUST_000645,MOV_00418,2026-02-06,True
WL_0009037,CUST_000645,MOV_00113,2025-11-16,True
WL_0009038,CUST_000645,TVS_00097,2026-02-15,True
WL_0009039,CUST_000645,MOV_00054,2025-11-18,True
WL_0009040,CUST_000645,TVS_00119,2026-03-12,True
WL_0009041,CUST_000645,TVS_00124,2026-01-23,False
WL_0009042,CUST_000645,MOV_00093,2025-11-20,False
WL_0009043,CUST_000646,MOV_00499,2026-04-06,True
WL_0009044,CUST_000646,MOV_00093,2026-01-06,True
WL_0009045,CUST_000646,MOV_00447,2026-04-04,False
WL_0009046,CUST_000646,MOV_00120,2026-02-16,False
WL_0009047,CUST_000646,TVS_00030,2026-03-16,False
WL_0009048,CUST_000646,MOV_00347,2026-03-18,False
WL_0009049,CUST_000646,MOV_00147,2026-03-08,True
WL_0009050,CUST_000646,TVS_00149,2025-12-07,True
WL_0009051,CUST_000647,TVS_00112,2025-08-07,True
WL_0009052,CUST_000647,MOV_00367,2025-06-15,True
WL_0009053,CUST_000647,MOV_00174,2025-05-02,True
WL_0009054,CUST_000647,MOV_00004,2025-05-31,False
WL_0009055,CUST_000648,MOV_00010,2025-03-27,True
WL_0009056,CUST_000648,TVS_00148,2025-05-20,True
WL_0009057,CUST_000648,MOV_00173,2026-03-28,True
WL_0009058,CUST_000648,MOV_00333,2025-06-05,False
WL_0009059,CUST_000648,MOV_00206,2026-02-28,True
WL_0009060,CUST_000649,MOV_00223,2025-08-12,True
WL_0009061,CUST_000649,TVS_00018,2026-03-27,False
WL_0009062,CUST_000649,MOV_00314,2025-09-21,False
WL_0009063,CUST_000649,TVS_00017,2025-08-11,False
WL_0009064,CUST_000649,MOV_00485,2025-05-24,True
WL_0009065,CUST_000649,TVS_00092,2025-06-01,True
WL_0009066,CUST_000649,MOV_00184,2026-04-11,False
WL_0009067,CUST_000649,MOV_00442,2026-03-12,True
WL_0009068,CUST_000649,MOV_00041,2025-04-19,True
WL_0009069,CUST_000649,TVS_00186,2026-03-20,True
WL_0009070,CUST_000649,MOV_00457,2025-10-11,True
WL_0009071,CUST_000649,TVS_00052,2025-04-25,True
WL_0009072,CUST_000649,MOV_00289,2025-11-10,True
WL_0009073,CUST_000649,TVS_00053,2025-09-07,True
WL_0009074,CUST_000649,TVS_00186,2025-05-30,True
WL_0009075,CUST_000649,MOV_00194,2026-01-04,True
WL_0009076,CUST_000649,MOV_00494,2026-01-23,True
WL_0009077,CUST_000649,TVS_00016,2025-08-19,True
WL_0009078,CUST_000649,MOV_00126,2025-07-14,True
WL_0009079,CUST_000650,TVS_00029,2025-09-16,False
WL_0009080,CUST_000650,MOV_00331,2026-01-19,True
WL_0009081,CUST_000650,MOV_00472,2025-12-11,True
WL_0009082,CUST_000650,MOV_00089,2025-12-26,True
WL_0009083,CUST_000650,MOV_00266,2025-09-12,False
WL_0009084,CUST_000650,MOV_00336,2026-01-16,True
WL_0009085,CUST_000650,MOV_00104,2025-10-30,False
WL_0009086,CUST_000650,TVS_00188,2025-09-18,False
WL_0009087,CUST_000650,TVS_00147,2025-09-17,True
WL_0009088,CUST_000650,MOV_00298,2026-01-13,True
WL_0009089,CUST_000650,MOV_00135,2025-12-14,True
WL_0009090,CUST_000650,MOV_00476,2026-01-21,False
WL_0009091,CUST_000650,MOV_00000,2025-12-10,True
WL_0009092,CUST_000650,MOV_00426,2025-09-09,True
WL_0009093,CUST_000650,MOV_00169,2025-11-04,False
WL_0009094,CUST_000650,MOV_00374,2025-11-25,False
WL_0009095,CUST_000650,MOV_00414,2026-04-10,False
WL_0009096,CUST_000650,MOV_00119,2025-11-21,True
WL_0009097,CUST_000650,MOV_00174,2026-01-07,True
WL_0009098,CUST_000651,MOV_00250,2026-02-04,True
WL_0009099,CUST_000651,TVS_00096,2026-01-28,False
WL_0009100,CUST_000651,MOV_00261,2026-01-24,True
WL_0009101,CUST_000651,MOV_00218,2026-01-26,False
WL_0009102,CUST_000651,TVS_00091,2026-02-22,True
WL_0009103,CUST_000651,MOV_00425,2026-02-22,True
WL_0009104,CUST_000651,MOV_00213,2026-01-24,True
WL_0009105,CUST_000651,MOV_00225,2026-03-31,True
WL_0009106,CUST_000651,TVS_00039,2026-02-09,False
WL_0009107,CUST_000651,TVS_00151,2026-03-19,True
WL_0009108,CUST_000652,MOV_00095,2025-11-07,True
WL_0009109,CUST_000652,MOV_00247,2025-11-01,True
WL_0009110,CUST_000652,MOV_00240,2025-10-12,True
WL_0009111,CUST_000652,MOV_00330,2026-01-12,True
WL_0009112,CUST_000652,TVS_00142,2025-09-15,True
WL_0009113,CUST_000652,MOV_00382,2026-04-09,True
WL_0009114,CUST_000652,MOV_00067,2026-02-03,True
WL_0009115,CUST_000652,TVS_00095,2026-01-27,True
WL_0009116,CUST_000652,MOV_00499,2026-01-12,False
WL_0009117,CUST_000652,TVS_00046,2025-12-31,True
WL_0009118,CUST_000652,MOV_00143,2025-09-24,True
WL_0009119,CUST_000652,MOV_00347,2025-09-27,False
WL_0009120,CUST_000652,MOV_00286,2025-10-13,False
WL_0009121,CUST_000653,MOV_00235,2025-06-22,False
WL_0009122,CUST_000653,MOV_00343,2025-12-28,True
WL_0009123,CUST_000653,MOV_00490,2026-03-06,True
WL_0009124,CUST_000653,MOV_00263,2025-10-29,True
WL_0009125,CUST_000653,MOV_00125,2025-08-18,True
WL_0009126,CUST_000653,TVS_00077,2025-06-23,True
WL_0009127,CUST_000653,MOV_00147,2025-04-06,False
WL_0009128,CUST_000653,MOV_00479,2024-11-20,True
WL_0009129,CUST_000653,MOV_00432,2025-05-06,True
WL_0009130,CUST_000654,MOV_00394,2025-05-27,True
WL_0009131,CUST_000654,MOV_00166,2025-01-14,True
WL_0009132,CUST_000654,MOV_00462,2025-07-18,True
WL_0009133,CUST_000654,TVS_00024,2025-09-14,True
WL_0009134,CUST_000654,MOV_00419,2026-04-11,True
WL_0009135,CUST_000654,TVS_00130,2025-08-03,True
WL_0009136,CUST_000654,MOV_00369,2025-04-26,True
WL_0009137,CUST_000654,MOV_00478,2025-06-03,False
WL_0009138,CUST_000654,MOV_00427,2025-04-07,True
WL_0009139,CUST_000654,MOV_00358,2025-06-29,True
WL_0009140,CUST_000655,TVS_00107,2026-03-06,True
WL_0009141,CUST_000655,MOV_00099,2026-03-23,True
WL_0009142,CUST_000655,MOV_00377,2026-03-10,True
WL_0009143,CUST_000655,MOV_00271,2026-04-03,True
WL_0009144,CUST_000655,MOV_00449,2026-03-28,True
WL_0009145,CUST_000655,TVS_00150,2026-03-02,False
WL_0009146,CUST_000655,TVS_00005,2026-04-09,True
WL_0009147,CUST_000655,TVS_00004,2026-03-18,False
WL_0009148,CUST_000655,TVS_00056,2026-03-02,True
WL_0009149,CUST_000655,MOV_00491,2026-03-24,True
WL_0009150,CUST_000656,MOV_00178,2025-10-03,True
WL_0009151,CUST_000656,MOV_00355,2025-11-04,False
WL_0009152,CUST_000656,TVS_00152,2025-10-02,False
WL_0009153,CUST_000656,MOV_00408,2025-11-20,False
WL_0009154,CUST_000656,MOV_00271,2026-02-23,True
WL_0009155,CUST_000656,MOV_00395,2025-10-31,True
WL_0009156,CUST_000656,MOV_00112,2025-11-19,True
WL_0009157,CUST_000656,MOV_00330,2025-09-27,True
WL_0009158,CUST_000656,MOV_00230,2025-10-31,False
WL_0009159,CUST_000656,MOV_00002,2026-03-18,True
WL_0009160,CUST_000656,MOV_00122,2025-10-25,True
WL_0009161,CUST_000656,TVS_00107,2026-03-01,True
WL_0009162,CUST_000656,MOV_00002,2026-01-15,True
WL_0009163,CUST_000657,TVS_00197,2026-03-29,True
WL_0009164,CUST_000657,MOV_00168,2026-03-25,True
WL_0009165,CUST_000657,TVS_00051,2026-03-17,False
WL_0009166,CUST_000657,MOV_00476,2026-03-18,True
WL_0009167,CUST_000657,MOV_00262,2026-03-29,False
WL_0009168,CUST_000657,TVS_00184,2026-04-11,False
WL_0009169,CUST_000657,TVS_00058,2026-03-14,True
WL_0009170,CUST_000657,TVS_00160,2026-04-11,True
WL_0009171,CUST_000657,MOV_00350,2026-03-16,True
WL_0009172,CUST_000657,TVS_00168,2026-03-20,False
WL_0009173,CUST_000657,MOV_00027,2026-03-18,True
WL_0009174,CUST_000657,TVS_00033,2026-04-06,False
WL_0009175,CUST_000657,MOV_00168,2026-03-29,True
WL_0009176,CUST_000657,MOV_00481,2026-03-17,False
WL_0009177,CUST_000657,TVS_00001,2026-03-20,True
WL_0009178,CUST_000657,MOV_00174,2026-04-01,True
WL_0009179,CUST_000657,MOV_00167,2026-04-08,True
WL_0009180,CUST_000657,MOV_00456,2026-03-23,True
WL_0009181,CUST_000657,MOV_00253,2026-03-15,True
WL_0009182,CUST_000657,MOV_00163,2026-04-02,False
WL_0009183,CUST_000657,TVS_00065,2026-03-23,False
WL_0009184,CUST_000657,TVS_00135,2026-04-04,True
WL_0009185,CUST_000658,MOV_00408,2026-04-10,True
WL_0009186,CUST_000658,MOV_00408,2026-02-04,True
WL_0009187,CUST_000658,TVS_00149,2025-06-12,True
WL_0009188,CUST_000659,TVS_00030,2025-05-18,True
WL_0009189,CUST_000659,TVS_00077,2025-05-21,True
WL_0009190,CUST_000659,MOV_00027,2025-09-27,False
WL_0009191,CUST_000659,TVS_00053,2025-03-08,False
WL_0009192,CUST_000659,MOV_00074,2025-07-06,False
WL_0009193,CUST_000659,MOV_00134,2025-08-24,False
WL_0009194,CUST_000659,MOV_00235,2025-08-28,True
WL_0009195,CUST_000659,TVS_00112,2025-05-14,False
WL_0009196,CUST_000660,MOV_00040,2025-09-08,True
WL_0009197,CUST_000660,MOV_00231,2025-11-21,True
WL_0009198,CUST_000660,MOV_00286,2025-12-26,True
WL_0009199,CUST_000660,TVS_00026,2025-10-01,True
WL_0009200,CUST_000660,MOV_00027,2026-04-02,False
WL_0009201,CUST_000660,MOV_00084,2025-12-15,True
WL_0009202,CUST_000660,MOV_00029,2026-01-09,True
WL_0009203,CUST_000660,MOV_00066,2026-03-31,True
WL_0009204,CUST_000660,MOV_00147,2026-01-31,True
WL_0009205,CUST_000660,MOV_00336,2026-01-11,True
WL_0009206,CUST_000660,MOV_00200,2026-02-02,True
WL_0009207,CUST_000660,MOV_00009,2026-05-12,True
WL_0009208,CUST_000660,MOV_00042,2025-11-23,False
WL_0009209,CUST_000660,MOV_00316,2025-09-22,True
WL_0009210,CUST_000660,MOV_00163,2026-04-04,True
WL_0009211,CUST_000660,TVS_00026,2026-05-12,True
WL_0009212,CUST_000660,MOV_00495,2026-01-06,False
WL_0009213,CUST_000660,TVS_00064,2025-11-03,False
WL_0009214,CUST_000660,MOV_00302,2026-03-03,True
WL_0009215,CUST_000660,MOV_00094,2025-12-11,True
WL_0009216,CUST_000660,MOV_00056,2025-08-30,False
WL_0009217,CUST_000660,MOV_00405,2026-02-22,True
WL_0009218,CUST_000660,MOV_00042,2026-05-01,True
WL_0009219,CUST_000660,TVS_00051,2026-03-10,False
WL_0009220,CUST_000660,TVS_00154,2026-03-22,False
WL_0009221,CUST_000661,TVS_00061,2025-01-29,True
WL_0009222,CUST_000661,MOV_00331,2024-11-26,True
WL_0009223,CUST_000661,MOV_00020,2025-04-03,True
WL_0009224,CUST_000661,TVS_00120,2025-01-27,True
WL_0009225,CUST_000661,MOV_00179,2025-05-02,False
WL_0009226,CUST_000661,MOV_00162,2025-11-10,True
WL_0009227,CUST_000661,MOV_00151,2025-11-11,True
WL_0009228,CUST_000662,MOV_00002,2026-03-31,False
WL_0009229,CUST_000662,MOV_00471,2026-04-05,True
WL_0009230,CUST_000662,MOV_00412,2026-03-28,True
WL_0009231,CUST_000662,MOV_00273,2026-03-29,False
WL_0009232,CUST_000662,TVS_00179,2026-04-09,False
WL_0009233,CUST_000662,TVS_00164,2026-04-10,False
WL_0009234,CUST_000662,TVS_00024,2026-03-29,True
WL_0009235,CUST_000662,TVS_00134,2026-04-04,True
WL_0009236,CUST_000662,MOV_00357,2026-03-30,True
WL_0009237,CUST_000662,TVS_00031,2026-04-11,True
WL_0009238,CUST_000662,MOV_00287,2026-03-30,False
WL_0009239,CUST_000662,MOV_00190,2026-04-10,False
WL_0009240,CUST_000662,TVS_00074,2026-04-10,False
WL_0009241,CUST_000662,MOV_00471,2026-04-10,True
WL_0009242,CUST_000662,MOV_00006,2026-04-01,True
WL_0009243,CUST_000662,MOV_00357,2026-03-28,True
WL_0009244,CUST_000662,MOV_00303,2026-03-28,True
WL_0009245,CUST_000662,TVS_00021,2026-04-05,False
WL_0009246,CUST_000662,MOV_00240,2026-04-10,False
WL_0009247,CUST_000662,TVS_00083,2026-03-29,False
WL_0009248,CUST_000662,MOV_00213,2026-04-04,True
WL_0009249,CUST_000662,MOV_00371,2026-03-31,True
WL_0009250,CUST_000663,MOV_00294,2026-02-18,True
WL_0009251,CUST_000663,MOV_00206,2026-04-01,True
WL_0009252,CUST_000663,MOV_00389,2025-12-29,True
WL_0009253,CUST_000663,TVS_00037,2026-01-14,True
WL_0009254,CUST_000663,MOV_00389,2026-03-15,True
WL_0009255,CUST_000663,MOV_00121,2026-02-17,True
WL_0009256,CUST_000663,MOV_00460,2025-12-25,False
WL_0009257,CUST_000664,MOV_00113,2025-12-28,True
WL_0009258,CUST_000664,MOV_00374,2026-02-19,False
WL_0009259,CUST_000664,MOV_00229,2025-05-03,True
WL_0009260,CUST_000664,MOV_00313,2025-09-21,True
WL_0009261,CUST_000664,TVS_00065,2025-10-24,True
WL_0009262,CUST_000664,MOV_00072,2026-03-25,True
WL_0009263,CUST_000664,MOV_00179,2025-09-24,True
WL_0009264,CUST_000664,MOV_00284,2025-06-13,False
WL_0009265,CUST_000664,TVS_00096,2025-11-16,True
WL_0009266,CUST_000664,MOV_00105,2025-12-19,False
WL_0009267,CUST_000664,MOV_00464,2025-11-30,True
WL_0009268,CUST_000664,MOV_00463,2026-04-04,True
WL_0009269,CUST_000664,MOV_00149,2025-05-28,False
WL_0009270,CUST_000664,TVS_00159,2025-11-14,True
WL_0009271,CUST_000665,MOV_00078,2026-03-16,False
WL_0009272,CUST_000665,MOV_00262,2025-11-02,True
WL_0009273,CUST_000665,MOV_00335,2024-07-29,True
WL_0009274,CUST_000665,MOV_00149,2025-09-26,True
WL_0009275,CUST_000665,MOV_00215,2025-01-11,True
WL_0009276,CUST_000666,MOV_00147,2025-06-19,False
WL_0009277,CUST_000666,MOV_00098,2025-08-14,False
WL_0009278,CUST_000666,MOV_00080,2025-12-06,False
WL_0009279,CUST_000666,MOV_00456,2026-04-04,True
WL_0009280,CUST_000667,MOV_00269,2025-08-02,True
WL_0009281,CUST_000667,TVS_00171,2025-07-08,False
WL_0009282,CUST_000667,MOV_00491,2026-02-21,False
WL_0009283,CUST_000667,TVS_00049,2025-08-01,True
WL_0009284,CUST_000667,TVS_00138,2025-10-27,True
WL_0009285,CUST_000667,TVS_00077,2025-12-31,True
WL_0009286,CUST_000667,MOV_00422,2025-11-03,True
WL_0009287,CUST_000667,MOV_00164,2026-01-17,False
WL_0009288,CUST_000667,TVS_00040,2025-10-15,True
WL_0009289,CUST_000667,MOV_00135,2025-12-31,True
WL_0009290,CUST_000667,MOV_00311,2025-07-26,True
WL_0009291,CUST_000667,TVS_00028,2025-07-08,True
WL_0009292,CUST_000667,MOV_00034,2025-11-29,False
WL_0009293,CUST_000667,MOV_00432,2026-02-12,True
WL_0009294,CUST_000667,TVS_00147,2025-07-12,True
WL_0009295,CUST_000667,TVS_00011,2025-12-06,False
WL_0009296,CUST_000667,MOV_00019,2026-01-30,True
WL_0009297,CUST_000667,MOV_00137,2026-03-12,True
WL_0009298,CUST_000667,TVS_00032,2025-12-27,True
WL_0009299,CUST_000667,MOV_00197,2025-10-22,False
WL_0009300,CUST_000667,TVS_00098,2025-09-21,True
WL_0009301,CUST_000667,MOV_00129,2025-09-15,True
WL_0009302,CUST_000668,MOV_00100,2026-01-24,True
WL_0009303,CUST_000668,MOV_00404,2026-02-10,True
WL_0009304,CUST_000668,MOV_00378,2026-02-09,True
WL_0009305,CUST_000668,MOV_00338,2026-03-16,False
WL_0009306,CUST_000668,TVS_00010,2026-03-16,False
WL_0009307,CUST_000668,MOV_00297,2026-02-01,True
WL_0009308,CUST_000668,MOV_00466,2026-02-04,True
WL_0009309,CUST_000668,MOV_00412,2026-02-01,False
WL_0009310,CUST_000669,MOV_00235,2026-04-08,True
WL_0009311,CUST_000669,MOV_00486,2026-04-09,True
WL_0009312,CUST_000669,MOV_00436,2025-11-18,False
WL_0009313,CUST_000669,MOV_00058,2026-02-12,False
WL_0009314,CUST_000669,MOV_00358,2026-01-16,False
WL_0009315,CUST_000669,MOV_00272,2026-01-28,True
WL_0009316,CUST_000669,TVS_00192,2025-11-29,True
WL_0009317,CUST_000669,MOV_00487,2026-02-13,True
WL_0009318,CUST_000669,TVS_00192,2026-01-06,False
WL_0009319,CUST_000669,MOV_00209,2025-12-01,False
WL_0009320,CUST_000669,MOV_00355,2025-12-01,False
WL_0009321,CUST_000669,MOV_00074,2026-03-19,True
WL_0009322,CUST_000669,MOV_00454,2026-02-27,False
WL_0009323,CUST_000669,MOV_00477,2025-12-29,False
WL_0009324,CUST_000669,MOV_00429,2026-01-13,True
WL_0009325,CUST_000669,MOV_00249,2025-12-10,True
WL_0009326,CUST_000669,MOV_00456,2025-11-06,False
WL_0009327,CUST_000669,MOV_00014,2026-01-16,True
WL_0009328,CUST_000669,MOV_00200,2026-02-22,True
WL_0009329,CUST_000669,MOV_00045,2026-03-09,False
WL_0009330,CUST_000670,TVS_00163,2025-07-09,False
WL_0009331,CUST_000670,MOV_00437,2026-03-01,True
WL_0009332,CUST_000670,MOV_00453,2024-06-13,True
WL_0009333,CUST_000670,TVS_00068,2024-05-26,True
WL_0009334,CUST_000670,MOV_00116,2025-08-16,True
WL_0009335,CUST_000670,MOV_00369,2024-11-19,True
WL_0009336,CUST_000670,MOV_00198,2025-04-25,True
WL_0009337,CUST_000670,TVS_00043,2025-12-28,True
WL_0009338,CUST_000671,MOV_00144,2025-08-25,True
WL_0009339,CUST_000671,MOV_00081,2026-04-10,True
WL_0009340,CUST_000671,MOV_00380,2025-12-15,True
WL_0009341,CUST_000671,TVS_00084,2025-08-04,True
WL_0009342,CUST_000671,MOV_00182,2024-08-07,False
WL_0009343,CUST_000671,MOV_00199,2025-12-07,True
WL_0009344,CUST_000671,MOV_00344,2025-01-10,False
WL_0009345,CUST_000671,MOV_00084,2024-12-09,True
WL_0009346,CUST_000671,MOV_00425,2024-12-29,True
WL_0009347,CUST_000671,MOV_00225,2025-05-17,True
WL_0009348,CUST_000671,MOV_00412,2025-04-22,True
WL_0009349,CUST_000671,MOV_00101,2025-11-07,True
WL_0009350,CUST_000671,TVS_00169,2024-11-01,False
WL_0009351,CUST_000671,MOV_00260,2026-01-30,False
WL_0009352,CUST_000671,MOV_00260,2025-06-06,False
WL_0009353,CUST_000671,MOV_00391,2025-12-02,False
WL_0009354,CUST_000671,MOV_00127,2025-06-29,True
WL_0009355,CUST_000671,MOV_00063,2025-07-14,True
WL_0009356,CUST_000671,MOV_00199,2024-08-10,True
WL_0009357,CUST_000672,MOV_00167,2026-04-05,True
WL_0009358,CUST_000672,MOV_00056,2025-12-20,True
WL_0009359,CUST_000672,MOV_00338,2026-02-05,False
WL_0009360,CUST_000672,MOV_00394,2026-03-03,True
WL_0009361,CUST_000672,MOV_00019,2025-11-26,False
WL_0009362,CUST_000672,MOV_00486,2026-01-10,True
WL_0009363,CUST_000672,TVS_00053,2025-11-22,True
WL_0009364,CUST_000673,MOV_00315,2025-02-24,False
WL_0009365,CUST_000673,MOV_00114,2025-01-02,True
WL_0009366,CUST_000673,MOV_00090,2025-12-25,True
WL_0009367,CUST_000673,MOV_00062,2024-11-13,True
WL_0009368,CUST_000673,MOV_00107,2025-10-25,False
WL_0009369,CUST_000673,MOV_00054,2025-12-18,True
WL_0009370,CUST_000673,MOV_00398,2025-12-22,False
WL_0009371,CUST_000673,TVS_00043,2025-12-10,False
WL_0009372,CUST_000673,MOV_00121,2025-07-09,False
WL_0009373,CUST_000673,TVS_00023,2026-03-09,True
WL_0009374,CUST_000673,MOV_00439,2025-08-11,True
WL_0009375,CUST_000673,MOV_00095,2025-10-23,True
WL_0009376,CUST_000673,TVS_00127,2025-09-22,True
WL_0009377,CUST_000673,TVS_00119,2026-01-30,True
WL_0009378,CUST_000674,MOV_00065,2026-03-15,False
WL_0009379,CUST_000674,TVS_00182,2026-03-30,False
WL_0009380,CUST_000674,TVS_00120,2026-03-31,True
WL_0009381,CUST_000674,MOV_00419,2026-03-29,True
WL_0009382,CUST_000674,MOV_00453,2026-04-06,False
WL_0009383,CUST_000674,MOV_00483,2026-03-25,False
WL_0009384,CUST_000674,TVS_00161,2026-04-07,False
WL_0009385,CUST_000674,MOV_00270,2026-03-14,True
WL_0009386,CUST_000674,MOV_00306,2026-03-31,True
WL_0009387,CUST_000675,MOV_00360,2026-01-27,False
WL_0009388,CUST_000675,MOV_00256,2026-04-03,True
WL_0009389,CUST_000675,TVS_00123,2025-12-13,True
WL_0009390,CUST_000675,MOV_00394,2026-04-07,True
WL_0009391,CUST_000675,TVS_00048,2025-12-17,True
WL_0009392,CUST_000675,MOV_00031,2026-01-18,False
WL_0009393,CUST_000675,TVS_00197,2026-02-23,False
WL_0009394,CUST_000675,TVS_00062,2026-03-13,True
WL_0009395,CUST_000675,TVS_00050,2026-02-26,False
WL_0009396,CUST_000675,TVS_00108,2025-12-11,False
WL_0009397,CUST_000675,MOV_00341,2026-03-14,True
WL_0009398,CUST_000675,MOV_00100,2025-11-16,True
WL_0009399,CUST_000675,TVS_00165,2026-02-19,True
WL_0009400,CUST_000675,TVS_00117,2026-03-01,False
WL_0009401,CUST_000676,MOV_00022,2025-06-07,False
WL_0009402,CUST_000676,MOV_00072,2025-11-17,True
WL_0009403,CUST_000676,MOV_00437,2024-12-05,True
WL_0009404,CUST_000676,TVS_00100,2025-09-28,True
WL_0009405,CUST_000676,MOV_00475,2025-10-15,True
WL_0009406,CUST_000676,MOV_00410,2025-10-12,False
WL_0009407,CUST_000677,TVS_00179,2026-03-06,True
WL_0009408,CUST_000677,MOV_00062,2026-03-28,True
WL_0009409,CUST_000677,MOV_00014,2026-01-16,False
WL_0009410,CUST_000677,MOV_00188,2026-03-22,True
WL_0009411,CUST_000677,MOV_00403,2026-03-31,False
WL_0009412,CUST_000677,MOV_00149,2026-02-20,True
WL_0009413,CUST_000677,TVS_00062,2026-01-19,False
WL_0009414,CUST_000677,MOV_00218,2026-04-04,True
WL_0009415,CUST_000677,MOV_00311,2026-02-13,True
WL_0009416,CUST_000677,MOV_00496,2026-03-30,True
WL_0009417,CUST_000677,MOV_00389,2026-03-14,True
WL_0009418,CUST_000677,MOV_00157,2026-01-31,False
WL_0009419,CUST_000677,TVS_00103,2026-03-19,True
WL_0009420,CUST_000677,MOV_00381,2026-02-07,True
WL_0009421,CUST_000677,MOV_00043,2026-02-21,False
WL_0009422,CUST_000677,MOV_00423,2026-03-16,True
WL_0009423,CUST_000678,TVS_00164,2026-03-24,True
WL_0009424,CUST_000678,MOV_00363,2025-12-31,True
WL_0009425,CUST_000678,MOV_00336,2025-12-17,False
WL_0009426,CUST_000678,TVS_00076,2026-02-22,False
WL_0009427,CUST_000678,MOV_00421,2026-03-01,False
WL_0009428,CUST_000678,MOV_00305,2026-04-03,False
WL_0009429,CUST_000678,TVS_00199,2026-03-14,True
WL_0009430,CUST_000678,TVS_00101,2026-01-23,True
WL_0009431,CUST_000678,MOV_00244,2026-04-11,True
WL_0009432,CUST_000678,MOV_00210,2026-03-26,True
WL_0009433,CUST_000678,MOV_00169,2026-03-28,False
WL_0009434,CUST_000678,MOV_00012,2026-03-13,True
WL_0009435,CUST_000678,TVS_00143,2025-12-19,True
WL_0009436,CUST_000678,MOV_00136,2025-12-22,True
WL_0009437,CUST_000678,MOV_00200,2026-02-15,True
WL_0009438,CUST_000678,TVS_00022,2026-03-26,False
WL_0009439,CUST_000678,MOV_00326,2026-03-23,True
WL_0009440,CUST_000678,TVS_00183,2026-03-20,False
WL_0009441,CUST_000679,MOV_00455,2026-02-15,True
WL_0009442,CUST_000679,MOV_00113,2026-04-01,False
WL_0009443,CUST_000679,TVS_00106,2026-03-25,True
WL_0009444,CUST_000679,MOV_00463,2026-01-21,True
WL_0009445,CUST_000679,MOV_00010,2026-02-17,False
WL_0009446,CUST_000679,MOV_00183,2026-02-11,False
WL_0009447,CUST_000679,MOV_00184,2026-03-08,True
WL_0009448,CUST_000679,TVS_00111,2026-03-11,False
WL_0009449,CUST_000679,TVS_00033,2026-01-26,False
WL_0009450,CUST_000679,MOV_00150,2026-02-19,False
WL_0009451,CUST_000679,TVS_00019,2026-04-06,True
WL_0009452,CUST_000679,TVS_00108,2026-03-27,False
WL_0009453,CUST_000679,MOV_00493,2026-01-21,False
WL_0009454,CUST_000679,MOV_00181,2026-02-25,False
WL_0009455,CUST_000679,MOV_00078,2026-01-22,True
WL_0009456,CUST_000679,MOV_00258,2026-03-10,True
WL_0009457,CUST_000680,MOV_00247,2026-01-18,False
WL_0009458,CUST_000680,TVS_00142,2026-04-01,False
WL_0009459,CUST_000680,TVS_00111,2026-03-20,True
WL_0009460,CUST_000680,MOV_00471,2025-11-25,True
WL_0009461,CUST_000680,MOV_00430,2025-11-16,True
WL_0009462,CUST_000680,TVS_00088,2026-01-02,False
WL_0009463,CUST_000680,MOV_00088,2025-11-01,True
WL_0009464,CUST_000680,MOV_00261,2026-01-20,False
WL_0009465,CUST_000680,TVS_00075,2025-11-23,False
WL_0009466,CUST_000680,MOV_00315,2025-11-09,True
WL_0009467,CUST_000680,MOV_00348,2026-02-12,False
WL_0009468,CUST_000680,MOV_00068,2025-11-05,True
WL_0009469,CUST_000680,TVS_00038,2026-01-19,True
WL_0009470,CUST_000680,TVS_00018,2026-02-04,True
WL_0009471,CUST_000680,MOV_00330,2026-03-08,True
WL_0009472,CUST_000680,MOV_00064,2026-03-07,True
WL_0009473,CUST_000680,MOV_00104,2025-12-27,True
WL_0009474,CUST_000680,MOV_00010,2026-04-09,True
WL_0009475,CUST_000680,MOV_00342,2026-03-23,False
WL_0009476,CUST_000680,TVS_00161,2025-11-14,False
WL_0009477,CUST_000680,MOV_00073,2026-01-18,False
WL_0009478,CUST_000680,MOV_00290,2026-04-08,True
WL_0009479,CUST_000681,TVS_00133,2025-08-22,False
WL_0009480,CUST_000681,TVS_00100,2024-12-22,True
WL_0009481,CUST_000681,MOV_00046,2025-12-11,True
WL_0009482,CUST_000681,TVS_00110,2025-06-19,True
WL_0009483,CUST_000681,MOV_00080,2025-01-24,False
WL_0009484,CUST_000681,TVS_00057,2025-02-16,False
WL_0009485,CUST_000681,MOV_00334,2025-08-27,True
WL_0009486,CUST_000682,TVS_00030,2026-02-07,True
WL_0009487,CUST_000682,MOV_00300,2025-12-20,True
WL_0009488,CUST_000682,MOV_00095,2026-03-14,True
WL_0009489,CUST_000683,MOV_00440,2026-01-06,False
WL_0009490,CUST_000683,MOV_00283,2026-03-26,False
WL_0009491,CUST_000683,MOV_00323,2026-04-04,True
WL_0009492,CUST_000683,MOV_00471,2025-08-26,False
WL_0009493,CUST_000683,MOV_00002,2026-02-10,False
WL_0009494,CUST_000683,TVS_00156,2026-03-26,False
WL_0009495,CUST_000683,MOV_00447,2026-03-12,False
WL_0009496,CUST_000683,MOV_00287,2025-09-22,False
WL_0009497,CUST_000683,TVS_00151,2025-07-07,False
WL_0009498,CUST_000683,MOV_00101,2025-09-01,True
WL_0009499,CUST_000683,MOV_00243,2025-12-26,False
WL_0009500,CUST_000684,MOV_00492,2026-04-06,True
WL_0009501,CUST_000684,MOV_00099,2026-03-24,True
WL_0009502,CUST_000684,MOV_00130,2026-03-04,False
WL_0009503,CUST_000684,MOV_00337,2026-03-08,False
WL_0009504,CUST_000685,MOV_00402,2026-01-18,False
WL_0009505,CUST_000685,MOV_00142,2026-03-03,True
WL_0009506,CUST_000685,MOV_00189,2025-11-04,False
WL_0009507,CUST_000685,MOV_00326,2026-03-31,False
WL_0009508,CUST_000685,MOV_00463,2025-11-11,False
WL_0009509,CUST_000685,MOV_00346,2025-10-07,False
WL_0009510,CUST_000685,MOV_00064,2025-08-20,False
WL_0009511,CUST_000686,MOV_00199,2026-03-03,False
WL_0009512,CUST_000686,TVS_00008,2026-03-23,False
WL_0009513,CUST_000686,MOV_00322,2026-02-16,True
WL_0009514,CUST_000686,MOV_00480,2026-03-09,True
WL_0009515,CUST_000686,TVS_00047,2026-02-11,True
WL_0009516,CUST_000686,MOV_00257,2026-03-12,True
WL_0009517,CUST_000686,MOV_00144,2026-03-02,True
WL_0009518,CUST_000686,TVS_00119,2026-03-13,True
WL_0009519,CUST_000686,TVS_00105,2026-03-28,False
WL_0009520,CUST_000686,MOV_00365,2026-03-11,True
WL_0009521,CUST_000686,MOV_00066,2026-03-07,False
WL_0009522,CUST_000686,MOV_00142,2026-03-14,True
WL_0009523,CUST_000686,MOV_00247,2026-04-07,False
WL_0009524,CUST_000686,MOV_00009,2026-02-20,True
WL_0009525,CUST_000686,MOV_00017,2026-04-02,True
WL_0009526,CUST_000686,MOV_00463,2026-03-09,False
WL_0009527,CUST_000686,TVS_00043,2026-02-25,True
WL_0009528,CUST_000686,MOV_00112,2026-03-30,True
WL_0009529,CUST_000686,MOV_00480,2026-03-05,True
WL_0009530,CUST_000686,MOV_00099,2026-03-23,True
WL_0009531,CUST_000687,MOV_00100,2024-07-25,False
WL_0009532,CUST_000687,MOV_00252,2024-10-15,True
WL_0009533,CUST_000687,TVS_00091,2025-03-04,False
WL_0009534,CUST_000687,MOV_00353,2025-02-17,False
WL_0009535,CUST_000687,TVS_00115,2025-04-20,True
WL_0009536,CUST_000687,TVS_00103,2024-10-13,False
WL_0009537,CUST_000687,MOV_00236,2024-08-14,True
WL_0009538,CUST_000687,MOV_00018,2025-02-06,True
WL_0009539,CUST_000687,MOV_00275,2024-10-26,True
WL_0009540,CUST_000688,TVS_00131,2026-04-06,True
WL_0009541,CUST_000688,TVS_00036,2025-09-20,True
WL_0009542,CUST_000688,MOV_00305,2026-01-04,False
WL_0009543,CUST_000688,MOV_00153,2025-12-22,True
WL_0009544,CUST_000688,MOV_00301,2026-04-02,True
WL_0009545,CUST_000688,MOV_00051,2025-10-03,True
WL_0009546,CUST_000688,TVS_00134,2025-12-11,False
WL_0009547,CUST_000689,MOV_00432,2025-01-09,True
WL_0009548,CUST_000689,TVS_00171,2025-09-16,True
WL_0009549,CUST_000689,MOV_00114,2025-06-23,False
WL_0009550,CUST_000689,MOV_00237,2024-12-21,True
WL_0009551,CUST_000689,MOV_00230,2025-11-02,True
WL_0009552,CUST_000689,MOV_00102,2026-01-15,False
WL_0009553,CUST_000689,MOV_00307,2025-11-25,False
WL_0009554,CUST_000689,MOV_00307,2025-12-08,False
WL_0009555,CUST_000690,TVS_00069,2025-03-04,False
WL_0009556,CUST_000690,TVS_00141,2025-05-14,True
WL_0009557,CUST_000690,MOV_00469,2025-03-16,True
WL_0009558,CUST_000690,MOV_00029,2025-04-13,True
WL_0009559,CUST_000690,MOV_00398,2026-02-09,False
WL_0009560,CUST_000690,MOV_00230,2025-06-15,True
WL_0009561,CUST_000690,MOV_00368,2025-02-19,False
WL_0009562,CUST_000690,MOV_00315,2025-10-14,False
WL_0009563,CUST_000690,MOV_00314,2025-05-18,True
WL_0009564,CUST_000690,TVS_00040,2025-02-18,True
WL_0009565,CUST_000690,MOV_00059,2025-08-25,False
WL_0009566,CUST_000690,MOV_00341,2025-06-10,True
WL_0009567,CUST_000690,MOV_00069,2025-09-20,False
WL_0009568,CUST_000690,MOV_00009,2026-03-24,True
WL_0009569,CUST_000690,MOV_00387,2025-09-07,True
WL_0009570,CUST_000690,MOV_00163,2025-08-24,False
WL_0009571,CUST_000690,MOV_00118,2025-06-17,True
WL_0009572,CUST_000690,TVS_00042,2025-02-03,True
WL_0009573,CUST_000690,MOV_00424,2025-10-09,True
WL_0009574,CUST_000690,MOV_00029,2025-07-02,False
WL_0009575,CUST_000690,TVS_00082,2026-01-22,True
WL_0009576,CUST_000690,MOV_00242,2025-12-07,False
WL_0009577,CUST_000690,TVS_00163,2025-07-18,True
WL_0009578,CUST_000691,MOV_00009,2026-04-02,False
WL_0009579,CUST_000691,MOV_00315,2025-07-08,True
WL_0009580,CUST_000691,TVS_00174,2026-04-10,True
WL_0009581,CUST_000691,MOV_00445,2026-01-21,True
WL_0009582,CUST_000691,MOV_00272,2026-02-01,True
WL_0009583,CUST_000691,MOV_00497,2025-08-25,True
WL_0009584,CUST_000691,TVS_00122,2025-11-03,True
WL_0009585,CUST_000691,TVS_00194,2026-01-24,False
WL_0009586,CUST_000691,TVS_00107,2025-11-19,True
WL_0009587,CUST_000691,MOV_00341,2025-09-23,True
WL_0009588,CUST_000691,TVS_00170,2025-10-13,True
WL_0009589,CUST_000691,MOV_00341,2025-10-12,True
WL_0009590,CUST_000692,MOV_00323,2024-08-15,True
WL_0009591,CUST_000692,MOV_00420,2024-09-15,True
WL_0009592,CUST_000692,MOV_00429,2024-11-03,False
WL_0009593,CUST_000692,MOV_00040,2024-09-13,False
WL_0009594,CUST_000692,MOV_00078,2024-11-20,True
WL_0009595,CUST_000692,TVS_00055,2024-10-25,False
WL_0009596,CUST_000692,MOV_00327,2024-11-07,False
WL_0009597,CUST_000692,MOV_00329,2024-09-20,False
WL_0009598,CUST_000692,MOV_00326,2024-07-27,False
WL_0009599,CUST_000692,MOV_00404,2024-10-04,False
WL_0009600,CUST_000692,MOV_00417,2024-09-24,False
WL_0009601,CUST_000692,TVS_00092,2024-10-02,True
WL_0009602,CUST_000692,MOV_00297,2024-09-26,False
WL_0009603,CUST_000692,MOV_00115,2024-09-13,True
WL_0009604,CUST_000692,MOV_00225,2024-11-12,False
WL_0009605,CUST_000692,MOV_00475,2024-11-01,False
WL_0009606,CUST_000692,TVS_00126,2024-10-25,False
WL_0009607,CUST_000693,MOV_00472,2025-08-07,False
WL_0009608,CUST_000693,MOV_00419,2026-02-01,True
WL_0009609,CUST_000693,MOV_00085,2025-06-02,True
WL_0009610,CUST_000693,MOV_00397,2025-09-13,True
WL_0009611,CUST_000693,TVS_00178,2026-02-19,True
WL_0009612,CUST_000693,TVS_00197,2025-07-12,False
WL_0009613,CUST_000693,MOV_00408,2025-12-26,True
WL_0009614,CUST_000693,MOV_00039,2025-12-30,False
WL_0009615,CUST_000693,MOV_00306,2026-01-20,True
WL_0009616,CUST_000693,MOV_00353,2025-12-03,True
WL_0009617,CUST_000694,TVS_00059,2024-07-19,False
WL_0009618,CUST_000694,MOV_00089,2024-08-23,False
WL_0009619,CUST_000694,MOV_00233,2024-09-13,True
WL_0009620,CUST_000694,TVS_00158,2024-09-07,False
WL_0009621,CUST_000694,MOV_00403,2024-07-30,True
WL_0009622,CUST_000694,MOV_00260,2024-09-10,True
WL_0009623,CUST_000694,MOV_00473,2024-08-18,False
WL_0009624,CUST_000694,MOV_00372,2024-09-29,False
WL_0009625,CUST_000694,TVS_00053,2024-09-06,False
WL_0009626,CUST_000694,TVS_00173,2024-07-06,True
WL_0009627,CUST_000695,MOV_00339,2025-10-23,False
WL_0009628,CUST_000695,MOV_00111,2026-03-22,False
WL_0009629,CUST_000695,MOV_00405,2025-12-06,False
WL_0009630,CUST_000695,TVS_00025,2025-11-03,True
WL_0009631,CUST_000695,TVS_00194,2026-03-24,False
WL_0009632,CUST_000696,MOV_00473,2025-12-09,False
WL_0009633,CUST_000696,MOV_00429,2025-07-05,True
WL_0009634,CUST_000696,MOV_00185,2025-02-26,False
WL_0009635,CUST_000696,TVS_00079,2025-07-06,True
WL_0009636,CUST_000696,MOV_00242,2025-10-30,False
WL_0009637,CUST_000696,MOV_00379,2026-04-03,False
WL_0009638,CUST_000696,TVS_00042,2025-07-12,True
WL_0009639,CUST_000696,TVS_00092,2026-01-27,True
WL_0009640,CUST_000696,MOV_00427,2025-05-23,False
WL_0009641,CUST_000696,TVS_00185,2025-05-28,True
WL_0009642,CUST_000696,MOV_00429,2025-10-17,True
WL_0009643,CUST_000696,TVS_00082,2025-03-22,True
WL_0009644,CUST_000696,TVS_00094,2025-05-31,True
WL_0009645,CUST_000696,MOV_00315,2025-11-16,False
WL_0009646,CUST_000696,TVS_00126,2025-10-13,False
WL_0009647,CUST_000696,TVS_00187,2025-08-16,True
WL_0009648,CUST_000696,TVS_00146,2025-01-06,False
WL_0009649,CUST_000696,TVS_00193,2025-04-03,False
WL_0009650,CUST_000696,MOV_00215,2025-11-07,False
WL_0009651,CUST_000696,MOV_00405,2026-03-27,False
WL_0009652,CUST_000696,TVS_00073,2025-02-19,True
WL_0009653,CUST_000696,MOV_00166,2025-02-09,True
WL_0009654,CUST_000696,TVS_00114,2025-03-25,True
WL_0009655,CUST_000696,TVS_00004,2025-10-25,True
WL_0009656,CUST_000696,TVS_00175,2025-10-21,True
WL_0009657,CUST_000697,MOV_00411,2026-04-11,True
WL_0009658,CUST_000697,MOV_00250,2026-04-11,False
WL_0009659,CUST_000697,MOV_00204,2026-04-11,False
WL_0009660,CUST_000697,MOV_00057,2026-04-10,True
WL_0009661,CUST_000697,MOV_00200,2026-04-10,False
WL_0009662,CUST_000697,MOV_00164,2026-04-11,True
WL_0009663,CUST_000697,MOV_00344,2026-04-10,True
WL_0009664,CUST_000697,MOV_00391,2026-04-10,True
WL_0009665,CUST_000697,TVS_00079,2026-04-11,True
WL_0009666,CUST_000697,TVS_00145,2026-04-11,True
WL_0009667,CUST_000697,MOV_00344,2026-04-11,True
WL_0009668,CUST_000697,MOV_00253,2026-04-11,False
WL_0009669,CUST_000697,MOV_00326,2026-04-11,True
WL_0009670,CUST_000697,MOV_00446,2026-04-11,True
WL_0009671,CUST_000697,MOV_00159,2026-04-10,True
WL_0009672,CUST_000697,TVS_00098,2026-04-10,True
WL_0009673,CUST_000698,MOV_00152,2026-02-02,False
WL_0009674,CUST_000698,MOV_00433,2025-11-09,True
WL_0009675,CUST_000698,TVS_00007,2026-02-24,True
WL_0009676,CUST_000698,TVS_00115,2025-12-16,True
WL_0009677,CUST_000698,MOV_00161,2025-11-06,True
WL_0009678,CUST_000698,MOV_00268,2026-03-16,False
WL_0009679,CUST_000698,MOV_00153,2025-12-09,True
WL_0009680,CUST_000698,TVS_00186,2025-09-18,True
WL_0009681,CUST_000698,MOV_00487,2025-12-06,True
WL_0009682,CUST_000698,TVS_00143,2025-09-24,True
WL_0009683,CUST_000698,TVS_00157,2025-11-02,True
WL_0009684,CUST_000698,TVS_00167,2025-10-30,False
WL_0009685,CUST_000698,MOV_00181,2025-10-03,True
WL_0009686,CUST_000698,MOV_00074,2025-12-08,True
WL_0009687,CUST_000698,TVS_00143,2026-01-30,True
WL_0009688,CUST_000699,MOV_00125,2024-08-27,True
WL_0009689,CUST_000699,MOV_00281,2026-01-31,False
WL_0009690,CUST_000699,MOV_00111,2026-01-04,False
WL_0009691,CUST_000699,MOV_00003,2025-09-16,False
WL_0009692,CUST_000699,MOV_00453,2025-05-20,False
WL_0009693,CUST_000699,MOV_00315,2026-03-29,True
WL_0009694,CUST_000699,MOV_00383,2026-01-22,False
WL_0009695,CUST_000699,MOV_00335,2024-09-06,True
WL_0009696,CUST_000700,MOV_00364,2026-03-03,True
WL_0009697,CUST_000700,TVS_00192,2026-03-13,True
WL_0009698,CUST_000700,MOV_00066,2026-02-11,True
WL_0009699,CUST_000700,MOV_00017,2026-01-27,True
WL_0009700,CUST_000700,MOV_00275,2026-01-09,False
WL_0009701,CUST_000700,MOV_00123,2026-02-13,True
WL_0009702,CUST_000700,TVS_00034,2026-03-26,False
WL_0009703,CUST_000700,MOV_00357,2026-01-31,False
WL_0009704,CUST_000700,MOV_00276,2026-03-16,False
WL_0009705,CUST_000700,MOV_00384,2026-01-29,True
WL_0009706,CUST_000700,MOV_00282,2026-03-08,True
WL_0009707,CUST_000700,MOV_00244,2026-04-02,True
WL_0009708,CUST_000700,TVS_00143,2026-03-26,False
WL_0009709,CUST_000700,MOV_00370,2026-01-10,True
WL_0009710,CUST_000700,MOV_00360,2026-04-04,True
WL_0009711,CUST_000700,MOV_00066,2026-03-24,False
WL_0009712,CUST_000700,MOV_00066,2026-01-24,False
WL_0009713,CUST_000700,MOV_00302,2026-01-12,False
WL_0009714,CUST_000700,MOV_00364,2026-04-05,True
WL_0009715,CUST_000701,TVS_00138,2025-04-24,True
WL_0009716,CUST_000701,MOV_00408,2025-03-28,True
WL_0009717,CUST_000701,TVS_00174,2025-09-25,True
WL_0009718,CUST_000701,MOV_00151,2025-04-06,False
WL_0009719,CUST_000701,MOV_00160,2025-07-07,True
WL_0009720,CUST_000702,MOV_00010,2024-11-04,False
WL_0009721,CUST_000702,MOV_00230,2026-02-11,False
WL_0009722,CUST_000702,MOV_00347,2024-09-25,True
WL_0009723,CUST_000702,MOV_00321,2024-11-27,False
WL_0009724,CUST_000702,TVS_00144,2025-11-22,True
WL_0009725,CUST_000702,MOV_00063,2025-09-17,True
WL_0009726,CUST_000702,MOV_00332,2025-06-24,True
WL_0009727,CUST_000702,MOV_00318,2024-11-25,True
WL_0009728,CUST_000702,MOV_00108,2025-12-12,True
WL_0009729,CUST_000702,MOV_00280,2025-07-04,True
WL_0009730,CUST_000702,MOV_00287,2025-04-29,True
WL_0009731,CUST_000702,MOV_00193,2025-04-12,True
WL_0009732,CUST_000702,MOV_00234,2025-11-25,True
WL_0009733,CUST_000703,MOV_00015,2025-07-28,True
WL_0009734,CUST_000703,MOV_00109,2025-04-02,True
WL_0009735,CUST_000703,MOV_00380,2025-02-24,True
WL_0009736,CUST_000703,MOV_00443,2026-03-10,True
WL_0009737,CUST_000703,MOV_00424,2026-03-21,True
WL_0009738,CUST_000703,TVS_00042,2025-05-21,True
WL_0009739,CUST_000703,MOV_00495,2026-01-06,True
WL_0009740,CUST_000703,MOV_00040,2025-10-03,False
WL_0009741,CUST_000703,MOV_00252,2024-12-25,False
WL_0009742,CUST_000703,MOV_00346,2025-06-29,True
WL_0009743,CUST_000703,TVS_00098,2025-09-02,False
WL_0009744,CUST_000703,MOV_00145,2025-06-26,False
WL_0009745,CUST_000703,MOV_00113,2025-03-03,True
WL_0009746,CUST_000703,MOV_00346,2025-06-07,False
WL_0009747,CUST_000703,MOV_00258,2025-09-14,True
WL_0009748,CUST_000703,MOV_00306,2026-03-25,True
WL_0009749,CUST_000703,MOV_00170,2026-01-21,True
WL_0009750,CUST_000703,MOV_00164,2025-10-09,True
WL_0009751,CUST_000703,MOV_00411,2025-10-14,True
WL_0009752,CUST_000703,MOV_00178,2025-08-12,True
WL_0009753,CUST_000703,MOV_00463,2026-02-06,True
WL_0009754,CUST_000703,MOV_00041,2026-04-09,False
WL_0009755,CUST_000703,MOV_00344,2025-07-23,False
WL_0009756,CUST_000704,MOV_00070,2026-03-25,True
WL_0009757,CUST_000704,MOV_00306,2026-03-27,False
WL_0009758,CUST_000704,TVS_00100,2026-04-01,False
WL_0009759,CUST_000704,MOV_00385,2026-04-07,False
WL_0009760,CUST_000704,MOV_00383,2026-03-29,True
WL_0009761,CUST_000704,TVS_00012,2026-04-11,False
WL_0009762,CUST_000704,MOV_00090,2026-03-28,False
WL_0009763,CUST_000704,MOV_00253,2026-04-06,True
WL_0009764,CUST_000704,MOV_00007,2026-04-10,False
WL_0009765,CUST_000704,MOV_00006,2026-04-06,False
WL_0009766,CUST_000705,MOV_00148,2024-09-26,True
WL_0009767,CUST_000705,TVS_00130,2026-01-11,False
WL_0009768,CUST_000705,MOV_00473,2025-02-06,False
WL_0009769,CUST_000705,TVS_00125,2025-04-24,True
WL_0009770,CUST_000705,MOV_00021,2024-11-16,True
WL_0009771,CUST_000705,MOV_00369,2026-02-07,True
WL_0009772,CUST_000705,MOV_00490,2024-09-08,True
WL_0009773,CUST_000705,TVS_00015,2024-12-17,False
WL_0009774,CUST_000705,MOV_00416,2025-06-24,False
WL_0009775,CUST_000705,TVS_00130,2025-12-23,True
WL_0009776,CUST_000705,MOV_00249,2024-10-12,True
WL_0009777,CUST_000705,MOV_00390,2026-02-09,False
WL_0009778,CUST_000705,MOV_00142,2024-12-24,True
WL_0009779,CUST_000705,MOV_00493,2025-07-31,True
WL_0009780,CUST_000705,MOV_00346,2025-09-14,True
WL_0009781,CUST_000705,MOV_00246,2025-09-02,True
WL_0009782,CUST_000705,TVS_00115,2025-07-10,True
WL_0009783,CUST_000705,MOV_00305,2024-10-18,False
WL_0009784,CUST_000705,MOV_00112,2025-07-29,True
WL_0009785,CUST_000705,MOV_00367,2025-12-12,True
WL_0009786,CUST_000705,MOV_00416,2024-10-02,True
WL_0009787,CUST_000705,MOV_00207,2025-06-03,False
WL_0009788,CUST_000705,MOV_00248,2025-11-02,False
WL_0009789,CUST_000705,TVS_00072,2024-11-28,True
WL_0009790,CUST_000705,MOV_00032,2025-06-25,True
WL_0009791,CUST_000706,MOV_00102,2025-05-27,True
WL_0009792,CUST_000706,MOV_00201,2025-04-25,True
WL_0009793,CUST_000706,MOV_00364,2025-09-24,True
WL_0009794,CUST_000706,MOV_00460,2025-12-09,False
WL_0009795,CUST_000706,MOV_00146,2025-01-19,False
WL_0009796,CUST_000706,TVS_00132,2026-02-04,False
WL_0009797,CUST_000706,TVS_00031,2025-06-02,True
WL_0009798,CUST_000706,MOV_00213,2024-12-27,True
WL_0009799,CUST_000706,MOV_00415,2025-10-17,True
WL_0009800,CUST_000707,TVS_00135,2026-01-03,False
WL_0009801,CUST_000707,MOV_00067,2025-05-27,True
WL_0009802,CUST_000707,MOV_00062,2026-02-10,True
WL_0009803,CUST_000707,MOV_00417,2025-05-01,False
WL_0009804,CUST_000707,MOV_00488,2025-09-14,True
WL_0009805,CUST_000707,TVS_00107,2025-02-26,True
WL_0009806,CUST_000707,MOV_00488,2026-03-31,True
WL_0009807,CUST_000707,MOV_00221,2026-03-14,True
WL_0009808,CUST_000707,TVS_00000,2025-04-16,True
WL_0009809,CUST_000707,MOV_00497,2026-01-29,True
WL_0009810,CUST_000708,MOV_00123,2026-01-03,True
WL_0009811,CUST_000708,MOV_00067,2025-09-07,True
WL_0009812,CUST_000708,TVS_00134,2025-09-27,True
WL_0009813,CUST_000708,MOV_00183,2026-03-29,False
WL_0009814,CUST_000708,MOV_00483,2026-02-17,False
WL_0009815,CUST_000708,MOV_00435,2026-02-13,True
WL_0009816,CUST_000708,TVS_00102,2025-08-25,False
WL_0009817,CUST_000708,MOV_00237,2025-08-27,True
WL_0009818,CUST_000708,TVS_00160,2025-09-09,True
WL_0009819,CUST_000708,MOV_00190,2026-01-26,True
WL_0009820,CUST_000708,MOV_00284,2026-02-14,True
WL_0009821,CUST_000708,MOV_00203,2025-12-14,True
WL_0009822,CUST_000708,MOV_00499,2026-04-02,False
WL_0009823,CUST_000708,MOV_00308,2025-08-23,True
WL_0009824,CUST_000708,MOV_00261,2025-12-10,False
WL_0009825,CUST_000708,MOV_00121,2025-12-30,True
WL_0009826,CUST_000708,MOV_00121,2025-11-06,False
WL_0009827,CUST_000708,TVS_00167,2026-01-04,False
WL_0009828,CUST_000708,TVS_00041,2025-12-06,False
WL_0009829,CUST_000708,MOV_00024,2026-03-03,False
WL_0009830,CUST_000709,TVS_00030,2025-11-21,True
WL_0009831,CUST_000709,MOV_00028,2026-04-03,True
WL_0009832,CUST_000709,MOV_00106,2025-10-19,True
WL_0009833,CUST_000709,MOV_00148,2026-04-11,False
WL_0009834,CUST_000710,MOV_00267,2025-07-28,True
WL_0009835,CUST_000710,MOV_00284,2025-12-08,True
WL_0009836,CUST_000710,TVS_00119,2025-12-20,False
WL_0009837,CUST_000710,MOV_00061,2025-07-29,True
WL_0009838,CUST_000710,MOV_00086,2026-04-04,False
WL_0009839,CUST_000710,MOV_00435,2026-03-14,False
WL_0009840,CUST_000710,MOV_00034,2025-06-23,True
WL_0009841,CUST_000710,MOV_00120,2026-03-29,True
WL_0009842,CUST_000710,MOV_00490,2025-08-11,True
WL_0009843,CUST_000710,MOV_00167,2026-01-31,True
WL_0009844,CUST_000710,TVS_00159,2025-08-03,False
WL_0009845,CUST_000710,MOV_00312,2025-08-28,True
WL_0009846,CUST_000710,MOV_00251,2025-03-04,False
WL_0009847,CUST_000710,MOV_00133,2025-11-13,False
WL_0009848,CUST_000710,MOV_00139,2025-12-31,False
WL_0009849,CUST_000710,MOV_00298,2025-08-08,True
WL_0009850,CUST_000710,TVS_00062,2025-06-16,True
WL_0009851,CUST_000710,MOV_00489,2025-03-26,True
WL_0009852,CUST_000711,TVS_00198,2025-01-12,True
WL_0009853,CUST_000711,MOV_00062,2025-11-19,True
WL_0009854,CUST_000711,MOV_00389,2024-08-12,False
WL_0009855,CUST_000711,MOV_00424,2025-12-05,True
WL_0009856,CUST_000711,TVS_00180,2025-04-17,True
WL_0009857,CUST_000711,MOV_00369,2025-06-22,True
WL_0009858,CUST_000711,TVS_00006,2024-12-31,True
WL_0009859,CUST_000711,MOV_00164,2025-09-12,False
WL_0009860,CUST_000711,MOV_00490,2024-12-01,True
WL_0009861,CUST_000711,TVS_00019,2025-12-19,True
WL_0009862,CUST_000711,MOV_00002,2025-07-03,True
WL_0009863,CUST_000711,MOV_00015,2025-09-19,True
WL_0009864,CUST_000711,TVS_00035,2025-02-10,True
WL_0009865,CUST_000711,MOV_00034,2025-10-14,False
WL_0009866,CUST_000711,TVS_00072,2024-09-07,True
WL_0009867,CUST_000711,MOV_00099,2025-04-29,True
WL_0009868,CUST_000711,TVS_00129,2026-01-24,True
WL_0009869,CUST_000711,TVS_00045,2024-12-05,False
WL_0009870,CUST_000711,MOV_00265,2025-07-29,True
WL_0009871,CUST_000712,MOV_00099,2026-02-23,True
WL_0009872,CUST_000712,TVS_00123,2025-09-14,False
WL_0009873,CUST_000712,TVS_00077,2025-12-13,True
WL_0009874,CUST_000712,MOV_00299,2026-01-19,False
WL_0009875,CUST_000712,MOV_00286,2025-09-30,True
WL_0009876,CUST_000712,MOV_00276,2025-07-28,False
WL_0009877,CUST_000712,MOV_00124,2025-11-21,True
WL_0009878,CUST_000712,TVS_00020,2025-11-01,True
WL_0009879,CUST_000712,MOV_00491,2026-01-24,False
WL_0009880,CUST_000712,MOV_00264,2025-08-24,False
WL_0009881,CUST_000712,TVS_00039,2026-02-28,True
WL_0009882,CUST_000712,TVS_00110,2025-10-13,True
WL_0009883,CUST_000712,MOV_00231,2025-12-06,True
WL_0009884,CUST_000712,TVS_00178,2025-08-26,True
WL_0009885,CUST_000712,MOV_00328,2026-03-20,False
WL_0009886,CUST_000712,TVS_00067,2025-09-22,False
WL_0009887,CUST_000712,TVS_00005,2025-09-09,False
WL_0009888,CUST_000713,TVS_00136,2025-08-17,True
WL_0009889,CUST_000713,MOV_00283,2025-12-18,True
WL_0009890,CUST_000713,MOV_00234,2025-11-07,False
WL_0009891,CUST_000713,MOV_00366,2025-12-11,True
WL_0009892,CUST_000713,MOV_00369,2025-06-16,False
WL_0009893,CUST_000713,MOV_00271,2026-02-05,False
WL_0009894,CUST_000713,MOV_00143,2025-10-13,False
WL_0009895,CUST_000713,TVS_00005,2025-09-27,True
WL_0009896,CUST_000714,MOV_00365,2026-03-08,False
WL_0009897,CUST_000714,TVS_00158,2026-02-03,False
WL_0009898,CUST_000714,MOV_00471,2026-02-12,True
WL_0009899,CUST_000714,MOV_00437,2026-03-15,True
WL_0009900,CUST_000714,MOV_00389,2026-02-25,False
WL_0009901,CUST_000714,TVS_00173,2026-02-19,False
WL_0009902,CUST_000714,MOV_00109,2026-01-24,True
WL_0009903,CUST_000714,MOV_00287,2026-02-02,True
WL_0009904,CUST_000714,MOV_00467,2026-04-02,True
WL_0009905,CUST_000714,MOV_00198,2026-02-28,True
WL_0009906,CUST_000715,MOV_00338,2025-05-31,False
WL_0009907,CUST_000715,MOV_00428,2024-09-13,True
WL_0009908,CUST_000715,MOV_00060,2024-11-25,True
WL_0009909,CUST_000715,TVS_00118,2025-05-04,False
WL_0009910,CUST_000715,MOV_00239,2025-06-04,True
WL_0009911,CUST_000715,MOV_00379,2024-10-19,True
WL_0009912,CUST_000715,TVS_00075,2025-06-26,False
WL_0009913,CUST_000715,MOV_00332,2025-08-31,True
WL_0009914,CUST_000715,TVS_00111,2025-12-27,True
WL_0009915,CUST_000715,TVS_00171,2024-11-16,True
WL_0009916,CUST_000715,MOV_00130,2025-12-09,True
WL_0009917,CUST_000715,MOV_00451,2026-03-15,True
WL_0009918,CUST_000715,MOV_00195,2025-12-28,False
WL_0009919,CUST_000715,TVS_00105,2025-05-28,False
WL_0009920,CUST_000715,TVS_00105,2024-11-16,True
WL_0009921,CUST_000715,MOV_00276,2026-01-10,False
WL_0009922,CUST_000715,TVS_00055,2025-02-19,False
WL_0009923,CUST_000715,MOV_00311,2025-12-04,True
WL_0009924,CUST_000715,MOV_00254,2026-02-24,True
WL_0009925,CUST_000715,TVS_00012,2025-01-15,True
WL_0009926,CUST_000715,MOV_00306,2025-06-30,False
WL_0009927,CUST_000715,MOV_00137,2025-10-12,False
WL_0009928,CUST_000715,MOV_00048,2024-09-27,True
WL_0009929,CUST_000715,MOV_00448,2026-01-07,False
WL_0009930,CUST_000716,TVS_00154,2026-03-13,True
WL_0009931,CUST_000716,MOV_00111,2026-10-25,True
WL_0009932,CUST_000716,TVS_00180,2026-12-31,True
WL_0009933,CUST_000716,MOV_00386,2027-01-19,False
WL_0009934,CUST_000716,TVS_00093,2026-11-17,False
WL_0009935,CUST_000716,TVS_00010,2027-01-14,False
WL_0009936,CUST_000716,MOV_00317,2026-05-08,False
WL_0009937,CUST_000716,TVS_00131,2026-01-22,False
WL_0009938,CUST_000716,MOV_00197,2026-11-23,False
WL_0009939,CUST_000716,TVS_00153,2026-07-02,True
WL_0009940,CUST_000716,TVS_00077,2027-01-07,False
WL_0009941,CUST_000716,MOV_00471,2026-07-15,False
WL_0009942,CUST_000716,TVS_00038,2026-11-01,False
WL_0009943,CUST_000716,MOV_00399,2026-07-24,False
WL_0009944,CUST_000716,MOV_00448,2027-01-09,True
WL_0009945,CUST_000716,MOV_00381,2026-03-18,False
WL_0009946,CUST_000716,MOV_00125,2026-10-31,False
WL_0009947,CUST_000716,MOV_00223,2026-07-31,True
WL_0009948,CUST_000716,MOV_00371,2026-10-02,False
WL_0009949,CUST_000716,MOV_00414,2026-03-28,False
WL_0009950,CUST_000716,TVS_00131,2026-02-27,True
WL_0009951,CUST_000716,MOV_00019,2026-03-03,False
WL_0009952,CUST_000716,MOV_00342,2026-06-15,False
WL_0009953,CUST_000716,TVS_00153,2027-01-06,False
WL_0009954,CUST_000716,MOV_00155,2026-10-31,True
WL_0009955,CUST_000717,MOV_00398,2026-02-04,True
WL_0009956,CUST_000717,TVS_00050,2025-10-24,True
WL_0009957,CUST_000717,MOV_00154,2025-03-05,False
WL_0009958,CUST_000717,MOV_00247,2025-04-03,True
WL_0009959,CUST_000717,MOV_00140,2025-07-09,True
WL_0009960,CUST_000717,MOV_00421,2026-01-05,False
WL_0009961,CUST_000717,MOV_00385,2025-05-09,False
WL_0009962,CUST_000717,MOV_00061,2025-06-15,False
WL_0009963,CUST_000717,TVS_00158,2025-11-26,False
WL_0009964,CUST_000717,MOV_00414,2025-12-19,True
WL_0009965,CUST_000717,TVS_00095,2025-10-02,True
WL_0009966,CUST_000717,MOV_00147,2025-06-28,True
WL_0009967,CUST_000717,MOV_00236,2025-07-06,True
WL_0009968,CUST_000717,MOV_00147,2025-12-29,False
WL_0009969,CUST_000717,MOV_00040,2025-08-04,True
WL_0009970,CUST_000717,MOV_00361,2025-12-22,True
WL_0009971,CUST_000717,MOV_00140,2025-04-08,True
WL_0009972,CUST_000717,TVS_00064,2025-05-23,True
WL_0009973,CUST_000717,MOV_00284,2025-10-12,True
WL_0009974,CUST_000717,TVS_00095,2025-03-17,False
WL_0009975,CUST_000718,MOV_00359,2026-03-06,False
WL_0009976,CUST_000718,MOV_00221,2026-04-24,True
WL_0009977,CUST_000718,TVS_00152,2026-03-08,False
WL_0009978,CUST_000718,MOV_00468,2026-05-19,True
WL_0009979,CUST_000718,TVS_00196,2026-03-07,False
WL_0009980,CUST_000719,MOV_00208,2025-07-26,False
WL_0009981,CUST_000719,MOV_00262,2025-06-10,False
WL_0009982,CUST_000719,MOV_00012,2025-08-18,True
WL_0009983,CUST_000719,TVS_00021,2025-08-19,True
WL_0009984,CUST_000719,MOV_00451,2025-07-14,True
WL_0009985,CUST_000719,MOV_00467,2025-08-14,True
WL_0009986,CUST_000719,MOV_00317,2025-03-17,True
WL_0009987,CUST_000719,MOV_00217,2025-07-18,False
WL_0009988,CUST_000719,MOV_00415,2025-05-01,False
WL_0009989,CUST_000720,MOV_00412,2025-02-17,False
WL_0009990,CUST_000720,TVS_00123,2024-12-25,False
WL_0009991,CUST_000720,MOV_00163,2024-09-26,False
WL_0009992,CUST_000720,MOV_00438,2025-05-05,False
WL_0009993,CUST_000720,MOV_00061,2024-11-21,True
WL_0009994,CUST_000720,MOV_00270,2024-07-04,False
WL_0009995,CUST_000720,MOV_00062,2025-05-09,False
WL_0009996,CUST_000720,MOV_00278,2024-10-16,True
WL_0009997,CUST_000720,TVS_00105,2024-10-11,False
WL_0009998,CUST_000720,TVS_00039,2025-05-23,False
WL_0009999,CUST_000720,MOV_00040,2024-06-13,True
WL_0010000,CUST_000720,TVS_00062,2025-02-07,False
WL_0010001,CUST_000720,MOV_00097,2024-06-12,False
WL_0010002,CUST_000720,MOV_00080,2025-02-03,False
WL_0010003,CUST_000720,TVS_00097,2025-01-26,False
WL_0010004,CUST_000721,MOV_00079,2026-03-30,False
WL_0010005,CUST_000721,MOV_00173,2026-04-09,False
WL_0010006,CUST_000721,TVS_00088,2026-03-26,True
WL_0010007,CUST_000721,MOV_00484,2026-01-15,True
WL_0010008,CUST_000721,MOV_00375,2026-01-09,False
WL_0010009,CUST_000721,MOV_00051,2026-04-02,True
WL_0010010,CUST_000721,TVS_00105,2026-01-30,True
WL_0010011,CUST_000721,MOV_00003,2026-02-03,True
WL_0010012,CUST_000721,MOV_00365,2025-12-22,False
WL_0010013,CUST_000721,MOV_00468,2026-04-06,True
WL_0010014,CUST_000722,MOV_00280,2025-05-20,False
WL_0010015,CUST_000722,MOV_00039,2026-04-11,True
WL_0010016,CUST_000722,TVS_00117,2026-02-13,False
WL_0010017,CUST_000722,TVS_00156,2025-10-13,True
WL_0010018,CUST_000722,TVS_00181,2026-03-13,False
WL_0010019,CUST_000722,TVS_00098,2025-08-16,False
WL_0010020,CUST_000722,MOV_00120,2026-02-28,True
WL_0010021,CUST_000722,TVS_00142,2025-04-18,False
WL_0010022,CUST_000722,TVS_00066,2025-09-03,True
WL_0010023,CUST_000722,MOV_00155,2025-06-26,False
WL_0010024,CUST_000722,MOV_00067,2025-05-11,True
WL_0010025,CUST_000722,MOV_00447,2025-08-27,True
WL_0010026,CUST_000722,MOV_00282,2025-08-30,True
WL_0010027,CUST_000722,MOV_00380,2025-06-28,True
WL_0010028,CUST_000722,MOV_00058,2026-03-18,True
WL_0010029,CUST_000722,MOV_00499,2026-01-01,True
WL_0010030,CUST_000722,TVS_00138,2025-10-20,True
WL_0010031,CUST_000722,TVS_00118,2026-01-06,False
WL_0010032,CUST_000722,MOV_00051,2025-07-03,True
WL_0010033,CUST_000722,MOV_00058,2025-06-10,True
WL_0010034,CUST_000722,TVS_00011,2026-03-07,True
WL_0010035,CUST_000722,MOV_00044,2025-07-08,False
WL_0010036,CUST_000722,TVS_00163,2025-08-17,True
WL_0010037,CUST_000722,MOV_00242,2025-12-19,True
WL_0010038,CUST_000722,TVS_00033,2025-05-14,True
WL_0010039,CUST_000723,MOV_00355,2026-04-03,True
WL_0010040,CUST_000723,TVS_00131,2026-02-15,True
WL_0010041,CUST_000723,MOV_00407,2026-04-05,True
WL_0010042,CUST_000723,TVS_00078,2026-03-04,True
WL_0010043,CUST_000723,TVS_00171,2025-11-15,False
WL_0010044,CUST_000723,TVS_00152,2025-11-03,False
WL_0010045,CUST_000723,MOV_00134,2026-01-31,True
WL_0010046,CUST_000723,MOV_00319,2026-03-03,True
WL_0010047,CUST_000723,TVS_00169,2026-04-08,True
WL_0010048,CUST_000723,MOV_00269,2025-12-01,True
WL_0010049,CUST_000723,MOV_00324,2026-03-05,False
WL_0010050,CUST_000723,MOV_00344,2026-03-16,True
WL_0010051,CUST_000723,TVS_00045,2025-10-29,True
WL_0010052,CUST_000723,MOV_00107,2026-02-15,False
WL_0010053,CUST_000723,MOV_00006,2025-11-14,True
WL_0010054,CUST_000724,MOV_00386,2026-03-10,True
WL_0010055,CUST_000724,MOV_00092,2026-02-21,False
WL_0010056,CUST_000724,TVS_00140,2026-03-08,True
WL_0010057,CUST_000724,MOV_00104,2026-01-11,True
WL_0010058,CUST_000724,TVS_00019,2026-01-29,True
WL_0010059,CUST_000724,TVS_00073,2025-09-10,False
WL_0010060,CUST_000724,TVS_00019,2025-12-03,False
WL_0010061,CUST_000724,MOV_00365,2025-10-19,True
WL_0010062,CUST_000724,MOV_00155,2025-10-03,False
WL_0010063,CUST_000725,MOV_00445,2024-11-07,True
WL_0010064,CUST_000725,MOV_00150,2025-01-20,True
WL_0010065,CUST_000725,MOV_00331,2025-01-23,False
WL_0010066,CUST_000725,MOV_00179,2024-05-19,True
WL_0010067,CUST_000725,MOV_00031,2026-04-01,True
WL_0010068,CUST_000725,MOV_00039,2025-10-19,False
WL_0010069,CUST_000725,MOV_00291,2025-02-10,True
WL_0010070,CUST_000725,TVS_00195,2025-06-01,True
WL_0010071,CUST_000725,MOV_00046,2024-07-10,False
WL_0010072,CUST_000725,MOV_00044,2026-02-10,True
WL_0010073,CUST_000725,MOV_00165,2024-09-06,False
WL_0010074,CUST_000725,TVS_00078,2025-03-17,False
WL_0010075,CUST_000725,TVS_00050,2026-03-13,False
WL_0010076,CUST_000725,MOV_00202,2025-07-14,False
WL_0010077,CUST_000725,TVS_00187,2024-08-24,False
WL_0010078,CUST_000725,TVS_00157,2024-08-25,True
WL_0010079,CUST_000725,TVS_00029,2025-12-05,True
WL_0010080,CUST_000725,MOV_00486,2026-01-21,False
WL_0010081,CUST_000725,MOV_00385,2025-01-20,True
WL_0010082,CUST_000725,MOV_00150,2025-03-03,True
WL_0010083,CUST_000725,MOV_00112,2024-12-20,False
WL_0010084,CUST_000725,TVS_00020,2025-02-07,False
WL_0010085,CUST_000725,MOV_00466,2024-05-11,True
WL_0010086,CUST_000726,MOV_00238,2026-03-24,False
WL_0010087,CUST_000726,MOV_00131,2026-02-13,True
WL_0010088,CUST_000726,MOV_00304,2026-04-01,False
WL_0010089,CUST_000726,MOV_00412,2026-03-10,False
WL_0010090,CUST_000726,MOV_00031,2026-02-14,False
WL_0010091,CUST_000726,MOV_00065,2026-03-27,False
WL_0010092,CUST_000726,MOV_00189,2026-04-11,True
WL_0010093,CUST_000726,MOV_00127,2026-02-16,True
WL_0010094,CUST_000726,MOV_00229,2026-04-09,True
WL_0010095,CUST_000726,MOV_00218,2026-03-21,False
WL_0010096,CUST_000726,MOV_00458,2026-03-02,False
WL_0010097,CUST_000726,MOV_00484,2026-02-14,False
WL_0010098,CUST_000726,TVS_00027,2026-04-09,True
WL_0010099,CUST_000726,MOV_00467,2026-04-03,True
WL_0010100,CUST_000727,MOV_00442,2026-01-01,False
WL_0010101,CUST_000727,MOV_00334,2026-03-21,True
WL_0010102,CUST_000727,MOV_00332,2025-10-21,True
WL_0010103,CUST_000727,TVS_00028,2025-10-05,True
WL_0010104,CUST_000727,MOV_00314,2025-12-08,True
WL_0010105,CUST_000727,MOV_00114,2026-01-08,False
WL_0010106,CUST_000727,TVS_00079,2026-02-13,True
WL_0010107,CUST_000727,TVS_00108,2025-09-19,True
WL_0010108,CUST_000727,TVS_00121,2025-08-23,True
WL_0010109,CUST_000727,MOV_00046,2026-01-21,True
WL_0010110,CUST_000727,MOV_00464,2025-07-03,False
WL_0010111,CUST_000727,MOV_00227,2025-11-07,True
WL_0010112,CUST_000727,MOV_00007,2025-10-30,False
WL_0010113,CUST_000727,MOV_00014,2025-12-28,True
WL_0010114,CUST_000727,TVS_00075,2025-10-07,False
WL_0010115,CUST_000727,MOV_00148,2026-03-03,True
WL_0010116,CUST_000727,TVS_00111,2025-11-18,False
WL_0010117,CUST_000727,MOV_00004,2025-10-08,False
WL_0010118,CUST_000727,MOV_00459,2025-07-31,True
WL_0010119,CUST_000727,MOV_00464,2026-01-28,True
WL_0010120,CUST_000727,MOV_00281,2025-10-13,True
WL_0010121,CUST_000727,MOV_00262,2025-08-23,True
WL_0010122,CUST_000727,MOV_00005,2025-12-07,True
WL_0010123,CUST_000727,TVS_00021,2026-02-23,True
WL_0010124,CUST_000728,TVS_00064,2026-02-28,True
WL_0010125,CUST_000728,MOV_00303,2025-10-28,True
WL_0010126,CUST_000728,TVS_00153,2025-12-20,True
WL_0010127,CUST_000728,TVS_00169,2026-04-04,False
WL_0010128,CUST_000728,MOV_00024,2025-12-09,True
WL_0010129,CUST_000728,TVS_00114,2026-02-23,True
WL_0010130,CUST_000728,MOV_00020,2026-02-25,False
WL_0010131,CUST_000728,TVS_00151,2026-02-10,True
WL_0010132,CUST_000728,MOV_00113,2026-02-24,True
WL_0010133,CUST_000728,MOV_00029,2026-01-12,True
WL_0010134,CUST_000728,MOV_00321,2025-10-27,True
WL_0010135,CUST_000728,TVS_00150,2026-01-11,True
WL_0010136,CUST_000728,MOV_00397,2025-10-15,True
WL_0010137,CUST_000728,MOV_00115,2025-10-16,True
WL_0010138,CUST_000728,MOV_00407,2026-01-15,False
WL_0010139,CUST_000728,MOV_00303,2026-02-11,True
WL_0010140,CUST_000728,TVS_00057,2026-03-11,True
WL_0010141,CUST_000728,MOV_00135,2026-02-27,True
WL_0010142,CUST_000728,TVS_00188,2025-12-17,True
WL_0010143,CUST_000728,MOV_00275,2026-02-03,False
WL_0010144,CUST_000728,MOV_00273,2025-11-30,False
WL_0010145,CUST_000729,MOV_00120,2025-10-28,False
WL_0010146,CUST_000729,MOV_00031,2025-11-04,True
WL_0010147,CUST_000729,MOV_00024,2026-01-21,False
WL_0010148,CUST_000729,TVS_00016,2026-01-16,True
WL_0010149,CUST_000729,TVS_00078,2025-06-22,True
WL_0010150,CUST_000729,MOV_00268,2025-07-19,True
WL_0010151,CUST_000729,MOV_00103,2025-06-17,False
WL_0010152,CUST_000729,MOV_00318,2025-06-06,False
WL_0010153,CUST_000729,MOV_00223,2025-09-09,False
WL_0010154,CUST_000729,MOV_00230,2025-08-04,False
WL_0010155,CUST_000729,MOV_00287,2025-08-08,True
WL_0010156,CUST_000729,MOV_00107,2025-06-24,True
WL_0010157,CUST_000729,MOV_00278,2025-09-24,True
WL_0010158,CUST_000729,MOV_00452,2025-10-17,False
WL_0010159,CUST_000729,TVS_00199,2025-12-19,True
WL_0010160,CUST_000729,MOV_00405,2025-12-02,False
WL_0010161,CUST_000729,MOV_00499,2025-12-24,False
WL_0010162,CUST_000729,MOV_00462,2025-06-04,True
WL_0010163,CUST_000729,TVS_00026,2026-01-05,False
WL_0010164,CUST_000729,TVS_00105,2025-10-30,True
WL_0010165,CUST_000729,MOV_00112,2025-10-24,True
WL_0010166,CUST_000730,MOV_00194,2025-12-28,True
WL_0010167,CUST_000730,MOV_00208,2026-02-23,False
WL_0010168,CUST_000730,MOV_00248,2026-01-29,False
WL_0010169,CUST_000730,TVS_00114,2025-12-30,True
WL_0010170,CUST_000730,MOV_00357,2026-01-18,True
WL_0010171,CUST_000730,MOV_00495,2026-02-21,False
WL_0010172,CUST_000730,MOV_00251,2025-12-28,True
WL_0010173,CUST_000730,MOV_00389,2026-03-16,False
WL_0010174,CUST_000730,MOV_00320,2026-03-04,False
WL_0010175,CUST_000730,MOV_00307,2026-02-07,False
WL_0010176,CUST_000730,MOV_00005,2026-01-23,False
WL_0010177,CUST_000730,MOV_00227,2026-01-07,False
WL_0010178,CUST_000730,MOV_00018,2026-04-10,False
WL_0010179,CUST_000730,MOV_00114,2025-12-12,False
WL_0010180,CUST_000730,MOV_00227,2026-01-15,True
WL_0010181,CUST_000730,MOV_00397,2025-12-21,True
WL_0010182,CUST_000730,TVS_00103,2025-11-27,True
WL_0010183,CUST_000730,MOV_00221,2025-11-30,False
WL_0010184,CUST_000731,MOV_00368,2025-06-30,True
WL_0010185,CUST_000731,MOV_00281,2025-10-18,True
WL_0010186,CUST_000731,MOV_00444,2025-02-01,True
WL_0010187,CUST_000731,TVS_00001,2025-09-27,True
WL_0010188,CUST_000731,MOV_00474,2025-01-21,True
WL_0010189,CUST_000731,MOV_00350,2025-06-08,True
WL_0010190,CUST_000731,MOV_00058,2025-09-12,True
WL_0010191,CUST_000731,MOV_00197,2025-06-02,False
WL_0010192,CUST_000731,MOV_00262,2025-05-08,True
WL_0010193,CUST_000731,MOV_00321,2025-03-25,False
WL_0010194,CUST_000731,MOV_00249,2025-03-28,True
WL_0010195,CUST_000731,MOV_00292,2025-04-08,True
WL_0010196,CUST_000731,MOV_00145,2025-12-30,True
WL_0010197,CUST_000731,TVS_00021,2025-03-31,True
WL_0010198,CUST_000731,MOV_00070,2025-02-12,True
WL_0010199,CUST_000732,MOV_00474,2025-09-27,True
WL_0010200,CUST_000732,MOV_00019,2025-04-30,False
WL_0010201,CUST_000732,MOV_00034,2025-08-09,True
WL_0010202,CUST_000732,MOV_00483,2025-11-01,True
WL_0010203,CUST_000732,MOV_00408,2025-05-09,False
WL_0010204,CUST_000732,TVS_00005,2025-10-20,False
WL_0010205,CUST_000732,TVS_00065,2025-06-12,True
WL_0010206,CUST_000732,MOV_00109,2025-05-19,True
WL_0010207,CUST_000732,MOV_00412,2025-04-08,False
WL_0010208,CUST_000732,TVS_00122,2026-04-02,False
WL_0010209,CUST_000732,MOV_00382,2025-08-31,True
WL_0010210,CUST_000732,MOV_00226,2025-08-08,True
WL_0010211,CUST_000732,MOV_00407,2025-08-21,True
WL_0010212,CUST_000732,MOV_00109,2025-11-17,True
WL_0010213,CUST_000732,MOV_00407,2026-03-07,True
WL_0010214,CUST_000732,MOV_00137,2026-04-02,True
WL_0010215,CUST_000732,MOV_00444,2025-06-23,True
WL_0010216,CUST_000732,MOV_00109,2026-01-13,True
WL_0010217,CUST_000732,TVS_00112,2025-12-08,True
WL_0010218,CUST_000732,MOV_00293,2025-08-31,False
WL_0010219,CUST_000732,TVS_00196,2026-03-06,True
WL_0010220,CUST_000732,TVS_00018,2025-07-05,True
WL_0010221,CUST_000732,MOV_00432,2025-03-09,False
WL_0010222,CUST_000732,TVS_00186,2026-03-30,True
WL_0010223,CUST_000732,MOV_00234,2026-01-03,True
WL_0010224,CUST_000733,MOV_00099,2025-01-28,True
WL_0010225,CUST_000733,MOV_00134,2025-11-09,False
WL_0010226,CUST_000733,TVS_00067,2025-09-20,False
WL_0010227,CUST_000733,MOV_00230,2024-12-22,True
WL_0010228,CUST_000733,MOV_00431,2024-10-20,False
WL_0010229,CUST_000733,MOV_00149,2026-04-03,False
WL_0010230,CUST_000733,TVS_00163,2024-12-18,True
WL_0010231,CUST_000733,TVS_00144,2025-08-07,True
WL_0010232,CUST_000733,MOV_00045,2024-09-04,False
WL_0010233,CUST_000733,MOV_00252,2025-04-18,True
WL_0010234,CUST_000733,MOV_00068,2025-10-07,False
WL_0010235,CUST_000733,TVS_00144,2024-11-27,False
WL_0010236,CUST_000733,MOV_00015,2024-09-06,False
WL_0010237,CUST_000734,MOV_00405,2025-10-08,True
WL_0010238,CUST_000734,TVS_00026,2025-09-02,True
WL_0010239,CUST_000734,MOV_00180,2025-09-13,False
WL_0010240,CUST_000734,TVS_00058,2025-04-14,False
WL_0010241,CUST_000734,MOV_00403,2025-10-10,False
WL_0010242,CUST_000734,MOV_00079,2025-02-20,True
WL_0010243,CUST_000734,TVS_00184,2025-11-18,True
WL_0010244,CUST_000734,MOV_00324,2025-10-29,True
WL_0010245,CUST_000734,MOV_00333,2025-04-16,True
WL_0010246,CUST_000734,TVS_00076,2025-06-20,False
WL_0010247,CUST_000734,TVS_00181,2025-02-08,True
WL_0010248,CUST_000734,MOV_00015,2025-07-01,True
WL_0010249,CUST_000734,MOV_00434,2026-03-18,False
WL_0010250,CUST_000734,TVS_00191,2026-04-03,True
WL_0010251,CUST_000734,MOV_00050,2025-11-04,False
WL_0010252,CUST_000734,MOV_00216,2026-02-13,False
WL_0010253,CUST_000734,MOV_00310,2025-01-11,True
WL_0010254,CUST_000734,TVS_00163,2025-09-24,False
WL_0010255,CUST_000734,TVS_00159,2025-01-21,True
WL_0010256,CUST_000734,MOV_00401,2025-10-11,True
WL_0010257,CUST_000734,TVS_00027,2025-05-07,True
WL_0010258,CUST_000734,TVS_00094,2026-03-24,False
WL_0010259,CUST_000734,MOV_00268,2026-03-31,False
WL_0010260,CUST_000734,MOV_00056,2025-02-06,True
WL_0010261,CUST_000735,MOV_00244,2025-04-01,True
WL_0010262,CUST_000735,MOV_00292,2025-03-26,True
WL_0010263,CUST_000735,MOV_00201,2025-05-25,False
WL_0010264,CUST_000735,MOV_00448,2025-02-15,False
WL_0010265,CUST_000735,TVS_00167,2025-06-03,False
WL_0010266,CUST_000735,MOV_00465,2025-09-20,True
WL_0010267,CUST_000735,TVS_00025,2025-06-02,False
WL_0010268,CUST_000735,TVS_00017,2026-03-03,False
WL_0010269,CUST_000735,MOV_00108,2025-06-10,False
WL_0010270,CUST_000736,MOV_00386,2025-01-25,False
WL_0010271,CUST_000736,TVS_00026,2024-12-26,True
WL_0010272,CUST_000736,TVS_00026,2024-09-07,True
WL_0010273,CUST_000736,MOV_00278,2025-09-26,False
WL_0010274,CUST_000736,MOV_00117,2024-10-13,True
WL_0010275,CUST_000736,TVS_00030,2024-12-11,True
WL_0010276,CUST_000736,TVS_00127,2025-11-14,True
WL_0010277,CUST_000736,TVS_00141,2025-08-24,True
WL_0010278,CUST_000736,MOV_00442,2026-03-29,True
WL_0010279,CUST_000736,MOV_00144,2025-07-04,True
WL_0010280,CUST_000736,MOV_00061,2025-01-25,True
WL_0010281,CUST_000736,TVS_00109,2025-10-25,True
WL_0010282,CUST_000736,MOV_00222,2024-11-18,False
WL_0010283,CUST_000736,MOV_00283,2025-11-15,True
WL_0010284,CUST_000736,TVS_00063,2025-07-07,True
WL_0010285,CUST_000736,TVS_00062,2025-02-04,False
WL_0010286,CUST_000737,MOV_00105,2025-11-23,False
WL_0010287,CUST_000737,MOV_00339,2026-01-06,True
WL_0010288,CUST_000737,TVS_00132,2025-12-09,False
WL_0010289,CUST_000737,MOV_00049,2025-08-21,False
WL_0010290,CUST_000737,TVS_00041,2025-06-11,True
WL_0010291,CUST_000737,TVS_00199,2025-09-09,False
WL_0010292,CUST_000737,TVS_00017,2025-10-26,False
WL_0010293,CUST_000737,MOV_00050,2026-03-29,True
WL_0010294,CUST_000737,MOV_00114,2025-05-10,True
WL_0010295,CUST_000737,MOV_00121,2025-11-24,True
WL_0010296,CUST_000737,MOV_00121,2025-11-26,True
WL_0010297,CUST_000737,TVS_00144,2025-12-30,True
WL_0010298,CUST_000737,MOV_00120,2026-02-07,True
WL_0010299,CUST_000737,MOV_00136,2026-02-06,True
WL_0010300,CUST_000737,MOV_00170,2025-12-13,False
WL_0010301,CUST_000737,MOV_00208,2026-02-24,True
WL_0010302,CUST_000737,MOV_00114,2025-09-15,True
WL_0010303,CUST_000737,TVS_00106,2025-09-15,False
WL_0010304,CUST_000737,MOV_00499,2026-03-21,True
WL_0010305,CUST_000737,MOV_00488,2025-09-29,False
WL_0010306,CUST_000737,TVS_00100,2025-10-07,True
WL_0010307,CUST_000738,MOV_00493,2026-01-13,True
WL_0010308,CUST_000738,MOV_00486,2025-12-01,False
WL_0010309,CUST_000738,MOV_00212,2026-04-09,False
WL_0010310,CUST_000738,MOV_00191,2026-01-23,True
WL_0010311,CUST_000738,TVS_00104,2026-03-26,False
WL_0010312,CUST_000738,MOV_00485,2025-11-08,True
WL_0010313,CUST_000738,TVS_00078,2025-11-20,True
WL_0010314,CUST_000738,TVS_00122,2025-10-21,True
WL_0010315,CUST_000738,TVS_00020,2026-03-11,True
WL_0010316,CUST_000738,MOV_00181,2026-02-27,False
WL_0010317,CUST_000738,MOV_00143,2026-01-31,True
WL_0010318,CUST_000738,MOV_00102,2026-04-06,True
WL_0010319,CUST_000738,MOV_00358,2026-01-20,False
WL_0010320,CUST_000738,MOV_00174,2026-01-23,True
WL_0010321,CUST_000738,MOV_00327,2025-09-24,False
WL_0010322,CUST_000738,TVS_00167,2026-02-25,False
WL_0010323,CUST_000739,TVS_00092,2024-12-15,True
WL_0010324,CUST_000739,MOV_00024,2025-08-29,True
WL_0010325,CUST_000739,MOV_00239,2025-07-18,False
WL_0010326,CUST_000739,MOV_00186,2025-10-26,True
WL_0010327,CUST_000739,MOV_00268,2025-05-04,False
WL_0010328,CUST_000739,MOV_00030,2025-05-17,False
WL_0010329,CUST_000739,TVS_00118,2025-10-18,False
WL_0010330,CUST_000739,MOV_00049,2025-09-25,True
WL_0010331,CUST_000739,MOV_00479,2026-01-17,False
WL_0010332,CUST_000739,TVS_00162,2025-04-19,True
WL_0010333,CUST_000739,MOV_00097,2024-05-03,True
WL_0010334,CUST_000739,TVS_00114,2026-02-12,False
WL_0010335,CUST_000739,MOV_00269,2024-07-29,False
WL_0010336,CUST_000739,TVS_00154,2026-03-08,True
WL_0010337,CUST_000739,MOV_00240,2026-01-13,True
WL_0010338,CUST_000740,TVS_00119,2025-01-23,True
WL_0010339,CUST_000740,MOV_00352,2025-05-23,True
WL_0010340,CUST_000740,MOV_00416,2026-02-10,True
WL_0010341,CUST_000741,MOV_00117,2025-12-14,True
WL_0010342,CUST_000741,MOV_00015,2025-02-05,True
WL_0010343,CUST_000741,MOV_00106,2026-03-31,True
WL_0010344,CUST_000741,TVS_00006,2025-09-15,True
WL_0010345,CUST_000741,TVS_00133,2025-08-24,True
WL_0010346,CUST_000741,MOV_00285,2025-06-21,True
WL_0010347,CUST_000741,MOV_00065,2025-11-13,True
WL_0010348,CUST_000741,TVS_00006,2025-06-20,True
WL_0010349,CUST_000741,TVS_00010,2026-04-08,False
WL_0010350,CUST_000741,MOV_00089,2026-01-19,False
WL_0010351,CUST_000741,MOV_00045,2025-05-29,False
WL_0010352,CUST_000741,MOV_00092,2025-09-16,True
WL_0010353,CUST_000741,TVS_00095,2025-03-11,True
WL_0010354,CUST_000741,MOV_00106,2026-01-11,True
WL_0010355,CUST_000741,TVS_00128,2025-11-15,False
WL_0010356,CUST_000741,MOV_00462,2025-06-16,True
WL_0010357,CUST_000741,MOV_00193,2025-08-07,True
WL_0010358,CUST_000741,MOV_00163,2026-01-31,True
WL_0010359,CUST_000741,TVS_00189,2025-03-26,False
WL_0010360,CUST_000741,MOV_00347,2026-01-04,True
WL_0010361,CUST_000741,MOV_00236,2025-08-24,True
WL_0010362,CUST_000741,MOV_00158,2026-01-23,True
WL_0010363,CUST_000742,MOV_00162,2025-03-25,True
WL_0010364,CUST_000742,TVS_00157,2026-02-27,False
WL_0010365,CUST_000742,TVS_00101,2026-02-25,False
WL_0010366,CUST_000742,MOV_00381,2025-12-27,True
WL_0010367,CUST_000742,MOV_00067,2025-12-27,True
WL_0010368,CUST_000743,MOV_00227,2025-04-15,True
WL_0010369,CUST_000743,MOV_00150,2026-01-19,True
WL_0010370,CUST_000743,MOV_00273,2025-03-18,False
WL_0010371,CUST_000743,MOV_00187,2025-02-10,True
WL_0010372,CUST_000743,MOV_00137,2026-01-17,True
WL_0010373,CUST_000743,TVS_00106,2025-07-30,True
WL_0010374,CUST_000743,MOV_00167,2025-01-14,True
WL_0010375,CUST_000743,TVS_00115,2025-03-26,True
WL_0010376,CUST_000743,MOV_00443,2025-05-21,True
WL_0010377,CUST_000743,TVS_00169,2025-01-21,False
WL_0010378,CUST_000744,MOV_00004,2026-03-03,True
WL_0010379,CUST_000744,MOV_00207,2025-12-18,False
WL_0010380,CUST_000744,MOV_00261,2025-11-24,False
WL_0010381,CUST_000744,MOV_00154,2026-01-13,False
WL_0010382,CUST_000745,MOV_00326,2024-09-01,True
WL_0010383,CUST_000745,MOV_00395,2024-08-30,True
WL_0010384,CUST_000745,TVS_00078,2024-09-21,False
WL_0010385,CUST_000745,MOV_00066,2024-10-03,False
WL_0010386,CUST_000745,MOV_00467,2024-10-06,False
WL_0010387,CUST_000745,MOV_00250,2024-09-15,False
WL_0010388,CUST_000745,MOV_00069,2024-10-04,True
WL_0010389,CUST_000745,TVS_00045,2024-09-11,False
WL_0010390,CUST_000745,MOV_00373,2024-10-09,True
WL_0010391,CUST_000745,TVS_00136,2024-10-12,False
WL_0010392,CUST_000745,MOV_00242,2024-09-07,True
WL_0010393,CUST_000745,TVS_00190,2024-09-15,False
WL_0010394,CUST_000745,TVS_00098,2024-10-12,False
WL_0010395,CUST_000745,MOV_00207,2024-08-30,True
WL_0010396,CUST_000745,MOV_00130,2024-10-01,False
WL_0010397,CUST_000745,MOV_00081,2024-09-20,False
WL_0010398,CUST_000745,TVS_00120,2024-10-03,False
WL_0010399,CUST_000745,MOV_00490,2024-09-01,True
WL_0010400,CUST_000745,TVS_00061,2024-08-23,False
WL_0010401,CUST_000745,MOV_00473,2024-10-10,True
WL_0010402,CUST_000746,MOV_00453,2026-03-02,True
WL_0010403,CUST_000746,TVS_00120,2026-01-16,False
WL_0010404,CUST_000746,TVS_00178,2026-01-11,True
WL_0010405,CUST_000746,MOV_00059,2026-01-03,False
WL_0010406,CUST_000746,MOV_00410,2026-03-02,True
WL_0010407,CUST_000746,MOV_00483,2026-01-19,False
WL_0010408,CUST_000746,MOV_00048,2026-03-12,True
WL_0010409,CUST_000746,MOV_00054,2026-02-17,False
WL_0010410,CUST_000746,MOV_00164,2026-02-28,True
WL_0010411,CUST_000746,MOV_00301,2026-03-10,True
WL_0010412,CUST_000746,MOV_00402,2026-03-22,True
WL_0010413,CUST_000746,MOV_00038,2026-02-19,False
WL_0010414,CUST_000746,MOV_00164,2026-02-23,False
WL_0010415,CUST_000746,MOV_00054,2026-04-01,False
WL_0010416,CUST_000746,MOV_00232,2026-03-11,True
WL_0010417,CUST_000746,MOV_00038,2026-01-10,False
WL_0010418,CUST_000746,MOV_00284,2026-01-27,False
WL_0010419,CUST_000746,MOV_00267,2026-01-23,False
WL_0010420,CUST_000746,MOV_00148,2026-03-03,False
WL_0010421,CUST_000746,MOV_00251,2026-01-24,False
WL_0010422,CUST_000746,TVS_00023,2026-01-26,False
WL_0010423,CUST_000746,TVS_00007,2026-01-28,True
WL_0010424,CUST_000746,MOV_00198,2026-01-23,True
WL_0010425,CUST_000746,MOV_00267,2026-01-23,True
WL_0010426,CUST_000747,MOV_00435,2026-02-18,True
WL_0010427,CUST_000747,MOV_00199,2026-02-16,True
WL_0010428,CUST_000747,MOV_00215,2025-10-19,True
WL_0010429,CUST_000747,TVS_00051,2025-12-31,False
WL_0010430,CUST_000747,TVS_00176,2026-01-26,True
WL_0010431,CUST_000747,TVS_00130,2025-08-16,False
WL_0010432,CUST_000747,MOV_00121,2025-10-02,True
WL_0010433,CUST_000747,TVS_00151,2025-08-14,True
WL_0010434,CUST_000748,MOV_00441,2025-10-11,False
WL_0010435,CUST_000748,TVS_00070,2025-09-27,True
WL_0010436,CUST_000748,MOV_00467,2025-10-02,True
WL_0010437,CUST_000748,MOV_00413,2025-09-27,True
WL_0010438,CUST_000748,MOV_00415,2025-08-16,True
WL_0010439,CUST_000748,MOV_00323,2025-10-25,True
WL_0010440,CUST_000748,MOV_00356,2025-08-09,False
WL_0010441,CUST_000748,MOV_00125,2025-08-08,True
WL_0010442,CUST_000748,TVS_00164,2025-10-20,False
WL_0010443,CUST_000748,MOV_00057,2025-08-01,False
WL_0010444,CUST_000748,TVS_00134,2025-11-13,True
WL_0010445,CUST_000748,TVS_00176,2025-10-21,False
WL_0010446,CUST_000748,MOV_00400,2025-10-11,True
WL_0010447,CUST_000748,MOV_00499,2025-10-28,False
WL_0010448,CUST_000748,TVS_00124,2025-10-04,True
WL_0010449,CUST_000748,MOV_00357,2025-11-03,False
WL_0010450,CUST_000748,MOV_00144,2025-09-09,False
WL_0010451,CUST_000748,TVS_00151,2025-08-07,False
WL_0010452,CUST_000748,TVS_00144,2025-11-07,False
WL_0010453,CUST_000748,TVS_00177,2025-10-01,False
WL_0010454,CUST_000748,MOV_00453,2025-09-16,True
WL_0010455,CUST_000748,TVS_00156,2025-11-14,True
WL_0010456,CUST_000748,MOV_00356,2025-09-08,False
WL_0010457,CUST_000748,MOV_00437,2025-08-28,False
WL_0010458,CUST_000749,TVS_00074,2025-10-28,False
WL_0010459,CUST_000749,TVS_00151,2025-12-28,True
WL_0010460,CUST_000749,TVS_00164,2025-10-14,True
WL_0010461,CUST_000749,MOV_00341,2026-01-07,False
WL_0010462,CUST_000749,MOV_00227,2025-10-05,True
WL_0010463,CUST_000749,MOV_00043,2025-12-30,False
WL_0010464,CUST_000749,MOV_00475,2026-02-07,True
WL_0010465,CUST_000749,MOV_00487,2025-10-16,False
WL_0010466,CUST_000749,MOV_00002,2025-09-18,True
WL_0010467,CUST_000749,MOV_00275,2025-10-20,True
WL_0010468,CUST_000749,MOV_00144,2025-10-10,False
WL_0010469,CUST_000749,TVS_00025,2025-11-03,False
WL_0010470,CUST_000749,MOV_00285,2025-12-05,True
WL_0010471,CUST_000749,MOV_00051,2026-01-16,False
WL_0010472,CUST_000749,MOV_00415,2025-11-09,False
WL_0010473,CUST_000749,TVS_00074,2025-09-21,True
WL_0010474,CUST_000749,TVS_00116,2026-02-13,True
WL_0010475,CUST_000750,MOV_00020,2024-11-21,False
WL_0010476,CUST_000750,MOV_00401,2025-01-09,False
WL_0010477,CUST_000750,MOV_00482,2024-09-16,False
WL_0010478,CUST_000750,MOV_00189,2024-11-13,False
WL_0010479,CUST_000750,MOV_00436,2024-10-08,False
WL_0010480,CUST_000750,TVS_00042,2024-12-23,True
WL_0010481,CUST_000750,TVS_00091,2024-10-08,True
WL_0010482,CUST_000750,TVS_00123,2024-09-13,False
WL_0010483,CUST_000750,MOV_00413,2024-09-23,False
WL_0010484,CUST_000750,MOV_00100,2024-12-26,False
WL_0010485,CUST_000750,TVS_00045,2024-09-12,True
WL_0010486,CUST_000750,MOV_00473,2024-09-25,False
WL_0010487,CUST_000750,MOV_00227,2024-12-16,False
WL_0010488,CUST_000750,MOV_00403,2024-10-21,False
WL_0010489,CUST_000750,TVS_00050,2024-12-11,False
WL_0010490,CUST_000750,MOV_00135,2024-12-28,True
WL_0010491,CUST_000750,TVS_00004,2024-09-16,True
WL_0010492,CUST_000750,MOV_00434,2024-12-10,False
WL_0010493,CUST_000750,MOV_00251,2024-12-23,False
WL_0010494,CUST_000751,TVS_00191,2026-01-18,False
WL_0010495,CUST_000751,MOV_00136,2026-02-28,True
WL_0010496,CUST_000751,TVS_00097,2025-11-29,False
WL_0010497,CUST_000751,MOV_00229,2026-01-09,True
WL_0010498,CUST_000751,MOV_00382,2026-03-12,True
WL_0010499,CUST_000751,MOV_00013,2026-03-19,True
WL_0010500,CUST_000751,MOV_00031,2025-10-18,False
WL_0010501,CUST_000751,MOV_00304,2026-03-25,False
WL_0010502,CUST_000751,MOV_00205,2025-11-14,True
WL_0010503,CUST_000751,MOV_00476,2026-03-29,True
WL_0010504,CUST_000751,TVS_00002,2025-12-08,True
WL_0010505,CUST_000751,MOV_00037,2026-02-02,False
WL_0010506,CUST_000751,MOV_00016,2025-11-11,True
WL_0010507,CUST_000751,MOV_00375,2026-02-26,True
WL_0010508,CUST_000751,MOV_00247,2026-01-04,False
WL_0010509,CUST_000751,MOV_00016,2025-11-03,True
WL_0010510,CUST_000751,MOV_00107,2025-11-14,True
WL_0010511,CUST_000751,MOV_00152,2026-01-02,False
WL_0010512,CUST_000751,MOV_00008,2026-01-07,True
WL_0010513,CUST_000751,MOV_00047,2025-11-21,True
WL_0010514,CUST_000751,MOV_00031,2026-01-09,False
WL_0010515,CUST_000751,MOV_00127,2025-10-25,True
WL_0010516,CUST_000751,MOV_00221,2025-12-30,True
WL_0010517,CUST_000751,TVS_00024,2025-12-23,False
WL_0010518,CUST_000751,MOV_00163,2025-10-26,False
WL_0010519,CUST_000752,MOV_00321,2026-03-23,True
WL_0010520,CUST_000752,TVS_00092,2026-03-30,True
WL_0010521,CUST_000752,MOV_00429,2026-03-22,False
WL_0010522,CUST_000752,MOV_00169,2026-04-01,True
WL_0010523,CUST_000752,MOV_00127,2026-03-29,True
WL_0010524,CUST_000752,MOV_00150,2026-04-01,True
WL_0010525,CUST_000752,MOV_00058,2026-04-07,True
WL_0010526,CUST_000752,MOV_00194,2026-03-26,True
WL_0010527,CUST_000753,MOV_00386,2025-01-05,True
WL_0010528,CUST_000753,MOV_00417,2025-10-06,False
WL_0010529,CUST_000753,MOV_00330,2025-01-20,True
WL_0010530,CUST_000753,TVS_00065,2025-09-06,False
WL_0010531,CUST_000753,TVS_00164,2025-06-25,True
WL_0010532,CUST_000753,MOV_00220,2025-02-09,True
WL_0010533,CUST_000754,MOV_00430,2025-04-27,False
WL_0010534,CUST_000754,MOV_00449,2025-05-17,False
WL_0010535,CUST_000754,MOV_00007,2025-04-21,False
WL_0010536,CUST_000755,MOV_00279,2025-08-19,False
WL_0010537,CUST_000755,MOV_00392,2025-01-19,True
WL_0010538,CUST_000755,MOV_00344,2025-10-06,True
WL_0010539,CUST_000755,TVS_00176,2024-08-24,True
WL_0010540,CUST_000755,MOV_00160,2025-10-29,True
WL_0010541,CUST_000755,TVS_00177,2025-10-21,False
WL_0010542,CUST_000755,MOV_00171,2025-07-06,True
WL_0010543,CUST_000755,MOV_00496,2024-11-11,True
WL_0010544,CUST_000755,TVS_00187,2025-03-20,True
WL_0010545,CUST_000755,TVS_00140,2024-12-05,True
WL_0010546,CUST_000755,TVS_00144,2025-11-28,True
WL_0010547,CUST_000755,MOV_00468,2025-09-22,True
WL_0010548,CUST_000755,TVS_00030,2025-03-23,True
WL_0010549,CUST_000755,TVS_00037,2025-09-15,True
WL_0010550,CUST_000755,TVS_00104,2024-09-25,False
WL_0010551,CUST_000755,MOV_00012,2025-10-08,True
WL_0010552,CUST_000755,MOV_00156,2026-04-10,True
WL_0010553,CUST_000755,TVS_00103,2024-07-08,False
WL_0010554,CUST_000755,MOV_00447,2024-06-30,False
WL_0010555,CUST_000755,MOV_00144,2025-05-24,False
WL_0010556,CUST_000755,MOV_00467,2025-02-17,True
WL_0010557,CUST_000755,TVS_00037,2026-03-31,True
WL_0010558,CUST_000756,TVS_00062,2026-03-14,True
WL_0010559,CUST_000756,MOV_00416,2025-12-13,False
WL_0010560,CUST_000756,MOV_00129,2026-01-22,False
WL_0010561,CUST_000756,MOV_00085,2025-12-21,True
WL_0010562,CUST_000756,MOV_00048,2026-01-08,False
WL_0010563,CUST_000756,MOV_00327,2025-12-28,False
WL_0010564,CUST_000756,TVS_00156,2025-12-23,False
WL_0010565,CUST_000756,MOV_00468,2025-12-11,True
WL_0010566,CUST_000756,MOV_00044,2026-03-18,False
WL_0010567,CUST_000756,MOV_00114,2026-02-25,True
WL_0010568,CUST_000756,MOV_00289,2025-12-19,False
WL_0010569,CUST_000756,TVS_00044,2026-03-19,True
WL_0010570,CUST_000756,TVS_00175,2026-04-09,False
WL_0010571,CUST_000756,TVS_00088,2026-02-05,True
WL_0010572,CUST_000756,MOV_00055,2026-02-07,False
WL_0010573,CUST_000756,MOV_00194,2026-02-24,False
WL_0010574,CUST_000756,TVS_00081,2026-03-30,True
WL_0010575,CUST_000756,TVS_00159,2026-01-02,True
WL_0010576,CUST_000756,MOV_00429,2026-02-17,False
WL_0010577,CUST_000756,MOV_00157,2025-12-27,True
WL_0010578,CUST_000756,MOV_00131,2026-01-07,False
WL_0010579,CUST_000756,MOV_00127,2026-03-28,False
WL_0010580,CUST_000756,MOV_00229,2026-01-24,True
WL_0010581,CUST_000757,MOV_00098,2024-11-22,True
WL_0010582,CUST_000757,MOV_00064,2024-12-14,False
WL_0010583,CUST_000757,MOV_00294,2024-09-06,False
WL_0010584,CUST_000757,MOV_00397,2025-12-07,True
WL_0010585,CUST_000757,MOV_00181,2024-12-01,False
WL_0010586,CUST_000757,MOV_00001,2024-10-03,True
WL_0010587,CUST_000757,MOV_00317,2024-09-24,True
WL_0010588,CUST_000758,MOV_00459,2025-02-09,False
WL_0010589,CUST_000758,MOV_00143,2025-09-29,False
WL_0010590,CUST_000758,TVS_00194,2025-05-14,True
WL_0010591,CUST_000758,MOV_00443,2025-12-15,False
WL_0010592,CUST_000758,MOV_00066,2025-01-25,True
WL_0010593,CUST_000758,MOV_00027,2025-03-12,True
WL_0010594,CUST_000758,MOV_00066,2025-01-25,True
WL_0010595,CUST_000758,MOV_00014,2025-04-18,True
WL_0010596,CUST_000758,TVS_00064,2025-02-28,True
WL_0010597,CUST_000758,MOV_00334,2026-01-23,False
WL_0010598,CUST_000758,MOV_00321,2025-11-23,True
WL_0010599,CUST_000758,MOV_00276,2025-10-01,False
WL_0010600,CUST_000758,MOV_00296,2026-01-31,True
WL_0010601,CUST_000758,TVS_00073,2025-08-24,True
WL_0010602,CUST_000758,MOV_00245,2025-05-19,False
WL_0010603,CUST_000758,MOV_00361,2025-09-20,False
WL_0010604,CUST_000758,MOV_00138,2026-02-28,True
WL_0010605,CUST_000758,TVS_00194,2025-11-12,True
WL_0010606,CUST_000758,MOV_00262,2025-12-05,False
WL_0010607,CUST_000758,MOV_00070,2025-04-01,True
WL_0010608,CUST_000759,MOV_00424,2025-04-20,True
WL_0010609,CUST_000759,TVS_00132,2025-01-31,False
WL_0010610,CUST_000759,TVS_00072,2024-09-18,False
WL_0010611,CUST_000759,TVS_00069,2024-12-08,False
WL_0010612,CUST_000759,MOV_00393,2025-03-28,False
WL_0010613,CUST_000759,TVS_00156,2024-10-01,False
WL_0010614,CUST_000759,MOV_00462,2025-05-07,False
WL_0010615,CUST_000759,MOV_00250,2025-01-12,True
WL_0010616,CUST_000759,TVS_00044,2024-12-29,False
WL_0010617,CUST_000759,TVS_00111,2025-03-16,False
WL_0010618,CUST_000759,MOV_00334,2025-05-16,True
WL_0010619,CUST_000759,MOV_00088,2025-05-03,True
WL_0010620,CUST_000759,MOV_00157,2024-12-19,True
WL_0010621,CUST_000759,MOV_00286,2025-07-05,True
WL_0010622,CUST_000759,MOV_00462,2024-09-20,True
WL_0010623,CUST_000759,MOV_00078,2025-03-29,True
WL_0010624,CUST_000759,MOV_00337,2024-11-21,False
WL_0010625,CUST_000759,MOV_00325,2025-03-24,True
WL_0010626,CUST_000760,MOV_00231,2025-10-24,False
WL_0010627,CUST_000760,TVS_00041,2025-07-15,True
WL_0010628,CUST_000760,TVS_00031,2025-09-30,False
WL_0010629,CUST_000760,MOV_00309,2025-09-16,True
WL_0010630,CUST_000760,MOV_00044,2025-05-26,True
WL_0010631,CUST_000760,MOV_00167,2025-07-25,True
WL_0010632,CUST_000760,MOV_00427,2026-01-08,True
WL_0010633,CUST_000760,MOV_00263,2025-10-21,True
WL_0010634,CUST_000761,TVS_00069,2025-10-13,True
WL_0010635,CUST_000761,MOV_00355,2025-08-11,True
WL_0010636,CUST_000761,MOV_00279,2024-12-15,True
WL_0010637,CUST_000761,MOV_00486,2025-07-13,True
WL_0010638,CUST_000761,TVS_00081,2025-03-24,False
WL_0010639,CUST_000761,MOV_00049,2025-05-30,False
WL_0010640,CUST_000761,MOV_00179,2025-07-31,True
WL_0010641,CUST_000762,TVS_00128,2024-07-14,False
WL_0010642,CUST_000762,MOV_00085,2024-07-09,True
WL_0010643,CUST_000762,TVS_00142,2024-07-02,False
WL_0010644,CUST_000762,TVS_00062,2024-07-03,True
WL_0010645,CUST_000762,MOV_00460,2024-07-05,False
WL_0010646,CUST_000762,TVS_00160,2024-06-26,False
WL_0010647,CUST_000762,MOV_00133,2024-06-25,False
WL_0010648,CUST_000762,MOV_00118,2024-07-05,True
WL_0010649,CUST_000762,MOV_00173,2024-06-08,True
WL_0010650,CUST_000762,TVS_00072,2024-06-11,False
WL_0010651,CUST_000762,TVS_00160,2024-07-01,True
WL_0010652,CUST_000762,MOV_00460,2024-06-10,False
WL_0010653,CUST_000762,MOV_00484,2024-06-29,False
WL_0010654,CUST_000762,MOV_00133,2024-06-19,False
WL_0010655,CUST_000762,TVS_00129,2024-06-06,False
WL_0010656,CUST_000762,MOV_00131,2024-06-19,False
WL_0010657,CUST_000762,MOV_00202,2024-06-11,False
WL_0010658,CUST_000762,MOV_00090,2024-07-10,False
WL_0010659,CUST_000762,MOV_00418,2024-06-25,True
WL_0010660,CUST_000762,MOV_00496,2024-06-30,False
WL_0010661,CUST_000762,MOV_00157,2024-06-28,False
WL_0010662,CUST_000763,TVS_00037,2025-03-14,True
WL_0010663,CUST_000763,MOV_00148,2025-10-25,True
WL_0010664,CUST_000763,MOV_00365,2025-12-10,True
WL_0010665,CUST_000763,MOV_00278,2025-07-03,True
WL_0010666,CUST_000763,MOV_00347,2025-05-25,False
WL_0010667,CUST_000763,MOV_00186,2026-02-14,False
WL_0010668,CUST_000763,MOV_00389,2024-07-05,True
WL_0010669,CUST_000763,MOV_00108,2025-04-19,False
WL_0010670,CUST_000763,TVS_00030,2024-09-20,False
WL_0010671,CUST_000763,MOV_00384,2025-09-17,True
WL_0010672,CUST_000763,MOV_00114,2025-06-25,True
WL_0010673,CUST_000763,MOV_00498,2024-08-27,True
WL_0010674,CUST_000763,MOV_00074,2025-02-16,True
WL_0010675,CUST_000763,MOV_00113,2026-02-01,False
WL_0010676,CUST_000763,MOV_00057,2025-01-11,False
WL_0010677,CUST_000763,MOV_00488,2024-12-10,True
WL_0010678,CUST_000763,TVS_00072,2024-10-27,True
WL_0010679,CUST_000763,MOV_00487,2024-11-24,True
WL_0010680,CUST_000763,MOV_00023,2025-12-03,True
WL_0010681,CUST_000763,MOV_00392,2025-11-09,False
WL_0010682,CUST_000763,TVS_00037,2024-09-15,True
WL_0010683,CUST_000763,MOV_00108,2024-11-11,False
WL_0010684,CUST_000764,TVS_00037,2024-06-13,False
WL_0010685,CUST_000764,MOV_00460,2025-01-07,False
WL_0010686,CUST_000764,TVS_00030,2024-06-24,True
WL_0010687,CUST_000764,MOV_00367,2025-02-11,False
WL_0010688,CUST_000764,TVS_00135,2024-11-02,True
WL_0010689,CUST_000764,MOV_00498,2024-07-26,False
WL_0010690,CUST_000764,MOV_00014,2024-07-19,False
WL_0010691,CUST_000764,MOV_00373,2024-07-29,False
WL_0010692,CUST_000764,TVS_00004,2024-07-10,True
WL_0010693,CUST_000765,MOV_00159,2025-12-08,True
WL_0010694,CUST_000765,MOV_00245,2025-08-07,False
WL_0010695,CUST_000765,TVS_00093,2025-09-24,False
WL_0010696,CUST_000766,MOV_00227,2025-03-12,True
WL_0010697,CUST_000766,MOV_00243,2024-12-08,True
WL_0010698,CUST_000766,MOV_00286,2026-03-12,True
WL_0010699,CUST_000766,MOV_00368,2025-01-27,True
WL_0010700,CUST_000766,MOV_00225,2024-08-11,False
WL_0010701,CUST_000766,MOV_00373,2024-09-19,True
WL_0010702,CUST_000766,MOV_00301,2024-12-13,True
WL_0010703,CUST_000766,TVS_00176,2025-07-28,True
WL_0010704,CUST_000766,TVS_00027,2024-10-09,False
WL_0010705,CUST_000766,MOV_00420,2025-06-25,True
WL_0010706,CUST_000766,MOV_00228,2026-02-21,True
WL_0010707,CUST_000766,MOV_00284,2024-11-22,True
WL_0010708,CUST_000766,MOV_00131,2025-05-16,True
WL_0010709,CUST_000766,MOV_00008,2026-02-09,True
WL_0010710,CUST_000766,MOV_00369,2024-09-01,False
WL_0010711,CUST_000766,TVS_00035,2025-07-11,True
WL_0010712,CUST_000766,TVS_00176,2026-04-06,True
WL_0010713,CUST_000766,MOV_00098,2024-10-01,True
WL_0010714,CUST_000766,MOV_00105,2025-03-04,True
WL_0010715,CUST_000766,MOV_00190,2025-03-17,True
WL_0010716,CUST_000767,MOV_00406,2026-03-24,True
WL_0010717,CUST_000767,MOV_00235,2026-02-08,True
WL_0010718,CUST_000767,MOV_00194,2025-07-13,True
WL_0010719,CUST_000767,TVS_00113,2025-08-03,True
WL_0010720,CUST_000767,TVS_00173,2025-11-23,True
WL_0010721,CUST_000767,MOV_00314,2025-08-17,True
WL_0010722,CUST_000768,MOV_00338,2025-11-05,True
WL_0010723,CUST_000768,MOV_00294,2025-10-26,True
WL_0010724,CUST_000768,MOV_00182,2025-10-16,True
WL_0010725,CUST_000768,MOV_00234,2025-04-22,True
WL_0010726,CUST_000768,MOV_00136,2026-03-01,True
WL_0010727,CUST_000768,MOV_00234,2025-08-22,True
WL_0010728,CUST_000768,TVS_00193,2025-10-09,True
WL_0010729,CUST_000768,MOV_00134,2026-02-23,True
WL_0010730,CUST_000768,TVS_00169,2025-06-19,True
WL_0010731,CUST_000768,TVS_00079,2026-04-06,False
WL_0010732,CUST_000768,MOV_00242,2026-03-29,True
WL_0010733,CUST_000768,TVS_00172,2025-04-21,True
WL_0010734,CUST_000768,TVS_00042,2026-02-02,False
WL_0010735,CUST_000768,MOV_00230,2026-03-20,True
WL_0010736,CUST_000768,MOV_00324,2026-02-28,True
WL_0010737,CUST_000769,MOV_00121,2026-01-30,True
WL_0010738,CUST_000769,MOV_00435,2025-11-20,True
WL_0010739,CUST_000769,TVS_00117,2026-01-24,True
WL_0010740,CUST_000769,MOV_00071,2025-09-29,True
WL_0010741,CUST_000769,MOV_00106,2026-01-28,True
WL_0010742,CUST_000769,TVS_00126,2025-08-27,True
WL_0010743,CUST_000769,TVS_00117,2025-12-31,True
WL_0010744,CUST_000769,MOV_00488,2025-08-07,True
WL_0010745,CUST_000769,TVS_00056,2026-03-19,False
WL_0010746,CUST_000769,MOV_00435,2025-09-09,True
WL_0010747,CUST_000769,MOV_00496,2025-12-14,True
WL_0010748,CUST_000769,TVS_00042,2025-10-16,True
WL_0010749,CUST_000769,MOV_00382,2025-07-23,True
WL_0010750,CUST_000769,TVS_00142,2025-08-28,False
WL_0010751,CUST_000769,MOV_00166,2026-03-08,True
WL_0010752,CUST_000769,TVS_00024,2025-08-11,True
WL_0010753,CUST_000769,TVS_00056,2025-12-27,False
WL_0010754,CUST_000769,MOV_00156,2025-09-30,True
WL_0010755,CUST_000769,TVS_00118,2026-03-06,True
WL_0010756,CUST_000769,TVS_00006,2026-03-12,True
WL_0010757,CUST_000770,TVS_00038,2024-10-13,True
WL_0010758,CUST_000770,MOV_00143,2025-08-01,True
WL_0010759,CUST_000770,MOV_00309,2025-05-15,False
WL_0010760,CUST_000770,MOV_00298,2025-06-29,True
WL_0010761,CUST_000770,MOV_00417,2025-07-16,True
WL_0010762,CUST_000770,TVS_00187,2025-09-10,True
WL_0010763,CUST_000770,MOV_00439,2026-04-10,False
WL_0010764,CUST_000770,MOV_00300,2025-01-08,True
WL_0010765,CUST_000770,MOV_00389,2025-06-18,True
WL_0010766,CUST_000770,MOV_00488,2025-08-05,False
WL_0010767,CUST_000770,MOV_00233,2025-10-10,True
WL_0010768,CUST_000770,MOV_00278,2024-08-05,False
WL_0010769,CUST_000770,TVS_00038,2025-07-09,True
WL_0010770,CUST_000770,TVS_00188,2024-09-29,True
WL_0010771,CUST_000770,TVS_00127,2024-12-22,False
WL_0010772,CUST_000770,MOV_00437,2025-07-25,True
WL_0010773,CUST_000770,MOV_00122,2026-01-22,False
WL_0010774,CUST_000770,MOV_00453,2025-04-13,True
WL_0010775,CUST_000770,MOV_00318,2024-10-17,False
WL_0010776,CUST_000770,MOV_00109,2024-12-19,False
WL_0010777,CUST_000770,MOV_00411,2025-01-31,False
WL_0010778,CUST_000771,MOV_00049,2024-11-04,False
WL_0010779,CUST_000771,MOV_00286,2025-08-08,False
WL_0010780,CUST_000771,TVS_00155,2025-12-30,False
WL_0010781,CUST_000771,MOV_00346,2025-08-24,True
WL_0010782,CUST_000771,TVS_00101,2025-09-09,True
WL_0010783,CUST_000771,MOV_00029,2026-02-28,True
WL_0010784,CUST_000771,TVS_00123,2025-01-13,False
WL_0010785,CUST_000771,MOV_00320,2025-06-17,False
WL_0010786,CUST_000771,MOV_00231,2025-03-08,False
WL_0010787,CUST_000771,MOV_00231,2025-12-13,False
WL_0010788,CUST_000771,MOV_00424,2026-03-13,True
WL_0010789,CUST_000771,TVS_00093,2025-01-24,True
WL_0010790,CUST_000771,MOV_00055,2024-08-13,True
WL_0010791,CUST_000771,MOV_00316,2024-08-07,True
WL_0010792,CUST_000771,MOV_00399,2025-09-19,True
WL_0010793,CUST_000771,MOV_00270,2026-04-01,False
WL_0010794,CUST_000771,MOV_00213,2024-06-27,True
WL_0010795,CUST_000771,MOV_00253,2024-09-23,True
WL_0010796,CUST_000771,MOV_00217,2024-07-14,True
WL_0010797,CUST_000771,MOV_00357,2026-01-25,False
WL_0010798,CUST_000771,MOV_00297,2024-10-09,False
WL_0010799,CUST_000771,MOV_00003,2025-05-18,True
WL_0010800,CUST_000771,TVS_00082,2024-11-19,False
WL_0010801,CUST_000772,MOV_00289,2025-09-22,True
WL_0010802,CUST_000772,TVS_00051,2026-02-27,True
WL_0010803,CUST_000772,TVS_00129,2026-02-13,False
WL_0010804,CUST_000772,MOV_00455,2026-02-04,True
WL_0010805,CUST_000772,MOV_00103,2025-09-22,True
WL_0010806,CUST_000772,MOV_00032,2026-02-13,False
WL_0010807,CUST_000772,MOV_00202,2026-02-13,True
WL_0010808,CUST_000772,TVS_00092,2026-02-26,True
WL_0010809,CUST_000772,TVS_00195,2026-02-14,True
WL_0010810,CUST_000772,TVS_00162,2025-10-23,True
WL_0010811,CUST_000772,MOV_00120,2025-12-14,True
WL_0010812,CUST_000772,MOV_00435,2025-12-09,True
WL_0010813,CUST_000772,MOV_00347,2026-03-05,True
WL_0010814,CUST_000773,MOV_00370,2025-06-26,False
WL_0010815,CUST_000773,MOV_00310,2025-01-17,False
WL_0010816,CUST_000773,MOV_00307,2025-02-02,False
WL_0010817,CUST_000773,MOV_00286,2025-01-13,True
WL_0010818,CUST_000773,MOV_00009,2025-03-14,False
WL_0010819,CUST_000773,MOV_00236,2025-06-06,True
WL_0010820,CUST_000773,MOV_00147,2025-04-29,True
WL_0010821,CUST_000773,TVS_00069,2025-07-08,False
WL_0010822,CUST_000773,MOV_00215,2025-03-23,True
WL_0010823,CUST_000773,TVS_00124,2025-04-18,False
WL_0010824,CUST_000773,MOV_00009,2025-07-16,False
WL_0010825,CUST_000773,MOV_00396,2025-03-18,False
WL_0010826,CUST_000773,TVS_00063,2025-04-25,True
WL_0010827,CUST_000773,TVS_00170,2025-03-09,True
WL_0010828,CUST_000774,MOV_00189,2025-12-20,True
WL_0010829,CUST_000774,TVS_00186,2025-09-04,True
WL_0010830,CUST_000774,MOV_00304,2025-11-04,True
WL_0010831,CUST_000774,MOV_00164,2025-10-06,True
WL_0010832,CUST_000774,MOV_00178,2025-08-07,False
WL_0010833,CUST_000774,MOV_00404,2026-02-28,True
WL_0010834,CUST_000774,TVS_00157,2026-01-23,True
WL_0010835,CUST_000774,TVS_00055,2025-10-23,True
WL_0010836,CUST_000774,MOV_00079,2025-12-16,True
WL_0010837,CUST_000774,TVS_00156,2025-08-12,False
WL_0010838,CUST_000774,MOV_00361,2025-10-11,True
WL_0010839,CUST_000774,MOV_00261,2026-03-15,True
WL_0010840,CUST_000774,MOV_00359,2025-10-23,True
WL_0010841,CUST_000774,TVS_00103,2025-07-24,True
WL_0010842,CUST_000774,TVS_00097,2026-01-04,True
WL_0010843,CUST_000774,MOV_00415,2025-09-05,True
WL_0010844,CUST_000774,MOV_00225,2025-10-17,True
WL_0010845,CUST_000774,MOV_00364,2025-12-01,True
WL_0010846,CUST_000774,TVS_00081,2026-02-03,True
WL_0010847,CUST_000774,MOV_00182,2025-08-21,True
WL_0010848,CUST_000774,TVS_00151,2025-06-20,True
WL_0010849,CUST_000774,TVS_00098,2025-08-17,False
WL_0010850,CUST_000774,MOV_00275,2025-12-15,True
WL_0010851,CUST_000774,TVS_00002,2025-11-08,False
WL_0010852,CUST_000775,MOV_00137,2025-08-16,False
WL_0010853,CUST_000775,MOV_00381,2026-01-20,True
WL_0010854,CUST_000775,MOV_00195,2026-01-27,True
WL_0010855,CUST_000775,MOV_00103,2025-12-26,True
WL_0010856,CUST_000775,TVS_00112,2026-02-04,False
WL_0010857,CUST_000775,MOV_00118,2026-02-07,True
WL_0010858,CUST_000775,MOV_00026,2025-08-22,False
WL_0010859,CUST_000775,MOV_00499,2025-12-15,True
WL_0010860,CUST_000775,MOV_00331,2025-07-12,True
WL_0010861,CUST_000776,MOV_00170,2025-10-18,True
WL_0010862,CUST_000776,TVS_00082,2025-04-01,True
WL_0010863,CUST_000776,MOV_00166,2025-02-13,True
WL_0010864,CUST_000776,TVS_00087,2024-07-16,True
WL_0010865,CUST_000776,TVS_00072,2025-01-22,True
WL_0010866,CUST_000776,TVS_00086,2025-09-22,False
WL_0010867,CUST_000776,MOV_00195,2025-02-24,False
WL_0010868,CUST_000776,MOV_00075,2026-01-02,True
WL_0010869,CUST_000776,MOV_00358,2024-10-13,True
WL_0010870,CUST_000776,TVS_00061,2024-06-15,False
WL_0010871,CUST_000776,MOV_00061,2025-07-26,True
WL_0010872,CUST_000776,MOV_00468,2026-04-01,True
WL_0010873,CUST_000776,MOV_00263,2025-03-06,True
WL_0010874,CUST_000776,TVS_00095,2024-09-04,False
WL_0010875,CUST_000776,MOV_00360,2024-07-14,False
WL_0010876,CUST_000776,MOV_00091,2025-10-17,True
WL_0010877,CUST_000776,MOV_00216,2026-03-08,True
WL_0010878,CUST_000776,TVS_00095,2024-08-08,False
WL_0010879,CUST_000776,MOV_00485,2025-09-05,True
WL_0010880,CUST_000777,TVS_00126,2025-05-25,True
WL_0010881,CUST_000777,TVS_00138,2025-05-26,True
WL_0010882,CUST_000777,MOV_00398,2024-11-16,False
WL_0010883,CUST_000777,MOV_00069,2025-09-10,False
WL_0010884,CUST_000777,TVS_00195,2025-01-31,True
WL_0010885,CUST_000777,TVS_00124,2024-10-12,False
WL_0010886,CUST_000777,MOV_00397,2025-07-09,False
WL_0010887,CUST_000777,MOV_00454,2025-11-10,True
WL_0010888,CUST_000777,MOV_00257,2024-08-24,True
WL_0010889,CUST_000778,TVS_00150,2026-01-04,True
WL_0010890,CUST_000778,TVS_00064,2026-03-06,False
WL_0010891,CUST_000778,TVS_00083,2026-01-27,False
WL_0010892,CUST_000778,MOV_00022,2026-04-04,False
WL_0010893,CUST_000778,MOV_00192,2026-02-01,True
WL_0010894,CUST_000778,MOV_00306,2026-03-11,False
WL_0010895,CUST_000778,MOV_00143,2026-02-07,True
WL_0010896,CUST_000778,TVS_00019,2026-01-26,True
WL_0010897,CUST_000778,MOV_00109,2026-03-21,True
WL_0010898,CUST_000778,TVS_00046,2026-03-25,False
WL_0010899,CUST_000778,MOV_00417,2026-02-16,False
WL_0010900,CUST_000778,TVS_00024,2026-01-12,False
WL_0010901,CUST_000778,TVS_00026,2026-01-31,True
WL_0010902,CUST_000778,MOV_00486,2026-01-29,False
WL_0010903,CUST_000778,TVS_00110,2025-11-28,True
WL_0010904,CUST_000778,MOV_00032,2026-03-18,False
WL_0010905,CUST_000778,TVS_00175,2026-03-03,True
WL_0010906,CUST_000778,MOV_00248,2026-04-10,True
WL_0010907,CUST_000779,MOV_00240,2024-09-16,False
WL_0010908,CUST_000779,TVS_00089,2024-06-08,True
WL_0010909,CUST_000779,MOV_00288,2024-12-26,True
WL_0010910,CUST_000779,MOV_00338,2026-01-31,True
WL_0010911,CUST_000779,TVS_00067,2025-06-26,False
WL_0010912,CUST_000779,MOV_00363,2026-01-07,False
WL_0010913,CUST_000779,MOV_00477,2024-08-10,False
WL_0010914,CUST_000780,TVS_00101,2025-06-29,False
WL_0010915,CUST_000780,TVS_00128,2025-11-19,True
WL_0010916,CUST_000780,MOV_00358,2025-07-12,False
WL_0010917,CUST_000780,MOV_00343,2026-01-03,False
WL_0010918,CUST_000780,MOV_00461,2025-09-23,False
WL_0010919,CUST_000780,MOV_00263,2025-05-09,False
WL_0010920,CUST_000780,TVS_00087,2025-07-22,False
WL_0010921,CUST_000780,MOV_00068,2025-05-08,False
WL_0010922,CUST_000780,MOV_00187,2026-02-04,True
WL_0010923,CUST_000780,TVS_00017,2025-06-13,False
WL_0010924,CUST_000780,MOV_00446,2026-01-04,False
WL_0010925,CUST_000780,TVS_00121,2026-03-20,False
WL_0010926,CUST_000780,MOV_00079,2025-04-10,False
WL_0010927,CUST_000781,MOV_00325,2026-01-29,True
WL_0010928,CUST_000781,MOV_00379,2025-07-07,False
WL_0010929,CUST_000781,TVS_00133,2026-03-23,False
WL_0010930,CUST_000781,MOV_00258,2025-11-26,False
WL_0010931,CUST_000781,MOV_00242,2025-08-04,True
WL_0010932,CUST_000781,TVS_00099,2025-06-05,True
WL_0010933,CUST_000781,MOV_00162,2025-10-12,True
WL_0010934,CUST_000781,MOV_00346,2026-04-10,False
WL_0010935,CUST_000781,MOV_00174,2025-12-17,True
WL_0010936,CUST_000781,MOV_00424,2025-02-27,True
WL_0010937,CUST_000781,MOV_00060,2025-07-28,False
WL_0010938,CUST_000781,MOV_00234,2024-12-29,True
WL_0010939,CUST_000781,TVS_00042,2026-04-09,True
WL_0010940,CUST_000781,MOV_00058,2026-01-20,True
WL_0010941,CUST_000781,MOV_00083,2025-09-25,True
WL_0010942,CUST_000781,MOV_00376,2025-04-24,True
WL_0010943,CUST_000781,MOV_00426,2025-07-04,True
WL_0010944,CUST_000781,MOV_00446,2025-07-07,False
WL_0010945,CUST_000781,MOV_00180,2026-02-05,True
WL_0010946,CUST_000781,TVS_00040,2025-02-15,True
WL_0010947,CUST_000781,MOV_00431,2025-03-18,False
WL_0010948,CUST_000781,MOV_00355,2026-01-11,True
WL_0010949,CUST_000782,MOV_00046,2026-04-11,False
WL_0010950,CUST_000782,MOV_00256,2025-11-06,False
WL_0010951,CUST_000782,MOV_00026,2026-02-03,True
WL_0010952,CUST_000782,MOV_00355,2026-04-06,False
WL_0010953,CUST_000782,MOV_00310,2026-04-05,False
WL_0010954,CUST_000782,MOV_00459,2026-03-15,True
WL_0010955,CUST_000782,MOV_00113,2025-12-27,True
WL_0010956,CUST_000782,MOV_00199,2026-03-22,False
WL_0010957,CUST_000782,MOV_00385,2026-02-15,True
WL_0010958,CUST_000782,MOV_00238,2026-03-17,True
WL_0010959,CUST_000782,MOV_00350,2026-04-01,True
WL_0010960,CUST_000782,MOV_00051,2025-11-22,False
WL_0010961,CUST_000782,MOV_00296,2025-12-10,True
WL_0010962,CUST_000782,MOV_00442,2026-01-14,True
WL_0010963,CUST_000782,MOV_00149,2026-01-01,False
WL_0010964,CUST_000782,MOV_00181,2025-12-05,False
WL_0010965,CUST_000782,MOV_00326,2025-12-02,False
WL_0010966,CUST_000782,MOV_00083,2026-04-01,False
WL_0010967,CUST_000782,MOV_00481,2025-11-26,True
WL_0010968,CUST_000782,MOV_00304,2025-11-25,True
WL_0010969,CUST_000783,TVS_00085,2025-08-04,False
WL_0010970,CUST_000783,MOV_00395,2026-03-01,True
WL_0010971,CUST_000783,MOV_00325,2026-03-14,False
WL_0010972,CUST_000783,MOV_00367,2026-03-04,True
WL_0010973,CUST_000784,MOV_00381,2026-01-16,False
WL_0010974,CUST_000784,MOV_00015,2025-01-19,False
WL_0010975,CUST_000784,MOV_00422,2025-01-17,False
WL_0010976,CUST_000784,MOV_00425,2026-03-07,False
WL_0010977,CUST_000784,TVS_00192,2024-11-23,False
WL_0010978,CUST_000784,MOV_00187,2025-10-28,True
WL_0010979,CUST_000784,TVS_00041,2025-04-07,False
WL_0010980,CUST_000784,TVS_00139,2025-10-13,True
WL_0010981,CUST_000784,MOV_00420,2025-07-10,True
WL_0010982,CUST_000785,MOV_00435,2024-12-19,True
WL_0010983,CUST_000785,MOV_00472,2026-02-26,True
WL_0010984,CUST_000785,TVS_00197,2025-07-07,True
WL_0010985,CUST_000785,MOV_00449,2025-09-30,False
WL_0010986,CUST_000785,TVS_00199,2025-07-29,True
WL_0010987,CUST_000785,MOV_00114,2025-01-14,False
WL_0010988,CUST_000785,MOV_00009,2025-02-12,False
WL_0010989,CUST_000785,MOV_00039,2025-06-28,True
WL_0010990,CUST_000785,MOV_00226,2025-06-13,False
WL_0010991,CUST_000785,MOV_00133,2026-01-09,False
WL_0010992,CUST_000785,MOV_00299,2026-03-10,False
WL_0010993,CUST_000785,MOV_00331,2025-06-03,True
WL_0010994,CUST_000785,MOV_00107,2024-11-12,True
WL_0010995,CUST_000785,MOV_00107,2026-03-14,True
WL_0010996,CUST_000785,MOV_00278,2026-01-21,True
WL_0010997,CUST_000785,TVS_00000,2025-10-13,True
WL_0010998,CUST_000785,MOV_00496,2025-02-12,True
WL_0010999,CUST_000785,MOV_00123,2025-01-19,False
WL_0011000,CUST_000785,TVS_00013,2026-02-18,True
WL_0011001,CUST_000785,MOV_00067,2024-09-27,False
WL_0011002,CUST_000785,TVS_00028,2025-03-22,True
WL_0011003,CUST_000786,MOV_00116,2025-06-14,False
WL_0011004,CUST_000786,MOV_00043,2025-04-01,True
WL_0011005,CUST_000786,MOV_00336,2025-01-05,False
WL_0011006,CUST_000786,MOV_00399,2025-05-14,True
WL_0011007,CUST_000786,TVS_00006,2024-11-08,True
WL_0011008,CUST_000786,MOV_00479,2024-09-25,True
WL_0011009,CUST_000786,MOV_00275,2024-08-30,False
WL_0011010,CUST_000786,MOV_00205,2025-05-25,True
WL_0011011,CUST_000786,TVS_00064,2024-07-23,False
WL_0011012,CUST_000786,TVS_00198,2025-12-24,False
WL_0011013,CUST_000786,MOV_00121,2025-05-10,True
WL_0011014,CUST_000786,MOV_00353,2024-11-24,False
WL_0011015,CUST_000786,TVS_00032,2024-07-12,True
WL_0011016,CUST_000786,TVS_00145,2025-04-26,True
WL_0011017,CUST_000786,MOV_00058,2025-02-09,True
WL_0011018,CUST_000786,MOV_00162,2025-12-10,True
WL_0011019,CUST_000787,MOV_00467,2024-08-11,True
WL_0011020,CUST_000787,MOV_00440,2024-07-28,False
WL_0011021,CUST_000787,TVS_00186,2024-09-29,False
WL_0011022,CUST_000787,MOV_00149,2024-10-02,True
WL_0011023,CUST_000787,MOV_00072,2024-07-20,True
WL_0011024,CUST_000787,TVS_00123,2024-07-11,False
WL_0011025,CUST_000787,MOV_00078,2024-07-26,True
WL_0011026,CUST_000788,TVS_00080,2025-09-12,True
WL_0011027,CUST_000788,TVS_00162,2025-09-04,True
WL_0011028,CUST_000788,TVS_00012,2024-05-12,False
WL_0011029,CUST_000788,MOV_00401,2024-12-02,True
WL_0011030,CUST_000788,MOV_00426,2025-02-20,True
WL_0011031,CUST_000788,MOV_00340,2025-07-07,True
WL_0011032,CUST_000788,MOV_00279,2024-05-06,False
WL_0011033,CUST_000788,TVS_00159,2024-05-29,False
WL_0011034,CUST_000788,MOV_00132,2025-03-02,False
WL_0011035,CUST_000788,MOV_00296,2024-06-24,True
WL_0011036,CUST_000788,MOV_00338,2025-03-13,True
WL_0011037,CUST_000788,MOV_00045,2026-01-15,True
WL_0011038,CUST_000788,TVS_00157,2024-08-17,False
WL_0011039,CUST_000788,MOV_00448,2025-05-22,False
WL_0011040,CUST_000789,MOV_00420,2026-01-02,True
WL_0011041,CUST_000789,MOV_00454,2025-11-20,False
WL_0011042,CUST_000789,MOV_00460,2025-11-30,False
WL_0011043,CUST_000789,TVS_00138,2026-02-05,False
WL_0011044,CUST_000789,MOV_00155,2025-12-07,True
WL_0011045,CUST_000789,MOV_00042,2025-12-10,False
WL_0011046,CUST_000789,TVS_00157,2026-04-09,True
WL_0011047,CUST_000790,MOV_00138,2025-07-17,True
WL_0011048,CUST_000790,TVS_00155,2025-08-18,False
WL_0011049,CUST_000790,MOV_00304,2026-01-11,False
WL_0011050,CUST_000790,MOV_00459,2025-10-16,True
WL_0011051,CUST_000790,MOV_00270,2025-07-17,False
WL_0011052,CUST_000790,MOV_00061,2026-02-24,True
WL_0011053,CUST_000790,MOV_00434,2025-06-03,True
WL_0011054,CUST_000790,MOV_00318,2025-10-30,False
WL_0011055,CUST_000790,MOV_00224,2025-10-09,True
WL_0011056,CUST_000790,MOV_00421,2025-10-02,False
WL_0011057,CUST_000790,MOV_00256,2026-01-13,True
WL_0011058,CUST_000791,MOV_00439,2026-03-19,True
WL_0011059,CUST_000791,MOV_00324,2025-10-06,True
WL_0011060,CUST_000791,MOV_00447,2025-11-27,False
WL_0011061,CUST_000791,TVS_00072,2026-04-03,False
WL_0011062,CUST_000791,TVS_00086,2026-03-20,True
WL_0011063,CUST_000791,TVS_00124,2025-06-28,False
WL_0011064,CUST_000791,MOV_00435,2026-03-08,False
WL_0011065,CUST_000791,TVS_00141,2026-02-10,False
WL_0011066,CUST_000791,MOV_00178,2026-02-10,True
WL_0011067,CUST_000791,MOV_00067,2026-02-07,True
WL_0011068,CUST_000791,TVS_00037,2025-09-30,True
WL_0011069,CUST_000791,MOV_00114,2025-12-26,False
WL_0011070,CUST_000791,TVS_00072,2026-01-25,False
WL_0011071,CUST_000792,MOV_00426,2026-03-08,False
WL_0011072,CUST_000792,MOV_00062,2026-06-27,True
WL_0011073,CUST_000792,MOV_00282,2026-03-30,False
WL_0011074,CUST_000792,MOV_00171,2026-09-10,True
WL_0011075,CUST_000792,TVS_00142,2026-02-27,False
WL_0011076,CUST_000792,TVS_00006,2026-04-04,False
WL_0011077,CUST_000792,MOV_00351,2026-08-04,True
WL_0011078,CUST_000792,MOV_00010,2026-09-26,True
WL_0011079,CUST_000792,MOV_00087,2026-08-22,False
WL_0011080,CUST_000792,TVS_00046,2026-10-06,False
WL_0011081,CUST_000792,MOV_00497,2026-03-21,False
WL_0011082,CUST_000792,MOV_00104,2026-05-09,True
WL_0011083,CUST_000792,MOV_00195,2026-10-15,False
WL_0011084,CUST_000792,MOV_00487,2026-03-20,False
WL_0011085,CUST_000792,MOV_00202,2026-05-26,False
WL_0011086,CUST_000792,MOV_00266,2026-07-09,True
WL_0011087,CUST_000792,MOV_00389,2026-08-11,False
WL_0011088,CUST_000792,TVS_00080,2026-08-05,False
WL_0011089,CUST_000792,MOV_00386,2026-10-08,False
WL_0011090,CUST_000793,MOV_00468,2024-11-11,True
WL_0011091,CUST_000793,MOV_00126,2025-12-27,True
WL_0011092,CUST_000793,MOV_00151,2025-06-04,True
WL_0011093,CUST_000793,MOV_00215,2025-05-09,False
WL_0011094,CUST_000793,MOV_00254,2026-03-22,False
WL_0011095,CUST_000793,MOV_00263,2025-02-19,True
WL_0011096,CUST_000793,MOV_00160,2024-08-07,False
WL_0011097,CUST_000793,MOV_00383,2025-07-24,False
WL_0011098,CUST_000793,MOV_00414,2024-09-05,True
WL_0011099,CUST_000793,MOV_00421,2024-05-30,True
WL_0011100,CUST_000793,MOV_00130,2025-02-09,True
WL_0011101,CUST_000793,MOV_00183,2024-10-18,False
WL_0011102,CUST_000793,TVS_00121,2024-11-01,True
WL_0011103,CUST_000793,TVS_00146,2025-12-01,True
WL_0011104,CUST_000793,MOV_00434,2024-07-06,False
WL_0011105,CUST_000793,TVS_00071,2026-02-18,False
WL_0011106,CUST_000793,MOV_00093,2025-09-26,True
WL_0011107,CUST_000793,TVS_00175,2025-06-19,False
WL_0011108,CUST_000793,TVS_00175,2024-08-09,False
WL_0011109,CUST_000794,TVS_00010,2026-03-06,False
WL_0011110,CUST_000794,TVS_00001,2024-12-20,False
WL_0011111,CUST_000794,MOV_00210,2025-05-02,False
WL_0011112,CUST_000794,TVS_00095,2024-11-26,True
WL_0011113,CUST_000794,TVS_00155,2026-03-09,False
WL_0011114,CUST_000794,TVS_00189,2025-07-11,True
WL_0011115,CUST_000794,MOV_00316,2024-12-13,False
WL_0011116,CUST_000794,MOV_00264,2024-07-18,False
WL_0011117,CUST_000794,MOV_00216,2025-10-12,False
WL_0011118,CUST_000794,MOV_00438,2024-10-21,True
WL_0011119,CUST_000794,MOV_00003,2025-06-14,True
WL_0011120,CUST_000795,MOV_00111,2026-02-05,True
WL_0011121,CUST_000795,TVS_00170,2026-01-08,False
WL_0011122,CUST_000795,TVS_00099,2025-11-11,True
WL_0011123,CUST_000795,TVS_00167,2026-03-20,True
WL_0011124,CUST_000795,MOV_00265,2026-03-14,True
WL_0011125,CUST_000796,TVS_00003,2025-03-21,False
WL_0011126,CUST_000796,TVS_00103,2026-02-28,False
WL_0011127,CUST_000796,TVS_00034,2025-01-21,False
WL_0011128,CUST_000796,MOV_00378,2025-02-15,False
WL_0011129,CUST_000796,TVS_00002,2026-04-02,True
WL_0011130,CUST_000796,TVS_00066,2025-04-14,False
WL_0011131,CUST_000796,MOV_00384,2025-06-30,False
WL_0011132,CUST_000796,TVS_00143,2025-11-10,False
WL_0011133,CUST_000796,TVS_00163,2025-12-10,False
WL_0011134,CUST_000796,MOV_00017,2025-02-16,False
WL_0011135,CUST_000796,TVS_00085,2026-03-03,True
WL_0011136,CUST_000796,MOV_00487,2025-06-14,False
WL_0011137,CUST_000796,TVS_00069,2025-08-23,False
WL_0011138,CUST_000796,MOV_00206,2026-04-07,False
WL_0011139,CUST_000796,MOV_00380,2025-11-07,False
WL_0011140,CUST_000796,MOV_00305,2026-01-22,False
WL_0011141,CUST_000796,TVS_00036,2025-05-31,True
WL_0011142,CUST_000796,TVS_00128,2025-07-12,True
WL_0011143,CUST_000797,MOV_00068,2026-02-23,True
WL_0011144,CUST_000797,MOV_00281,2025-03-30,False
WL_0011145,CUST_000797,MOV_00122,2025-03-22,True
WL_0011146,CUST_000797,MOV_00219,2025-09-10,True
WL_0011147,CUST_000797,MOV_00333,2025-10-08,True
WL_0011148,CUST_000797,MOV_00497,2024-12-10,True
WL_0011149,CUST_000797,TVS_00025,2025-07-10,True
WL_0011150,CUST_000797,MOV_00066,2024-11-26,False
WL_0011151,CUST_000797,MOV_00120,2025-11-22,True
WL_0011152,CUST_000798,MOV_00355,2026-03-14,False
WL_0011153,CUST_000798,MOV_00097,2026-01-17,True
WL_0011154,CUST_000798,MOV_00028,2026-02-04,True
WL_0011155,CUST_000798,MOV_00279,2026-02-13,True
WL_0011156,CUST_000798,MOV_00334,2026-04-10,True
WL_0011157,CUST_000798,MOV_00060,2026-02-23,False
WL_0011158,CUST_000798,MOV_00082,2026-02-26,False
WL_0011159,CUST_000798,TVS_00173,2026-03-28,True
WL_0011160,CUST_000798,TVS_00144,2025-12-11,False
WL_0011161,CUST_000798,MOV_00314,2026-03-31,True
WL_0011162,CUST_000798,TVS_00132,2026-03-29,True
WL_0011163,CUST_000798,TVS_00075,2026-02-07,True
WL_0011164,CUST_000798,TVS_00053,2026-02-03,True
WL_0011165,CUST_000798,TVS_00126,2026-02-14,True
WL_0011166,CUST_000798,MOV_00274,2025-12-16,True
WL_0011167,CUST_000798,MOV_00036,2026-02-28,False
WL_0011168,CUST_000798,MOV_00431,2026-03-19,True
WL_0011169,CUST_000798,MOV_00337,2026-01-10,False
WL_0011170,CUST_000798,TVS_00033,2026-04-03,True
WL_0011171,CUST_000798,MOV_00329,2026-03-16,True
WL_0011172,CUST_000799,MOV_00079,2025-05-30,True
WL_0011173,CUST_000799,MOV_00117,2025-04-29,False
WL_0011174,CUST_000799,MOV_00385,2026-02-22,False
WL_0011175,CUST_000799,TVS_00182,2024-12-16,False
WL_0011176,CUST_000799,TVS_00068,2024-12-31,True
WL_0011177,CUST_000799,MOV_00226,2025-12-20,True
WL_0011178,CUST_000800,TVS_00103,2025-08-16,False
WL_0011179,CUST_000800,MOV_00376,2026-03-10,True
WL_0011180,CUST_000800,MOV_00111,2026-02-10,True
WL_0011181,CUST_000800,MOV_00450,2025-05-24,False
WL_0011182,CUST_000800,MOV_00307,2025-12-25,False
WL_0011183,CUST_000800,TVS_00096,2025-05-26,False
WL_0011184,CUST_000800,TVS_00066,2025-10-08,False
WL_0011185,CUST_000800,MOV_00058,2026-02-16,False
WL_0011186,CUST_000800,MOV_00230,2025-11-06,True
WL_0011187,CUST_000800,TVS_00023,2025-08-02,False
WL_0011188,CUST_000800,MOV_00403,2026-02-09,False
WL_0011189,CUST_000800,TVS_00099,2025-10-16,True
WL_0011190,CUST_000800,TVS_00193,2025-04-10,False
WL_0011191,CUST_000800,MOV_00315,2026-03-10,True
WL_0011192,CUST_000800,TVS_00077,2025-09-17,True
WL_0011193,CUST_000800,MOV_00460,2025-12-02,True
WL_0011194,CUST_000800,TVS_00040,2025-11-05,True
WL_0011195,CUST_000801,MOV_00327,2025-07-01,True
WL_0011196,CUST_000801,MOV_00056,2025-04-02,True
WL_0011197,CUST_000801,MOV_00492,2025-01-17,False
WL_0011198,CUST_000801,MOV_00456,2024-11-13,True
WL_0011199,CUST_000801,MOV_00002,2025-11-18,True
WL_0011200,CUST_000801,TVS_00007,2025-06-15,True
WL_0011201,CUST_000801,MOV_00143,2024-09-29,True
WL_0011202,CUST_000801,MOV_00340,2024-11-06,True
WL_0011203,CUST_000802,MOV_00332,2025-06-28,False
WL_0011204,CUST_000802,TVS_00054,2026-02-11,True
WL_0011205,CUST_000802,MOV_00454,2025-06-23,True
WL_0011206,CUST_000803,TVS_00192,2025-11-05,True
WL_0011207,CUST_000803,MOV_00295,2025-11-08,False
WL_0011208,CUST_000803,MOV_00059,2026-03-29,True
WL_0011209,CUST_000803,TVS_00129,2026-01-29,False
WL_0011210,CUST_000803,MOV_00387,2025-12-17,True
WL_0011211,CUST_000803,MOV_00054,2025-09-18,True
WL_0011212,CUST_000803,MOV_00370,2026-02-26,True
WL_0011213,CUST_000803,MOV_00092,2026-01-16,True
WL_0011214,CUST_000803,MOV_00099,2026-01-30,True
WL_0011215,CUST_000803,MOV_00402,2026-01-25,False
WL_0011216,CUST_000803,MOV_00460,2026-01-31,False
WL_0011217,CUST_000803,TVS_00184,2025-12-22,False
WL_0011218,CUST_000803,MOV_00057,2026-01-01,False
WL_0011219,CUST_000803,MOV_00388,2025-11-10,False
WL_0011220,CUST_000803,TVS_00071,2026-03-23,False
WL_0011221,CUST_000803,MOV_00264,2025-12-01,False
WL_0011222,CUST_000803,TVS_00035,2026-03-02,False
WL_0011223,CUST_000803,MOV_00369,2026-03-17,True
WL_0011224,CUST_000803,MOV_00342,2025-09-13,True
WL_0011225,CUST_000803,MOV_00387,2025-10-31,True
WL_0011226,CUST_000803,MOV_00104,2025-09-18,False
WL_0011227,CUST_000804,TVS_00036,2025-11-09,True
WL_0011228,CUST_000804,MOV_00431,2025-10-16,False
WL_0011229,CUST_000804,MOV_00068,2025-10-06,True
WL_0011230,CUST_000804,MOV_00383,2025-11-13,True
WL_0011231,CUST_000804,TVS_00025,2026-03-10,True
WL_0011232,CUST_000804,MOV_00034,2026-04-05,True
WL_0011233,CUST_000804,MOV_00236,2025-12-21,True
WL_0011234,CUST_000804,TVS_00134,2026-03-17,False
WL_0011235,CUST_000804,MOV_00032,2026-02-24,False
WL_0011236,CUST_000805,MOV_00455,2025-05-29,False
WL_0011237,CUST_000805,TVS_00055,2026-03-11,True
WL_0011238,CUST_000805,MOV_00084,2025-03-27,True
WL_0011239,CUST_000805,MOV_00435,2025-03-25,True
WL_0011240,CUST_000805,MOV_00274,2026-03-31,True
WL_0011241,CUST_000805,MOV_00143,2025-10-18,True
WL_0011242,CUST_000805,MOV_00310,2025-03-22,True
WL_0011243,CUST_000805,TVS_00062,2025-03-07,False
WL_0011244,CUST_000805,MOV_00298,2025-09-11,True
WL_0011245,CUST_000805,TVS_00052,2025-04-14,False
WL_0011246,CUST_000805,MOV_00435,2026-01-08,True
WL_0011247,CUST_000805,MOV_00170,2026-03-09,False
WL_0011248,CUST_000806,MOV_00465,2026-04-11,True
WL_0011249,CUST_000806,TVS_00083,2026-04-06,False
WL_0011250,CUST_000806,MOV_00002,2026-04-05,True
WL_0011251,CUST_000806,MOV_00111,2026-04-08,True
WL_0011252,CUST_000806,MOV_00400,2026-04-07,True
WL_0011253,CUST_000806,MOV_00199,2026-04-10,True
WL_0011254,CUST_000806,TVS_00120,2026-04-10,False
WL_0011255,CUST_000806,MOV_00178,2026-04-10,False
WL_0011256,CUST_000806,TVS_00116,2026-04-11,False
WL_0011257,CUST_000806,MOV_00074,2026-04-10,True
WL_0011258,CUST_000806,MOV_00451,2026-04-07,True
WL_0011259,CUST_000806,MOV_00426,2026-04-04,False
WL_0011260,CUST_000806,MOV_00326,2026-04-05,True
WL_0011261,CUST_000806,MOV_00109,2026-04-06,True
WL_0011262,CUST_000806,MOV_00143,2026-04-05,False
WL_0011263,CUST_000806,TVS_00089,2026-04-11,True
WL_0011264,CUST_000807,MOV_00272,2026-01-04,True
WL_0011265,CUST_000807,MOV_00410,2025-07-18,False
WL_0011266,CUST_000807,TVS_00154,2024-08-09,False
WL_0011267,CUST_000807,TVS_00078,2025-12-26,False
WL_0011268,CUST_000807,MOV_00163,2024-11-25,False
WL_0011269,CUST_000807,MOV_00309,2026-02-08,True
WL_0011270,CUST_000807,MOV_00315,2025-04-22,False
WL_0011271,CUST_000808,MOV_00493,2026-02-28,True
WL_0011272,CUST_000808,MOV_00277,2026-04-07,False
WL_0011273,CUST_000808,MOV_00474,2025-11-15,False
WL_0011274,CUST_000808,MOV_00004,2026-02-16,True
WL_0011275,CUST_000808,MOV_00000,2026-01-17,False
WL_0011276,CUST_000808,TVS_00170,2025-11-20,True
WL_0011277,CUST_000808,MOV_00005,2026-04-11,True
WL_0011278,CUST_000808,MOV_00068,2025-12-11,True
WL_0011279,CUST_000808,MOV_00009,2026-01-21,True
WL_0011280,CUST_000808,MOV_00480,2026-03-20,True
WL_0011281,CUST_000808,TVS_00001,2026-03-27,True
WL_0011282,CUST_000809,MOV_00006,2026-04-10,True
WL_0011283,CUST_000809,MOV_00382,2026-03-26,True
WL_0011284,CUST_000809,MOV_00118,2025-08-07,True
WL_0011285,CUST_000809,MOV_00476,2026-02-22,True
WL_0011286,CUST_000809,TVS_00060,2026-01-25,False
WL_0011287,CUST_000809,MOV_00141,2025-12-06,True
WL_0011288,CUST_000809,TVS_00038,2025-10-18,True
WL_0011289,CUST_000809,MOV_00475,2026-01-12,True
WL_0011290,CUST_000809,MOV_00496,2026-02-06,False
WL_0011291,CUST_000809,MOV_00349,2026-03-30,False
WL_0011292,CUST_000810,TVS_00057,2026-01-11,False
WL_0011293,CUST_000810,MOV_00359,2025-06-30,False
WL_0011294,CUST_000810,MOV_00420,2025-10-15,True
WL_0011295,CUST_000810,TVS_00023,2025-07-03,False
WL_0011296,CUST_000810,MOV_00231,2025-04-18,True
WL_0011297,CUST_000810,MOV_00255,2024-12-23,True
WL_0011298,CUST_000810,TVS_00172,2025-12-18,True
WL_0011299,CUST_000810,TVS_00191,2024-12-21,False
WL_0011300,CUST_000810,MOV_00238,2025-02-06,False
WL_0011301,CUST_000810,MOV_00094,2025-08-12,True
WL_0011302,CUST_000810,MOV_00156,2025-03-01,True
WL_0011303,CUST_000810,MOV_00081,2025-02-05,True
WL_0011304,CUST_000811,MOV_00373,2025-04-04,False
WL_0011305,CUST_000811,MOV_00090,2025-06-11,False
WL_0011306,CUST_000811,TVS_00111,2025-06-07,False
WL_0011307,CUST_000811,MOV_00473,2025-09-05,True
WL_0011308,CUST_000811,MOV_00367,2025-06-14,True
WL_0011309,CUST_000811,MOV_00234,2025-06-16,False
WL_0011310,CUST_000811,MOV_00280,2026-03-30,True
WL_0011311,CUST_000811,MOV_00138,2025-12-20,False
WL_0011312,CUST_000811,MOV_00408,2026-03-28,True
WL_0011313,CUST_000811,MOV_00169,2025-09-17,True
WL_0011314,CUST_000811,MOV_00272,2026-02-09,False
WL_0011315,CUST_000811,TVS_00128,2025-07-21,False
WL_0011316,CUST_000811,MOV_00119,2025-04-24,True
WL_0011317,CUST_000811,MOV_00325,2025-08-05,False
WL_0011318,CUST_000812,MOV_00379,2025-10-27,True
WL_0011319,CUST_000812,TVS_00100,2025-11-02,True
WL_0011320,CUST_000812,TVS_00099,2026-03-08,True
WL_0011321,CUST_000812,TVS_00001,2026-03-15,True
WL_0011322,CUST_000812,MOV_00397,2026-01-10,False
WL_0011323,CUST_000812,MOV_00490,2025-07-29,True
WL_0011324,CUST_000812,MOV_00262,2025-12-11,True
WL_0011325,CUST_000812,TVS_00170,2025-06-20,True
WL_0011326,CUST_000812,MOV_00192,2025-08-03,True
WL_0011327,CUST_000812,MOV_00046,2025-10-30,False
WL_0011328,CUST_000812,MOV_00422,2026-02-17,False
WL_0011329,CUST_000812,TVS_00132,2025-12-17,True
WL_0011330,CUST_000812,MOV_00117,2026-03-26,True
WL_0011331,CUST_000812,MOV_00424,2025-07-18,True
WL_0011332,CUST_000812,MOV_00296,2026-03-06,False
WL_0011333,CUST_000812,MOV_00201,2025-07-24,True
WL_0011334,CUST_000813,MOV_00160,2025-02-12,True
WL_0011335,CUST_000813,MOV_00111,2025-02-11,True
WL_0011336,CUST_000813,TVS_00117,2026-01-07,True
WL_0011337,CUST_000813,MOV_00235,2026-01-30,False
WL_0011338,CUST_000813,MOV_00245,2025-08-29,True
WL_0011339,CUST_000813,TVS_00029,2024-09-10,False
WL_0011340,CUST_000813,MOV_00096,2026-03-21,True
WL_0011341,CUST_000813,MOV_00179,2026-03-11,False
WL_0011342,CUST_000813,TVS_00137,2024-10-19,True
WL_0011343,CUST_000813,MOV_00026,2024-08-22,False
WL_0011344,CUST_000813,MOV_00443,2024-09-08,True
WL_0011345,CUST_000813,MOV_00494,2025-11-08,False
WL_0011346,CUST_000813,MOV_00254,2025-06-25,True
WL_0011347,CUST_000813,MOV_00263,2025-01-16,True
WL_0011348,CUST_000813,MOV_00231,2026-03-02,False
WL_0011349,CUST_000813,MOV_00181,2025-07-27,True
WL_0011350,CUST_000813,MOV_00327,2024-08-10,True
WL_0011351,CUST_000813,MOV_00270,2024-12-27,True
WL_0011352,CUST_000813,TVS_00039,2025-10-06,True
WL_0011353,CUST_000813,MOV_00484,2026-04-09,True
WL_0011354,CUST_000813,MOV_00219,2025-11-05,True
WL_0011355,CUST_000813,TVS_00165,2025-02-02,False
WL_0011356,CUST_000813,TVS_00175,2026-01-31,True
WL_0011357,CUST_000814,TVS_00114,2026-03-16,False
WL_0011358,CUST_000814,TVS_00193,2026-04-04,False
WL_0011359,CUST_000814,MOV_00218,2026-03-18,True
WL_0011360,CUST_000814,MOV_00251,2026-03-01,False
WL_0011361,CUST_000814,MOV_00160,2026-03-11,False
WL_0011362,CUST_000814,MOV_00434,2026-04-07,True
WL_0011363,CUST_000814,MOV_00279,2026-04-08,False
WL_0011364,CUST_000814,MOV_00171,2026-03-09,False
WL_0011365,CUST_000814,MOV_00414,2026-03-26,False
WL_0011366,CUST_000814,MOV_00020,2026-03-26,False
WL_0011367,CUST_000814,MOV_00255,2026-03-04,True
WL_0011368,CUST_000814,MOV_00485,2026-03-18,True
WL_0011369,CUST_000814,TVS_00150,2026-04-02,False
WL_0011370,CUST_000814,MOV_00483,2026-04-02,False
WL_0011371,CUST_000814,MOV_00407,2026-03-16,False
WL_0011372,CUST_000814,MOV_00309,2026-03-14,False
WL_0011373,CUST_000815,MOV_00109,2026-01-22,False
WL_0011374,CUST_000815,MOV_00278,2026-01-19,True
WL_0011375,CUST_000815,TVS_00194,2025-07-24,False
WL_0011376,CUST_000815,MOV_00195,2026-01-09,True
WL_0011377,CUST_000815,MOV_00133,2026-02-28,True
WL_0011378,CUST_000815,MOV_00309,2025-09-30,True
WL_0011379,CUST_000816,TVS_00056,2026-04-10,True
WL_0011380,CUST_000816,TVS_00081,2026-03-30,False
WL_0011381,CUST_000816,MOV_00468,2026-03-25,False
WL_0011382,CUST_000816,MOV_00314,2026-03-20,True
WL_0011383,CUST_000816,TVS_00075,2026-03-28,True
WL_0011384,CUST_000816,MOV_00329,2026-03-10,True
WL_0011385,CUST_000816,TVS_00042,2026-03-19,True
WL_0011386,CUST_000816,MOV_00255,2026-03-22,False
WL_0011387,CUST_000816,MOV_00129,2026-03-29,False
WL_0011388,CUST_000816,TVS_00092,2026-04-02,True
WL_0011389,CUST_000816,MOV_00041,2026-03-08,False
WL_0011390,CUST_000816,MOV_00331,2026-03-30,False
WL_0011391,CUST_000816,TVS_00055,2026-03-20,True
WL_0011392,CUST_000816,MOV_00215,2026-03-25,True
WL_0011393,CUST_000816,TVS_00163,2026-03-10,True
WL_0011394,CUST_000816,MOV_00380,2026-03-16,True
WL_0011395,CUST_000816,MOV_00134,2026-03-11,True
WL_0011396,CUST_000816,MOV_00165,2026-03-31,True
WL_0011397,CUST_000816,MOV_00279,2026-04-10,False
WL_0011398,CUST_000816,MOV_00466,2026-03-19,True
WL_0011399,CUST_000816,MOV_00090,2026-03-24,False
WL_0011400,CUST_000816,MOV_00279,2026-03-07,False
WL_0011401,CUST_000816,MOV_00037,2026-04-08,False
WL_0011402,CUST_000817,MOV_00077,2026-03-05,True
WL_0011403,CUST_000817,MOV_00441,2026-03-21,True
WL_0011404,CUST_000817,TVS_00103,2026-03-19,False
WL_0011405,CUST_000817,TVS_00151,2026-04-05,True
WL_0011406,CUST_000817,TVS_00119,2026-03-19,False
WL_0011407,CUST_000817,MOV_00354,2026-03-26,False
WL_0011408,CUST_000817,TVS_00032,2026-03-12,True
WL_0011409,CUST_000817,MOV_00354,2026-03-19,False
WL_0011410,CUST_000817,TVS_00108,2026-03-29,False
WL_0011411,CUST_000818,MOV_00003,2025-09-13,False
WL_0011412,CUST_000818,MOV_00216,2025-12-18,False
WL_0011413,CUST_000818,MOV_00423,2025-10-01,False
WL_0011414,CUST_000818,MOV_00269,2025-08-13,True
WL_0011415,CUST_000818,MOV_00061,2025-08-12,True
WL_0011416,CUST_000818,MOV_00434,2025-10-05,False
WL_0011417,CUST_000818,MOV_00423,2025-11-08,True
WL_0011418,CUST_000818,MOV_00231,2025-11-27,False
WL_0011419,CUST_000818,TVS_00059,2026-03-18,False
WL_0011420,CUST_000818,MOV_00260,2026-03-07,False
WL_0011421,CUST_000818,TVS_00038,2025-09-25,True
WL_0011422,CUST_000818,TVS_00185,2025-11-11,True
WL_0011423,CUST_000818,TVS_00196,2025-12-29,True
WL_0011424,CUST_000818,MOV_00289,2026-03-30,False
WL_0011425,CUST_000818,MOV_00285,2025-09-27,True
WL_0011426,CUST_000818,MOV_00041,2026-02-16,False
WL_0011427,CUST_000818,MOV_00080,2025-09-03,True
WL_0011428,CUST_000818,MOV_00003,2025-12-24,True
WL_0011429,CUST_000818,MOV_00210,2025-08-24,False
WL_0011430,CUST_000818,MOV_00307,2026-02-04,True
WL_0011431,CUST_000818,MOV_00070,2025-12-04,True
WL_0011432,CUST_000818,MOV_00290,2025-08-30,True
WL_0011433,CUST_000819,MOV_00468,2025-11-27,False
WL_0011434,CUST_000819,MOV_00446,2025-10-03,False
WL_0011435,CUST_000819,MOV_00433,2025-09-22,True
WL_0011436,CUST_000819,MOV_00488,2025-11-02,True
WL_0011437,CUST_000819,MOV_00093,2025-10-27,True
WL_0011438,CUST_000819,MOV_00278,2025-09-03,True
WL_0011439,CUST_000819,MOV_00251,2025-09-07,False
WL_0011440,CUST_000819,MOV_00006,2025-12-04,False
WL_0011441,CUST_000819,TVS_00069,2026-03-24,False
WL_0011442,CUST_000820,MOV_00378,2026-01-02,True
WL_0011443,CUST_000820,MOV_00058,2026-01-16,False
WL_0011444,CUST_000820,MOV_00431,2026-03-10,True
WL_0011445,CUST_000820,MOV_00426,2024-07-01,False
WL_0011446,CUST_000820,MOV_00156,2024-05-17,True
WL_0011447,CUST_000820,MOV_00378,2024-04-25,False
WL_0011448,CUST_000820,MOV_00160,2024-05-05,True
WL_0011449,CUST_000820,MOV_00233,2024-06-03,True
WL_0011450,CUST_000820,MOV_00192,2024-12-30,True
WL_0011451,CUST_000820,MOV_00423,2024-06-12,True
WL_0011452,CUST_000820,MOV_00322,2025-10-07,True
WL_0011453,CUST_000820,MOV_00401,2026-02-25,True
WL_0011454,CUST_000820,MOV_00182,2025-09-19,False
WL_0011455,CUST_000820,TVS_00005,2025-11-06,True
WL_0011456,CUST_000820,MOV_00404,2024-11-07,False
WL_0011457,CUST_000820,MOV_00233,2026-04-05,True
WL_0011458,CUST_000820,MOV_00428,2025-10-02,True
WL_0011459,CUST_000820,TVS_00125,2025-04-12,True
WL_0011460,CUST_000820,MOV_00076,2025-02-05,True
WL_0011461,CUST_000820,TVS_00036,2026-04-03,True
WL_0011462,CUST_000820,TVS_00019,2026-03-23,True
WL_0011463,CUST_000820,MOV_00165,2025-10-10,True
WL_0011464,CUST_000820,MOV_00204,2024-10-11,True
WL_0011465,CUST_000820,MOV_00329,2024-09-09,True
WL_0011466,CUST_000820,MOV_00351,2024-04-27,True
WL_0011467,CUST_000821,TVS_00007,2025-12-10,False
WL_0011468,CUST_000821,MOV_00370,2025-09-01,True
WL_0011469,CUST_000821,MOV_00104,2025-11-17,True
WL_0011470,CUST_000821,MOV_00060,2025-06-06,True
WL_0011471,CUST_000821,MOV_00487,2025-12-23,True
WL_0011472,CUST_000821,MOV_00424,2026-02-06,True
WL_0011473,CUST_000821,MOV_00356,2025-06-25,True
WL_0011474,CUST_000821,MOV_00400,2025-10-21,False
WL_0011475,CUST_000821,MOV_00012,2026-01-16,True
WL_0011476,CUST_000821,MOV_00275,2025-08-24,True
WL_0011477,CUST_000821,MOV_00240,2025-09-18,True
WL_0011478,CUST_000821,MOV_00420,2025-06-29,True
WL_0011479,CUST_000822,MOV_00289,2025-07-22,True
WL_0011480,CUST_000822,MOV_00228,2024-11-14,True
WL_0011481,CUST_000822,MOV_00345,2025-12-24,True
WL_0011482,CUST_000822,MOV_00217,2025-02-22,True
WL_0011483,CUST_000822,MOV_00305,2026-02-01,True
WL_0011484,CUST_000822,TVS_00188,2024-09-23,True
WL_0011485,CUST_000822,MOV_00192,2024-08-30,True
WL_0011486,CUST_000822,MOV_00398,2024-12-08,True
WL_0011487,CUST_000822,MOV_00029,2024-06-30,True
WL_0011488,CUST_000822,TVS_00182,2025-08-30,True
WL_0011489,CUST_000822,MOV_00461,2024-09-18,True
WL_0011490,CUST_000822,MOV_00132,2025-05-05,True
WL_0011491,CUST_000822,MOV_00131,2024-09-12,True
WL_0011492,CUST_000822,TVS_00177,2026-03-31,True
WL_0011493,CUST_000822,MOV_00038,2025-12-18,True
WL_0011494,CUST_000822,MOV_00132,2025-05-10,True
WL_0011495,CUST_000822,MOV_00101,2025-12-01,True
WL_0011496,CUST_000822,MOV_00288,2025-04-09,False
WL_0011497,CUST_000822,TVS_00080,2025-07-31,True
WL_0011498,CUST_000822,MOV_00003,2024-08-02,False
WL_0011499,CUST_000822,TVS_00005,2025-07-29,True
WL_0011500,CUST_000822,TVS_00114,2024-10-20,True
WL_0011501,CUST_000823,MOV_00372,2025-04-09,True
WL_0011502,CUST_000823,TVS_00038,2024-06-30,False
WL_0011503,CUST_000823,MOV_00127,2024-11-12,True
WL_0011504,CUST_000823,TVS_00031,2025-06-28,True
WL_0011505,CUST_000823,MOV_00475,2025-11-16,False
WL_0011506,CUST_000823,TVS_00167,2024-05-11,True
WL_0011507,CUST_000823,TVS_00042,2025-04-25,False
WL_0011508,CUST_000823,MOV_00088,2024-12-31,True
WL_0011509,CUST_000823,MOV_00131,2025-07-06,True
WL_0011510,CUST_000823,MOV_00030,2024-12-21,True
WL_0011511,CUST_000823,TVS_00033,2024-08-03,True
WL_0011512,CUST_000823,TVS_00180,2025-11-25,True
WL_0011513,CUST_000823,TVS_00167,2024-10-03,True
WL_0011514,CUST_000823,MOV_00235,2024-08-17,True
WL_0011515,CUST_000823,MOV_00301,2024-08-10,True
WL_0011516,CUST_000824,MOV_00160,2024-12-08,True
WL_0011517,CUST_000824,MOV_00485,2025-02-13,True
WL_0011518,CUST_000824,MOV_00095,2024-08-19,True
WL_0011519,CUST_000824,MOV_00191,2026-03-17,False
WL_0011520,CUST_000824,TVS_00104,2025-07-25,False
WL_0011521,CUST_000824,MOV_00372,2025-09-01,True
WL_0011522,CUST_000824,MOV_00488,2024-12-31,False
WL_0011523,CUST_000824,MOV_00298,2025-05-29,True
WL_0011524,CUST_000824,MOV_00274,2025-06-14,True
WL_0011525,CUST_000824,MOV_00255,2025-12-26,True
WL_0011526,CUST_000824,MOV_00033,2025-10-23,False
WL_0011527,CUST_000825,TVS_00052,2026-03-27,False
WL_0011528,CUST_000825,TVS_00069,2026-03-19,True
WL_0011529,CUST_000825,MOV_00322,2026-03-25,False
WL_0011530,CUST_000825,MOV_00348,2025-08-03,True
WL_0011531,CUST_000825,TVS_00079,2025-11-06,False
WL_0011532,CUST_000825,MOV_00139,2025-12-15,True
WL_0011533,CUST_000825,MOV_00283,2025-12-31,True
WL_0011534,CUST_000825,MOV_00162,2025-10-14,True
WL_0011535,CUST_000825,MOV_00260,2026-03-13,True
WL_0011536,CUST_000825,TVS_00019,2025-10-14,False
WL_0011537,CUST_000825,MOV_00211,2025-08-09,True
WL_0011538,CUST_000825,MOV_00283,2025-07-07,True
WL_0011539,CUST_000825,MOV_00468,2026-01-01,False
WL_0011540,CUST_000826,MOV_00005,2025-11-04,False
WL_0011541,CUST_000826,MOV_00167,2026-02-05,False
WL_0011542,CUST_000826,MOV_00034,2025-11-02,False
WL_0011543,CUST_000826,MOV_00122,2026-03-14,True
WL_0011544,CUST_000826,MOV_00197,2025-07-18,True
WL_0011545,CUST_000826,TVS_00028,2026-02-12,True
WL_0011546,CUST_000826,MOV_00181,2025-10-10,True
WL_0011547,CUST_000826,MOV_00221,2026-04-07,False
WL_0011548,CUST_000826,MOV_00027,2025-05-21,True
WL_0011549,CUST_000826,MOV_00179,2026-01-03,True
WL_0011550,CUST_000826,MOV_00070,2025-05-10,False
WL_0011551,CUST_000826,MOV_00299,2026-04-08,True
WL_0011552,CUST_000826,MOV_00199,2025-11-25,True
WL_0011553,CUST_000826,TVS_00197,2025-09-29,False
WL_0011554,CUST_000826,MOV_00408,2026-04-11,True
WL_0011555,CUST_000826,TVS_00165,2025-07-18,True
WL_0011556,CUST_000826,MOV_00472,2026-03-11,True
WL_0011557,CUST_000826,TVS_00166,2025-12-24,True
WL_0011558,CUST_000827,MOV_00415,2025-07-11,False
WL_0011559,CUST_000827,MOV_00364,2026-01-01,True
WL_0011560,CUST_000827,TVS_00178,2025-04-22,False
WL_0011561,CUST_000827,MOV_00165,2026-01-01,False
WL_0011562,CUST_000827,TVS_00089,2025-03-05,True
WL_0011563,CUST_000827,MOV_00220,2025-10-25,True
WL_0011564,CUST_000827,MOV_00135,2025-07-27,False
WL_0011565,CUST_000827,MOV_00303,2026-03-22,True
WL_0011566,CUST_000827,MOV_00339,2025-12-05,False
WL_0011567,CUST_000827,MOV_00412,2025-03-04,True
WL_0011568,CUST_000827,MOV_00098,2026-01-23,True
WL_0011569,CUST_000827,MOV_00265,2025-06-21,True
WL_0011570,CUST_000827,MOV_00323,2025-10-25,True
WL_0011571,CUST_000827,MOV_00406,2025-08-24,True
WL_0011572,CUST_000827,MOV_00288,2025-04-06,True
WL_0011573,CUST_000828,MOV_00039,2026-02-21,False
WL_0011574,CUST_000828,MOV_00468,2026-03-13,True
WL_0011575,CUST_000828,MOV_00109,2026-01-30,False
WL_0011576,CUST_000828,MOV_00307,2026-02-27,True
WL_0011577,CUST_000828,MOV_00212,2026-01-23,False
WL_0011578,CUST_000828,MOV_00251,2025-12-09,False
WL_0011579,CUST_000828,MOV_00300,2026-02-19,True
WL_0011580,CUST_000828,MOV_00432,2025-12-21,True
WL_0011581,CUST_000828,MOV_00483,2026-01-13,True
WL_0011582,CUST_000828,MOV_00170,2026-02-28,False
WL_0011583,CUST_000828,MOV_00293,2026-01-15,True
WL_0011584,CUST_000828,TVS_00175,2026-02-07,True
WL_0011585,CUST_000828,MOV_00491,2025-12-31,True
WL_0011586,CUST_000828,MOV_00251,2026-03-14,True
WL_0011587,CUST_000828,MOV_00494,2026-03-14,False
WL_0011588,CUST_000829,MOV_00448,2026-04-03,True
WL_0011589,CUST_000829,MOV_00027,2026-04-02,False
WL_0011590,CUST_000829,TVS_00173,2026-03-28,False
WL_0011591,CUST_000829,TVS_00160,2026-03-25,False
WL_0011592,CUST_000829,MOV_00295,2026-03-26,False
WL_0011593,CUST_000829,MOV_00035,2026-04-03,False
WL_0011594,CUST_000829,TVS_00158,2026-03-30,True
WL_0011595,CUST_000829,MOV_00450,2026-04-06,False
WL_0011596,CUST_000829,MOV_00423,2026-03-22,False
WL_0011597,CUST_000829,MOV_00262,2026-04-08,False
WL_0011598,CUST_000829,TVS_00073,2026-04-09,True
WL_0011599,CUST_000829,MOV_00137,2026-04-04,False
WL_0011600,CUST_000829,TVS_00194,2026-04-03,False
WL_0011601,CUST_000829,MOV_00195,2026-03-27,True
WL_0011602,CUST_000829,MOV_00168,2026-04-02,True
WL_0011603,CUST_000829,MOV_00269,2026-03-26,False
WL_0011604,CUST_000829,TVS_00171,2026-04-10,True
WL_0011605,CUST_000829,MOV_00381,2026-04-05,True
WL_0011606,CUST_000829,MOV_00482,2026-03-23,True
WL_0011607,CUST_000829,MOV_00035,2026-04-11,False
WL_0011608,CUST_000830,MOV_00006,2026-02-16,True
WL_0011609,CUST_000830,TVS_00167,2026-02-09,False
WL_0011610,CUST_000830,MOV_00246,2026-02-13,True
WL_0011611,CUST_000830,MOV_00258,2026-03-13,True
WL_0011612,CUST_000830,MOV_00074,2026-04-03,True
WL_0011613,CUST_000830,MOV_00433,2026-03-17,False
WL_0011614,CUST_000830,TVS_00154,2026-02-26,True
WL_0011615,CUST_000830,MOV_00410,2026-02-10,False
WL_0011616,CUST_000830,TVS_00019,2026-02-27,False
WL_0011617,CUST_000831,MOV_00091,2024-09-05,True
WL_0011618,CUST_000831,MOV_00330,2024-07-18,False
WL_0011619,CUST_000831,MOV_00483,2024-12-14,True
WL_0011620,CUST_000831,MOV_00228,2024-10-02,False
WL_0011621,CUST_000831,MOV_00429,2025-01-10,False
WL_0011622,CUST_000831,TVS_00061,2024-11-29,False
WL_0011623,CUST_000831,MOV_00198,2024-06-21,True
WL_0011624,CUST_000831,MOV_00425,2024-10-19,False
WL_0011625,CUST_000831,MOV_00016,2025-01-15,False
WL_0011626,CUST_000831,MOV_00330,2024-11-09,False
WL_0011627,CUST_000831,TVS_00126,2025-01-14,False
WL_0011628,CUST_000831,MOV_00181,2024-11-06,False
WL_0011629,CUST_000831,MOV_00494,2024-09-20,False
WL_0011630,CUST_000831,MOV_00264,2025-01-16,False
WL_0011631,CUST_000831,MOV_00211,2024-07-28,True
WL_0011632,CUST_000831,MOV_00003,2025-01-22,True
WL_0011633,CUST_000831,TVS_00101,2024-08-15,False
WL_0011634,CUST_000832,MOV_00464,2026-04-05,True
WL_0011635,CUST_000832,MOV_00046,2026-03-17,True
WL_0011636,CUST_000832,MOV_00025,2026-04-06,True
WL_0011637,CUST_000832,MOV_00409,2026-03-31,True
WL_0011638,CUST_000832,MOV_00139,2026-02-24,False
WL_0011639,CUST_000832,MOV_00010,2026-03-06,True
WL_0011640,CUST_000832,TVS_00010,2026-02-27,False
WL_0011641,CUST_000832,MOV_00088,2026-02-15,False
WL_0011642,CUST_000832,MOV_00146,2026-03-07,True
WL_0011643,CUST_000832,MOV_00036,2026-02-27,True
WL_0011644,CUST_000833,MOV_00360,2026-03-09,False
WL_0011645,CUST_000833,TVS_00112,2024-10-22,True
WL_0011646,CUST_000833,MOV_00393,2026-03-03,True
WL_0011647,CUST_000833,MOV_00401,2026-02-18,True
WL_0011648,CUST_000833,MOV_00196,2025-03-26,True
WL_0011649,CUST_000833,MOV_00407,2026-03-27,True
WL_0011650,CUST_000833,TVS_00188,2024-09-10,True
WL_0011651,CUST_000833,MOV_00107,2026-02-01,False
WL_0011652,CUST_000834,TVS_00115,2026-06-28,False
WL_0011653,CUST_000834,MOV_00415,2026-08-11,True
WL_0011654,CUST_000834,MOV_00323,2026-03-28,False
WL_0011655,CUST_000834,MOV_00399,2026-10-07,True
WL_0011656,CUST_000834,MOV_00013,2026-05-27,False
WL_0011657,CUST_000834,MOV_00372,2026-05-01,True
WL_0011658,CUST_000834,MOV_00416,2026-08-24,True
WL_0011659,CUST_000834,TVS_00020,2026-07-23,True
WL_0011660,CUST_000834,MOV_00406,2026-10-27,True
WL_0011661,CUST_000834,MOV_00497,2026-06-15,True
WL_0011662,CUST_000834,TVS_00000,2026-06-13,False
WL_0011663,CUST_000834,MOV_00419,2026-06-07,False
WL_0011664,CUST_000834,MOV_00000,2026-09-16,True
WL_0011665,CUST_000834,MOV_00099,2026-04-26,True
WL_0011666,CUST_000834,MOV_00416,2026-06-16,True
WL_0011667,CUST_000834,MOV_00119,2026-10-16,True
WL_0011668,CUST_000834,MOV_00092,2026-06-28,True
WL_0011669,CUST_000834,MOV_00407,2026-07-10,False
WL_0011670,CUST_000834,TVS_00074,2026-04-17,True
WL_0011671,CUST_000834,MOV_00447,2026-10-05,False
WL_0011672,CUST_000835,MOV_00294,2026-01-07,True
WL_0011673,CUST_000835,MOV_00152,2025-11-03,True
WL_0011674,CUST_000835,MOV_00171,2025-11-07,False
WL_0011675,CUST_000835,MOV_00182,2025-10-12,True
WL_0011676,CUST_000835,MOV_00080,2026-01-01,False
WL_0011677,CUST_000835,MOV_00010,2026-03-05,False
WL_0011678,CUST_000835,MOV_00460,2026-02-23,True
WL_0011679,CUST_000836,MOV_00284,2024-07-07,False
WL_0011680,CUST_000836,MOV_00486,2024-10-06,True
WL_0011681,CUST_000836,TVS_00162,2025-03-11,False
WL_0011682,CUST_000836,MOV_00488,2026-01-10,True
WL_0011683,CUST_000836,TVS_00072,2025-11-18,True
WL_0011684,CUST_000836,TVS_00020,2025-07-14,True
WL_0011685,CUST_000836,MOV_00299,2025-03-03,False
WL_0011686,CUST_000836,MOV_00019,2025-01-12,True
WL_0011687,CUST_000836,MOV_00483,2024-11-07,False
WL_0011688,CUST_000836,MOV_00054,2025-03-24,True
WL_0011689,CUST_000836,MOV_00215,2025-11-10,False
WL_0011690,CUST_000836,MOV_00267,2024-06-25,True
WL_0011691,CUST_000836,TVS_00174,2025-11-03,True
WL_0011692,CUST_000836,MOV_00082,2025-12-13,False
WL_0011693,CUST_000836,TVS_00183,2026-02-13,True
WL_0011694,CUST_000836,TVS_00037,2026-02-09,True
WL_0011695,CUST_000837,TVS_00149,2024-12-11,True
WL_0011696,CUST_000837,MOV_00002,2025-02-23,True
WL_0011697,CUST_000837,MOV_00003,2025-03-08,False
WL_0011698,CUST_000837,TVS_00046,2025-10-31,True
WL_0011699,CUST_000837,MOV_00357,2024-07-27,False
WL_0011700,CUST_000837,TVS_00128,2025-11-20,False
WL_0011701,CUST_000837,MOV_00198,2026-01-15,False
WL_0011702,CUST_000837,MOV_00283,2025-04-04,True
WL_0011703,CUST_000837,MOV_00399,2025-10-08,False
WL_0011704,CUST_000837,MOV_00004,2025-12-12,False
WL_0011705,CUST_000837,TVS_00140,2024-06-22,True
WL_0011706,CUST_000837,MOV_00051,2026-01-07,True
WL_0011707,CUST_000837,MOV_00002,2025-07-31,True
WL_0011708,CUST_000838,TVS_00174,2026-02-28,True
WL_0011709,CUST_000838,MOV_00369,2026-02-05,False
WL_0011710,CUST_000838,MOV_00445,2026-03-21,True
WL_0011711,CUST_000838,TVS_00111,2026-02-27,True
WL_0011712,CUST_000838,MOV_00149,2026-01-20,True
WL_0011713,CUST_000838,MOV_00398,2026-02-21,True
WL_0011714,CUST_000839,TVS_00040,2026-04-04,False
WL_0011715,CUST_000839,TVS_00109,2025-09-14,False
WL_0011716,CUST_000839,MOV_00152,2026-02-03,True
WL_0011717,CUST_000839,MOV_00345,2025-11-06,False
WL_0011718,CUST_000839,MOV_00428,2025-06-06,True
WL_0011719,CUST_000839,TVS_00169,2025-12-17,True
WL_0011720,CUST_000840,TVS_00087,2026-01-13,True
WL_0011721,CUST_000840,MOV_00181,2026-03-22,True
WL_0011722,CUST_000840,MOV_00177,2025-09-17,True
WL_0011723,CUST_000840,MOV_00126,2026-02-25,True
WL_0011724,CUST_000840,MOV_00056,2026-02-18,False
WL_0011725,CUST_000840,MOV_00137,2025-07-03,True
WL_0011726,CUST_000840,MOV_00485,2026-01-18,False
WL_0011727,CUST_000840,MOV_00253,2025-12-15,False
WL_0011728,CUST_000840,MOV_00401,2025-05-10,False
WL_0011729,CUST_000840,MOV_00449,2025-10-29,True
WL_0011730,CUST_000840,TVS_00160,2025-10-03,True
WL_0011731,CUST_000840,MOV_00031,2026-01-18,False
WL_0011732,CUST_000840,MOV_00031,2025-08-03,False
WL_0011733,CUST_000840,TVS_00015,2025-09-13,True
WL_0011734,CUST_000840,TVS_00112,2026-02-08,False
WL_0011735,CUST_000840,TVS_00184,2025-08-23,False
WL_0011736,CUST_000840,TVS_00087,2025-07-26,False
WL_0011737,CUST_000840,MOV_00304,2026-04-14,True
WL_0011738,CUST_000840,MOV_00474,2026-02-03,True
WL_0011739,CUST_000840,MOV_00485,2026-02-09,True
WL_0011740,CUST_000841,MOV_00079,2026-03-25,True
WL_0011741,CUST_000841,TVS_00016,2026-03-21,True
WL_0011742,CUST_000841,TVS_00131,2026-03-17,True
WL_0011743,CUST_000841,MOV_00181,2026-03-11,False
WL_0011744,CUST_000841,MOV_00184,2026-02-22,True
WL_0011745,CUST_000841,MOV_00223,2026-03-13,True
WL_0011746,CUST_000842,MOV_00198,2025-06-09,False
WL_0011747,CUST_000842,TVS_00098,2026-04-03,True
WL_0011748,CUST_000842,TVS_00131,2026-03-16,False
WL_0011749,CUST_000843,MOV_00044,2026-04-10,True
WL_0011750,CUST_000843,MOV_00034,2026-02-12,True
WL_0011751,CUST_000843,MOV_00231,2026-03-25,False
WL_0011752,CUST_000843,TVS_00110,2026-01-24,False
WL_0011753,CUST_000843,MOV_00030,2026-03-31,True
WL_0011754,CUST_000843,MOV_00285,2026-03-07,False
WL_0011755,CUST_000843,MOV_00074,2026-01-21,True
WL_0011756,CUST_000843,MOV_00392,2026-03-21,False
WL_0011757,CUST_000843,MOV_00163,2026-03-24,False
WL_0011758,CUST_000843,MOV_00482,2026-03-11,True
WL_0011759,CUST_000843,MOV_00440,2026-02-01,True
WL_0011760,CUST_000843,MOV_00017,2026-01-24,True
WL_0011761,CUST_000843,MOV_00061,2026-01-20,True
WL_0011762,CUST_000843,MOV_00365,2026-02-25,False
WL_0011763,CUST_000843,TVS_00094,2026-02-24,False
WL_0011764,CUST_000843,TVS_00130,2026-03-07,False
WL_0011765,CUST_000843,MOV_00445,2026-02-26,True
WL_0011766,CUST_000843,MOV_00044,2026-01-26,True
WL_0011767,CUST_000843,MOV_00043,2026-02-18,True
WL_0011768,CUST_000843,MOV_00164,2026-04-09,False
WL_0011769,CUST_000843,TVS_00187,2026-04-05,True
WL_0011770,CUST_000843,MOV_00162,2026-04-10,True
WL_0011771,CUST_000843,MOV_00486,2026-02-26,False
WL_0011772,CUST_000843,MOV_00153,2026-01-22,True
WL_0011773,CUST_000843,TVS_00000,2026-03-11,True
WL_0011774,CUST_000844,TVS_00022,2025-03-27,False
WL_0011775,CUST_000844,MOV_00411,2025-12-24,True
WL_0011776,CUST_000844,MOV_00056,2026-01-18,True
WL_0011777,CUST_000844,MOV_00325,2026-02-25,False
WL_0011778,CUST_000844,TVS_00032,2026-03-01,False
WL_0011779,CUST_000844,MOV_00004,2025-06-02,False
WL_0011780,CUST_000844,TVS_00035,2025-05-15,True
WL_0011781,CUST_000844,MOV_00126,2025-04-08,False
WL_0011782,CUST_000844,TVS_00069,2026-04-02,False
WL_0011783,CUST_000844,MOV_00267,2025-03-11,True
WL_0011784,CUST_000844,TVS_00079,2025-07-20,True
WL_0011785,CUST_000844,MOV_00001,2025-04-17,True
WL_0011786,CUST_000844,MOV_00244,2026-02-11,True
WL_0011787,CUST_000845,TVS_00023,2025-07-14,True
WL_0011788,CUST_000845,MOV_00205,2025-08-15,True
WL_0011789,CUST_000845,TVS_00167,2026-01-28,True
WL_0011790,CUST_000845,MOV_00295,2024-12-17,False
WL_0011791,CUST_000846,MOV_00412,2025-05-25,True
WL_0011792,CUST_000846,TVS_00085,2025-09-05,True
WL_0011793,CUST_000846,MOV_00318,2025-12-07,False
WL_0011794,CUST_000846,MOV_00090,2025-01-26,False
WL_0011795,CUST_000846,MOV_00077,2025-12-24,False
WL_0011796,CUST_000846,MOV_00348,2025-01-08,True
WL_0011797,CUST_000846,MOV_00362,2025-07-23,False
WL_0011798,CUST_000846,TVS_00057,2025-01-06,True
WL_0011799,CUST_000846,MOV_00285,2025-07-26,False
WL_0011800,CUST_000846,MOV_00124,2025-08-31,False
WL_0011801,CUST_000846,MOV_00490,2025-05-17,True
WL_0011802,CUST_000846,MOV_00367,2026-03-13,True
WL_0011803,CUST_000846,MOV_00294,2025-04-05,True
WL_0011804,CUST_000846,MOV_00460,2026-04-08,False
WL_0011805,CUST_000846,MOV_00127,2025-06-20,True
WL_0011806,CUST_000846,MOV_00246,2025-10-29,False
WL_0011807,CUST_000846,TVS_00119,2025-01-10,True
WL_0011808,CUST_000846,MOV_00278,2025-03-12,True
WL_0011809,CUST_000846,MOV_00297,2026-03-23,True
WL_0011810,CUST_000846,TVS_00055,2025-01-11,True
WL_0011811,CUST_000847,MOV_00239,2026-02-06,True
WL_0011812,CUST_000847,MOV_00456,2026-01-19,True
WL_0011813,CUST_000847,MOV_00048,2025-12-01,False
WL_0011814,CUST_000847,MOV_00214,2026-02-01,False
WL_0011815,CUST_000847,TVS_00151,2025-12-15,True
WL_0011816,CUST_000847,MOV_00170,2026-02-15,False
WL_0011817,CUST_000847,MOV_00442,2025-12-29,True
WL_0011818,CUST_000847,MOV_00254,2026-02-09,False
WL_0011819,CUST_000847,MOV_00297,2026-01-23,True
WL_0011820,CUST_000847,MOV_00209,2026-01-10,False
WL_0011821,CUST_000847,MOV_00079,2026-03-13,True
WL_0011822,CUST_000847,MOV_00275,2026-02-19,False
WL_0011823,CUST_000847,MOV_00319,2026-01-12,True
WL_0011824,CUST_000847,MOV_00296,2026-03-10,True
WL_0011825,CUST_000847,MOV_00372,2026-03-28,False
WL_0011826,CUST_000847,TVS_00029,2025-12-24,False
WL_0011827,CUST_000847,MOV_00224,2026-04-10,True
WL_0011828,CUST_000847,MOV_00361,2026-03-22,True
WL_0011829,CUST_000848,MOV_00152,2025-02-01,True
WL_0011830,CUST_000848,MOV_00140,2026-04-10,False
WL_0011831,CUST_000848,MOV_00046,2025-06-11,False
WL_0011832,CUST_000848,MOV_00470,2025-12-03,True
WL_0011833,CUST_000848,TVS_00079,2025-05-22,True
WL_0011834,CUST_000848,MOV_00014,2025-10-19,False
WL_0011835,CUST_000848,MOV_00008,2025-11-29,True
WL_0011836,CUST_000848,MOV_00408,2025-01-21,True
WL_0011837,CUST_000848,MOV_00059,2025-01-25,True
WL_0011838,CUST_000848,MOV_00378,2026-01-07,True
WL_0011839,CUST_000848,MOV_00122,2025-11-25,True
WL_0011840,CUST_000848,MOV_00348,2025-03-30,False
WL_0011841,CUST_000848,TVS_00186,2025-09-07,True
WL_0011842,CUST_000848,MOV_00041,2025-01-13,False
WL_0011843,CUST_000848,MOV_00351,2025-03-22,True
WL_0011844,CUST_000848,TVS_00036,2025-01-24,True
WL_0011845,CUST_000848,TVS_00175,2025-08-03,True
WL_0011846,CUST_000848,MOV_00268,2025-01-07,True
WL_0011847,CUST_000848,MOV_00434,2025-07-27,False
WL_0011848,CUST_000848,TVS_00105,2025-01-23,False
WL_0011849,CUST_000848,MOV_00189,2026-04-10,False
WL_0011850,CUST_000848,MOV_00292,2025-04-05,False
WL_0011851,CUST_000848,MOV_00445,2025-01-26,True
WL_0011852,CUST_000848,MOV_00427,2025-09-24,False
WL_0011853,CUST_000848,MOV_00254,2025-05-26,False
WL_0011854,CUST_000849,MOV_00355,2026-04-02,False
WL_0011855,CUST_000849,MOV_00010,2026-01-11,True
WL_0011856,CUST_000849,TVS_00066,2026-02-07,True
WL_0011857,CUST_000850,MOV_00326,2026-02-19,True
WL_0011858,CUST_000850,TVS_00063,2026-03-31,True
WL_0011859,CUST_000850,TVS_00111,2026-04-02,True
WL_0011860,CUST_000850,MOV_00350,2026-03-21,False
WL_0011861,CUST_000850,MOV_00337,2026-02-10,False
WL_0011862,CUST_000850,MOV_00163,2026-02-10,True
WL_0011863,CUST_000850,TVS_00063,2026-03-18,False
WL_0011864,CUST_000850,MOV_00089,2026-04-03,True
WL_0011865,CUST_000850,MOV_00340,2026-04-07,True
WL_0011866,CUST_000850,MOV_00224,2025-11-29,False
WL_0011867,CUST_000851,MOV_00066,2026-01-23,True
WL_0011868,CUST_000851,TVS_00143,2025-11-20,True
WL_0011869,CUST_000851,MOV_00191,2025-11-25,True
WL_0011870,CUST_000851,MOV_00142,2025-09-12,True
WL_0011871,CUST_000851,TVS_00043,2025-08-27,True
WL_0011872,CUST_000851,MOV_00491,2025-11-15,True
WL_0011873,CUST_000851,TVS_00069,2026-02-11,False
WL_0011874,CUST_000851,MOV_00462,2026-02-21,True
WL_0011875,CUST_000851,MOV_00456,2025-11-20,True
WL_0011876,CUST_000851,TVS_00142,2025-08-30,True
WL_0011877,CUST_000851,MOV_00367,2026-02-01,False
WL_0011878,CUST_000851,MOV_00120,2026-01-29,True
WL_0011879,CUST_000851,MOV_00291,2026-03-14,True
WL_0011880,CUST_000851,TVS_00020,2025-09-28,True
WL_0011881,CUST_000851,TVS_00192,2026-01-27,True
WL_0011882,CUST_000851,MOV_00095,2025-12-12,True
WL_0011883,CUST_000852,TVS_00138,2025-10-30,False
WL_0011884,CUST_000852,MOV_00442,2025-07-26,False
WL_0011885,CUST_000852,MOV_00175,2025-09-29,True
WL_0011886,CUST_000852,MOV_00297,2025-10-10,True
WL_0011887,CUST_000852,TVS_00102,2024-12-19,False
WL_0011888,CUST_000852,TVS_00026,2025-10-04,True
WL_0011889,CUST_000853,MOV_00305,2024-10-05,False
WL_0011890,CUST_000853,MOV_00255,2024-08-31,False
WL_0011891,CUST_000853,TVS_00185,2024-10-20,True
WL_0011892,CUST_000853,MOV_00097,2025-09-23,True
WL_0011893,CUST_000853,MOV_00003,2024-11-14,False
WL_0011894,CUST_000854,MOV_00408,2025-07-26,True
WL_0011895,CUST_000854,TVS_00110,2025-03-24,True
WL_0011896,CUST_000854,TVS_00123,2025-03-14,True
WL_0011897,CUST_000854,MOV_00438,2025-09-14,True
WL_0011898,CUST_000854,MOV_00402,2026-03-09,True
WL_0011899,CUST_000854,MOV_00284,2025-09-22,False
WL_0011900,CUST_000854,TVS_00109,2025-12-17,True
WL_0011901,CUST_000854,TVS_00118,2025-06-01,True
WL_0011902,CUST_000855,MOV_00029,2025-06-15,True
WL_0011903,CUST_000855,MOV_00020,2024-09-27,False
WL_0011904,CUST_000855,MOV_00235,2025-07-16,True
WL_0011905,CUST_000855,TVS_00143,2025-04-10,True
WL_0011906,CUST_000855,MOV_00138,2026-01-15,True
WL_0011907,CUST_000855,TVS_00166,2025-10-10,True
WL_0011908,CUST_000855,TVS_00093,2025-10-29,True
WL_0011909,CUST_000855,TVS_00010,2026-02-15,True
WL_0011910,CUST_000855,TVS_00170,2025-04-05,True
WL_0011911,CUST_000856,TVS_00142,2025-06-08,True
WL_0011912,CUST_000856,TVS_00140,2025-12-12,True
WL_0011913,CUST_000856,MOV_00299,2025-03-03,False
WL_0011914,CUST_000856,MOV_00080,2026-03-11,False
WL_0011915,CUST_000856,MOV_00097,2026-02-04,True
WL_0011916,CUST_000856,MOV_00294,2026-02-12,True
WL_0011917,CUST_000856,MOV_00229,2025-03-04,False
WL_0011918,CUST_000856,MOV_00130,2025-10-02,True
WL_0011919,CUST_000856,MOV_00183,2025-12-28,False
WL_0011920,CUST_000856,MOV_00146,2025-11-19,False
WL_0011921,CUST_000856,MOV_00318,2026-03-12,False
WL_0011922,CUST_000856,MOV_00137,2025-09-21,True
WL_0011923,CUST_000856,MOV_00330,2025-06-27,False
WL_0011924,CUST_000856,MOV_00305,2025-11-01,True
WL_0011925,CUST_000856,MOV_00249,2025-08-07,True
WL_0011926,CUST_000857,TVS_00018,2026-03-15,True
WL_0011927,CUST_000857,MOV_00070,2026-03-27,False
WL_0011928,CUST_000857,TVS_00022,2026-01-30,False
WL_0011929,CUST_000857,MOV_00243,2026-04-09,True
WL_0011930,CUST_000857,MOV_00206,2026-03-16,False
WL_0011931,CUST_000857,MOV_00127,2026-02-15,False
WL_0011932,CUST_000857,MOV_00436,2026-02-15,True
WL_0011933,CUST_000857,MOV_00400,2026-04-05,False
WL_0011934,CUST_000857,MOV_00381,2026-02-16,True
WL_0011935,CUST_000857,MOV_00109,2026-01-31,True
WL_0011936,CUST_000858,MOV_00198,2025-06-20,True
WL_0011937,CUST_000858,MOV_00131,2025-09-03,True
WL_0011938,CUST_000858,TVS_00044,2025-11-25,True
WL_0011939,CUST_000858,MOV_00167,2025-04-14,True
WL_0011940,CUST_000858,TVS_00055,2025-03-30,True
WL_0011941,CUST_000858,MOV_00471,2026-03-11,False
WL_0011942,CUST_000858,TVS_00117,2025-11-29,True
WL_0011943,CUST_000858,TVS_00019,2025-11-05,False
WL_0011944,CUST_000858,TVS_00037,2025-04-07,True
WL_0011945,CUST_000858,MOV_00330,2025-05-22,False
WL_0011946,CUST_000858,MOV_00475,2025-12-06,True
WL_0011947,CUST_000858,MOV_00228,2026-02-16,True
WL_0011948,CUST_000858,MOV_00067,2025-08-20,False
WL_0011949,CUST_000858,MOV_00118,2025-06-29,True
WL_0011950,CUST_000858,MOV_00127,2025-04-03,False
WL_0011951,CUST_000858,TVS_00046,2026-03-11,False
WL_0011952,CUST_000858,MOV_00055,2025-10-07,True
WL_0011953,CUST_000858,MOV_00185,2025-04-21,False
WL_0011954,CUST_000858,TVS_00006,2025-09-28,True
WL_0011955,CUST_000858,MOV_00462,2025-07-06,False
WL_0011956,CUST_000859,TVS_00151,2024-11-28,True
WL_0011957,CUST_000859,TVS_00070,2025-10-16,True
WL_0011958,CUST_000859,MOV_00252,2025-08-10,False
WL_0011959,CUST_000859,MOV_00292,2025-10-15,True
WL_0011960,CUST_000859,TVS_00021,2024-05-26,False
WL_0011961,CUST_000859,MOV_00255,2024-11-02,True
WL_0011962,CUST_000859,TVS_00134,2024-08-12,False
WL_0011963,CUST_000859,TVS_00196,2025-12-11,True
WL_0011964,CUST_000859,MOV_00105,2025-05-06,False
WL_0011965,CUST_000859,TVS_00083,2025-10-14,True
WL_0011966,CUST_000860,TVS_00116,2025-08-29,True
WL_0011967,CUST_000860,MOV_00084,2026-01-20,True
WL_0011968,CUST_000860,TVS_00149,2026-01-21,True
WL_0011969,CUST_000860,TVS_00190,2025-10-29,True
WL_0011970,CUST_000860,MOV_00070,2025-07-30,True
WL_0011971,CUST_000860,MOV_00342,2025-10-16,True
WL_0011972,CUST_000860,MOV_00315,2026-01-26,False
WL_0011973,CUST_000860,MOV_00357,2025-10-28,False
WL_0011974,CUST_000860,MOV_00469,2025-09-26,False
WL_0011975,CUST_000860,MOV_00135,2026-01-31,True
WL_0011976,CUST_000860,TVS_00141,2025-12-22,False
WL_0011977,CUST_000860,TVS_00035,2026-03-13,False
WL_0011978,CUST_000860,TVS_00089,2025-09-14,False
WL_0011979,CUST_000861,MOV_00104,2025-11-22,False
WL_0011980,CUST_000861,MOV_00050,2025-10-23,True
WL_0011981,CUST_000861,MOV_00399,2025-08-28,True
WL_0011982,CUST_000861,MOV_00386,2026-01-14,True
WL_0011983,CUST_000862,MOV_00294,2025-08-04,True
WL_0011984,CUST_000862,TVS_00050,2025-10-27,True
WL_0011985,CUST_000862,MOV_00031,2025-05-18,True
WL_0011986,CUST_000862,TVS_00052,2025-08-05,True
WL_0011987,CUST_000862,MOV_00371,2026-03-20,True
WL_0011988,CUST_000862,MOV_00457,2025-06-09,True
WL_0011989,CUST_000862,MOV_00146,2026-01-28,True
WL_0011990,CUST_000862,MOV_00007,2025-08-11,False
WL_0011991,CUST_000862,MOV_00183,2026-01-14,True
WL_0011992,CUST_000862,TVS_00108,2025-01-26,True
WL_0011993,CUST_000863,MOV_00026,2025-02-13,False
WL_0011994,CUST_000863,MOV_00112,2025-09-23,True
WL_0011995,CUST_000863,TVS_00012,2025-03-03,True
WL_0011996,CUST_000863,TVS_00039,2025-02-08,True
WL_0011997,CUST_000863,TVS_00150,2025-11-08,True
WL_0011998,CUST_000863,MOV_00490,2025-05-20,True
WL_0011999,CUST_000863,MOV_00346,2025-03-23,False
WL_0012000,CUST_000863,MOV_00352,2025-10-06,True
WL_0012001,CUST_000863,MOV_00381,2025-08-17,True
WL_0012002,CUST_000863,TVS_00158,2025-06-22,True
WL_0012003,CUST_000863,MOV_00246,2025-01-01,True
WL_0012004,CUST_000863,MOV_00188,2025-12-11,True
WL_0012005,CUST_000863,TVS_00138,2025-06-20,True
WL_0012006,CUST_000863,MOV_00422,2025-02-28,False
WL_0012007,CUST_000864,MOV_00278,2026-03-01,False
WL_0012008,CUST_000864,TVS_00153,2026-03-02,True
WL_0012009,CUST_000864,MOV_00364,2025-04-27,True
WL_0012010,CUST_000864,MOV_00017,2026-04-10,False
WL_0012011,CUST_000864,MOV_00036,2026-03-12,True
WL_0012012,CUST_000864,TVS_00127,2025-05-14,True
WL_0012013,CUST_000864,TVS_00142,2025-10-23,False
WL_0012014,CUST_000864,MOV_00067,2025-09-21,True
WL_0012015,CUST_000864,MOV_00416,2025-01-29,True
WL_0012016,CUST_000864,MOV_00306,2025-09-22,True
WL_0012017,CUST_000864,TVS_00178,2025-02-17,False
WL_0012018,CUST_000864,MOV_00332,2024-06-08,True
WL_0012019,CUST_000864,TVS_00054,2026-02-25,False
WL_0012020,CUST_000864,MOV_00063,2025-02-20,False
WL_0012021,CUST_000864,MOV_00218,2024-12-01,True
WL_0012022,CUST_000864,MOV_00450,2025-10-31,True
WL_0012023,CUST_000864,MOV_00240,2025-09-03,True
WL_0012024,CUST_000865,TVS_00041,2026-03-24,True
WL_0012025,CUST_000865,MOV_00127,2026-02-16,True
WL_0012026,CUST_000865,MOV_00018,2025-10-16,True
WL_0012027,CUST_000865,MOV_00211,2026-02-22,True
WL_0012028,CUST_000865,MOV_00467,2026-01-07,False
WL_0012029,CUST_000865,MOV_00127,2026-02-08,True
WL_0012030,CUST_000865,MOV_00189,2026-02-23,True
WL_0012031,CUST_000865,MOV_00364,2026-01-24,True
WL_0012032,CUST_000865,MOV_00025,2026-02-14,False
WL_0012033,CUST_000865,MOV_00458,2026-04-07,True
WL_0012034,CUST_000865,MOV_00182,2026-02-16,True
WL_0012035,CUST_000865,MOV_00368,2026-03-28,False
WL_0012036,CUST_000865,MOV_00076,2025-10-24,True
WL_0012037,CUST_000865,TVS_00154,2026-04-01,False
WL_0012038,CUST_000866,MOV_00194,2025-12-12,True
WL_0012039,CUST_000866,MOV_00433,2026-01-12,True
WL_0012040,CUST_000866,MOV_00041,2026-03-28,True
WL_0012041,CUST_000866,MOV_00211,2026-02-16,False
WL_0012042,CUST_000867,TVS_00098,2026-03-25,False
WL_0012043,CUST_000867,MOV_00388,2026-03-17,False
WL_0012044,CUST_000867,TVS_00183,2026-03-15,True
WL_0012045,CUST_000867,TVS_00101,2026-03-24,True
WL_0012046,CUST_000867,MOV_00497,2026-04-04,False
WL_0012047,CUST_000867,MOV_00345,2026-04-04,True
WL_0012048,CUST_000867,MOV_00187,2026-03-23,False
WL_0012049,CUST_000868,TVS_00044,2025-11-05,False
WL_0012050,CUST_000868,MOV_00003,2026-01-07,True
WL_0012051,CUST_000868,MOV_00181,2026-01-19,True
WL_0012052,CUST_000868,MOV_00256,2025-12-18,True
WL_0012053,CUST_000868,MOV_00026,2026-02-22,True
WL_0012054,CUST_000868,MOV_00153,2026-02-09,False
WL_0012055,CUST_000869,MOV_00231,2026-04-05,False
WL_0012056,CUST_000869,TVS_00110,2026-05-29,False
WL_0012057,CUST_000869,MOV_00317,2026-05-08,False
WL_0012058,CUST_000869,MOV_00123,2026-06-25,False
WL_0012059,CUST_000869,TVS_00102,2026-06-05,False
WL_0012060,CUST_000869,TVS_00037,2026-04-30,False
WL_0012061,CUST_000869,MOV_00118,2026-03-27,False
WL_0012062,CUST_000869,MOV_00341,2026-04-06,False
WL_0012063,CUST_000869,MOV_00485,2026-04-21,False
WL_0012064,CUST_000869,TVS_00198,2026-03-26,True
WL_0012065,CUST_000869,MOV_00139,2026-06-07,False
WL_0012066,CUST_000869,MOV_00399,2026-04-14,True
WL_0012067,CUST_000869,TVS_00068,2026-04-26,False
WL_0012068,CUST_000869,TVS_00037,2026-05-06,True
WL_0012069,CUST_000869,TVS_00039,2026-06-05,False
WL_0012070,CUST_000869,MOV_00095,2026-04-14,False
WL_0012071,CUST_000869,MOV_00384,2026-03-24,False
WL_0012072,CUST_000869,MOV_00061,2026-04-30,False
WL_0012073,CUST_000869,MOV_00093,2026-06-16,False
WL_0012074,CUST_000869,MOV_00092,2026-04-29,False
WL_0012075,CUST_000869,MOV_00278,2026-05-19,False
WL_0012076,CUST_000869,MOV_00333,2026-05-19,False
WL_0012077,CUST_000869,MOV_00104,2026-05-22,True
WL_0012078,CUST_000869,MOV_00157,2026-05-19,False
WL_0012079,CUST_000869,MOV_00496,2026-04-22,True
WL_0012080,CUST_000870,MOV_00152,2025-08-27,True
WL_0012081,CUST_000870,MOV_00016,2025-01-01,True
WL_0012082,CUST_000870,MOV_00101,2024-09-17,True
WL_0012083,CUST_000870,MOV_00373,2025-03-13,True
WL_0012084,CUST_000871,MOV_00114,2025-11-07,True
WL_0012085,CUST_000871,MOV_00070,2025-10-12,True
WL_0012086,CUST_000871,MOV_00297,2024-12-16,True
WL_0012087,CUST_000871,MOV_00496,2026-03-02,False
WL_0012088,CUST_000871,MOV_00014,2025-01-12,True
WL_0012089,CUST_000871,MOV_00103,2024-11-26,False
WL_0012090,CUST_000871,MOV_00196,2025-01-30,True
WL_0012091,CUST_000871,MOV_00105,2026-03-07,True
WL_0012092,CUST_000871,MOV_00393,2024-11-26,False
WL_0012093,CUST_000871,MOV_00347,2025-05-15,True
WL_0012094,CUST_000871,TVS_00032,2025-07-22,True
WL_0012095,CUST_000871,MOV_00357,2024-11-29,False
WL_0012096,CUST_000871,MOV_00235,2025-12-03,True
WL_0012097,CUST_000871,MOV_00257,2026-02-28,False
WL_0012098,CUST_000872,MOV_00369,2026-03-18,True
WL_0012099,CUST_000872,TVS_00078,2026-02-02,True
WL_0012100,CUST_000872,MOV_00192,2025-08-13,False
WL_0012101,CUST_000872,MOV_00398,2025-10-16,True
WL_0012102,CUST_000872,MOV_00195,2025-06-30,True
WL_0012103,CUST_000872,TVS_00112,2026-04-03,True
WL_0012104,CUST_000872,MOV_00307,2024-11-21,True
WL_0012105,CUST_000872,TVS_00085,2026-02-13,True
WL_0012106,CUST_000872,TVS_00082,2024-12-17,False
WL_0012107,CUST_000872,TVS_00003,2024-07-30,False
WL_0012108,CUST_000872,MOV_00246,2025-12-20,False
WL_0012109,CUST_000872,MOV_00444,2025-06-20,True
WL_0012110,CUST_000872,MOV_00461,2025-03-24,False
WL_0012111,CUST_000872,MOV_00176,2025-09-20,True
WL_0012112,CUST_000873,MOV_00209,2025-09-15,True
WL_0012113,CUST_000873,MOV_00053,2025-08-27,False
WL_0012114,CUST_000873,TVS_00114,2025-10-18,True
WL_0012115,CUST_000873,TVS_00098,2026-02-15,True
WL_0012116,CUST_000873,MOV_00482,2025-12-26,False
WL_0012117,CUST_000873,TVS_00150,2025-12-11,False
WL_0012118,CUST_000873,MOV_00456,2025-09-06,False
WL_0012119,CUST_000873,TVS_00028,2025-12-03,True
WL_0012120,CUST_000873,MOV_00493,2025-10-24,True
WL_0012121,CUST_000873,MOV_00342,2025-10-10,True
WL_0012122,CUST_000873,MOV_00041,2026-03-14,False
WL_0012123,CUST_000873,MOV_00142,2025-09-14,True
WL_0012124,CUST_000873,MOV_00432,2026-02-05,True
WL_0012125,CUST_000873,MOV_00192,2026-03-11,True
WL_0012126,CUST_000873,MOV_00267,2025-09-05,True
WL_0012127,CUST_000873,TVS_00045,2025-12-31,True
WL_0012128,CUST_000873,MOV_00123,2026-03-22,True
WL_0012129,CUST_000873,MOV_00034,2025-08-27,False
WL_0012130,CUST_000873,MOV_00402,2025-09-18,True
WL_0012131,CUST_000873,MOV_00456,2025-11-20,True
WL_0012132,CUST_000873,MOV_00451,2026-01-29,True
WL_0012133,CUST_000873,TVS_00106,2025-09-30,True
WL_0012134,CUST_000873,MOV_00444,2025-10-19,True
WL_0012135,CUST_000873,MOV_00164,2025-12-11,False
WL_0012136,CUST_000873,MOV_00376,2025-10-01,True
WL_0012137,CUST_000874,MOV_00114,2024-12-07,True
WL_0012138,CUST_000874,MOV_00009,2026-01-17,True
WL_0012139,CUST_000874,MOV_00242,2024-11-21,False
WL_0012140,CUST_000874,TVS_00042,2025-05-08,True
WL_0012141,CUST_000874,TVS_00154,2026-03-14,True
WL_0012142,CUST_000874,TVS_00079,2025-02-21,False
WL_0012143,CUST_000874,MOV_00293,2024-08-22,False
WL_0012144,CUST_000874,MOV_00293,2024-12-15,False
WL_0012145,CUST_000874,MOV_00107,2025-02-26,True
WL_0012146,CUST_000874,MOV_00157,2025-04-24,True
WL_0012147,CUST_000874,MOV_00435,2026-03-01,True
WL_0012148,CUST_000874,TVS_00094,2025-03-19,True
WL_0012149,CUST_000874,TVS_00099,2026-04-11,False
WL_0012150,CUST_000874,MOV_00483,2025-05-06,False
WL_0012151,CUST_000874,MOV_00121,2025-07-25,False
WL_0012152,CUST_000874,MOV_00423,2025-05-12,False
WL_0012153,CUST_000875,MOV_00116,2025-02-09,True
WL_0012154,CUST_000875,MOV_00333,2024-09-17,True
WL_0012155,CUST_000875,MOV_00418,2025-08-15,False
WL_0012156,CUST_000875,MOV_00191,2025-12-21,True
WL_0012157,CUST_000875,MOV_00193,2025-03-22,True
WL_0012158,CUST_000875,TVS_00020,2025-09-06,False
WL_0012159,CUST_000875,MOV_00047,2025-08-03,False
WL_0012160,CUST_000875,MOV_00381,2025-03-25,True
WL_0012161,CUST_000875,MOV_00295,2025-08-13,True
WL_0012162,CUST_000875,MOV_00472,2024-11-08,False
WL_0012163,CUST_000875,MOV_00099,2025-05-03,False
WL_0012164,CUST_000876,MOV_00081,2026-01-19,True
WL_0012165,CUST_000876,MOV_00175,2025-11-30,False
WL_0012166,CUST_000876,MOV_00079,2025-12-11,True
WL_0012167,CUST_000876,MOV_00386,2025-12-06,False
WL_0012168,CUST_000876,MOV_00073,2026-02-24,False
WL_0012169,CUST_000876,MOV_00237,2026-02-18,False
WL_0012170,CUST_000876,MOV_00121,2026-01-07,False
WL_0012171,CUST_000876,MOV_00056,2025-11-08,False
WL_0012172,CUST_000876,TVS_00026,2025-12-11,False
WL_0012173,CUST_000876,TVS_00121,2025-12-08,True
WL_0012174,CUST_000876,MOV_00073,2026-03-07,True
WL_0012175,CUST_000876,TVS_00071,2026-02-23,True
WL_0012176,CUST_000876,TVS_00095,2026-02-04,False
WL_0012177,CUST_000876,MOV_00268,2026-02-13,True
WL_0012178,CUST_000876,MOV_00471,2026-03-14,False
WL_0012179,CUST_000876,MOV_00295,2026-02-18,False
WL_0012180,CUST_000876,TVS_00108,2026-03-26,True
WL_0012181,CUST_000876,MOV_00238,2026-03-02,True
WL_0012182,CUST_000877,MOV_00373,2026-02-08,False
WL_0012183,CUST_000877,MOV_00417,2026-01-26,False
WL_0012184,CUST_000877,MOV_00088,2025-01-02,True
WL_0012185,CUST_000877,TVS_00140,2025-09-07,False
WL_0012186,CUST_000877,MOV_00195,2025-01-10,True
WL_0012187,CUST_000877,MOV_00432,2025-03-14,True
WL_0012188,CUST_000877,TVS_00188,2025-03-08,False
WL_0012189,CUST_000877,MOV_00449,2025-10-24,False
WL_0012190,CUST_000877,TVS_00172,2026-02-19,True
WL_0012191,CUST_000877,MOV_00198,2025-07-18,False
WL_0012192,CUST_000877,MOV_00273,2025-07-05,False
WL_0012193,CUST_000877,MOV_00167,2026-03-15,True
WL_0012194,CUST_000877,TVS_00123,2024-12-24,True
WL_0012195,CUST_000877,MOV_00300,2025-10-31,True
WL_0012196,CUST_000877,MOV_00450,2026-03-16,True
WL_0012197,CUST_000877,MOV_00374,2025-12-04,True
WL_0012198,CUST_000877,TVS_00138,2026-03-31,True
WL_0012199,CUST_000877,MOV_00430,2025-02-25,True
WL_0012200,CUST_000877,MOV_00020,2025-08-12,True
WL_0012201,CUST_000877,MOV_00273,2025-02-17,True
WL_0012202,CUST_000877,MOV_00141,2026-03-22,False
WL_0012203,CUST_000877,MOV_00476,2025-08-08,False
WL_0012204,CUST_000877,MOV_00497,2026-02-03,True
WL_0012205,CUST_000877,MOV_00269,2025-12-10,True
WL_0012206,CUST_000878,TVS_00078,2025-03-01,True
WL_0012207,CUST_000878,MOV_00303,2024-10-09,False
WL_0012208,CUST_000878,MOV_00240,2026-01-30,True
WL_0012209,CUST_000878,TVS_00128,2024-10-21,False
WL_0012210,CUST_000878,MOV_00357,2024-12-03,False
WL_0012211,CUST_000878,TVS_00073,2024-12-02,True
WL_0012212,CUST_000878,MOV_00284,2024-12-24,True
WL_0012213,CUST_000878,MOV_00413,2026-04-03,True
WL_0012214,CUST_000878,MOV_00240,2025-11-13,True
WL_0012215,CUST_000878,TVS_00006,2026-01-18,False
WL_0012216,CUST_000878,MOV_00294,2026-03-17,True
WL_0012217,CUST_000878,MOV_00357,2025-06-29,False
WL_0012218,CUST_000878,MOV_00027,2025-03-22,True
WL_0012219,CUST_000878,MOV_00416,2024-11-13,True
WL_0012220,CUST_000878,TVS_00136,2025-08-20,True
WL_0012221,CUST_000878,MOV_00482,2026-02-12,False
WL_0012222,CUST_000878,MOV_00338,2025-06-21,False
WL_0012223,CUST_000878,TVS_00195,2026-03-09,True
WL_0012224,CUST_000878,MOV_00197,2025-04-08,False
WL_0012225,CUST_000878,MOV_00066,2024-12-13,True
WL_0012226,CUST_000878,MOV_00041,2026-01-03,False
WL_0012227,CUST_000878,TVS_00032,2025-03-08,False
WL_0012228,CUST_000878,MOV_00378,2024-10-11,False
WL_0012229,CUST_000878,MOV_00328,2024-10-01,True
WL_0012230,CUST_000878,MOV_00201,2025-01-29,True
WL_0012231,CUST_000879,MOV_00330,2025-04-21,True
WL_0012232,CUST_000879,MOV_00138,2024-08-23,False
WL_0012233,CUST_000879,MOV_00475,2024-12-17,False
WL_0012234,CUST_000879,MOV_00075,2026-01-03,False
WL_0012235,CUST_000879,MOV_00288,2025-02-28,True
WL_0012236,CUST_000879,MOV_00302,2024-12-29,True
WL_0012237,CUST_000879,MOV_00090,2025-07-23,True
WL_0012238,CUST_000879,MOV_00492,2024-07-31,False
WL_0012239,CUST_000879,TVS_00109,2024-11-02,False
WL_0012240,CUST_000879,MOV_00369,2025-02-04,True
WL_0012241,CUST_000879,MOV_00189,2024-09-11,True
WL_0012242,CUST_000879,MOV_00360,2025-10-19,False
WL_0012243,CUST_000879,MOV_00182,2025-06-08,False
WL_0012244,CUST_000879,TVS_00180,2026-02-28,False
WL_0012245,CUST_000879,MOV_00430,2025-05-16,True
WL_0012246,CUST_000879,MOV_00163,2025-02-15,False
WL_0012247,CUST_000879,MOV_00165,2025-01-10,True
WL_0012248,CUST_000879,MOV_00101,2024-10-15,False
WL_0012249,CUST_000879,MOV_00426,2025-08-06,True
WL_0012250,CUST_000879,MOV_00399,2024-10-05,False
WL_0012251,CUST_000879,TVS_00110,2025-08-03,True
WL_0012252,CUST_000879,TVS_00083,2024-10-04,True
WL_0012253,CUST_000880,TVS_00185,2026-04-09,True
WL_0012254,CUST_000880,MOV_00185,2025-08-03,False
WL_0012255,CUST_000880,MOV_00279,2025-07-09,False
WL_0012256,CUST_000880,MOV_00258,2025-08-12,True
WL_0012257,CUST_000880,TVS_00083,2025-12-16,True
WL_0012258,CUST_000881,MOV_00266,2025-08-24,False
WL_0012259,CUST_000881,MOV_00363,2026-03-26,False
WL_0012260,CUST_000881,MOV_00478,2026-02-04,True
WL_0012261,CUST_000881,MOV_00385,2026-04-03,False
WL_0012262,CUST_000881,TVS_00160,2025-06-30,True
WL_0012263,CUST_000881,MOV_00362,2025-07-27,False
WL_0012264,CUST_000881,MOV_00305,2025-04-21,True
WL_0012265,CUST_000881,TVS_00184,2025-10-09,True
WL_0012266,CUST_000881,MOV_00085,2025-11-12,True
WL_0012267,CUST_000881,MOV_00261,2026-04-09,False
WL_0012268,CUST_000881,TVS_00133,2026-03-08,True
WL_0012269,CUST_000881,MOV_00354,2025-10-30,False
WL_0012270,CUST_000881,TVS_00014,2025-05-10,False
WL_0012271,CUST_000881,MOV_00363,2026-03-22,False
WL_0012272,CUST_000881,TVS_00095,2025-06-17,True
WL_0012273,CUST_000882,MOV_00349,2025-07-14,True
WL_0012274,CUST_000882,TVS_00040,2026-02-13,True
WL_0012275,CUST_000882,MOV_00321,2025-07-20,False
WL_0012276,CUST_000883,MOV_00035,2025-09-22,False
WL_0012277,CUST_000883,TVS_00132,2025-08-14,False
WL_0012278,CUST_000883,MOV_00025,2025-07-24,True
WL_0012279,CUST_000883,TVS_00180,2025-07-03,False
WL_0012280,CUST_000883,MOV_00493,2026-03-03,False
WL_0012281,CUST_000883,TVS_00132,2026-01-15,True
WL_0012282,CUST_000883,MOV_00489,2025-06-16,True
WL_0012283,CUST_000883,TVS_00085,2025-07-18,False
WL_0012284,CUST_000883,MOV_00476,2025-07-02,True
WL_0012285,CUST_000883,TVS_00035,2025-07-29,True
WL_0012286,CUST_000883,TVS_00095,2025-12-27,False
WL_0012287,CUST_000883,MOV_00044,2025-11-12,True
WL_0012288,CUST_000883,MOV_00244,2026-02-16,True
WL_0012289,CUST_000883,MOV_00417,2025-06-19,False
WL_0012290,CUST_000883,TVS_00020,2026-01-10,True
WL_0012291,CUST_000883,MOV_00124,2025-07-23,False
WL_0012292,CUST_000883,MOV_00233,2026-03-13,False
WL_0012293,CUST_000883,MOV_00346,2025-09-21,False
WL_0012294,CUST_000883,MOV_00008,2026-01-12,True
WL_0012295,CUST_000883,MOV_00422,2025-11-07,False
WL_0012296,CUST_000883,TVS_00129,2025-11-15,False
WL_0012297,CUST_000883,MOV_00148,2026-03-31,False
WL_0012298,CUST_000883,MOV_00179,2025-11-15,False
WL_0012299,CUST_000883,MOV_00472,2025-10-21,False
WL_0012300,CUST_000883,TVS_00020,2025-12-26,True
WL_0012301,CUST_000884,MOV_00208,2025-06-28,False
WL_0012302,CUST_000884,MOV_00420,2025-10-24,False
WL_0012303,CUST_000884,MOV_00018,2025-09-27,False
WL_0012304,CUST_000884,MOV_00371,2025-07-08,False
WL_0012305,CUST_000884,MOV_00364,2026-01-14,False
WL_0012306,CUST_000884,MOV_00218,2026-03-04,True
WL_0012307,CUST_000884,MOV_00190,2026-02-05,True
WL_0012308,CUST_000884,MOV_00068,2026-03-19,True
WL_0012309,CUST_000884,MOV_00456,2025-11-06,True
WL_0012310,CUST_000884,TVS_00028,2025-06-21,True
WL_0012311,CUST_000884,MOV_00135,2025-09-22,True
WL_0012312,CUST_000884,MOV_00240,2026-03-05,True
WL_0012313,CUST_000884,MOV_00303,2026-02-08,True
WL_0012314,CUST_000884,TVS_00074,2025-07-24,True
WL_0012315,CUST_000884,MOV_00049,2025-12-24,False
WL_0012316,CUST_000884,TVS_00103,2025-08-28,True
WL_0012317,CUST_000885,MOV_00361,2025-07-02,False
WL_0012318,CUST_000885,TVS_00048,2025-12-17,True
WL_0012319,CUST_000885,MOV_00462,2025-01-11,True
WL_0012320,CUST_000885,MOV_00146,2025-03-17,True
WL_0012321,CUST_000885,TVS_00062,2025-05-07,True
WL_0012322,CUST_000885,MOV_00056,2026-01-30,False
WL_0012323,CUST_000885,MOV_00457,2026-02-14,False
WL_0012324,CUST_000885,MOV_00330,2025-03-16,False
WL_0012325,CUST_000885,TVS_00050,2025-07-28,False
WL_0012326,CUST_000885,MOV_00177,2025-11-24,True
WL_0012327,CUST_000885,MOV_00488,2025-10-27,True
WL_0012328,CUST_000885,MOV_00443,2025-06-14,True
WL_0012329,CUST_000885,MOV_00488,2025-12-14,True
WL_0012330,CUST_000885,MOV_00496,2026-01-16,False
WL_0012331,CUST_000885,MOV_00462,2026-04-07,True
WL_0012332,CUST_000885,MOV_00157,2025-03-01,False
WL_0012333,CUST_000885,MOV_00120,2025-06-23,True
WL_0012334,CUST_000885,MOV_00347,2025-03-29,True
WL_0012335,CUST_000885,MOV_00375,2025-07-01,True
WL_0012336,CUST_000885,MOV_00435,2025-10-08,True
WL_0012337,CUST_000885,MOV_00067,2026-02-12,True
WL_0012338,CUST_000885,TVS_00191,2025-07-22,True
WL_0012339,CUST_000886,MOV_00296,2026-09-01,False
WL_0012340,CUST_000886,MOV_00019,2026-05-03,True
WL_0012341,CUST_000886,MOV_00385,2026-07-01,False
WL_0012342,CUST_000886,MOV_00172,2026-09-12,True
WL_0012343,CUST_000886,MOV_00316,2026-04-06,True
WL_0012344,CUST_000886,MOV_00422,2026-09-09,True
WL_0012345,CUST_000886,TVS_00065,2026-05-29,False
WL_0012346,CUST_000886,MOV_00339,2026-03-01,True
WL_0012347,CUST_000887,MOV_00453,2026-04-08,True
WL_0012348,CUST_000887,MOV_00260,2026-04-05,False
WL_0012349,CUST_000887,MOV_00058,2026-03-30,False
WL_0012350,CUST_000887,MOV_00058,2026-04-02,True
WL_0012351,CUST_000887,MOV_00164,2026-04-09,False
WL_0012352,CUST_000887,MOV_00378,2026-04-09,True
WL_0012353,CUST_000887,MOV_00046,2026-04-01,True
WL_0012354,CUST_000887,TVS_00063,2026-04-11,True
WL_0012355,CUST_000887,MOV_00240,2026-04-04,True
WL_0012356,CUST_000887,MOV_00090,2026-03-30,False
WL_0012357,CUST_000887,MOV_00204,2026-03-30,False
WL_0012358,CUST_000887,TVS_00088,2026-04-04,True
WL_0012359,CUST_000887,MOV_00016,2026-04-09,True
WL_0012360,CUST_000887,MOV_00211,2026-04-06,False
WL_0012361,CUST_000888,TVS_00010,2025-07-05,True
WL_0012362,CUST_000888,MOV_00369,2024-11-08,False
WL_0012363,CUST_000888,TVS_00146,2026-03-06,False
WL_0012364,CUST_000888,TVS_00189,2025-12-08,True
WL_0012365,CUST_000888,MOV_00485,2024-11-20,False
WL_0012366,CUST_000888,MOV_00004,2025-10-26,False
WL_0012367,CUST_000888,TVS_00142,2024-12-16,True
WL_0012368,CUST_000888,MOV_00282,2025-06-02,False
WL_0012369,CUST_000888,MOV_00247,2025-08-04,True
WL_0012370,CUST_000888,MOV_00156,2026-03-30,False
WL_0012371,CUST_000888,MOV_00347,2025-07-30,False
WL_0012372,CUST_000888,TVS_00199,2025-03-03,True
WL_0012373,CUST_000888,TVS_00117,2026-03-11,True
WL_0012374,CUST_000888,MOV_00305,2025-04-15,False
WL_0012375,CUST_000888,MOV_00490,2025-09-08,True
WL_0012376,CUST_000888,MOV_00393,2025-08-26,False
WL_0012377,CUST_000888,MOV_00347,2025-09-16,False
WL_0012378,CUST_000888,MOV_00114,2025-10-08,False
WL_0012379,CUST_000888,MOV_00157,2026-01-01,True
WL_0012380,CUST_000888,MOV_00438,2025-11-30,True
WL_0012381,CUST_000888,MOV_00314,2025-02-08,True
WL_0012382,CUST_000888,TVS_00038,2024-10-28,False
WL_0012383,CUST_000888,MOV_00100,2024-11-29,True
WL_0012384,CUST_000888,MOV_00114,2025-08-03,True
WL_0012385,CUST_000889,TVS_00162,2025-12-02,False
WL_0012386,CUST_000889,TVS_00169,2026-03-20,False
WL_0012387,CUST_000889,TVS_00161,2025-02-27,False
WL_0012388,CUST_000889,MOV_00476,2025-07-20,False
WL_0012389,CUST_000889,TVS_00020,2025-12-11,True
WL_0012390,CUST_000889,MOV_00012,2025-12-05,True
WL_0012391,CUST_000889,MOV_00367,2025-12-30,True
WL_0012392,CUST_000889,MOV_00447,2025-06-24,True
WL_0012393,CUST_000889,MOV_00326,2025-06-20,True
WL_0012394,CUST_000889,MOV_00490,2025-08-28,True
WL_0012395,CUST_000889,MOV_00047,2025-05-18,True
WL_0012396,CUST_000890,MOV_00378,2025-07-13,True
WL_0012397,CUST_000890,TVS_00026,2025-06-10,True
WL_0012398,CUST_000890,MOV_00493,2025-10-03,False
WL_0012399,CUST_000890,MOV_00234,2026-03-25,False
WL_0012400,CUST_000890,TVS_00128,2025-09-24,False
WL_0012401,CUST_000890,TVS_00133,2025-07-27,True
WL_0012402,CUST_000890,MOV_00409,2025-06-21,True
WL_0012403,CUST_000890,MOV_00082,2025-06-15,False
WL_0012404,CUST_000890,MOV_00316,2026-01-28,False
WL_0012405,CUST_000890,MOV_00459,2025-06-01,False
WL_0012406,CUST_000890,MOV_00226,2025-11-03,True
WL_0012407,CUST_000890,MOV_00402,2025-08-31,True
WL_0012408,CUST_000890,MOV_00117,2025-06-18,True
WL_0012409,CUST_000890,MOV_00368,2026-01-05,True
WL_0012410,CUST_000890,MOV_00186,2025-06-21,True
WL_0012411,CUST_000890,MOV_00055,2025-11-25,False
WL_0012412,CUST_000890,MOV_00335,2025-12-17,True
WL_0012413,CUST_000891,TVS_00027,2026-02-22,False
WL_0012414,CUST_000891,MOV_00210,2025-10-26,False
WL_0012415,CUST_000891,MOV_00114,2025-07-22,False
WL_0012416,CUST_000891,MOV_00387,2025-06-10,True
WL_0012417,CUST_000891,MOV_00027,2025-09-05,False
WL_0012418,CUST_000891,MOV_00243,2025-09-30,True
WL_0012419,CUST_000891,MOV_00438,2025-11-09,False
WL_0012420,CUST_000891,TVS_00002,2026-01-27,True
WL_0012421,CUST_000891,MOV_00098,2025-12-16,True
WL_0012422,CUST_000891,MOV_00462,2025-11-13,True
WL_0012423,CUST_000891,TVS_00148,2026-04-04,True
WL_0012424,CUST_000891,MOV_00293,2026-03-05,True
WL_0012425,CUST_000891,MOV_00215,2025-06-11,False
WL_0012426,CUST_000891,MOV_00217,2025-10-29,False
WL_0012427,CUST_000891,MOV_00005,2026-01-10,False
WL_0012428,CUST_000891,MOV_00480,2025-12-31,False
WL_0012429,CUST_000891,TVS_00025,2025-07-22,True
WL_0012430,CUST_000891,TVS_00030,2026-03-19,True
WL_0012431,CUST_000892,MOV_00201,2025-12-20,True
WL_0012432,CUST_000892,MOV_00093,2026-02-15,True
WL_0012433,CUST_000892,MOV_00152,2025-07-05,True
WL_0012434,CUST_000892,MOV_00119,2025-11-26,True
WL_0012435,CUST_000892,MOV_00411,2026-03-02,True
WL_0012436,CUST_000892,MOV_00252,2026-04-05,False
WL_0012437,CUST_000892,MOV_00326,2025-06-22,True
WL_0012438,CUST_000892,MOV_00343,2025-07-31,False
WL_0012439,CUST_000892,MOV_00485,2025-11-06,True
WL_0012440,CUST_000893,TVS_00058,2025-10-31,True
WL_0012441,CUST_000893,MOV_00226,2026-01-27,False
WL_0012442,CUST_000893,MOV_00497,2026-01-03,True
WL_0012443,CUST_000893,MOV_00090,2025-08-27,True
WL_0012444,CUST_000893,TVS_00006,2025-08-29,False
WL_0012445,CUST_000893,MOV_00486,2025-10-14,True
WL_0012446,CUST_000893,TVS_00161,2026-02-21,False
WL_0012447,CUST_000893,TVS_00147,2026-01-05,True
WL_0012448,CUST_000894,MOV_00432,2026-03-03,True
WL_0012449,CUST_000894,TVS_00199,2026-03-14,False
WL_0012450,CUST_000894,MOV_00137,2026-02-18,False
WL_0012451,CUST_000894,MOV_00462,2026-03-13,True
WL_0012452,CUST_000894,MOV_00467,2026-04-07,True
WL_0012453,CUST_000894,MOV_00109,2026-03-27,False
WL_0012454,CUST_000894,MOV_00102,2026-03-17,False
WL_0012455,CUST_000895,MOV_00182,2025-08-23,True
WL_0012456,CUST_000895,MOV_00210,2025-05-28,True
WL_0012457,CUST_000895,MOV_00460,2025-04-23,True
WL_0012458,CUST_000895,MOV_00186,2025-07-04,True
WL_0012459,CUST_000895,MOV_00241,2025-08-16,False
WL_0012460,CUST_000895,MOV_00471,2025-06-10,True
WL_0012461,CUST_000895,MOV_00002,2026-01-07,True
WL_0012462,CUST_000895,MOV_00285,2025-07-26,True
WL_0012463,CUST_000895,MOV_00156,2025-05-26,True
WL_0012464,CUST_000895,MOV_00162,2025-08-21,False
WL_0012465,CUST_000895,MOV_00235,2025-03-20,False
WL_0012466,CUST_000895,MOV_00025,2026-01-20,True
WL_0012467,CUST_000895,MOV_00279,2025-05-03,True
WL_0012468,CUST_000895,TVS_00024,2025-11-08,True
WL_0012469,CUST_000895,MOV_00080,2025-02-11,True
WL_0012470,CUST_000896,TVS_00119,2026-03-01,True
WL_0012471,CUST_000896,MOV_00099,2025-12-11,True
WL_0012472,CUST_000896,TVS_00078,2026-03-26,True
WL_0012473,CUST_000896,MOV_00268,2026-03-31,True
WL_0012474,CUST_000896,MOV_00126,2026-03-05,True
WL_0012475,CUST_000896,TVS_00112,2026-03-02,True
WL_0012476,CUST_000896,MOV_00449,2026-03-08,True
WL_0012477,CUST_000896,TVS_00157,2025-11-26,True
WL_0012478,CUST_000896,MOV_00267,2025-12-01,True
WL_0012479,CUST_000896,TVS_00114,2026-01-02,True
WL_0012480,CUST_000897,MOV_00484,2024-11-29,True
WL_0012481,CUST_000897,TVS_00175,2024-08-31,False
WL_0012482,CUST_000897,MOV_00077,2025-02-03,False
WL_0012483,CUST_000897,MOV_00210,2026-03-13,False
WL_0012484,CUST_000897,TVS_00199,2024-10-26,True
WL_0012485,CUST_000897,MOV_00133,2024-06-06,True
WL_0012486,CUST_000897,MOV_00120,2025-10-06,True
WL_0012487,CUST_000897,TVS_00129,2025-05-30,False
WL_0012488,CUST_000897,MOV_00470,2025-05-21,True
WL_0012489,CUST_000897,MOV_00485,2024-09-07,True
WL_0012490,CUST_000897,TVS_00183,2024-05-11,True
WL_0012491,CUST_000897,MOV_00095,2024-10-08,True
WL_0012492,CUST_000897,MOV_00439,2024-10-21,True
WL_0012493,CUST_000897,MOV_00327,2024-06-24,False
WL_0012494,CUST_000897,MOV_00065,2025-05-13,True
WL_0012495,CUST_000897,MOV_00305,2024-10-24,True
WL_0012496,CUST_000897,MOV_00378,2025-12-11,True
WL_0012497,CUST_000897,MOV_00484,2025-06-23,True
WL_0012498,CUST_000897,MOV_00030,2024-09-07,True
WL_0012499,CUST_000898,MOV_00389,2025-03-16,True
WL_0012500,CUST_000898,MOV_00016,2024-07-21,True
WL_0012501,CUST_000898,MOV_00322,2024-11-14,True
WL_0012502,CUST_000898,MOV_00351,2025-05-04,True
WL_0012503,CUST_000898,MOV_00095,2024-11-16,False
WL_0012504,CUST_000898,MOV_00064,2024-10-16,False
WL_0012505,CUST_000898,MOV_00038,2024-10-29,True
WL_0012506,CUST_000898,MOV_00098,2025-02-23,True
WL_0012507,CUST_000898,MOV_00178,2024-09-26,False
WL_0012508,CUST_000898,MOV_00338,2025-05-06,True
WL_0012509,CUST_000899,MOV_00104,2026-03-08,False
WL_0012510,CUST_000899,MOV_00200,2025-07-27,True
WL_0012511,CUST_000899,MOV_00266,2025-11-02,False
WL_0012512,CUST_000899,MOV_00171,2025-06-14,False
WL_0012513,CUST_000899,MOV_00203,2026-01-24,False
WL_0012514,CUST_000899,MOV_00026,2025-11-24,False
WL_0012515,CUST_000899,MOV_00213,2025-10-17,True
WL_0012516,CUST_000899,MOV_00210,2025-11-29,True
WL_0012517,CUST_000900,MOV_00496,2026-03-31,True
WL_0012518,CUST_000900,MOV_00102,2026-01-16,True
WL_0012519,CUST_000900,MOV_00393,2025-09-27,False
WL_0012520,CUST_000900,MOV_00240,2025-12-14,False
WL_0012521,CUST_000900,MOV_00114,2025-12-01,False
WL_0012522,CUST_000901,MOV_00349,2026-03-04,False
WL_0012523,CUST_000901,MOV_00480,2025-09-26,True
WL_0012524,CUST_000901,TVS_00073,2025-07-25,False
WL_0012525,CUST_000901,MOV_00348,2025-12-14,True
WL_0012526,CUST_000901,MOV_00359,2025-03-27,True
WL_0012527,CUST_000901,MOV_00209,2025-05-08,True
WL_0012528,CUST_000901,TVS_00163,2025-12-13,True
WL_0012529,CUST_000901,MOV_00173,2025-08-08,True
WL_0012530,CUST_000902,TVS_00059,2025-01-31,False
WL_0012531,CUST_000902,TVS_00010,2025-06-25,True
WL_0012532,CUST_000902,MOV_00383,2025-12-19,False
WL_0012533,CUST_000902,MOV_00327,2025-07-06,True
WL_0012534,CUST_000902,MOV_00470,2024-11-27,True
WL_0012535,CUST_000902,MOV_00419,2025-02-02,False
WL_0012536,CUST_000902,TVS_00076,2025-01-24,False
WL_0012537,CUST_000902,MOV_00247,2025-01-18,False
WL_0012538,CUST_000902,TVS_00178,2025-01-07,True
WL_0012539,CUST_000902,MOV_00132,2025-11-05,True
WL_0012540,CUST_000902,MOV_00028,2025-10-27,False
WL_0012541,CUST_000902,TVS_00160,2025-02-13,False
WL_0012542,CUST_000902,MOV_00327,2025-03-02,True
WL_0012543,CUST_000902,MOV_00041,2025-08-18,False
WL_0012544,CUST_000902,MOV_00454,2026-03-01,True
WL_0012545,CUST_000902,MOV_00318,2025-10-26,False
WL_0012546,CUST_000902,TVS_00160,2025-07-27,True
WL_0012547,CUST_000902,TVS_00113,2025-07-28,True
WL_0012548,CUST_000902,TVS_00173,2025-06-22,True
WL_0012549,CUST_000902,MOV_00216,2025-08-01,True
WL_0012550,CUST_000902,MOV_00149,2025-12-06,True
WL_0012551,CUST_000903,MOV_00072,2025-06-24,False
WL_0012552,CUST_000903,MOV_00368,2025-08-25,True
WL_0012553,CUST_000903,MOV_00072,2025-12-29,True
WL_0012554,CUST_000903,MOV_00254,2026-03-19,True
WL_0012555,CUST_000903,MOV_00379,2025-08-16,True
WL_0012556,CUST_000903,MOV_00082,2025-07-13,False
WL_0012557,CUST_000904,TVS_00166,2026-02-16,False
WL_0012558,CUST_000904,MOV_00250,2026-01-03,True
WL_0012559,CUST_000904,MOV_00406,2026-01-01,False
WL_0012560,CUST_000904,TVS_00059,2026-02-28,False
WL_0012561,CUST_000904,MOV_00226,2026-03-27,True
WL_0012562,CUST_000904,TVS_00129,2026-03-24,True
WL_0012563,CUST_000904,MOV_00020,2026-02-28,True
WL_0012564,CUST_000904,TVS_00134,2026-03-03,False
WL_0012565,CUST_000904,MOV_00008,2026-01-26,False
WL_0012566,CUST_000904,MOV_00176,2026-01-10,True
WL_0012567,CUST_000904,MOV_00106,2025-12-28,True
WL_0012568,CUST_000904,MOV_00113,2026-02-16,True
WL_0012569,CUST_000904,MOV_00018,2026-03-03,True
WL_0012570,CUST_000904,MOV_00139,2026-01-09,True
WL_0012571,CUST_000905,MOV_00068,2025-08-02,True
WL_0012572,CUST_000905,MOV_00027,2026-04-11,True
WL_0012573,CUST_000905,MOV_00191,2025-11-26,True
WL_0012574,CUST_000905,MOV_00271,2026-01-31,True
WL_0012575,CUST_000905,MOV_00121,2025-08-06,False
WL_0012576,CUST_000905,TVS_00127,2026-04-10,True
WL_0012577,CUST_000905,MOV_00376,2025-07-26,True
WL_0012578,CUST_000905,MOV_00002,2025-10-15,False
WL_0012579,CUST_000905,MOV_00106,2025-07-11,True
WL_0012580,CUST_000905,MOV_00395,2025-10-12,True
WL_0012581,CUST_000906,TVS_00145,2025-08-04,False
WL_0012582,CUST_000906,MOV_00309,2026-04-06,False
WL_0012583,CUST_000906,MOV_00100,2026-04-03,True
WL_0012584,CUST_000906,TVS_00150,2025-10-29,True
WL_0012585,CUST_000906,TVS_00066,2025-12-23,True
WL_0012586,CUST_000906,MOV_00307,2025-06-05,True
WL_0012587,CUST_000906,MOV_00049,2025-10-13,True
WL_0012588,CUST_000906,TVS_00041,2025-11-05,False
WL_0012589,CUST_000906,TVS_00095,2025-10-24,False
WL_0012590,CUST_000906,MOV_00248,2025-11-27,True
WL_0012591,CUST_000907,TVS_00042,2025-12-30,False
WL_0012592,CUST_000907,MOV_00129,2026-02-05,False
WL_0012593,CUST_000907,MOV_00155,2026-03-25,False
WL_0012594,CUST_000907,MOV_00222,2026-04-10,True
WL_0012595,CUST_000908,MOV_00003,2025-07-21,True
WL_0012596,CUST_000908,TVS_00040,2026-03-08,False
WL_0012597,CUST_000908,MOV_00132,2025-10-20,False
WL_0012598,CUST_000908,MOV_00445,2024-11-06,False
WL_0012599,CUST_000908,TVS_00072,2025-09-24,True
WL_0012600,CUST_000908,MOV_00079,2025-10-08,False
WL_0012601,CUST_000908,TVS_00138,2025-05-23,False
WL_0012602,CUST_000908,TVS_00006,2026-03-29,True
WL_0012603,CUST_000908,MOV_00196,2025-09-15,True
WL_0012604,CUST_000908,MOV_00133,2025-03-15,True
WL_0012605,CUST_000908,MOV_00202,2025-04-10,True
WL_0012606,CUST_000908,MOV_00037,2025-01-20,False
WL_0012607,CUST_000908,MOV_00429,2025-09-12,True
WL_0012608,CUST_000908,TVS_00013,2026-01-26,False
WL_0012609,CUST_000909,MOV_00202,2026-01-09,False
WL_0012610,CUST_000909,MOV_00017,2025-12-17,True
WL_0012611,CUST_000909,TVS_00047,2026-03-09,True
WL_0012612,CUST_000909,MOV_00292,2025-12-05,True
WL_0012613,CUST_000909,TVS_00047,2025-11-05,True
WL_0012614,CUST_000909,MOV_00119,2025-06-18,True
WL_0012615,CUST_000909,MOV_00336,2025-05-09,True
WL_0012616,CUST_000909,TVS_00174,2025-12-14,True
WL_0012617,CUST_000909,MOV_00167,2026-03-08,True
WL_0012618,CUST_000909,MOV_00486,2025-09-09,True
WL_0012619,CUST_000909,TVS_00098,2025-09-04,True
WL_0012620,CUST_000909,MOV_00498,2025-06-03,True
WL_0012621,CUST_000909,TVS_00180,2026-01-10,False
WL_0012622,CUST_000909,MOV_00221,2025-06-05,True
WL_0012623,CUST_000909,MOV_00441,2025-08-01,True
WL_0012624,CUST_000909,MOV_00159,2025-06-11,False
WL_0012625,CUST_000909,TVS_00058,2025-07-07,True
WL_0012626,CUST_000909,MOV_00476,2026-01-19,True
WL_0012627,CUST_000909,TVS_00031,2025-12-29,False
WL_0012628,CUST_000909,MOV_00472,2025-06-07,False
WL_0012629,CUST_000910,MOV_00224,2026-03-13,True
WL_0012630,CUST_000910,MOV_00419,2025-12-07,True
WL_0012631,CUST_000910,MOV_00072,2025-12-16,False
WL_0012632,CUST_000910,TVS_00064,2025-12-26,True
WL_0012633,CUST_000910,TVS_00079,2025-10-25,False
WL_0012634,CUST_000910,MOV_00120,2025-09-09,False
WL_0012635,CUST_000910,MOV_00192,2026-01-03,True
WL_0012636,CUST_000910,TVS_00094,2025-07-07,False
WL_0012637,CUST_000910,MOV_00239,2025-08-29,False
WL_0012638,CUST_000910,TVS_00154,2025-11-28,False
WL_0012639,CUST_000911,MOV_00385,2026-03-13,True
WL_0012640,CUST_000911,MOV_00147,2026-04-05,False
WL_0012641,CUST_000911,MOV_00228,2026-04-03,True
WL_0012642,CUST_000911,MOV_00007,2026-03-18,False
WL_0012643,CUST_000911,MOV_00064,2026-04-11,True
WL_0012644,CUST_000911,MOV_00276,2026-03-11,True
WL_0012645,CUST_000911,MOV_00013,2026-03-28,False
WL_0012646,CUST_000911,MOV_00158,2026-03-11,False
WL_0012647,CUST_000911,MOV_00076,2026-03-06,True
WL_0012648,CUST_000911,MOV_00217,2026-03-07,False
WL_0012649,CUST_000911,MOV_00312,2026-03-01,False
WL_0012650,CUST_000911,MOV_00076,2026-03-23,True
WL_0012651,CUST_000911,MOV_00245,2026-03-07,True
WL_0012652,CUST_000911,MOV_00460,2026-03-23,True
WL_0012653,CUST_000911,TVS_00090,2026-03-10,False
WL_0012654,CUST_000911,MOV_00338,2026-03-01,False
WL_0012655,CUST_000911,MOV_00127,2026-03-08,False
WL_0012656,CUST_000911,MOV_00323,2026-03-25,True
WL_0012657,CUST_000911,MOV_00270,2026-03-05,True
WL_0012658,CUST_000911,TVS_00157,2026-03-03,False
WL_0012659,CUST_000911,MOV_00419,2026-03-16,True
WL_0012660,CUST_000911,MOV_00128,2026-03-19,False
WL_0012661,CUST_000911,MOV_00043,2026-03-27,True
WL_0012662,CUST_000911,MOV_00080,2026-04-11,False
WL_0012663,CUST_000911,MOV_00480,2026-03-17,True
WL_0012664,CUST_000912,TVS_00120,2026-04-02,False
WL_0012665,CUST_000912,MOV_00082,2026-04-05,False
WL_0012666,CUST_000912,MOV_00468,2026-04-11,False
WL_0012667,CUST_000912,MOV_00457,2026-04-10,False
WL_0012668,CUST_000912,MOV_00050,2026-04-10,True
WL_0012669,CUST_000912,MOV_00335,2026-04-08,False
WL_0012670,CUST_000912,MOV_00254,2026-04-05,False
WL_0012671,CUST_000912,MOV_00459,2026-04-08,True
WL_0012672,CUST_000912,MOV_00046,2026-04-03,False
WL_0012673,CUST_000912,TVS_00167,2026-04-07,False
WL_0012674,CUST_000912,MOV_00195,2026-04-09,False
WL_0012675,CUST_000912,MOV_00296,2026-04-05,False
WL_0012676,CUST_000912,MOV_00072,2026-04-11,True
WL_0012677,CUST_000912,MOV_00432,2026-04-09,True
WL_0012678,CUST_000912,MOV_00480,2026-04-06,False
WL_0012679,CUST_000912,MOV_00296,2026-04-10,True
WL_0012680,CUST_000912,MOV_00307,2026-04-05,False
WL_0012681,CUST_000913,TVS_00076,2026-01-19,True
WL_0012682,CUST_000913,MOV_00168,2026-01-15,False
WL_0012683,CUST_000913,MOV_00314,2026-03-28,True
WL_0012684,CUST_000913,MOV_00176,2024-12-06,True
WL_0012685,CUST_000913,MOV_00300,2024-07-30,False
WL_0012686,CUST_000913,MOV_00315,2026-02-14,True
WL_0012687,CUST_000913,TVS_00015,2025-07-01,True
WL_0012688,CUST_000913,MOV_00342,2025-05-05,True
WL_0012689,CUST_000913,MOV_00035,2024-06-29,True
WL_0012690,CUST_000913,MOV_00215,2024-07-06,True
WL_0012691,CUST_000913,MOV_00196,2025-04-13,False
WL_0012692,CUST_000913,MOV_00260,2026-02-23,False
WL_0012693,CUST_000913,MOV_00397,2025-03-01,True
WL_0012694,CUST_000913,MOV_00074,2025-06-13,True
WL_0012695,CUST_000913,MOV_00215,2025-12-01,False
WL_0012696,CUST_000913,TVS_00044,2025-06-23,True
WL_0012697,CUST_000913,TVS_00170,2024-07-19,True
WL_0012698,CUST_000913,MOV_00104,2025-08-03,False
WL_0012699,CUST_000913,TVS_00185,2024-07-31,True
WL_0012700,CUST_000913,MOV_00255,2026-02-15,True
WL_0012701,CUST_000913,MOV_00455,2026-04-10,False
WL_0012702,CUST_000913,MOV_00368,2024-11-21,False
WL_0012703,CUST_000913,MOV_00168,2025-09-18,True
WL_0012704,CUST_000914,MOV_00415,2026-06-03,False
WL_0012705,CUST_000914,MOV_00329,2026-06-22,False
WL_0012706,CUST_000914,MOV_00083,2026-06-09,True
WL_0012707,CUST_000914,TVS_00058,2026-06-07,False
WL_0012708,CUST_000914,TVS_00125,2026-06-10,True
WL_0012709,CUST_000914,TVS_00090,2026-06-13,True
WL_0012710,CUST_000914,TVS_00177,2026-08-22,True
WL_0012711,CUST_000914,MOV_00377,2026-08-15,True
WL_0012712,CUST_000914,TVS_00034,2026-04-10,True
WL_0012713,CUST_000914,MOV_00087,2026-07-18,False
WL_0012714,CUST_000914,MOV_00377,2026-06-03,True
WL_0012715,CUST_000915,MOV_00021,2026-04-07,False
WL_0012716,CUST_000915,MOV_00005,2026-04-10,False
WL_0012717,CUST_000915,MOV_00178,2026-04-07,False
WL_0012718,CUST_000915,MOV_00139,2026-04-03,False
WL_0012719,CUST_000915,MOV_00197,2026-03-21,False
WL_0012720,CUST_000915,MOV_00128,2026-03-14,False
WL_0012721,CUST_000915,TVS_00145,2026-03-29,False
WL_0012722,CUST_000915,TVS_00066,2026-03-19,False
WL_0012723,CUST_000915,TVS_00025,2026-03-22,True
WL_0012724,CUST_000915,TVS_00064,2026-03-12,True
WL_0012725,CUST_000915,TVS_00004,2026-03-16,True
WL_0012726,CUST_000915,MOV_00324,2026-03-31,False
WL_0012727,CUST_000915,MOV_00245,2026-03-21,True
WL_0012728,CUST_000915,MOV_00027,2026-03-24,False
WL_0012729,CUST_000915,MOV_00272,2026-04-03,False
WL_0012730,CUST_000915,TVS_00053,2026-03-08,False
WL_0012731,CUST_000915,TVS_00172,2026-04-10,True
WL_0012732,CUST_000915,TVS_00152,2026-03-28,True
WL_0012733,CUST_000915,MOV_00457,2026-03-14,False
WL_0012734,CUST_000915,MOV_00161,2026-03-14,True
WL_0012735,CUST_000915,TVS_00010,2026-03-23,True
WL_0012736,CUST_000915,MOV_00380,2026-03-31,False
WL_0012737,CUST_000915,MOV_00281,2026-03-22,True
WL_0012738,CUST_000915,MOV_00452,2026-03-11,False
WL_0012739,CUST_000916,MOV_00119,2026-04-03,True
WL_0012740,CUST_000916,MOV_00138,2026-04-04,True
WL_0012741,CUST_000916,MOV_00254,2026-03-28,False
WL_0012742,CUST_000916,MOV_00419,2026-04-11,False
WL_0012743,CUST_000916,TVS_00156,2026-04-09,False
WL_0012744,CUST_000916,MOV_00172,2026-04-08,True
WL_0012745,CUST_000916,MOV_00119,2026-04-02,True
WL_0012746,CUST_000916,MOV_00299,2026-04-06,True
WL_0012747,CUST_000916,MOV_00000,2026-04-09,True
WL_0012748,CUST_000916,TVS_00093,2026-03-28,False
WL_0012749,CUST_000916,MOV_00114,2026-04-01,False
WL_0012750,CUST_000916,TVS_00130,2026-03-29,True
WL_0012751,CUST_000916,MOV_00122,2026-04-07,False
WL_0012752,CUST_000916,TVS_00153,2026-03-29,True
WL_0012753,CUST_000916,MOV_00222,2026-03-29,True
WL_0012754,CUST_000916,TVS_00063,2026-03-29,False
WL_0012755,CUST_000916,TVS_00063,2026-04-11,False
WL_0012756,CUST_000916,MOV_00247,2026-04-04,True
WL_0012757,CUST_000916,MOV_00476,2026-04-09,True
WL_0012758,CUST_000917,TVS_00091,2025-12-23,True
WL_0012759,CUST_000917,MOV_00161,2025-06-03,False
WL_0012760,CUST_000917,MOV_00012,2024-09-09,True
WL_0012761,CUST_000917,MOV_00149,2024-07-21,False
WL_0012762,CUST_000917,MOV_00465,2025-05-14,True
WL_0012763,CUST_000917,MOV_00498,2024-12-31,True
WL_0012764,CUST_000917,MOV_00227,2025-10-01,True
WL_0012765,CUST_000917,TVS_00148,2024-11-20,True
WL_0012766,CUST_000917,TVS_00089,2024-12-20,True
WL_0012767,CUST_000917,MOV_00442,2024-09-29,True
WL_0012768,CUST_000918,MOV_00281,2025-06-17,True
WL_0012769,CUST_000918,TVS_00090,2025-10-25,True
WL_0012770,CUST_000918,TVS_00091,2025-12-22,True
WL_0012771,CUST_000918,MOV_00094,2026-01-29,True
WL_0012772,CUST_000918,MOV_00397,2025-10-12,True
WL_0012773,CUST_000918,TVS_00193,2025-12-03,False
WL_0012774,CUST_000918,TVS_00116,2026-03-02,True
WL_0012775,CUST_000918,MOV_00115,2026-01-08,True
WL_0012776,CUST_000918,MOV_00257,2026-03-11,False
WL_0012777,CUST_000918,MOV_00035,2026-02-07,False
WL_0012778,CUST_000918,MOV_00262,2026-03-30,True
WL_0012779,CUST_000918,MOV_00388,2025-06-23,True
WL_0012780,CUST_000918,TVS_00125,2025-12-12,True
WL_0012781,CUST_000918,MOV_00275,2025-09-21,True
WL_0012782,CUST_000918,MOV_00213,2025-10-25,True
WL_0012783,CUST_000918,MOV_00220,2025-08-16,True
WL_0012784,CUST_000918,MOV_00220,2025-11-21,True
WL_0012785,CUST_000918,MOV_00451,2026-02-12,True
WL_0012786,CUST_000918,TVS_00165,2026-02-04,False
WL_0012787,CUST_000918,MOV_00397,2025-12-03,True
WL_0012788,CUST_000918,MOV_00220,2026-03-14,True
WL_0012789,CUST_000918,MOV_00102,2026-01-31,True
WL_0012790,CUST_000918,TVS_00043,2025-10-03,True
WL_0012791,CUST_000918,TVS_00074,2026-01-02,True
WL_0012792,CUST_000918,MOV_00389,2026-01-30,True
WL_0012793,CUST_000919,MOV_00038,2025-11-25,True
WL_0012794,CUST_000919,TVS_00068,2025-11-17,True
WL_0012795,CUST_000919,TVS_00169,2025-12-05,True
WL_0012796,CUST_000919,MOV_00204,2025-10-08,False
WL_0012797,CUST_000919,TVS_00189,2026-03-11,True
WL_0012798,CUST_000919,MOV_00412,2025-11-14,False
WL_0012799,CUST_000920,TVS_00092,2024-08-17,True
WL_0012800,CUST_000920,MOV_00488,2024-09-11,False
WL_0012801,CUST_000920,MOV_00342,2024-10-23,False
WL_0012802,CUST_000920,TVS_00117,2025-05-09,True
WL_0012803,CUST_000920,MOV_00496,2024-11-27,True
WL_0012804,CUST_000920,MOV_00114,2024-05-23,False
WL_0012805,CUST_000920,MOV_00227,2024-09-15,True
WL_0012806,CUST_000920,MOV_00237,2026-02-19,False
WL_0012807,CUST_000920,MOV_00356,2024-08-03,True
WL_0012808,CUST_000920,MOV_00498,2025-11-21,True
WL_0012809,CUST_000920,TVS_00041,2026-03-14,True
WL_0012810,CUST_000920,MOV_00218,2024-08-15,True
WL_0012811,CUST_000920,MOV_00303,2025-02-03,False
WL_0012812,CUST_000920,MOV_00278,2025-10-10,True
WL_0012813,CUST_000920,MOV_00240,2025-06-22,True
WL_0012814,CUST_000920,MOV_00339,2025-07-08,True
WL_0012815,CUST_000920,MOV_00106,2025-12-29,True
WL_0012816,CUST_000920,MOV_00017,2026-03-10,False
WL_0012817,CUST_000920,MOV_00121,2024-06-17,False
WL_0012818,CUST_000921,MOV_00053,2025-04-26,True
WL_0012819,CUST_000921,MOV_00233,2024-10-11,True
WL_0012820,CUST_000921,MOV_00109,2024-10-17,True
WL_0012821,CUST_000921,MOV_00299,2025-01-07,False
WL_0012822,CUST_000921,TVS_00065,2025-10-08,True
WL_0012823,CUST_000921,TVS_00169,2024-08-12,True
WL_0012824,CUST_000921,MOV_00279,2025-07-22,False
WL_0012825,CUST_000921,MOV_00015,2025-06-19,True
WL_0012826,CUST_000921,MOV_00459,2025-04-22,True
WL_0012827,CUST_000921,MOV_00464,2025-12-14,False
WL_0012828,CUST_000921,MOV_00028,2025-02-05,False
WL_0012829,CUST_000921,TVS_00196,2025-01-27,True
WL_0012830,CUST_000922,MOV_00392,2025-10-13,True
WL_0012831,CUST_000922,MOV_00467,2025-05-09,True
WL_0012832,CUST_000922,MOV_00336,2024-11-23,False
WL_0012833,CUST_000922,MOV_00401,2026-02-04,False
WL_0012834,CUST_000922,TVS_00185,2025-08-26,True
WL_0012835,CUST_000922,MOV_00163,2025-04-06,True
WL_0012836,CUST_000922,MOV_00494,2025-07-14,False
WL_0012837,CUST_000922,TVS_00163,2025-09-07,True
WL_0012838,CUST_000922,TVS_00047,2026-01-29,True
WL_0012839,CUST_000922,MOV_00135,2025-04-03,True
WL_0012840,CUST_000923,MOV_00305,2026-03-29,True
WL_0012841,CUST_000923,MOV_00071,2024-11-25,False
WL_0012842,CUST_000923,MOV_00345,2026-04-07,False
WL_0012843,CUST_000923,TVS_00015,2025-12-29,True
WL_0012844,CUST_000923,MOV_00210,2026-01-19,True
WL_0012845,CUST_000923,MOV_00228,2024-11-30,True
WL_0012846,CUST_000923,TVS_00055,2026-02-01,True
WL_0012847,CUST_000923,MOV_00014,2025-11-08,False
WL_0012848,CUST_000923,MOV_00489,2025-02-06,True
WL_0012849,CUST_000923,MOV_00038,2024-12-16,False
WL_0012850,CUST_000923,MOV_00154,2025-03-23,True
WL_0012851,CUST_000923,MOV_00211,2025-12-28,True
WL_0012852,CUST_000923,MOV_00156,2025-01-03,True
WL_0012853,CUST_000923,MOV_00436,2025-02-03,True
WL_0012854,CUST_000923,MOV_00314,2025-05-01,False
WL_0012855,CUST_000923,MOV_00351,2026-01-29,True
WL_0012856,CUST_000923,MOV_00229,2025-09-29,True
WL_0012857,CUST_000923,MOV_00398,2025-07-07,True
WL_0012858,CUST_000923,MOV_00055,2025-12-26,False
WL_0012859,CUST_000923,MOV_00305,2025-06-11,False
WL_0012860,CUST_000924,TVS_00197,2024-09-03,True
WL_0012861,CUST_000924,TVS_00165,2025-06-09,True
WL_0012862,CUST_000924,TVS_00146,2025-01-01,True
WL_0012863,CUST_000924,MOV_00044,2026-01-21,True
WL_0012864,CUST_000924,MOV_00178,2024-06-27,False
WL_0012865,CUST_000924,MOV_00409,2025-04-22,True
WL_0012866,CUST_000924,MOV_00201,2026-03-09,False
WL_0012867,CUST_000925,MOV_00369,2026-05-08,False
WL_0012868,CUST_000925,MOV_00235,2025-12-29,False
WL_0012869,CUST_000925,TVS_00113,2025-12-11,False
WL_0012870,CUST_000925,MOV_00383,2026-06-25,False
WL_0012871,CUST_000925,TVS_00009,2025-11-30,False
WL_0012872,CUST_000925,MOV_00127,2026-02-24,False
WL_0012873,CUST_000925,MOV_00107,2026-09-07,True
WL_0012874,CUST_000925,MOV_00033,2026-05-02,False
WL_0012875,CUST_000925,TVS_00175,2026-04-12,False
WL_0012876,CUST_000925,TVS_00010,2026-07-17,False
WL_0012877,CUST_000925,TVS_00082,2026-02-01,True
WL_0012878,CUST_000925,MOV_00470,2026-05-19,False
WL_0012879,CUST_000926,TVS_00058,2026-01-28,True
WL_0012880,CUST_000926,MOV_00363,2026-04-03,True
WL_0012881,CUST_000926,MOV_00158,2026-03-02,False
WL_0012882,CUST_000926,TVS_00090,2026-02-17,False
WL_0012883,CUST_000926,MOV_00003,2026-03-28,True
WL_0012884,CUST_000926,MOV_00064,2026-03-23,True
WL_0012885,CUST_000926,MOV_00438,2026-01-20,False
WL_0012886,CUST_000926,TVS_00189,2026-02-05,False
WL_0012887,CUST_000926,TVS_00048,2026-02-23,True
WL_0012888,CUST_000926,MOV_00065,2026-01-26,False
WL_0012889,CUST_000926,MOV_00139,2026-01-29,True
WL_0012890,CUST_000926,TVS_00123,2026-02-22,True
WL_0012891,CUST_000926,MOV_00216,2026-02-18,True
WL_0012892,CUST_000927,MOV_00169,2026-02-15,False
WL_0012893,CUST_000927,TVS_00011,2026-01-01,True
WL_0012894,CUST_000927,MOV_00161,2026-09-26,False
WL_0012895,CUST_000927,MOV_00169,2025-12-14,False
WL_0012896,CUST_000927,MOV_00426,2026-01-13,False
WL_0012897,CUST_000927,MOV_00492,2026-03-19,True
WL_0012898,CUST_000927,MOV_00241,2026-09-13,False
WL_0012899,CUST_000927,TVS_00022,2026-03-11,False
WL_0012900,CUST_000927,MOV_00384,2026-07-11,True
WL_0012901,CUST_000928,MOV_00437,2026-01-15,False
WL_0012902,CUST_000928,TVS_00038,2026-01-07,True
WL_0012903,CUST_000928,MOV_00204,2025-12-08,False
WL_0012904,CUST_000928,MOV_00106,2026-02-20,False
WL_0012905,CUST_000928,MOV_00355,2025-08-09,False
WL_0012906,CUST_000928,MOV_00474,2026-03-25,False
WL_0012907,CUST_000928,MOV_00062,2025-11-20,False
WL_0012908,CUST_000928,MOV_00381,2025-12-31,False
WL_0012909,CUST_000929,MOV_00437,2026-04-05,True
WL_0012910,CUST_000929,MOV_00116,2026-01-12,True
WL_0012911,CUST_000929,MOV_00006,2026-01-04,True
WL_0012912,CUST_000929,MOV_00040,2026-02-04,True
WL_0012913,CUST_000929,MOV_00273,2026-04-02,False
WL_0012914,CUST_000929,MOV_00402,2026-03-03,False
WL_0012915,CUST_000929,MOV_00184,2026-02-18,True
WL_0012916,CUST_000929,MOV_00112,2026-03-15,False
WL_0012917,CUST_000930,MOV_00395,2025-11-06,False
WL_0012918,CUST_000930,TVS_00042,2024-09-26,True
WL_0012919,CUST_000930,MOV_00344,2025-10-23,True
WL_0012920,CUST_000930,TVS_00152,2025-12-12,True
WL_0012921,CUST_000930,TVS_00066,2024-11-05,False
WL_0012922,CUST_000930,TVS_00152,2025-02-04,True
WL_0012923,CUST_000930,MOV_00282,2026-03-08,True
WL_0012924,CUST_000930,MOV_00477,2024-09-07,True
WL_0012925,CUST_000931,MOV_00282,2025-06-02,True
WL_0012926,CUST_000931,TVS_00197,2026-01-13,True
WL_0012927,CUST_000931,MOV_00352,2025-05-21,False
WL_0012928,CUST_000931,MOV_00259,2026-03-07,False
WL_0012929,CUST_000931,TVS_00019,2025-07-16,True
WL_0012930,CUST_000931,TVS_00159,2025-05-28,False
WL_0012931,CUST_000931,MOV_00464,2025-09-16,True
WL_0012932,CUST_000931,MOV_00223,2026-03-23,False
WL_0012933,CUST_000931,MOV_00477,2025-06-03,False
WL_0012934,CUST_000931,TVS_00155,2025-04-29,False
WL_0012935,CUST_000931,MOV_00214,2025-08-21,False
WL_0012936,CUST_000931,MOV_00149,2025-07-25,False
WL_0012937,CUST_000931,MOV_00148,2025-04-02,True
WL_0012938,CUST_000931,MOV_00352,2025-08-03,False
WL_0012939,CUST_000931,MOV_00248,2025-10-15,False
WL_0012940,CUST_000931,MOV_00174,2026-01-07,True
WL_0012941,CUST_000931,MOV_00190,2025-12-02,True
WL_0012942,CUST_000931,MOV_00155,2025-04-05,False
WL_0012943,CUST_000931,MOV_00233,2026-02-09,True
WL_0012944,CUST_000932,TVS_00002,2026-03-29,False
WL_0012945,CUST_000932,MOV_00497,2026-01-04,False
WL_0012946,CUST_000932,TVS_00131,2025-12-25,False
WL_0012947,CUST_000932,TVS_00126,2026-06-03,False
WL_0012948,CUST_000932,MOV_00151,2025-08-06,False
WL_0012949,CUST_000932,TVS_00054,2026-06-26,False
WL_0012950,CUST_000932,MOV_00438,2026-01-30,False
WL_0012951,CUST_000932,MOV_00186,2026-03-02,True
WL_0012952,CUST_000932,MOV_00334,2025-12-07,False
WL_0012953,CUST_000932,MOV_00348,2026-02-25,True
WL_0012954,CUST_000932,MOV_00377,2025-07-22,True
WL_0012955,CUST_000932,TVS_00082,2026-02-20,True
WL_0012956,CUST_000932,TVS_00174,2025-09-14,True
WL_0012957,CUST_000932,TVS_00031,2026-03-09,False
WL_0012958,CUST_000932,MOV_00215,2025-10-10,False
WL_0012959,CUST_000932,MOV_00494,2025-11-17,False
WL_0012960,CUST_000932,MOV_00445,2025-07-30,True
WL_0012961,CUST_000932,MOV_00090,2025-11-22,True
WL_0012962,CUST_000933,MOV_00449,2026-03-03,False
WL_0012963,CUST_000933,MOV_00467,2026-02-10,False
WL_0012964,CUST_000933,MOV_00105,2026-01-28,True
WL_0012965,CUST_000933,MOV_00474,2026-03-31,False
WL_0012966,CUST_000933,MOV_00183,2026-04-02,False
WL_0012967,CUST_000933,MOV_00448,2026-01-23,False
WL_0012968,CUST_000933,TVS_00155,2026-03-05,False
WL_0012969,CUST_000933,MOV_00417,2026-01-16,True
WL_0012970,CUST_000933,MOV_00256,2026-03-24,True
WL_0012971,CUST_000933,MOV_00360,2026-01-12,True
WL_0012972,CUST_000933,MOV_00125,2026-01-21,False
WL_0012973,CUST_000933,MOV_00381,2026-03-25,True
WL_0012974,CUST_000933,MOV_00079,2026-03-22,False
WL_0012975,CUST_000933,MOV_00330,2026-02-12,True
WL_0012976,CUST_000933,MOV_00444,2026-02-09,True
WL_0012977,CUST_000933,TVS_00114,2026-02-06,False
WL_0012978,CUST_000933,MOV_00444,2026-03-06,True
WL_0012979,CUST_000933,TVS_00088,2026-02-07,True
WL_0012980,CUST_000933,MOV_00243,2026-03-21,False
WL_0012981,CUST_000933,MOV_00475,2026-03-28,False
WL_0012982,CUST_000933,TVS_00179,2026-03-05,True
WL_0012983,CUST_000933,MOV_00079,2026-04-04,False
WL_0012984,CUST_000933,MOV_00407,2026-03-22,True
WL_0012985,CUST_000934,MOV_00497,2026-03-23,True
WL_0012986,CUST_000934,MOV_00476,2025-07-26,True
WL_0012987,CUST_000934,MOV_00240,2026-01-10,False
WL_0012988,CUST_000934,MOV_00102,2025-08-08,False
WL_0012989,CUST_000934,TVS_00041,2026-04-03,True
WL_0012990,CUST_000934,MOV_00303,2026-03-19,True
WL_0012991,CUST_000934,MOV_00201,2026-02-27,False
WL_0012992,CUST_000934,MOV_00313,2025-09-27,False
WL_0012993,CUST_000934,MOV_00168,2026-03-10,True
WL_0012994,CUST_000934,MOV_00401,2025-06-22,False
WL_0012995,CUST_000935,TVS_00068,2025-12-21,False
WL_0012996,CUST_000935,MOV_00244,2025-12-08,False
WL_0012997,CUST_000935,MOV_00068,2025-11-06,True
WL_0012998,CUST_000935,MOV_00102,2026-01-09,True
WL_0012999,CUST_000935,MOV_00490,2025-11-24,False
WL_0013000,CUST_000935,MOV_00308,2025-11-15,False
WL_0013001,CUST_000935,MOV_00219,2025-10-25,True
WL_0013002,CUST_000935,MOV_00054,2025-09-16,False
WL_0013003,CUST_000935,MOV_00438,2025-10-23,False
WL_0013004,CUST_000935,MOV_00416,2025-11-24,False
WL_0013005,CUST_000935,MOV_00416,2025-11-27,False
WL_0013006,CUST_000935,MOV_00148,2025-11-01,False
WL_0013007,CUST_000935,MOV_00285,2025-12-13,False
WL_0013008,CUST_000935,MOV_00014,2025-09-24,False
WL_0013009,CUST_000935,MOV_00406,2025-09-26,False
WL_0013010,CUST_000935,MOV_00493,2025-11-19,False
WL_0013011,CUST_000935,MOV_00415,2025-10-15,True
WL_0013012,CUST_000936,MOV_00436,2024-11-18,True
WL_0013013,CUST_000936,TVS_00052,2024-10-13,False
WL_0013014,CUST_000936,MOV_00392,2026-03-27,True
WL_0013015,CUST_000936,TVS_00073,2024-09-18,True
WL_0013016,CUST_000936,MOV_00426,2025-12-19,True
WL_0013017,CUST_000936,MOV_00163,2025-10-06,False
WL_0013018,CUST_000936,MOV_00231,2024-09-23,False
WL_0013019,CUST_000936,MOV_00161,2024-09-29,True
WL_0013020,CUST_000936,TVS_00043,2024-09-07,False
WL_0013021,CUST_000936,MOV_00318,2025-02-01,False
WL_0013022,CUST_000936,TVS_00051,2025-09-27,False
WL_0013023,CUST_000936,MOV_00362,2026-02-28,False
WL_0013024,CUST_000937,MOV_00081,2026-01-28,False
WL_0013025,CUST_000937,TVS_00093,2026-01-16,True
WL_0013026,CUST_000937,TVS_00093,2026-04-04,True
WL_0013027,CUST_000937,MOV_00007,2025-12-20,False
WL_0013028,CUST_000937,TVS_00196,2025-11-03,False
WL_0013029,CUST_000938,MOV_00309,2026-01-13,True
WL_0013030,CUST_000938,TVS_00060,2025-12-14,True
WL_0013031,CUST_000938,MOV_00437,2025-12-12,True
WL_0013032,CUST_000938,MOV_00307,2026-03-10,True
WL_0013033,CUST_000938,MOV_00141,2026-04-04,True
WL_0013034,CUST_000938,TVS_00177,2025-10-13,True
WL_0013035,CUST_000938,MOV_00347,2026-04-01,True
WL_0013036,CUST_000938,MOV_00006,2025-11-21,True
WL_0013037,CUST_000938,MOV_00044,2026-04-02,False
WL_0013038,CUST_000938,TVS_00140,2025-12-29,True
WL_0013039,CUST_000938,MOV_00067,2026-02-02,False
WL_0013040,CUST_000938,MOV_00006,2026-02-28,True
WL_0013041,CUST_000938,TVS_00179,2026-01-03,True
WL_0013042,CUST_000938,MOV_00273,2026-02-04,True
WL_0013043,CUST_000938,TVS_00005,2025-10-30,False
WL_0013044,CUST_000938,TVS_00046,2026-04-04,False
WL_0013045,CUST_000939,MOV_00413,2026-03-11,False
WL_0013046,CUST_000939,TVS_00048,2026-04-09,False
WL_0013047,CUST_000939,TVS_00016,2026-03-13,False
WL_0013048,CUST_000939,MOV_00164,2026-03-12,True
WL_0013049,CUST_000939,MOV_00421,2026-03-24,True
WL_0013050,CUST_000939,MOV_00457,2026-04-09,True
WL_0013051,CUST_000939,MOV_00254,2026-03-20,True
WL_0013052,CUST_000939,MOV_00339,2026-03-10,False
WL_0013053,CUST_000939,MOV_00209,2026-04-07,True
WL_0013054,CUST_000939,MOV_00451,2026-04-01,True
WL_0013055,CUST_000939,MOV_00388,2026-03-13,False
WL_0013056,CUST_000939,TVS_00091,2026-03-09,False
WL_0013057,CUST_000939,MOV_00182,2026-03-06,True
WL_0013058,CUST_000939,MOV_00055,2026-04-08,False
WL_0013059,CUST_000939,MOV_00048,2026-03-08,True
WL_0013060,CUST_000940,TVS_00084,2026-02-02,True
WL_0013061,CUST_000940,MOV_00073,2026-03-26,False
WL_0013062,CUST_000940,TVS_00198,2026-01-18,True
WL_0013063,CUST_000940,MOV_00000,2025-08-17,True
WL_0013064,CUST_000940,MOV_00272,2026-04-05,True
WL_0013065,CUST_000940,TVS_00192,2026-03-01,True
WL_0013066,CUST_000940,MOV_00245,2026-01-14,True
WL_0013067,CUST_000940,TVS_00000,2026-02-23,True
WL_0013068,CUST_000940,MOV_00219,2025-11-29,True
WL_0013069,CUST_000940,MOV_00497,2025-11-23,True
WL_0013070,CUST_000940,TVS_00061,2025-07-21,False
WL_0013071,CUST_000940,TVS_00058,2025-12-16,True
WL_0013072,CUST_000940,TVS_00198,2025-09-03,True
WL_0013073,CUST_000940,TVS_00057,2025-12-11,False
WL_0013074,CUST_000940,MOV_00373,2025-09-25,True
WL_0013075,CUST_000941,TVS_00125,2026-04-08,True
WL_0013076,CUST_000941,MOV_00479,2026-01-12,True
WL_0013077,CUST_000941,MOV_00175,2025-11-23,True
WL_0013078,CUST_000941,TVS_00105,2026-02-06,True
WL_0013079,CUST_000941,MOV_00110,2025-12-23,True
WL_0013080,CUST_000941,MOV_00267,2026-02-02,True
WL_0013081,CUST_000941,MOV_00375,2026-02-06,False
WL_0013082,CUST_000941,MOV_00023,2026-03-07,False
WL_0013083,CUST_000941,TVS_00052,2026-01-03,False
WL_0013084,CUST_000941,TVS_00195,2026-03-29,True
WL_0013085,CUST_000941,MOV_00405,2026-03-10,True
WL_0013086,CUST_000941,MOV_00069,2025-12-17,True
WL_0013087,CUST_000941,MOV_00224,2026-01-22,False
WL_0013088,CUST_000941,MOV_00481,2025-11-26,True
WL_0013089,CUST_000942,TVS_00127,2024-08-04,True
WL_0013090,CUST_000942,TVS_00063,2024-08-27,True
WL_0013091,CUST_000942,MOV_00435,2024-07-09,True
WL_0013092,CUST_000942,TVS_00030,2024-09-24,False
WL_0013093,CUST_000942,MOV_00478,2024-11-09,True
WL_0013094,CUST_000942,MOV_00114,2024-12-15,True
WL_0013095,CUST_000942,MOV_00476,2024-07-17,True
WL_0013096,CUST_000943,MOV_00148,2024-10-16,False
WL_0013097,CUST_000943,TVS_00123,2024-10-07,False
WL_0013098,CUST_000943,TVS_00099,2024-11-17,False
WL_0013099,CUST_000943,MOV_00272,2024-11-15,True
WL_0013100,CUST_000943,TVS_00069,2024-10-23,True
WL_0013101,CUST_000943,MOV_00253,2024-10-29,True
WL_0013102,CUST_000943,MOV_00028,2024-11-02,True
WL_0013103,CUST_000943,TVS_00047,2024-10-01,False
WL_0013104,CUST_000943,MOV_00030,2024-10-06,False
WL_0013105,CUST_000943,MOV_00433,2024-10-14,False
WL_0013106,CUST_000943,TVS_00104,2024-09-21,False
WL_0013107,CUST_000943,MOV_00342,2024-10-14,False
WL_0013108,CUST_000943,TVS_00100,2024-10-03,False
WL_0013109,CUST_000943,MOV_00432,2024-11-04,True
WL_0013110,CUST_000943,MOV_00042,2024-09-15,False
WL_0013111,CUST_000943,TVS_00194,2024-09-22,True
WL_0013112,CUST_000944,MOV_00159,2025-05-15,True
WL_0013113,CUST_000944,MOV_00446,2025-12-06,True
WL_0013114,CUST_000944,MOV_00066,2025-05-07,True
WL_0013115,CUST_000944,MOV_00133,2025-12-02,False
WL_0013116,CUST_000944,MOV_00348,2025-12-30,True
WL_0013117,CUST_000944,TVS_00022,2025-05-25,True
WL_0013118,CUST_000944,MOV_00039,2025-01-13,True
WL_0013119,CUST_000944,TVS_00087,2026-02-17,True
WL_0013120,CUST_000944,MOV_00486,2025-04-22,True
WL_0013121,CUST_000945,MOV_00264,2025-08-27,False
WL_0013122,CUST_000945,MOV_00353,2025-02-13,False
WL_0013123,CUST_000945,MOV_00462,2025-10-06,False
WL_0013124,CUST_000945,MOV_00066,2025-03-28,True
WL_0013125,CUST_000945,TVS_00117,2025-08-12,False
WL_0013126,CUST_000945,TVS_00160,2025-03-24,True
WL_0013127,CUST_000945,MOV_00023,2025-07-21,True
WL_0013128,CUST_000945,MOV_00305,2025-12-13,True
WL_0013129,CUST_000945,MOV_00149,2026-02-04,True
WL_0013130,CUST_000945,MOV_00118,2025-09-07,True
WL_0013131,CUST_000945,MOV_00080,2025-09-26,False
WL_0013132,CUST_000945,TVS_00184,2025-07-30,True
WL_0013133,CUST_000945,MOV_00118,2026-02-07,True
WL_0013134,CUST_000945,MOV_00462,2025-12-28,False
WL_0013135,CUST_000945,TVS_00174,2026-03-08,False
WL_0013136,CUST_000945,MOV_00157,2025-03-27,True
WL_0013137,CUST_000945,MOV_00104,2026-01-20,False
WL_0013138,CUST_000945,MOV_00103,2025-08-11,True
WL_0013139,CUST_000945,MOV_00196,2025-03-26,True
WL_0013140,CUST_000946,MOV_00331,2026-03-05,True
WL_0013141,CUST_000946,MOV_00132,2026-03-11,False
WL_0013142,CUST_000946,MOV_00326,2025-09-23,False
WL_0013143,CUST_000946,MOV_00009,2025-08-30,True
WL_0013144,CUST_000946,MOV_00341,2025-08-20,False
WL_0013145,CUST_000946,TVS_00059,2025-10-30,True
WL_0013146,CUST_000946,MOV_00341,2025-10-13,True
WL_0013147,CUST_000947,MOV_00257,2025-07-20,True
WL_0013148,CUST_000947,TVS_00001,2025-02-12,False
WL_0013149,CUST_000947,MOV_00189,2025-12-08,False
WL_0013150,CUST_000947,MOV_00070,2025-06-07,True
WL_0013151,CUST_000947,MOV_00456,2025-03-28,True
WL_0013152,CUST_000947,MOV_00046,2026-01-27,False
WL_0013153,CUST_000947,MOV_00358,2025-02-04,True
WL_0013154,CUST_000947,MOV_00434,2025-09-02,False
WL_0013155,CUST_000947,MOV_00166,2025-12-20,True
WL_0013156,CUST_000947,MOV_00111,2025-08-13,True
WL_0013157,CUST_000947,MOV_00403,2025-07-09,True
WL_0013158,CUST_000947,MOV_00296,2025-06-15,False
WL_0013159,CUST_000947,MOV_00481,2025-08-29,True
WL_0013160,CUST_000947,MOV_00256,2025-05-08,True
WL_0013161,CUST_000947,MOV_00424,2026-04-08,False
WL_0013162,CUST_000947,MOV_00065,2025-06-07,True
WL_0013163,CUST_000947,MOV_00451,2025-02-01,True
WL_0013164,CUST_000948,MOV_00291,2026-01-19,True
WL_0013165,CUST_000948,MOV_00261,2025-11-10,True
WL_0013166,CUST_000948,MOV_00384,2025-12-14,True
WL_0013167,CUST_000948,TVS_00022,2025-06-08,True
WL_0013168,CUST_000948,TVS_00120,2026-02-02,False
WL_0013169,CUST_000948,MOV_00195,2026-03-18,True
WL_0013170,CUST_000948,TVS_00153,2025-09-03,False
WL_0013171,CUST_000948,MOV_00339,2026-03-14,False
WL_0013172,CUST_000948,TVS_00151,2025-10-20,True
WL_0013173,CUST_000948,TVS_00047,2025-11-25,False
WL_0013174,CUST_000948,MOV_00057,2026-02-25,True
WL_0013175,CUST_000948,MOV_00356,2025-12-10,True
WL_0013176,CUST_000948,TVS_00185,2025-06-15,True
WL_0013177,CUST_000948,MOV_00282,2025-10-04,False
WL_0013178,CUST_000948,MOV_00099,2025-06-17,True
WL_0013179,CUST_000948,MOV_00326,2025-08-12,True
WL_0013180,CUST_000948,MOV_00255,2025-07-10,False
WL_0013181,CUST_000948,MOV_00159,2025-09-22,True
WL_0013182,CUST_000948,MOV_00228,2026-03-05,True
WL_0013183,CUST_000948,MOV_00011,2026-03-16,True
WL_0013184,CUST_000948,MOV_00115,2025-08-17,False
WL_0013185,CUST_000948,MOV_00115,2025-06-07,False
WL_0013186,CUST_000949,MOV_00269,2025-08-23,True
WL_0013187,CUST_000949,MOV_00177,2026-03-01,True
WL_0013188,CUST_000949,MOV_00269,2026-02-25,True
WL_0013189,CUST_000949,TVS_00108,2025-06-18,True
WL_0013190,CUST_000949,TVS_00126,2025-10-16,True
WL_0013191,CUST_000949,MOV_00116,2026-01-18,False
WL_0013192,CUST_000949,TVS_00002,2025-07-18,True
WL_0013193,CUST_000949,MOV_00431,2026-04-09,True
WL_0013194,CUST_000950,MOV_00481,2024-10-26,True
WL_0013195,CUST_000950,TVS_00123,2025-10-19,False
WL_0013196,CUST_000950,TVS_00178,2025-08-01,True
WL_0013197,CUST_000951,TVS_00030,2026-10-12,True
WL_0013198,CUST_000951,TVS_00199,2026-04-09,False
WL_0013199,CUST_000951,TVS_00028,2026-10-09,False
WL_0013200,CUST_000951,TVS_00028,2026-06-11,False
WL_0013201,CUST_000951,MOV_00435,2026-07-19,False
WL_0013202,CUST_000951,MOV_00246,2026-07-31,False
WL_0013203,CUST_000952,MOV_00336,2025-05-03,True
WL_0013204,CUST_000952,MOV_00171,2025-12-26,True
WL_0013205,CUST_000952,TVS_00050,2026-02-09,False
WL_0013206,CUST_000952,MOV_00268,2025-12-15,False
WL_0013207,CUST_000952,TVS_00164,2025-05-14,False
WL_0013208,CUST_000952,MOV_00108,2026-03-15,True
WL_0013209,CUST_000952,MOV_00492,2026-03-07,False
WL_0013210,CUST_000952,MOV_00231,2025-04-25,True
WL_0013211,CUST_000952,MOV_00336,2025-09-30,True
WL_0013212,CUST_000952,MOV_00282,2025-09-21,True
WL_0013213,CUST_000952,MOV_00361,2025-10-09,False
WL_0013214,CUST_000952,MOV_00370,2025-10-01,False
WL_0013215,CUST_000952,MOV_00366,2025-12-10,True
WL_0013216,CUST_000952,MOV_00308,2025-09-14,True
WL_0013217,CUST_000952,MOV_00247,2025-07-27,False
WL_0013218,CUST_000952,MOV_00411,2026-01-26,True
WL_0013219,CUST_000952,TVS_00007,2025-08-22,False
WL_0013220,CUST_000952,MOV_00426,2026-03-23,True
WL_0013221,CUST_000952,MOV_00384,2025-06-26,True
WL_0013222,CUST_000952,MOV_00150,2025-07-07,True
WL_0013223,CUST_000952,MOV_00477,2025-12-26,False
WL_0013224,CUST_000952,MOV_00400,2026-01-17,True
WL_0013225,CUST_000952,MOV_00457,2026-02-01,True
WL_0013226,CUST_000952,TVS_00106,2026-01-21,True
WL_0013227,CUST_000953,TVS_00089,2025-05-24,False
WL_0013228,CUST_000953,MOV_00064,2025-10-06,False
WL_0013229,CUST_000953,MOV_00307,2024-12-09,False
WL_0013230,CUST_000953,MOV_00010,2024-09-30,True
WL_0013231,CUST_000953,MOV_00471,2026-03-13,True
WL_0013232,CUST_000953,MOV_00474,2024-11-07,True
WL_0013233,CUST_000953,TVS_00081,2025-08-16,True
WL_0013234,CUST_000953,MOV_00041,2025-02-14,True
WL_0013235,CUST_000953,MOV_00301,2024-11-03,True
WL_0013236,CUST_000953,MOV_00189,2025-08-17,True
WL_0013237,CUST_000954,MOV_00082,2026-05-08,True
WL_0013238,CUST_000954,MOV_00005,2026-06-22,False
WL_0013239,CUST_000954,TVS_00000,2026-04-06,True
WL_0013240,CUST_000954,MOV_00282,2026-07-01,True
WL_0013241,CUST_000954,MOV_00296,2026-02-22,True
WL_0013242,CUST_000954,MOV_00188,2026-04-13,True
WL_0013243,CUST_000954,MOV_00258,2026-02-22,False
WL_0013244,CUST_000954,TVS_00006,2026-04-07,False
WL_0013245,CUST_000954,MOV_00496,2026-05-31,False
WL_0013246,CUST_000954,MOV_00365,2026-02-19,False
WL_0013247,CUST_000954,MOV_00118,2026-05-06,True
WL_0013248,CUST_000955,MOV_00413,2025-07-21,True
WL_0013249,CUST_000955,TVS_00137,2025-07-20,False
WL_0013250,CUST_000955,MOV_00010,2026-02-08,True
WL_0013251,CUST_000955,MOV_00277,2025-08-27,True
WL_0013252,CUST_000955,MOV_00098,2026-03-12,True
WL_0013253,CUST_000955,MOV_00473,2026-02-17,False
WL_0013254,CUST_000955,TVS_00049,2025-04-28,True
WL_0013255,CUST_000955,MOV_00381,2025-09-23,False
WL_0013256,CUST_000955,MOV_00459,2026-01-27,True
WL_0013257,CUST_000955,TVS_00005,2026-03-24,True
WL_0013258,CUST_000955,MOV_00134,2025-10-18,False
WL_0013259,CUST_000955,MOV_00036,2026-02-27,True
WL_0013260,CUST_000955,MOV_00060,2025-12-24,True
WL_0013261,CUST_000955,MOV_00368,2025-04-23,False
WL_0013262,CUST_000955,MOV_00474,2025-07-31,True
WL_0013263,CUST_000955,TVS_00049,2025-07-04,True
WL_0013264,CUST_000956,MOV_00496,2024-08-26,False
WL_0013265,CUST_000956,MOV_00404,2025-01-14,True
WL_0013266,CUST_000956,TVS_00172,2024-10-02,False
WL_0013267,CUST_000956,TVS_00150,2024-10-07,False
WL_0013268,CUST_000956,MOV_00285,2024-07-28,True
WL_0013269,CUST_000956,MOV_00303,2024-12-13,False
WL_0013270,CUST_000956,MOV_00033,2024-12-04,True
WL_0013271,CUST_000956,TVS_00173,2024-07-31,True
WL_0013272,CUST_000956,MOV_00414,2025-01-26,True
WL_0013273,CUST_000956,MOV_00399,2024-09-12,True
WL_0013274,CUST_000956,MOV_00300,2024-08-17,True
WL_0013275,CUST_000957,TVS_00109,2024-12-28,False
WL_0013276,CUST_000957,TVS_00187,2025-03-06,True
WL_0013277,CUST_000957,TVS_00073,2025-07-10,True
WL_0013278,CUST_000957,TVS_00108,2025-08-19,True
WL_0013279,CUST_000957,MOV_00184,2025-04-04,False
WL_0013280,CUST_000958,TVS_00018,2026-04-07,False
WL_0013281,CUST_000958,MOV_00159,2026-03-06,True
WL_0013282,CUST_000958,MOV_00324,2025-11-22,True
WL_0013283,CUST_000958,MOV_00209,2026-02-19,True
WL_0013284,CUST_000958,MOV_00262,2025-12-17,False
WL_0013285,CUST_000958,TVS_00099,2025-10-29,True
WL_0013286,CUST_000958,TVS_00022,2026-03-31,True
WL_0013287,CUST_000958,MOV_00035,2026-03-18,False
WL_0013288,CUST_000958,MOV_00411,2026-01-13,True
WL_0013289,CUST_000958,TVS_00135,2025-09-30,True
WL_0013290,CUST_000959,MOV_00289,2025-04-13,True
WL_0013291,CUST_000959,MOV_00475,2024-12-09,True
WL_0013292,CUST_000959,MOV_00091,2025-07-28,True
WL_0013293,CUST_000959,MOV_00091,2025-04-02,True
WL_0013294,CUST_000959,MOV_00130,2024-12-17,True
WL_0013295,CUST_000959,TVS_00187,2025-05-01,True
WL_0013296,CUST_000959,MOV_00305,2025-07-30,True
WL_0013297,CUST_000959,MOV_00028,2025-06-10,False
WL_0013298,CUST_000959,TVS_00100,2025-09-04,True
WL_0013299,CUST_000959,TVS_00075,2026-01-01,True
WL_0013300,CUST_000959,MOV_00352,2024-10-26,True
WL_0013301,CUST_000959,MOV_00028,2025-05-06,False
WL_0013302,CUST_000959,MOV_00337,2025-11-20,True
WL_0013303,CUST_000959,MOV_00189,2025-02-19,True
WL_0013304,CUST_000959,MOV_00059,2024-12-20,False
WL_0013305,CUST_000959,MOV_00188,2026-02-17,True
WL_0013306,CUST_000959,MOV_00442,2025-11-04,True
WL_0013307,CUST_000959,MOV_00050,2024-12-24,True
WL_0013308,CUST_000959,MOV_00374,2025-06-15,True
WL_0013309,CUST_000959,MOV_00148,2025-05-27,True
WL_0013310,CUST_000959,MOV_00411,2026-02-04,True
WL_0013311,CUST_000959,MOV_00411,2026-02-28,False
WL_0013312,CUST_000960,MOV_00430,2025-12-15,False
WL_0013313,CUST_000960,TVS_00038,2026-02-14,True
WL_0013314,CUST_000960,TVS_00159,2026-01-24,False
WL_0013315,CUST_000960,MOV_00369,2026-03-26,False
WL_0013316,CUST_000960,MOV_00149,2026-02-09,False
WL_0013317,CUST_000960,TVS_00118,2026-03-05,False
WL_0013318,CUST_000960,MOV_00296,2026-03-14,True
WL_0013319,CUST_000960,TVS_00008,2026-03-05,True
WL_0013320,CUST_000961,MOV_00328,2026-03-17,False
WL_0013321,CUST_000961,MOV_00225,2026-02-22,False
WL_0013322,CUST_000961,TVS_00019,2026-03-13,False
WL_0013323,CUST_000961,MOV_00386,2026-03-20,False
WL_0013324,CUST_000961,TVS_00131,2026-02-14,False
WL_0013325,CUST_000961,TVS_00131,2026-03-20,False
WL_0013326,CUST_000961,MOV_00296,2026-03-13,True
WL_0013327,CUST_000961,MOV_00287,2026-03-11,True
WL_0013328,CUST_000961,MOV_00430,2026-02-24,False
WL_0013329,CUST_000961,MOV_00283,2026-03-07,False
WL_0013330,CUST_000961,MOV_00419,2026-03-05,True
WL_0013331,CUST_000961,MOV_00453,2026-03-31,False
WL_0013332,CUST_000961,TVS_00174,2026-03-27,False
WL_0013333,CUST_000961,MOV_00385,2026-04-06,True
WL_0013334,CUST_000961,TVS_00116,2026-04-11,False
WL_0013335,CUST_000961,TVS_00109,2026-02-28,True
WL_0013336,CUST_000962,MOV_00383,2025-05-20,True
WL_0013337,CUST_000962,MOV_00499,2024-11-26,False
WL_0013338,CUST_000962,MOV_00226,2024-08-21,True
WL_0013339,CUST_000962,MOV_00258,2025-04-19,False
WL_0013340,CUST_000962,MOV_00114,2025-03-30,True
WL_0013341,CUST_000963,MOV_00304,2026-03-23,True
WL_0013342,CUST_000963,TVS_00086,2024-04-30,False
WL_0013343,CUST_000963,MOV_00130,2024-11-01,False
WL_0013344,CUST_000964,TVS_00062,2025-05-04,True
WL_0013345,CUST_000964,MOV_00002,2025-10-13,True
WL_0013346,CUST_000964,MOV_00248,2025-04-15,True
WL_0013347,CUST_000964,MOV_00496,2025-01-13,True
WL_0013348,CUST_000964,MOV_00391,2025-03-09,False
WL_0013349,CUST_000964,MOV_00186,2024-12-25,True
WL_0013350,CUST_000964,MOV_00439,2024-10-24,False
WL_0013351,CUST_000964,MOV_00129,2025-04-08,True
WL_0013352,CUST_000964,MOV_00157,2025-03-30,True
WL_0013353,CUST_000965,TVS_00175,2025-10-22,True
WL_0013354,CUST_000965,TVS_00017,2025-11-01,True
WL_0013355,CUST_000965,MOV_00311,2025-09-25,True
WL_0013356,CUST_000965,TVS_00175,2024-12-29,True
WL_0013357,CUST_000965,TVS_00175,2026-01-16,True
WL_0013358,CUST_000965,MOV_00243,2025-06-17,True
WL_0013359,CUST_000965,MOV_00430,2025-10-14,False
WL_0013360,CUST_000965,MOV_00327,2025-02-14,True
WL_0013361,CUST_000965,MOV_00239,2025-03-11,False
WL_0013362,CUST_000965,TVS_00188,2025-05-28,False
WL_0013363,CUST_000965,MOV_00493,2025-11-07,True
WL_0013364,CUST_000965,MOV_00082,2025-12-29,False
WL_0013365,CUST_000965,MOV_00479,2024-12-30,True
WL_0013366,CUST_000965,MOV_00004,2026-03-06,False
WL_0013367,CUST_000965,MOV_00316,2025-12-07,True
WL_0013368,CUST_000965,TVS_00057,2024-12-10,False
WL_0013369,CUST_000965,TVS_00132,2025-01-02,True
WL_0013370,CUST_000965,MOV_00373,2025-11-24,True
WL_0013371,CUST_000965,MOV_00416,2025-02-10,False
WL_0013372,CUST_000965,TVS_00100,2025-01-20,True
WL_0013373,CUST_000965,MOV_00267,2026-01-29,True
WL_0013374,CUST_000966,MOV_00218,2024-07-04,True
WL_0013375,CUST_000966,MOV_00036,2024-09-24,True
WL_0013376,CUST_000966,MOV_00405,2024-09-13,False
WL_0013377,CUST_000966,MOV_00164,2025-03-03,False
WL_0013378,CUST_000966,MOV_00367,2025-03-22,False
WL_0013379,CUST_000966,TVS_00073,2025-10-23,False
WL_0013380,CUST_000966,MOV_00320,2026-04-11,False
WL_0013381,CUST_000966,MOV_00490,2026-01-03,False
WL_0013382,CUST_000966,TVS_00071,2025-03-19,True
WL_0013383,CUST_000966,MOV_00402,2025-11-25,False
WL_0013384,CUST_000966,TVS_00067,2025-11-27,True
WL_0013385,CUST_000966,TVS_00119,2025-11-16,True
WL_0013386,CUST_000966,MOV_00011,2025-07-16,False
WL_0013387,CUST_000966,MOV_00303,2025-08-05,False
WL_0013388,CUST_000966,TVS_00108,2024-10-30,True
WL_0013389,CUST_000966,TVS_00190,2025-04-11,False
WL_0013390,CUST_000966,TVS_00026,2025-02-25,False
WL_0013391,CUST_000966,MOV_00011,2024-09-22,True
WL_0013392,CUST_000966,MOV_00142,2025-01-20,False
WL_0013393,CUST_000967,MOV_00451,2026-03-27,False
WL_0013394,CUST_000967,MOV_00449,2026-03-31,True
WL_0013395,CUST_000967,MOV_00062,2026-04-06,False
WL_0013396,CUST_000967,TVS_00187,2026-03-27,False
WL_0013397,CUST_000967,MOV_00028,2026-04-01,True
WL_0013398,CUST_000967,MOV_00278,2026-03-25,False
WL_0013399,CUST_000967,TVS_00182,2026-04-10,False
WL_0013400,CUST_000967,MOV_00261,2026-04-11,False
WL_0013401,CUST_000967,MOV_00393,2026-03-31,True
WL_0013402,CUST_000967,TVS_00153,2026-03-26,False
WL_0013403,CUST_000967,MOV_00127,2026-03-25,True
WL_0013404,CUST_000967,MOV_00434,2026-03-25,True
WL_0013405,CUST_000967,MOV_00389,2026-04-04,False
WL_0013406,CUST_000967,TVS_00188,2026-04-04,True
WL_0013407,CUST_000967,MOV_00281,2026-04-10,False
WL_0013408,CUST_000967,TVS_00174,2026-04-08,False
WL_0013409,CUST_000967,MOV_00088,2026-03-26,False
WL_0013410,CUST_000968,TVS_00127,2026-03-16,True
WL_0013411,CUST_000968,MOV_00441,2025-02-03,True
WL_0013412,CUST_000968,MOV_00401,2025-12-30,False
WL_0013413,CUST_000968,MOV_00192,2025-12-28,True
WL_0013414,CUST_000968,MOV_00195,2024-08-20,True
WL_0013415,CUST_000968,MOV_00488,2025-02-09,True
WL_0013416,CUST_000968,MOV_00439,2025-08-14,True
WL_0013417,CUST_000969,MOV_00442,2026-03-10,True
WL_0013418,CUST_000969,MOV_00184,2025-07-26,False
WL_0013419,CUST_000969,TVS_00048,2025-06-28,True
WL_0013420,CUST_000969,TVS_00191,2025-07-11,True
WL_0013421,CUST_000969,MOV_00477,2025-12-06,False
WL_0013422,CUST_000969,TVS_00129,2026-03-03,False
WL_0013423,CUST_000969,MOV_00223,2025-07-25,True
WL_0013424,CUST_000969,MOV_00304,2025-09-14,True
WL_0013425,CUST_000969,TVS_00048,2025-12-08,True
WL_0013426,CUST_000969,MOV_00316,2026-01-31,False
WL_0013427,CUST_000969,MOV_00254,2025-08-06,True
WL_0013428,CUST_000969,TVS_00186,2025-07-31,True
WL_0013429,CUST_000969,MOV_00089,2025-11-25,True
WL_0013430,CUST_000969,MOV_00304,2025-12-03,True
WL_0013431,CUST_000969,MOV_00254,2025-12-20,True
WL_0013432,CUST_000970,MOV_00495,2026-01-22,False
WL_0013433,CUST_000970,MOV_00233,2026-02-28,False
WL_0013434,CUST_000970,MOV_00095,2026-01-14,False
WL_0013435,CUST_000970,TVS_00005,2025-09-09,True
WL_0013436,CUST_000970,MOV_00435,2026-02-02,False
WL_0013437,CUST_000970,MOV_00436,2025-09-03,False
WL_0013438,CUST_000970,MOV_00432,2025-11-11,True
WL_0013439,CUST_000970,MOV_00361,2025-08-12,True
WL_0013440,CUST_000970,MOV_00275,2026-02-22,False
WL_0013441,CUST_000971,MOV_00477,2024-12-01,False
WL_0013442,CUST_000971,MOV_00377,2026-02-10,True
WL_0013443,CUST_000971,MOV_00118,2026-01-05,True
WL_0013444,CUST_000971,MOV_00001,2024-08-03,True
WL_0013445,CUST_000971,MOV_00498,2026-01-30,True
WL_0013446,CUST_000971,TVS_00086,2025-07-04,True
WL_0013447,CUST_000971,MOV_00066,2024-12-30,False
WL_0013448,CUST_000971,MOV_00240,2024-09-29,False
WL_0013449,CUST_000971,MOV_00298,2026-01-14,True
WL_0013450,CUST_000971,TVS_00143,2024-10-09,False
WL_0013451,CUST_000971,TVS_00104,2025-01-26,True
WL_0013452,CUST_000971,MOV_00249,2026-01-10,True
WL_0013453,CUST_000971,MOV_00401,2026-03-08,False
WL_0013454,CUST_000971,MOV_00133,2025-03-29,True
WL_0013455,CUST_000972,MOV_00476,2025-12-26,True
WL_0013456,CUST_000972,TVS_00136,2025-08-12,True
WL_0013457,CUST_000972,MOV_00039,2025-08-01,False
WL_0013458,CUST_000972,MOV_00455,2025-08-03,False
WL_0013459,CUST_000972,MOV_00097,2026-01-21,False
WL_0013460,CUST_000972,MOV_00330,2025-11-02,True
WL_0013461,CUST_000972,MOV_00284,2026-02-19,True
WL_0013462,CUST_000972,MOV_00313,2025-08-30,False
WL_0013463,CUST_000973,MOV_00373,2024-10-28,False
WL_0013464,CUST_000973,TVS_00131,2024-06-15,False
WL_0013465,CUST_000973,MOV_00382,2024-04-29,True
WL_0013466,CUST_000973,TVS_00185,2024-10-24,False
WL_0013467,CUST_000973,MOV_00367,2024-08-19,False
WL_0013468,CUST_000973,TVS_00093,2024-09-08,False
WL_0013469,CUST_000973,MOV_00110,2024-12-24,True
WL_0013470,CUST_000973,MOV_00322,2024-12-05,True
WL_0013471,CUST_000973,MOV_00041,2024-10-18,False
WL_0013472,CUST_000973,MOV_00425,2024-08-01,False
WL_0013473,CUST_000973,MOV_00328,2024-12-04,False
WL_0013474,CUST_000973,MOV_00217,2024-05-05,False
WL_0013475,CUST_000973,MOV_00233,2024-09-01,False
WL_0013476,CUST_000973,MOV_00251,2024-12-07,False
WL_0013477,CUST_000973,TVS_00179,2024-08-03,True
WL_0013478,CUST_000973,MOV_00475,2024-11-16,False
WL_0013479,CUST_000973,TVS_00063,2025-01-12,False
WL_0013480,CUST_000973,MOV_00381,2024-07-01,True
WL_0013481,CUST_000973,MOV_00205,2024-08-03,False
WL_0013482,CUST_000973,MOV_00139,2024-05-22,False
WL_0013483,CUST_000973,MOV_00358,2024-10-23,False
WL_0013484,CUST_000973,MOV_00273,2024-11-05,True
WL_0013485,CUST_000973,MOV_00270,2024-11-26,False
WL_0013486,CUST_000973,TVS_00118,2025-01-12,False
WL_0013487,CUST_000973,MOV_00006,2025-02-11,False
WL_0013488,CUST_000974,MOV_00392,2026-02-24,True
WL_0013489,CUST_000974,TVS_00104,2026-04-10,True
WL_0013490,CUST_000974,TVS_00114,2026-02-24,False
WL_0013491,CUST_000974,TVS_00040,2026-01-21,True
WL_0013492,CUST_000974,TVS_00193,2026-02-02,True
WL_0013493,CUST_000974,MOV_00083,2026-03-01,True
WL_0013494,CUST_000974,MOV_00355,2026-03-29,True
WL_0013495,CUST_000974,MOV_00365,2026-04-03,True
WL_0013496,CUST_000974,MOV_00033,2026-02-08,False
WL_0013497,CUST_000974,MOV_00465,2026-03-06,True
WL_0013498,CUST_000974,TVS_00007,2026-02-03,False
WL_0013499,CUST_000974,MOV_00325,2026-01-15,True
WL_0013500,CUST_000974,MOV_00227,2026-03-07,False
WL_0013501,CUST_000974,MOV_00200,2026-02-11,True
WL_0013502,CUST_000974,MOV_00365,2026-03-03,True
WL_0013503,CUST_000974,MOV_00201,2026-01-24,False
WL_0013504,CUST_000974,MOV_00370,2025-12-29,True
WL_0013505,CUST_000974,MOV_00159,2026-02-13,True
WL_0013506,CUST_000974,MOV_00172,2026-01-08,False
WL_0013507,CUST_000975,MOV_00165,2025-08-20,True
WL_0013508,CUST_000975,TVS_00063,2024-10-27,False
WL_0013509,CUST_000975,TVS_00115,2026-01-16,True
WL_0013510,CUST_000975,MOV_00363,2024-10-28,True
WL_0013511,CUST_000975,MOV_00294,2026-01-13,True
WL_0013512,CUST_000975,MOV_00425,2025-10-01,True
WL_0013513,CUST_000975,MOV_00412,2026-01-12,True
WL_0013514,CUST_000975,TVS_00085,2026-03-26,True
WL_0013515,CUST_000975,MOV_00098,2025-07-26,True
WL_0013516,CUST_000975,MOV_00368,2025-12-17,False
WL_0013517,CUST_000975,MOV_00363,2024-09-17,True
WL_0013518,CUST_000975,TVS_00087,2025-07-31,True
WL_0013519,CUST_000975,MOV_00091,2024-11-19,False
WL_0013520,CUST_000975,MOV_00320,2024-09-19,True
WL_0013521,CUST_000975,TVS_00061,2026-02-20,True
WL_0013522,CUST_000975,MOV_00127,2026-02-10,True
WL_0013523,CUST_000975,TVS_00055,2026-01-07,False
WL_0013524,CUST_000976,TVS_00089,2026-01-22,True
WL_0013525,CUST_000976,TVS_00021,2025-03-20,False
WL_0013526,CUST_000976,MOV_00186,2025-08-06,False
WL_0013527,CUST_000976,TVS_00024,2025-03-25,False
WL_0013528,CUST_000976,MOV_00294,2025-12-27,True
WL_0013529,CUST_000976,MOV_00315,2025-06-19,True
WL_0013530,CUST_000976,MOV_00356,2026-03-28,False
WL_0013531,CUST_000976,MOV_00400,2025-09-03,True
WL_0013532,CUST_000976,TVS_00097,2024-11-09,False
WL_0013533,CUST_000976,TVS_00031,2025-09-19,True
WL_0013534,CUST_000976,MOV_00213,2025-09-02,False
WL_0013535,CUST_000976,MOV_00339,2024-12-18,False
WL_0013536,CUST_000976,MOV_00342,2025-03-24,True
WL_0013537,CUST_000976,MOV_00035,2025-04-29,False
WL_0013538,CUST_000976,MOV_00357,2025-09-09,True
WL_0013539,CUST_000976,MOV_00281,2026-01-25,False
WL_0013540,CUST_000976,MOV_00082,2025-03-27,True
WL_0013541,CUST_000976,MOV_00480,2025-08-26,False
WL_0013542,CUST_000976,MOV_00009,2025-09-02,True
WL_0013543,CUST_000976,MOV_00456,2026-01-19,True
WL_0013544,CUST_000976,MOV_00317,2024-09-04,True
WL_0013545,CUST_000976,MOV_00492,2025-07-02,False
WL_0013546,CUST_000976,MOV_00368,2026-03-13,False
WL_0013547,CUST_000976,MOV_00201,2025-09-07,False
WL_0013548,CUST_000977,MOV_00292,2025-09-24,False
WL_0013549,CUST_000977,TVS_00064,2026-02-24,False
WL_0013550,CUST_000977,MOV_00282,2025-10-10,True
WL_0013551,CUST_000977,TVS_00068,2026-01-06,True
WL_0013552,CUST_000977,MOV_00113,2025-11-24,True
WL_0013553,CUST_000977,MOV_00074,2025-08-26,True
WL_0013554,CUST_000977,MOV_00286,2026-04-09,True
WL_0013555,CUST_000977,TVS_00020,2025-06-03,False
WL_0013556,CUST_000977,MOV_00118,2025-09-06,False
WL_0013557,CUST_000977,MOV_00336,2026-03-26,True
WL_0013558,CUST_000977,MOV_00029,2025-12-06,True
WL_0013559,CUST_000977,MOV_00092,2026-04-11,True
WL_0013560,CUST_000977,MOV_00012,2025-09-02,False
WL_0013561,CUST_000977,MOV_00477,2026-03-22,True
WL_0013562,CUST_000977,MOV_00070,2025-10-30,False
WL_0013563,CUST_000977,TVS_00093,2025-06-27,True
WL_0013564,CUST_000977,MOV_00410,2025-07-03,False
WL_0013565,CUST_000977,MOV_00093,2025-08-21,True
WL_0013566,CUST_000977,TVS_00142,2026-01-30,False
WL_0013567,CUST_000977,MOV_00480,2025-12-30,False
WL_0013568,CUST_000977,MOV_00446,2026-01-18,True
WL_0013569,CUST_000977,MOV_00158,2025-06-25,True
WL_0013570,CUST_000977,MOV_00061,2026-03-02,True
WL_0013571,CUST_000978,MOV_00160,2025-09-17,True
WL_0013572,CUST_000978,TVS_00153,2025-09-16,False
WL_0013573,CUST_000978,MOV_00262,2025-06-20,False
WL_0013574,CUST_000978,MOV_00407,2025-11-07,True
WL_0013575,CUST_000978,TVS_00006,2025-01-15,True
WL_0013576,CUST_000978,MOV_00166,2025-12-08,True
WL_0013577,CUST_000978,TVS_00113,2025-09-04,True
WL_0013578,CUST_000978,MOV_00451,2025-12-21,False
WL_0013579,CUST_000978,MOV_00428,2026-01-25,True
WL_0013580,CUST_000978,MOV_00483,2025-12-29,False
WL_0013581,CUST_000978,MOV_00224,2026-03-19,False
WL_0013582,CUST_000978,TVS_00005,2025-11-07,True
WL_0013583,CUST_000978,MOV_00354,2025-08-28,False
WL_0013584,CUST_000978,MOV_00274,2025-03-21,False
WL_0013585,CUST_000978,MOV_00377,2025-07-11,True
WL_0013586,CUST_000978,MOV_00470,2025-09-04,True
WL_0013587,CUST_000978,TVS_00059,2025-11-28,True
WL_0013588,CUST_000978,TVS_00005,2025-12-02,True
WL_0013589,CUST_000978,TVS_00135,2025-01-28,True
WL_0013590,CUST_000979,MOV_00389,2026-03-10,False
WL_0013591,CUST_000979,MOV_00278,2026-03-29,False
WL_0013592,CUST_000979,MOV_00246,2026-02-28,True
WL_0013593,CUST_000979,TVS_00129,2026-04-05,True
WL_0013594,CUST_000979,MOV_00405,2026-03-26,True
WL_0013595,CUST_000979,MOV_00262,2026-03-13,False
WL_0013596,CUST_000979,TVS_00050,2026-03-12,False
WL_0013597,CUST_000979,MOV_00388,2026-03-31,True
WL_0013598,CUST_000979,MOV_00373,2026-04-09,True
WL_0013599,CUST_000980,MOV_00339,2026-04-10,True
WL_0013600,CUST_000980,TVS_00158,2026-04-03,True
WL_0013601,CUST_000980,MOV_00233,2026-04-02,True
WL_0013602,CUST_000980,MOV_00081,2026-04-07,True
WL_0013603,CUST_000980,TVS_00040,2026-04-03,False
WL_0013604,CUST_000980,MOV_00459,2026-04-10,False
WL_0013605,CUST_000980,MOV_00123,2026-04-05,False
WL_0013606,CUST_000980,MOV_00483,2026-04-08,True
WL_0013607,CUST_000980,MOV_00159,2026-04-09,False
WL_0013608,CUST_000981,MOV_00311,2025-05-31,False
WL_0013609,CUST_000981,TVS_00127,2026-01-14,False
WL_0013610,CUST_000981,TVS_00050,2026-03-10,False
WL_0013611,CUST_000981,TVS_00131,2025-06-07,True
WL_0013612,CUST_000981,TVS_00100,2025-11-28,True
WL_0013613,CUST_000981,TVS_00127,2026-02-23,False
WL_0013614,CUST_000981,TVS_00050,2025-06-13,False
WL_0013615,CUST_000981,TVS_00148,2025-05-11,False
WL_0013616,CUST_000981,MOV_00481,2025-10-02,True
WL_0013617,CUST_000981,MOV_00365,2025-12-16,False
WL_0013618,CUST_000981,MOV_00127,2025-11-09,True
WL_0013619,CUST_000981,MOV_00389,2026-03-06,True
WL_0013620,CUST_000981,MOV_00457,2025-12-13,False
WL_0013621,CUST_000981,MOV_00024,2025-11-29,True
WL_0013622,CUST_000981,TVS_00109,2026-02-27,True
WL_0013623,CUST_000981,MOV_00183,2025-06-06,True
WL_0013624,CUST_000981,MOV_00184,2025-12-05,True
WL_0013625,CUST_000981,MOV_00354,2026-04-03,False
WL_0013626,CUST_000981,MOV_00092,2025-09-25,True
WL_0013627,CUST_000981,TVS_00106,2025-06-30,True
WL_0013628,CUST_000981,MOV_00015,2026-02-10,False
WL_0013629,CUST_000982,MOV_00105,2025-05-27,True
WL_0013630,CUST_000982,MOV_00270,2025-10-20,True
WL_0013631,CUST_000982,MOV_00168,2025-01-16,False
WL_0013632,CUST_000982,MOV_00367,2025-06-15,False
WL_0013633,CUST_000982,MOV_00055,2024-11-20,True
WL_0013634,CUST_000982,MOV_00186,2025-10-01,True
WL_0013635,CUST_000982,TVS_00110,2026-04-09,True
WL_0013636,CUST_000982,MOV_00399,2026-03-05,False
WL_0013637,CUST_000982,MOV_00368,2024-11-26,True
WL_0013638,CUST_000982,MOV_00357,2024-12-02,True
WL_0013639,CUST_000982,MOV_00048,2026-02-16,True
WL_0013640,CUST_000982,MOV_00155,2026-03-15,False
WL_0013641,CUST_000982,TVS_00027,2025-04-20,True
WL_0013642,CUST_000982,MOV_00007,2025-03-04,False
WL_0013643,CUST_000982,MOV_00332,2025-11-07,True
WL_0013644,CUST_000982,TVS_00141,2025-09-23,True
WL_0013645,CUST_000982,MOV_00193,2025-07-02,False
WL_0013646,CUST_000982,MOV_00419,2025-06-10,True
WL_0013647,CUST_000982,MOV_00243,2026-03-27,True
WL_0013648,CUST_000982,TVS_00023,2024-12-05,True
WL_0013649,CUST_000982,MOV_00399,2025-03-23,True
WL_0013650,CUST_000982,TVS_00162,2025-09-05,False
WL_0013651,CUST_000982,MOV_00256,2024-12-19,False
WL_0013652,CUST_000983,MOV_00475,2025-04-13,False
WL_0013653,CUST_000983,TVS_00047,2025-05-23,True
WL_0013654,CUST_000983,TVS_00107,2025-03-19,True
WL_0013655,CUST_000983,TVS_00174,2025-04-22,False
WL_0013656,CUST_000983,MOV_00019,2025-04-23,True
WL_0013657,CUST_000983,MOV_00203,2025-06-04,False
WL_0013658,CUST_000983,MOV_00226,2025-03-14,False
WL_0013659,CUST_000984,MOV_00140,2025-12-25,False
WL_0013660,CUST_000984,TVS_00109,2024-12-09,False
WL_0013661,CUST_000984,MOV_00029,2024-10-30,False
WL_0013662,CUST_000984,TVS_00067,2026-02-28,True
WL_0013663,CUST_000984,MOV_00020,2025-12-24,True
WL_0013664,CUST_000984,MOV_00452,2024-10-08,False
WL_0013665,CUST_000984,MOV_00324,2025-03-08,True
WL_0013666,CUST_000984,TVS_00008,2025-03-07,False
WL_0013667,CUST_000984,MOV_00065,2026-03-08,True
WL_0013668,CUST_000984,MOV_00416,2025-12-16,False
WL_0013669,CUST_000984,TVS_00136,2024-09-11,True
WL_0013670,CUST_000984,MOV_00327,2025-09-28,False
WL_0013671,CUST_000984,MOV_00191,2026-02-18,True
WL_0013672,CUST_000984,MOV_00159,2026-03-01,False
WL_0013673,CUST_000984,MOV_00112,2026-02-10,True
WL_0013674,CUST_000984,TVS_00169,2025-09-03,True
WL_0013675,CUST_000984,MOV_00399,2024-08-18,True
WL_0013676,CUST_000984,MOV_00493,2024-10-17,True
WL_0013677,CUST_000984,TVS_00145,2025-01-05,True
WL_0013678,CUST_000984,TVS_00178,2024-12-19,True
WL_0013679,CUST_000984,MOV_00004,2025-12-10,True
WL_0013680,CUST_000984,MOV_00222,2025-08-25,False
WL_0013681,CUST_000985,TVS_00091,2025-10-08,False
WL_0013682,CUST_000985,TVS_00041,2025-11-28,True
WL_0013683,CUST_000985,MOV_00274,2025-10-25,True
WL_0013684,CUST_000985,MOV_00237,2025-06-28,False
WL_0013685,CUST_000985,MOV_00220,2025-11-10,True
WL_0013686,CUST_000985,TVS_00033,2026-04-09,True
WL_0013687,CUST_000985,TVS_00038,2025-02-09,True
WL_0013688,CUST_000985,MOV_00041,2025-03-09,True
WL_0013689,CUST_000985,TVS_00097,2025-03-14,True
WL_0013690,CUST_000985,TVS_00092,2025-05-28,False
WL_0013691,CUST_000985,MOV_00297,2025-03-04,False
WL_0013692,CUST_000985,MOV_00454,2025-12-29,True
WL_0013693,CUST_000985,MOV_00303,2026-03-27,False
WL_0013694,CUST_000985,MOV_00208,2025-03-14,True
WL_0013695,CUST_000985,TVS_00053,2025-07-01,True
WL_0013696,CUST_000986,TVS_00185,2026-03-23,True
WL_0013697,CUST_000986,MOV_00444,2025-12-13,True
WL_0013698,CUST_000986,MOV_00372,2026-02-03,True
WL_0013699,CUST_000986,MOV_00385,2026-02-06,False
WL_0013700,CUST_000986,MOV_00468,2026-03-25,True
WL_0013701,CUST_000986,TVS_00148,2026-02-13,True
WL_0013702,CUST_000986,MOV_00157,2026-04-06,False
WL_0013703,CUST_000986,MOV_00327,2026-03-12,False
WL_0013704,CUST_000986,MOV_00033,2026-03-26,True
WL_0013705,CUST_000986,MOV_00293,2026-03-14,False
WL_0013706,CUST_000986,TVS_00107,2026-01-22,True
WL_0013707,CUST_000986,MOV_00486,2026-03-21,False
WL_0013708,CUST_000986,MOV_00000,2026-03-05,True
WL_0013709,CUST_000986,MOV_00255,2026-01-03,True
WL_0013710,CUST_000986,MOV_00404,2026-02-22,True
WL_0013711,CUST_000986,MOV_00119,2025-12-16,True
WL_0013712,CUST_000986,TVS_00094,2025-12-16,True
WL_0013713,CUST_000986,MOV_00295,2026-03-19,False
WL_0013714,CUST_000986,MOV_00191,2026-03-02,False
WL_0013715,CUST_000986,MOV_00321,2026-01-14,False
WL_0013716,CUST_000987,TVS_00100,2025-06-08,True
WL_0013717,CUST_000987,MOV_00114,2025-07-25,False
WL_0013718,CUST_000987,MOV_00311,2025-06-05,False
WL_0013719,CUST_000987,MOV_00346,2025-06-17,False
WL_0013720,CUST_000987,MOV_00219,2025-06-09,True
WL_0013721,CUST_000987,MOV_00117,2025-06-25,True
WL_0013722,CUST_000987,MOV_00107,2025-07-28,True
WL_0013723,CUST_000987,MOV_00100,2025-06-01,True
WL_0013724,CUST_000987,MOV_00268,2025-06-11,False
WL_0013725,CUST_000987,MOV_00057,2025-06-17,False
WL_0013726,CUST_000987,MOV_00120,2025-06-08,True
WL_0013727,CUST_000987,MOV_00322,2025-06-12,True
WL_0013728,CUST_000987,MOV_00078,2025-07-06,True
WL_0013729,CUST_000987,MOV_00236,2025-06-17,True
WL_0013730,CUST_000987,MOV_00137,2025-07-08,False
WL_0013731,CUST_000987,MOV_00335,2025-07-08,True
WL_0013732,CUST_000987,MOV_00459,2025-05-29,True
WL_0013733,CUST_000987,MOV_00046,2025-06-06,True
WL_0013734,CUST_000987,MOV_00101,2025-06-30,False
WL_0013735,CUST_000987,TVS_00057,2025-06-21,True
WL_0013736,CUST_000987,MOV_00113,2025-06-07,True
WL_0013737,CUST_000987,MOV_00383,2025-05-28,False
WL_0013738,CUST_000987,MOV_00316,2025-06-17,False
WL_0013739,CUST_000988,MOV_00452,2026-02-28,False
WL_0013740,CUST_000988,TVS_00091,2025-08-13,True
WL_0013741,CUST_000988,MOV_00089,2025-09-30,False
WL_0013742,CUST_000988,MOV_00362,2026-02-08,True
WL_0013743,CUST_000988,MOV_00123,2026-01-20,False
WL_0013744,CUST_000988,MOV_00139,2025-09-23,True
WL_0013745,CUST_000988,MOV_00147,2025-09-04,True
WL_0013746,CUST_000988,MOV_00339,2025-10-22,True
WL_0013747,CUST_000988,MOV_00080,2025-09-05,False
WL_0013748,CUST_000989,TVS_00037,2025-12-25,False
WL_0013749,CUST_000989,TVS_00108,2025-11-27,True
WL_0013750,CUST_000989,TVS_00006,2025-09-02,False
WL_0013751,CUST_000989,MOV_00106,2025-09-26,False
WL_0013752,CUST_000989,MOV_00412,2025-02-26,True
WL_0013753,CUST_000989,MOV_00422,2024-09-22,True
WL_0013754,CUST_000989,MOV_00068,2026-03-23,False
WL_0013755,CUST_000989,TVS_00105,2025-05-24,True
WL_0013756,CUST_000989,TVS_00014,2025-06-09,False
WL_0013757,CUST_000989,MOV_00443,2025-01-15,True
WL_0013758,CUST_000989,MOV_00482,2024-12-11,True
WL_0013759,CUST_000989,TVS_00075,2025-01-04,True
WL_0013760,CUST_000989,TVS_00012,2025-10-31,True
WL_0013761,CUST_000989,MOV_00042,2026-01-20,False
WL_0013762,CUST_000989,MOV_00114,2024-12-29,True
WL_0013763,CUST_000989,MOV_00434,2024-09-22,False
WL_0013764,CUST_000989,TVS_00006,2025-03-05,False
WL_0013765,CUST_000989,MOV_00145,2025-08-14,True
WL_0013766,CUST_000989,TVS_00156,2025-09-23,False
WL_0013767,CUST_000989,TVS_00199,2025-10-16,False
WL_0013768,CUST_000989,MOV_00050,2025-10-19,True
WL_0013769,CUST_000989,MOV_00059,2026-03-23,False
WL_0013770,CUST_000989,TVS_00197,2025-10-14,False
WL_0013771,CUST_000989,MOV_00145,2025-01-22,True
WL_0013772,CUST_000990,MOV_00079,2025-09-24,False
WL_0013773,CUST_000990,MOV_00128,2025-04-22,True
WL_0013774,CUST_000990,TVS_00052,2025-07-29,False
WL_0013775,CUST_000990,MOV_00150,2025-06-19,True
WL_0013776,CUST_000991,MOV_00050,2026-02-18,True
WL_0013777,CUST_000991,MOV_00018,2026-01-02,False
WL_0013778,CUST_000991,MOV_00383,2026-01-10,False
WL_0013779,CUST_000991,MOV_00039,2026-01-12,False
WL_0013780,CUST_000991,MOV_00422,2026-01-03,True
WL_0013781,CUST_000991,MOV_00352,2026-04-10,True
WL_0013782,CUST_000991,MOV_00041,2026-03-03,True
WL_0013783,CUST_000991,TVS_00114,2026-01-22,True
WL_0013784,CUST_000991,TVS_00153,2026-02-18,False
WL_0013785,CUST_000991,MOV_00113,2026-02-11,True
WL_0013786,CUST_000991,MOV_00334,2026-01-26,False
WL_0013787,CUST_000991,MOV_00336,2026-01-04,False
WL_0013788,CUST_000991,MOV_00055,2026-01-03,True
WL_0013789,CUST_000991,MOV_00149,2026-01-02,False
WL_0013790,CUST_000991,MOV_00459,2026-02-01,True
WL_0013791,CUST_000991,TVS_00075,2026-02-14,True
WL_0013792,CUST_000992,MOV_00016,2025-10-19,True
WL_0013793,CUST_000992,MOV_00263,2025-12-14,True
WL_0013794,CUST_000992,MOV_00481,2024-10-07,False
WL_0013795,CUST_000992,MOV_00487,2025-05-09,False
WL_0013796,CUST_000992,TVS_00199,2025-11-02,True
WL_0013797,CUST_000992,MOV_00095,2025-09-09,True
WL_0013798,CUST_000992,TVS_00006,2025-02-21,True
WL_0013799,CUST_000992,MOV_00431,2026-02-02,False
WL_0013800,CUST_000992,MOV_00157,2025-10-06,True
WL_0013801,CUST_000992,MOV_00120,2025-01-07,False
WL_0013802,CUST_000992,MOV_00157,2025-01-07,True
WL_0013803,CUST_000992,MOV_00493,2025-05-26,True
WL_0013804,CUST_000992,MOV_00189,2024-12-01,True
WL_0013805,CUST_000992,TVS_00002,2024-12-08,True
WL_0013806,CUST_000993,MOV_00424,2025-11-18,False
WL_0013807,CUST_000993,MOV_00077,2025-11-07,True
WL_0013808,CUST_000993,TVS_00019,2025-10-30,False
WL_0013809,CUST_000993,MOV_00492,2025-11-25,False
WL_0013810,CUST_000993,MOV_00456,2025-11-28,False
WL_0013811,CUST_000993,MOV_00338,2025-11-07,True
WL_0013812,CUST_000993,MOV_00117,2025-11-07,False
WL_0013813,CUST_000993,MOV_00409,2025-10-29,True
WL_0013814,CUST_000993,MOV_00307,2025-11-01,True
WL_0013815,CUST_000993,MOV_00045,2025-11-15,False
WL_0013816,CUST_000993,MOV_00423,2025-11-15,True
WL_0013817,CUST_000993,MOV_00434,2025-11-16,False
WL_0013818,CUST_000993,MOV_00173,2025-11-25,True
WL_0013819,CUST_000994,MOV_00223,2025-01-17,True
WL_0013820,CUST_000994,TVS_00071,2026-01-10,True
WL_0013821,CUST_000994,MOV_00109,2026-02-06,True
WL_0013822,CUST_000994,TVS_00011,2025-08-11,True
WL_0013823,CUST_000994,TVS_00057,2024-09-09,True
WL_0013824,CUST_000994,MOV_00381,2025-09-21,False
WL_0013825,CUST_000994,MOV_00464,2024-12-30,True
WL_0013826,CUST_000994,TVS_00169,2025-07-12,False
WL_0013827,CUST_000994,MOV_00050,2025-02-17,False
WL_0013828,CUST_000994,TVS_00029,2025-02-13,False
WL_0013829,CUST_000994,MOV_00158,2025-06-18,False
WL_0013830,CUST_000994,MOV_00268,2025-02-28,True
WL_0013831,CUST_000994,MOV_00241,2024-09-24,False
WL_0013832,CUST_000994,MOV_00334,2026-02-10,True
WL_0013833,CUST_000994,TVS_00171,2025-11-21,False
WL_0013834,CUST_000994,MOV_00353,2025-01-07,True
WL_0013835,CUST_000994,MOV_00361,2025-11-24,True
WL_0013836,CUST_000994,TVS_00102,2025-02-28,False
WL_0013837,CUST_000994,MOV_00109,2024-12-20,True
WL_0013838,CUST_000994,TVS_00014,2026-04-03,False
WL_0013839,CUST_000994,MOV_00312,2024-09-02,True
WL_0013840,CUST_000994,MOV_00094,2026-02-04,False
WL_0013841,CUST_000994,MOV_00450,2024-11-04,False
WL_0013842,CUST_000995,MOV_00074,2025-03-04,True
WL_0013843,CUST_000995,TVS_00047,2025-04-06,True
WL_0013844,CUST_000995,MOV_00463,2025-05-16,True
WL_0013845,CUST_000995,MOV_00050,2025-10-15,True
WL_0013846,CUST_000995,MOV_00046,2024-12-29,True
WL_0013847,CUST_000995,MOV_00264,2025-09-20,False
WL_0013848,CUST_000995,MOV_00232,2025-07-30,True
WL_0013849,CUST_000995,MOV_00498,2025-10-22,True
WL_0013850,CUST_000995,MOV_00281,2026-01-05,False
WL_0013851,CUST_000995,MOV_00046,2025-12-08,True
WL_0013852,CUST_000995,MOV_00283,2025-02-01,True
WL_0013853,CUST_000996,MOV_00120,2025-10-27,False
WL_0013854,CUST_000996,MOV_00174,2026-02-03,False
WL_0013855,CUST_000996,MOV_00307,2025-04-17,False
WL_0013856,CUST_000996,TVS_00127,2024-06-28,False
WL_0013857,CUST_000996,TVS_00006,2024-12-19,True
WL_0013858,CUST_000996,TVS_00199,2025-04-23,True
WL_0013859,CUST_000997,MOV_00099,2024-09-13,True
WL_0013860,CUST_000997,TVS_00001,2024-06-04,False
WL_0013861,CUST_000997,MOV_00311,2024-09-26,True
WL_0013862,CUST_000997,MOV_00148,2024-08-18,True
WL_0013863,CUST_000997,MOV_00107,2024-09-18,True
WL_0013864,CUST_000997,MOV_00116,2024-08-13,True
WL_0013865,CUST_000997,TVS_00072,2024-09-01,True
WL_0013866,CUST_000997,TVS_00170,2024-12-06,False
WL_0013867,CUST_000997,MOV_00188,2024-09-15,False
WL_0013868,CUST_000997,MOV_00296,2024-08-15,False
WL_0013869,CUST_000997,MOV_00493,2024-07-30,True
WL_0013870,CUST_000997,MOV_00244,2024-10-14,True
WL_0013871,CUST_000997,TVS_00167,2024-11-22,False
WL_0013872,CUST_000997,MOV_00296,2024-08-11,False
WL_0013873,CUST_000997,MOV_00221,2024-08-10,False
WL_0013874,CUST_000997,TVS_00156,2024-07-16,True
WL_0013875,CUST_000998,MOV_00332,2026-04-06,False
WL_0013876,CUST_000998,MOV_00455,2026-04-09,False
WL_0013877,CUST_000998,MOV_00135,2026-04-09,True
WL_0013878,CUST_000998,MOV_00189,2026-04-06,True
WL_0013879,CUST_000998,MOV_00115,2026-04-10,True
WL_0013880,CUST_000998,MOV_00216,2026-04-11,True
WL_0013881,CUST_000998,MOV_00208,2026-04-10,False
WL_0013882,CUST_000998,MOV_00010,2026-04-06,False
WL_0013883,CUST_000998,MOV_00406,2026-04-09,False
WL_0013884,CUST_000998,MOV_00270,2026-04-10,True
WL_0013885,CUST_000998,MOV_00098,2026-04-10,False
WL_0013886,CUST_000998,MOV_00010,2026-04-11,True
WL_0013887,CUST_000998,MOV_00063,2026-04-06,False
WL_0013888,CUST_000998,MOV_00320,2026-04-08,True
WL_0013889,CUST_000998,MOV_00467,2026-04-11,True
WL_0013890,CUST_000998,MOV_00073,2026-04-10,False
WL_0013891,CUST_000998,MOV_00415,2026-04-11,False
WL_0013892,CUST_000998,MOV_00320,2026-04-09,True
WL_0013893,CUST_000998,MOV_00378,2026-04-09,False
WL_0013894,CUST_000999,TVS_00111,2025-03-17,True
WL_0013895,CUST_000999,TVS_00013,2025-10-11,True
WL_0013896,CUST_000999,MOV_00211,2025-10-01,True
WL_0013897,CUST_000999,MOV_00462,2025-05-18,True
WL_0013898,CUST_000999,TVS_00098,2025-04-20,False
WL_0013899,CUST_000999,MOV_00099,2025-07-21,False
